label,chemistry,E_280.00,E_280.05,E_280.10,E_280.15,E_280.20,E_280.25,E_280.30,E_280.35,E_280.40,E_280.45,E_280.50,E_280.55,E_280.60,E_280.65,E_280.70,E_280.75,E_280.80,E_280.85,E_280.90,E_280.95,E_281.00,E_281.05,E_281.10,E_281.15,E_281.20,E_281.25,E_281.30,E_281.35,E_281.40,E_281.45,E_281.50,E_281.55,E_281.60,E_281.65,E_281.70,E_281.75,E_281.80,E_281.85,E_281.90,E_281.95,E_282.00,E_282.05,E_282.10,E_282.15,E_282.20,E_282.25,E_282.30,E_282.35,E_282.40,E_282.45,E_282.50,E_282.55,E_282.60,E_282.65,E_282.70,E_282.75,E_282.80,E_282.85,E_282.90,E_282.95,E_283.00,E_283.05,E_283.10,E_283.15,E_283.20,E_283.25,E_283.30,E_283.35,E_283.40,E_283.45,E_283.50,E_283.55,E_283.60,E_283.65,E_283.70,E_283.75,E_283.80,E_283.85,E_283.90,E_283.95,E_284.00,E_284.05,E_284.10,E_284.15,E_284.20,E_284.25,E_284.30,E_284.35,E_284.40,E_284.45,E_284.50,E_284.55,E_284.60,E_284.65,E_284.70,E_284.75,E_284.80,E_284.85,E_284.90,E_284.95,E_285.00,E_285.05,E_285.10,E_285.15,E_285.20,E_285.25,E_285.30,E_285.35,E_285.40,E_285.45,E_285.50,E_285.55,E_285.60,E_285.65,E_285.70,E_285.75,E_285.80,E_285.85,E_285.90,E_285.95,E_286.00,E_286.05,E_286.10,E_286.15,E_286.20,E_286.25,E_286.30,E_286.35,E_286.40,E_286.45,E_286.50,E_286.55,E_286.60,E_286.65,E_286.70,E_286.75,E_286.80,E_286.85,E_286.90,E_286.95,E_287.00,E_287.05,E_287.10,E_287.15,E_287.20,E_287.25,E_287.30,E_287.35,E_287.40,E_287.45,E_287.50,E_287.55,E_287.60,E_287.65,E_287.70,E_287.75,E_287.80,E_287.85,E_287.90,E_287.95,E_288.00,E_288.05,E_288.10,E_288.15,E_288.20,E_288.25,E_288.30,E_288.35,E_288.40,E_288.45,E_288.50,E_288.55,E_288.60,E_288.65,E_288.70,E_288.75,E_288.80,E_288.85,E_288.90,E_288.95,E_289.00,E_289.05,E_289.10,E_289.15,E_289.20,E_289.25,E_289.30,E_289.35,E_289.40,E_289.45,E_289.50,E_289.55,E_289.60,E_289.65,E_289.70,E_289.75,E_289.80,E_289.85,E_289.90,E_289.95,E_290.00,E_290.05,E_290.10,E_290.15,E_290.20,E_290.25,E_290.30,E_290.35,E_290.40,E_290.45,E_290.50,E_290.55,E_290.60,E_290.65,E_290.70,E_290.75,E_290.80,E_290.85,E_290.90,E_290.95,E_291.00,E_291.05,E_291.10,E_291.15,E_291.20,E_291.25,E_291.30,E_291.35,E_291.40,E_291.45,E_291.50,E_291.55,E_291.60,E_291.65,E_291.70,E_291.75,E_291.80,E_291.85,E_291.90,E_291.95,E_292.00,E_292.05,E_292.10,E_292.15,E_292.20,E_292.25,E_292.30,E_292.35,E_292.40,E_292.45,E_292.50,E_292.55,E_292.60,E_292.65,E_292.70,E_292.75,E_292.80,E_292.85,E_292.90,E_292.95,E_293.00,E_293.05,E_293.10,E_293.15,E_293.20,E_293.25,E_293.30,E_293.35,E_293.40,E_293.45,E_293.50,E_293.55,E_293.60,E_293.65,E_293.70,E_293.75,E_293.80,E_293.85,E_293.90,E_293.95,E_294.00,E_294.05,E_294.10,E_294.15,E_294.20,E_294.25,E_294.30,E_294.35,E_294.40,E_294.45,E_294.50,E_294.55,E_294.60,E_294.65,E_294.70,E_294.75,E_294.80,E_294.85,E_294.90,E_294.95,E_295.00
0,hydrocarbon,80.4,97.7,83.4,97.5,88.5,89.7,91.9,98.5,84.9,94.2,90.3,94.0,91.9,80.9,88.9,77.6,81.7,94.7,92.4,78.1,97.7,95.6,91.9,92.7,100.5,91.1,102.9,94.5,101.0,93.8,98.3,90.0,89.8,95.6,85.3,92.2,102.9,96.1,100.5,112.5,113.6,109.4,92.9,92.4,99.8,88.9,93.2,96.8,98.5,112.8,89.1,98.6,96.6,96.9,80.1,98.4,84.8,101.0,107.5,105.8,100.2,112.5,117.9,103.9,117.1,128.5,97.3,130.8,150.0,144.5,145.1,176.1,210.9,236.0,269.3,309.3,358.0,434.7,511.6,579.6,770.1,890.5,1041.1,1233.8,1442.4,1674.5,1904.1,2083.3,2374.8,2649.8,2813.6,3171.5,3213.1,3597.8,3722.0,3907.0,3839.4,4139.6,3994.4,4022.3,3995.7,3830.4,3624.2,3615.5,3345.8,3056.0,2853.2,2627.9,2353.1,2153.2,1929.4,1671.2,1409.2,1288.8,1100.3,939.2,824.4,665.3,605.3,553.0,487.1,413.9,422.8,350.4,317.1,295.6,301.2,294.4,255.6,244.5,268.5,267.1,255.4,246.6,212.4,235.1,202.4,205.1,189.5,183.8,180.1,181.0,177.5,153.7,158.8,169.1,121.8,133.2,151.7,148.7,165.1,150.3,109.5,122.9,133.7,112.1,126.3,120.9,159.6,121.9,128.4,155.9,143.3,114.3,136.6,141.7,117.5,172.3,135.5,122.0,157.0,143.7,143.6,138.4,146.3,143.5,126.7,122.7,147.1,145.8,157.1,133.8,145.0,165.9,155.9,133.8,151.7,156.8,137.3,157.7,147.5,135.3,165.2,150.8,132.0,164.8,132.6,139.2,132.2,145.8,155.1,139.9,159.8,165.1,156.4,136.2,148.3,161.3,152.0,136.2,141.1,145.6,157.4,125.7,154.6,167.4,158.9,151.7,170.1,146.7,180.5,144.5,171.8,149.9,151.1,168.6,141.7,156.8,158.8,162.4,156.5,167.7,157.0,144.0,153.1,155.6,171.5,153.6,144.1,142.0,163.1,170.2,138.8,157.6,149.2,157.1,162.3,149.4,171.2,166.0,182.8,169.4,161.1,163.0,173.4,161.8,156.0,150.3,188.2,168.1,166.5,140.4,186.3,156.7,173.9,138.0,147.2,150.3,170.4,185.1,150.8,163.9,161.3,161.6,147.3,185.1,182.6,172.4,158.7,169.9,202.3,176.5,156.2,162.4,155.2,184.9,184.1,183.8,206.1,180.0,159.0,182.7,190.5,173.7,164.1,150.7,179.5,161.7,163.6,196.2,183.6
2,carbonyl,89.3,74.7,82.7,75.4,69.7,79.2,58.9,83.4,62.1,91.8,79.3,66.4,70.6,80.6,74.5,64.0,73.9,83.9,75.2,64.3,84.6,67.0,72.2,82.1,82.6,79.0,62.3,89.4,83.8,64.5,78.2,65.5,81.7,87.5,82.4,75.7,79.0,95.3,79.4,83.0,80.9,83.5,86.1,78.2,94.8,71.9,88.7,80.3,82.6,87.7,63.3,64.5,71.5,66.3,59.5,73.1,59.5,86.2,103.9,74.6,81.2,98.2,80.2,94.3,99.8,105.1,100.0,115.9,150.2,139.8,130.3,171.7,170.5,192.2,218.5,231.6,269.6,286.1,336.4,357.1,422.2,411.6,416.4,484.3,512.1,575.2,593.3,612.9,638.3,682.6,682.7,750.4,749.1,724.9,751.0,724.6,762.5,759.7,749.9,715.5,747.9,688.7,676.8,707.7,613.0,637.3,655.4,630.7,606.5,641.3,607.0,561.9,615.7,658.7,638.3,615.7,676.1,694.2,725.1,730.2,728.2,737.2,777.9,830.3,795.4,851.1,896.2,999.2,957.1,1109.9,1148.9,1190.7,1206.2,1312.4,1429.2,1497.8,1603.7,1712.4,1783.6,1892.3,2006.8,2065.0,2142.3,2209.7,2342.6,2401.8,2578.5,2669.9,2827.6,2858.2,2909.0,2916.6,2928.3,2827.5,2796.0,2927.5,2808.5,2781.5,2789.1,2690.4,2623.1,2457.4,2419.4,2374.5,2170.0,2030.7,1959.7,1848.6,1714.3,1527.3,1465.9,1389.7,1252.8,1175.2,985.3,971.0,847.7,833.2,713.7,685.8,622.8,541.2,442.2,440.3,402.5,398.9,339.0,292.0,261.1,241.9,245.0,212.2,211.8,198.4,174.1,148.1,190.1,153.4,181.0,129.0,133.1,110.6,136.3,111.7,111.7,120.0,117.7,128.9,104.0,109.6,121.6,100.2,122.1,105.9,113.3,110.4,91.2,96.9,106.1,97.8,94.8,92.5,129.7,102.5,103.9,104.8,104.1,109.9,101.5,110.4,108.2,119.2,97.9,104.1,101.0,83.2,92.4,97.9,90.6,111.2,109.1,98.2,103.2,96.1,104.6,99.6,112.4,90.5,107.2,109.5,108.4,124.9,108.5,99.9,114.7,111.7,112.9,129.6,106.6,115.9,113.2,104.6,110.9,112.0,117.2,114.1,109.6,106.4,115.6,113.9,119.7,125.3,98.0,96.6,112.4,110.4,106.5,119.7,100.5,105.7,138.8,128.8,97.4,124.7,107.6,116.9,112.3,115.7,98.5,122.5,135.4,122.4,125.8,100.8,111.3,109.9,136.4,117.1,110.3,113.4,120.2
0,hydrocarbon,54.6,51.3,55.4,48.9,61.1,52.8,61.3,57.2,48.5,48.3,56.6,52.2,59.7,52.1,68.4,41.9,47.9,57.3,66.3,51.9,60.1,49.5,62.1,49.0,58.9,67.3,61.2,63.0,50.5,53.3,44.8,58.5,63.5,67.9,66.9,65.1,68.9,48.9,57.0,67.6,67.2,66.3,68.8,46.7,59.2,53.8,60.7,74.4,68.9,60.1,60.5,51.1,66.8,68.5,58.2,65.9,66.9,60.0,70.7,85.5,63.8,68.0,73.3,85.5,73.4,73.1,69.4,93.0,97.1,100.4,123.3,124.0,156.7,191.4,230.2,249.1,336.2,381.1,466.2,537.7,664.1,733.7,867.8,1072.1,1125.1,1286.7,1490.4,1675.3,1856.8,2009.3,2221.3,2392.6,2506.6,2617.3,2756.7,2724.4,2877.4,2914.3,2783.6,2789.2,2642.0,2650.4,2625.4,2372.0,2195.9,2134.7,2090.2,1846.1,1744.6,1593.4,1427.9,1371.2,1284.0,1212.1,1130.3,1176.8,1146.3,1126.2,1101.7,1177.6,1177.2,1085.9,1211.6,1237.3,1236.8,1192.1,1243.5,1256.0,1214.7,1186.0,1184.8,1140.3,1075.2,1077.4,1069.4,906.0,863.8,833.9,805.8,682.9,615.8,596.5,508.8,468.4,412.9,336.4,358.1,304.6,233.5,247.4,225.3,193.2,196.0,156.9,170.2,151.0,119.9,158.1,144.9,144.1,150.7,142.8,122.3,145.7,141.0,155.7,136.2,136.7,150.3,173.2,153.6,161.4,160.5,187.7,172.0,161.9,176.3,182.2,206.7,174.8,190.1,203.6,195.5,183.3,178.2,184.5,168.2,180.4,180.9,201.4,151.4,192.3,157.1,144.7,170.2,145.1,155.2,147.2,121.0,143.0,125.0,131.2,116.2,140.9,127.1,131.8,116.5,119.3,117.7,107.2,108.6,109.7,101.6,121.4,126.6,112.7,115.4,126.0,107.0,110.8,116.8,113.3,101.1,118.5,115.9,107.5,101.7,128.1,109.8,121.0,120.8,122.2,109.8,102.3,107.4,115.1,123.1,112.6,116.7,133.9,128.5,126.2,121.5,113.3,121.9,114.7,113.3,120.6,110.1,134.1,114.2,129.5,113.5,126.0,119.0,115.9,121.6,129.3,122.8,122.3,102.4,125.0,132.0,145.4,123.9,128.0,129.9,112.1,129.0,103.6,142.8,122.6,143.8,120.4,147.1,133.2,118.3,134.4,123.3,139.7,122.2,111.4,116.5,129.8,137.8,158.5,114.0,138.0,121.5,148.2,126.3,125.3,128.9,125.1,149.4,134.6,148.3,120.6,116.1,125.2,158.8
1,alcohol_ether,129.9,113.6,104.9,79.5,124.8,123.0,124.5,118.7,113.1,113.4,94.9,109.9,104.6,129.0,104.3,114.3,116.0,110.4,115.7,104.7,128.7,111.6,107.1,112.0,101.1,120.1,105.4,131.1,110.2,125.8,114.1,102.8,102.7,130.9,112.5,111.9,109.3,109.6,134.2,132.8,107.8,124.7,129.5,127.5,110.7,137.0,128.8,128.6,107.6,112.0,120.0,113.6,132.2,117.6,117.1,121.9,109.9,137.0,126.1,123.3,100.4,120.9,112.7,110.8,142.3,111.7,120.5,159.7,149.4,139.6,146.8,156.6,172.1,179.9,195.0,190.5,188.9,247.2,252.7,294.1,329.3,353.2,366.5,447.3,454.8,497.8,549.8,602.6,653.0,716.3,805.5,766.5,846.5,889.2,892.8,978.7,1000.4,997.2,1060.9,1065.1,1087.2,1145.7,1142.1,1149.0,1161.8,1169.1,1316.3,1311.9,1384.0,1345.6,1503.7,1565.9,1687.6,1723.2,1884.7,2030.9,2132.3,2212.4,2398.4,2501.6,2708.5,2748.1,2897.7,2922.5,3065.0,3079.3,3146.5,3107.6,3139.9,3180.1,3053.9,3108.2,2904.2,2786.2,2799.6,2606.8,2423.5,2399.4,2215.2,2115.4,1837.2,1723.7,1655.0,1481.6,1326.4,1232.4,1071.7,1071.8,963.0,870.9,812.9,729.0,651.0,595.9,585.8,536.6,518.4,451.0,453.5,397.5,397.2,387.7,398.0,381.0,340.0,356.2,336.4,307.4,254.2,299.4,296.9,263.3,276.4,252.6,257.5,235.2,207.1,199.6,201.6,205.9,170.8,189.9,185.2,170.9,180.1,178.4,165.8,147.8,148.4,160.9,177.3,156.0,156.9,162.9,143.0,172.2,148.1,150.9,161.8,155.0,145.3,173.8,147.2,146.1,156.5,158.0,185.1,154.4,164.2,149.3,145.9,161.5,144.6,169.8,164.8,167.5,173.2,164.5,187.9,166.4,174.0,169.1,151.0,156.3,134.1,152.5,166.8,149.0,160.7,167.6,153.0,145.2,149.9,157.8,175.1,148.9,142.0,166.9,152.6,170.0,144.4,168.2,145.0,145.6,179.1,174.1,154.9,161.5,151.8,145.2,172.0,166.2,150.9,158.4,143.3,182.9,158.5,170.1,169.1,194.2,185.9,171.6,166.7,175.1,188.2,155.7,168.1,180.3,168.3,165.5,165.8,168.5,151.9,158.6,172.3,163.7,174.9,162.3,150.0,157.4,167.9,146.6,168.1,159.5,169.3,172.2,167.3,146.2,168.8,163.6,167.1,176.4,165.4,182.9,185.0,179.6,181.7,164.9,175.9,175.7,163.9
2,carbonyl,87.2,96.3,82.4,68.0,90.4,64.3,65.6,91.4,77.6,76.4,85.8,78.7,80.8,86.1,87.2,83.1,80.4,78.6,82.4,70.0,77.2,93.8,80.1,85.7,83.6,81.0,81.3,81.4,89.9,69.4,72.4,95.8,103.1,88.7,79.4,91.0,97.7,91.4,107.8,93.3,93.0,84.3,81.8,100.6,96.5,93.1,90.7,82.4,76.6,106.3,111.8,93.3,77.3,82.4,86.2,84.8,90.4,92.0,85.1,113.1,81.3,96.1,87.6,98.0,98.4,99.4,106.8,106.3,103.7,109.1,140.8,127.9,150.5,161.6,168.3,200.2,246.2,222.4,229.9,291.1,355.3,320.9,425.1,500.6,442.0,529.2,631.6,642.9,667.5,714.3,745.6,807.0,814.1,859.1,923.5,896.0,997.0,958.6,895.0,958.6,894.9,919.8,945.1,891.9,862.9,897.0,860.8,867.1,965.2,892.0,899.0,941.6,940.2,1012.2,1140.5,1075.1,1126.4,1178.4,1178.0,1257.7,1288.8,1328.4,1396.6,1460.5,1401.6,1523.0,1474.7,1452.2,1529.7,1491.1,1549.7,1591.6,1418.5,1470.9,1483.0,1452.0,1421.6,1444.6,1419.8,1528.2,1399.3,1458.1,1513.9,1503.3,1554.8,1615.9,1677.3,1637.5,1647.4,1754.1,1736.8,1784.9,1786.5,1824.1,1791.6,1767.6,1782.2,1861.0,1779.9,1844.3,1735.5,1697.7,1767.2,1544.8,1624.7,1533.3,1551.9,1429.5,1360.6,1287.3,1258.4,1141.7,1133.6,1034.9,1019.5,949.7,873.5,830.5,782.2,755.3,677.4,670.5,612.3,586.1,621.8,583.4,511.0,483.3,423.9,478.5,396.9,369.7,367.2,330.5,314.5,319.5,288.0,259.6,248.1,228.5,209.3,238.3,211.1,189.0,184.4,190.0,158.0,177.7,169.3,143.1,156.8,155.3,126.5,132.1,127.9,136.3,133.1,151.4,94.7,136.3,126.1,126.7,113.2,152.4,147.8,126.0,130.9,147.5,125.1,127.6,133.9,121.4,147.5,142.5,134.1,127.9,154.8,128.1,137.2,136.5,165.5,144.1,150.2,140.9,154.5,167.7,126.4,151.1,166.1,135.4,135.2,141.0,146.7,147.8,112.4,133.9,148.7,154.8,148.9,133.1,158.3,164.4,148.8,140.3,144.5,152.3,133.8,144.6,152.1,168.0,135.4,139.4,151.9,141.2,144.3,132.1,140.1,147.1,151.6,143.5,137.8,152.7,178.2,154.8,144.7,140.4,144.4,164.4,142.7,152.3,160.5,149.6,144.1,155.8,156.7,150.4,169.3,160.6,160.5,177.6,153.6
2,carbonyl,58.9,62.7,77.1,53.6,80.2,71.9,71.4,60.5,73.8,78.1,81.4,72.3,57.9,77.8,75.5,62.4,78.9,65.4,76.0,59.8,67.5,83.2,63.1,69.8,74.6,68.0,57.7,61.0,79.0,72.4,68.9,74.7,77.6,86.3,68.5,88.4,66.5,82.6,53.9,81.6,68.9,69.0,74.7,89.7,73.2,63.5,60.1,100.6,67.8,71.7,75.8,64.3,75.1,83.0,86.2,95.0,80.9,74.2,84.9,80.1,103.2,99.0,101.8,107.6,127.4,133.2,139.7,126.8,175.4,218.0,262.2,262.5,274.0,368.0,427.6,499.8,555.2,631.8,692.7,824.5,928.4,1006.4,1104.7,1195.8,1312.1,1510.3,1634.4,1735.6,1833.3,1936.4,2016.6,2132.1,2197.5,2206.3,2340.7,2332.0,2280.8,2342.9,2353.5,2125.7,2258.4,2062.5,1988.6,1926.3,1844.1,1698.2,1588.6,1418.7,1336.0,1226.4,1096.5,984.1,887.7,818.4,665.2,635.7,581.7,499.0,461.6,365.9,334.5,306.6,338.9,308.9,314.8,267.7,318.3,294.1,309.0,357.6,383.6,415.4,470.8,501.4,574.3,578.1,654.0,767.3,792.2,865.3,883.0,998.5,1062.4,1190.4,1177.3,1280.3,1346.5,1477.9,1448.1,1538.2,1575.1,1595.1,1697.8,1747.6,1744.3,1735.4,1761.8,1808.3,1770.8,1712.5,1695.4,1662.1,1688.9,1601.6,1540.6,1497.5,1411.6,1313.1,1257.5,1214.5,1088.8,1039.6,952.7,890.0,876.9,785.8,720.5,673.3,634.3,557.4,507.6,458.3,443.7,437.4,365.9,369.6,328.2,255.9,300.0,234.7,223.8,216.7,193.8,201.3,154.3,154.4,161.9,161.8,169.4,139.6,142.2,123.7,132.1,123.5,129.0,126.1,103.8,105.3,103.5,103.7,117.1,82.4,107.4,109.4,86.9,87.1,115.6,111.7,102.9,115.6,104.9,90.5,116.7,92.5,98.8,98.7,102.5,93.6,101.9,105.1,98.5,116.2,120.5,99.5,110.8,105.0,111.0,100.1,113.0,101.8,87.2,120.2,139.2,116.7,118.6,101.9,104.9,113.6,108.5,121.3,89.7,122.7,93.3,102.9,97.0,98.6,107.8,112.2,107.3,113.2,120.1,112.8,100.0,107.2,111.7,111.4,113.2,102.2,102.5,122.4,109.5,113.9,102.6,110.5,120.6,108.2,109.3,100.4,114.1,120.8,101.9,110.9,113.6,119.4,109.5,103.7,96.3,105.3,117.2,106.7,123.1,129.4,107.4,102.8,116.5,119.8,96.8,111.9,107.1,137.8,112.4
2,carbonyl,67.5,64.3,54.4,72.7,75.8,80.4,69.8,92.1,67.6,66.1,74.4,56.1,66.4,64.9,71.6,73.0,65.0,69.1,81.1,67.1,70.6,73.2,80.9,84.2,84.1,80.1,61.6,84.8,68.3,89.7,82.2,79.6,81.7,94.5,74.1,70.1,74.8,86.3,81.5,74.5,75.7,72.8,59.9,81.5,70.1,69.0,87.0,90.1,70.0,78.2,85.7,94.9,81.1,84.7,77.7,87.7,104.0,92.3,94.7,83.4,93.9,83.6,106.9,106.2,95.6,93.8,89.7,110.7,104.2,117.3,138.4,180.5,192.4,221.3,270.4,291.8,291.2,426.3,451.7,540.3,656.4,714.6,806.8,950.7,1079.8,1214.8,1346.0,1493.7,1683.6,1778.4,1964.9,2130.1,2161.6,2180.5,2481.7,2514.0,2418.9,2642.7,2524.6,2456.4,2451.4,2431.6,2396.3,2277.5,2190.4,2021.6,1856.5,1819.3,1567.5,1517.6,1418.3,1352.8,1249.8,1160.6,1117.7,986.7,982.8,863.7,865.8,882.1,847.0,854.9,923.7,883.9,924.7,853.5,868.0,839.8,837.3,863.5,820.3,890.4,825.8,799.5,825.5,843.3,834.9,762.0,858.5,761.8,736.0,752.0,763.2,743.6,754.7,763.9,765.2,774.6,798.2,790.1,889.6,832.7,884.1,861.9,915.6,933.7,874.3,912.1,873.2,867.2,844.6,874.7,829.9,760.1,726.7,750.1,763.7,712.7,689.6,668.7,557.6,553.4,519.0,480.0,427.4,478.6,416.6,370.5,358.2,351.0,325.1,309.4,295.0,267.1,300.4,266.8,267.2,232.7,199.7,212.7,206.2,191.4,174.7,167.4,174.3,189.5,162.1,178.8,160.6,157.4,172.9,171.3,132.5,156.8,153.7,144.0,129.5,163.8,143.6,140.3,142.8,141.8,131.6,127.8,141.7,125.4,142.0,124.7,131.5,128.1,119.2,134.9,127.3,145.5,141.8,134.4,137.5,145.1,131.2,136.7,127.4,142.4,139.8,131.9,138.5,152.4,141.6,144.5,169.2,139.8,150.1,150.5,142.7,145.0,144.5,158.6,114.1,120.4,161.7,132.9,142.6,147.9,159.3,150.6,145.7,140.3,132.5,169.2,155.3,143.4,160.7,161.7,157.0,128.3,143.6,150.8,144.8,157.3,147.7,153.8,170.7,145.9,159.8,152.1,155.5,147.3,143.0,133.0,154.0,149.5,148.5,182.3,153.1,138.6,153.0,168.1,163.0,145.4,164.0,166.0,146.3,160.5,158.7,138.8,162.4,159.6,158.4,159.4,152.6,125.4,157.0
0,hydrocarbon,55.1,47.6,53.2,54.9,36.4,62.6,51.8,49.4,62.4,54.6,51.0,48.9,42.9,50.7,45.8,46.8,48.8,52.6,45.3,40.0,43.5,39.5,55.7,51.2,52.5,58.0,60.6,52.6,49.3,57.7,54.1,57.7,59.8,51.9,56.4,52.4,56.4,74.2,52.7,56.8,54.1,54.6,51.4,58.2,64.7,55.3,53.0,63.0,42.9,61.5,70.2,65.3,47.2,58.8,52.4,51.0,49.2,53.7,63.5,61.4,59.4,42.1,76.7,57.2,76.6,73.3,69.8,79.9,89.6,112.1,118.8,137.9,177.4,238.7,315.5,348.5,458.0,532.6,670.0,814.8,954.7,1173.8,1364.0,1646.1,1816.1,2130.3,2370.9,2615.8,2791.4,3064.6,3417.5,3533.8,3587.7,3814.7,3792.0,3928.9,3947.5,3944.2,3744.2,3571.9,3380.3,3115.2,2891.1,2657.9,2444.4,2182.1,1990.1,1681.8,1432.0,1237.0,1083.1,906.5,729.0,652.7,494.9,426.0,349.0,309.1,284.3,252.0,203.3,193.5,217.4,197.6,162.6,164.1,147.5,144.4,155.4,130.3,165.4,145.3,130.5,146.7,128.5,136.3,157.3,123.7,131.3,134.6,136.1,96.3,125.2,118.9,118.1,117.6,118.6,107.3,128.5,122.9,128.0,139.6,127.6,143.9,125.3,129.9,126.2,140.3,114.4,118.2,126.1,131.4,134.8,112.4,100.9,101.8,111.5,108.3,112.2,104.8,99.8,113.7,109.3,106.7,102.2,80.0,84.8,91.9,76.9,79.4,82.4,81.8,85.0,107.5,96.1,89.1,71.4,77.9,81.6,94.9,79.1,72.7,94.2,82.7,91.8,87.3,79.8,89.6,79.6,82.7,91.3,96.3,77.6,105.7,105.0,97.0,68.9,74.1,74.4,85.7,100.6,91.7,88.7,99.0,83.3,85.4,94.7,97.9,79.4,88.8,107.6,100.1,78.3,95.6,95.6,88.2,100.2,79.5,91.3,92.5,86.0,98.7,107.1,99.4,97.5,96.3,97.0,102.1,109.7,110.8,93.0,73.0,99.4,92.3,91.2,102.2,72.1,130.1,86.8,94.5,89.4,99.1,105.9,93.7,93.6,100.4,91.1,100.0,101.5,103.7,102.6,99.9,95.2,100.2,89.9,100.0,99.8,101.0,91.1,88.8,113.7,105.3,89.8,100.1,90.3,87.5,100.6,109.9,105.7,102.8,101.3,95.4,101.9,114.7,113.2,97.7,112.2,124.2,104.3,104.2,117.8,107.2,114.3,106.0,123.4,105.5,106.1,103.7,116.3,98.2,114.8
0,hydrocarbon,109.2,107.3,122.5,105.9,86.1,133.9,95.2,101.5,120.2,136.3,101.1,114.5,108.9,136.0,103.6,133.7,120.2,117.6,123.6,102.7,116.4,127.2,103.5,124.0,123.4,110.3,127.1,113.3,128.5,113.9,120.8,121.2,103.2,122.7,139.0,107.5,115.6,116.6,115.4,126.8,129.7,133.3,115.0,111.9,115.6,119.1,122.4,126.9,116.0,122.5,107.7,144.2,125.6,124.6,107.7,113.1,128.4,137.3,127.1,127.3,114.7,141.2,170.4,133.1,152.7,160.1,177.7,182.4,215.6,234.5,264.8,349.3,416.1,467.5,578.8,643.0,757.5,936.7,1000.2,1236.4,1432.8,1554.0,1850.0,2089.1,2293.3,2604.3,2873.3,2970.3,3174.1,3292.8,3575.6,3540.5,3810.2,3751.3,3963.2,3847.8,3887.4,3757.6,3638.3,3469.0,3302.6,3059.7,2910.5,2723.9,2435.8,2148.5,1920.7,1786.7,1553.8,1365.9,1167.1,1030.6,845.3,730.6,632.5,551.6,487.9,479.8,417.0,366.1,326.5,324.9,318.2,279.5,247.2,278.2,261.6,257.0,267.7,251.3,238.0,246.2,254.9,247.5,235.2,243.3,235.8,236.5,234.9,252.5,263.9,253.9,228.3,248.4,230.1,287.7,256.3,269.6,276.5,277.7,288.0,306.0,307.2,286.2,320.3,291.2,261.3,306.2,275.9,287.0,276.9,275.0,259.8,283.6,248.0,254.2,222.1,228.7,226.6,212.8,200.8,184.9,187.1,189.7,184.7,158.4,166.8,160.6,164.5,167.9,161.7,147.8,184.4,164.7,183.1,133.9,160.0,141.3,149.4,160.4,172.6,157.6,127.8,160.3,156.3,164.5,132.2,182.8,142.5,183.4,154.6,152.2,138.3,162.3,174.3,149.6,137.7,164.2,152.6,142.2,171.8,144.9,157.4,171.7,152.6,144.6,142.9,150.7,165.4,156.4,128.8,171.0,171.9,154.2,159.8,163.8,170.9,158.8,143.5,173.2,174.6,136.4,147.8,160.1,170.7,159.2,152.1,167.9,171.2,165.2,152.4,170.9,154.0,165.3,160.1,137.0,183.3,174.6,155.0,172.0,158.7,187.2,151.0,175.0,188.1,162.8,179.7,161.6,136.3,162.1,163.1,164.6,169.3,168.0,174.0,172.6,172.3,186.9,152.4,156.3,143.3,186.6,170.4,163.2,155.5,168.9,152.8,182.2,167.7,164.8,167.0,157.5,178.8,167.9,177.5,160.1,159.9,156.0,172.9,172.5,166.8,170.9,167.3,172.7,209.4,185.0,179.0,189.2,165.1,163.6,187.8
1,alcohol_ether,116.2,113.2,107.8,134.5,115.4,101.8,115.8,116.2,121.2,121.9,127.9,97.7,118.9,116.8,111.1,136.5,109.1,136.8,108.9,105.3,124.5,128.5,107.0,127.7,124.3,106.3,120.6,117.4,122.1,112.9,112.9,110.3,99.2,112.3,121.1,125.0,139.8,125.2,114.3,112.7,137.0,122.6,120.3,126.5,123.8,131.8,103.7,143.0,120.1,132.0,143.8,150.2,134.2,144.0,115.9,129.3,137.7,128.5,118.7,145.2,122.2,155.7,122.4,164.6,161.6,161.7,167.8,202.4,193.9,203.3,221.3,209.8,289.1,292.7,341.2,377.5,464.5,503.7,502.2,580.6,670.7,689.6,758.5,874.6,964.0,988.4,1075.1,1132.7,1216.8,1249.9,1293.4,1312.9,1435.1,1376.0,1463.7,1524.6,1501.5,1457.0,1551.3,1531.6,1481.4,1465.1,1529.6,1496.3,1426.0,1546.7,1601.9,1641.2,1683.4,1734.0,1841.4,1908.6,1988.8,1960.3,2164.5,2275.4,2371.6,2447.7,2471.1,2658.7,2655.9,2746.9,2746.7,2682.8,2709.4,2576.0,2635.3,2540.5,2484.1,2527.8,2341.9,2318.7,2206.4,2050.4,1881.2,1795.2,1642.1,1520.1,1444.0,1240.3,1158.6,987.9,918.6,801.9,738.1,697.1,543.9,557.8,488.7,437.7,422.1,368.3,319.1,362.1,314.5,322.1,270.5,295.6,274.4,273.0,253.9,285.9,298.3,315.9,298.9,332.3,300.9,366.3,342.3,342.1,378.8,333.7,374.6,394.1,366.9,376.0,386.0,415.4,411.0,396.3,371.2,405.9,420.9,376.9,405.8,349.9,337.4,352.4,322.5,303.6,316.1,325.8,295.1,289.6,266.8,258.8,258.6,254.3,217.7,256.7,221.5,212.4,184.6,205.9,195.0,185.6,197.8,147.7,165.5,162.3,155.3,175.1,180.7,187.6,167.0,143.2,183.0,154.3,166.8,173.3,169.3,182.5,186.9,152.3,176.9,175.0,187.9,163.1,156.2,179.8,176.8,146.2,161.9,193.0,171.8,162.6,178.4,173.6,161.6,167.1,177.1,181.3,175.0,167.9,192.0,163.9,169.9,183.0,183.3,171.9,170.1,184.1,134.4,174.6,159.1,196.9,159.2,160.1,177.8,192.6,161.7,147.8,178.3,165.1,198.0,163.6,175.9,198.0,185.4,175.7,148.9,167.7,160.2,172.7,178.5,190.0,157.7,199.4,180.0,161.4,157.9,176.5,168.7,178.6,211.1,162.9,190.1,173.1,174.6,172.9,185.1,196.2,170.6,175.5,188.9,193.1,210.2,194.2,180.7,207.2,189.7
3,carboxyl_ester,78.6,70.0,93.1,90.7,71.3,91.0,77.0,87.6,101.9,82.2,81.2,92.9,76.7,84.2,94.6,82.3,104.6,95.5,97.9,95.8,88.1,94.3,83.8,93.4,85.5,103.6,107.8,94.1,110.8,89.1,92.6,92.7,86.2,87.5,94.1,86.3,106.8,118.1,106.9,102.5,95.7,104.8,88.5,104.8,109.3,112.1,99.5,113.7,96.0,101.0,112.4,97.7,114.1,105.7,79.2,93.4,111.1,102.9,115.1,92.7,103.1,129.8,121.1,110.4,121.6,127.3,121.5,146.8,145.2,132.5,161.8,197.8,177.4,209.8,271.1,326.4,385.6,423.1,413.9,547.2,614.1,712.6,809.4,882.0,990.6,1152.2,1248.1,1395.0,1462.5,1549.5,1608.9,1705.5,1740.0,1807.8,1828.2,1835.8,1824.0,1807.4,1864.8,1720.3,1612.4,1580.3,1446.1,1474.6,1328.3,1227.3,1064.6,1057.5,1069.8,932.3,876.8,840.8,825.1,833.1,814.8,781.5,766.6,815.0,847.1,810.2,902.3,889.8,847.6,945.8,867.9,922.7,886.4,878.4,858.4,822.0,767.7,779.2,749.9,743.5,722.1,661.8,614.8,590.2,601.3,550.3,582.4,450.8,467.4,420.3,429.4,411.2,432.3,476.1,469.8,473.7,487.4,520.4,515.4,583.3,538.2,599.2,647.8,651.7,642.4,708.6,827.1,822.0,850.9,881.9,934.7,992.3,1116.6,1100.0,1106.3,1198.9,1221.4,1317.0,1303.3,1414.3,1488.3,1497.6,1476.3,1517.4,1463.1,1479.8,1457.5,1409.7,1482.1,1444.7,1383.5,1326.4,1289.7,1176.5,1147.9,1089.7,1032.5,889.1,903.1,846.4,764.3,666.5,646.0,564.3,529.2,480.1,456.3,387.2,353.0,320.8,316.4,293.0,264.0,218.5,233.6,197.5,198.0,175.2,206.3,184.5,187.8,178.9,167.0,158.0,171.5,182.4,191.7,182.0,190.0,150.3,197.6,173.9,168.7,170.8,168.1,166.8,178.9,175.6,159.9,160.1,157.4,177.4,176.8,157.3,156.0,143.8,167.1,160.6,176.9,170.4,180.0,165.5,160.2,184.4,173.2,136.7,185.1,176.6,185.7,181.8,156.3,164.6,200.6,198.8,162.6,165.5,171.9,186.8,160.8,176.3,185.2,161.6,193.1,184.6,195.0,183.5,177.1,169.3,194.7,185.3,203.5,158.1,171.3,204.8,158.6,176.7,191.4,185.5,177.1,191.8,195.1,193.9,176.9,206.0,201.0,174.8,149.1,171.2,203.6,164.9,200.9,179.6,182.6,206.6,177.5,198.7,198.4
0,hydrocarbon,56.6,43.1,45.1,51.9,59.4,57.4,70.8,60.8,60.8,46.2,54.3,52.9,62.1,59.9,48.3,54.5,49.2,62.3,54.7,69.1,52.3,65.0,67.2,68.8,54.4,69.8,62.1,58.5,69.7,67.3,65.3,64.3,72.7,61.0,59.8,70.6,69.4,56.1,63.5,73.8,64.8,78.5,74.4,58.2,63.2,66.5,73.9,66.6,71.9,59.0,69.3,75.6,74.3,89.2,85.0,63.9,71.3,73.6,74.2,76.3,69.8,68.8,75.8,86.4,100.0,103.8,127.7,108.7,114.5,138.7,180.0,187.7,241.0,267.5,338.0,387.6,464.0,552.8,700.2,812.4,945.8,1096.5,1318.4,1526.7,1711.9,1931.8,2184.9,2478.2,2600.1,2842.0,3054.9,3348.6,3467.1,3650.8,3741.8,3851.2,3950.3,3851.2,3968.7,3859.3,3676.8,3670.5,3492.0,3229.2,3195.2,2877.0,2646.4,2387.1,2192.3,2046.1,1764.3,1539.0,1332.1,1165.5,1038.2,875.8,803.9,675.8,572.3,490.9,447.3,380.1,365.2,343.7,293.2,306.6,294.5,287.4,311.4,235.8,235.0,241.4,231.4,208.8,220.4,220.9,216.5,211.9,178.0,181.5,158.1,159.6,144.0,148.7,154.1,149.1,137.3,136.4,105.0,137.3,134.4,142.5,127.7,105.6,138.5,105.9,129.2,103.6,120.4,115.6,127.5,126.9,125.8,117.0,101.6,106.1,114.2,125.7,125.0,132.3,118.6,113.1,115.5,125.5,103.2,100.8,111.0,105.9,114.9,122.4,112.1,126.7,141.4,111.5,159.7,105.4,98.7,95.6,123.6,138.1,133.9,134.4,140.7,125.5,119.3,142.0,125.3,120.9,134.4,115.0,140.7,126.8,107.5,130.4,142.3,140.2,128.7,129.6,139.1,137.2,150.2,123.6,119.7,134.5,138.7,132.7,128.8,137.0,145.1,148.9,141.2,138.1,129.0,143.6,108.4,134.0,136.7,128.4,141.2,138.2,137.9,126.8,139.5,141.8,160.9,141.6,146.6,149.4,137.3,158.7,145.1,161.9,130.0,168.3,142.5,121.0,144.0,137.2,167.3,133.3,157.7,151.1,162.7,127.1,154.0,132.3,133.1,144.6,146.6,153.2,146.9,151.4,151.3,143.3,157.8,153.2,164.2,164.6,164.5,147.6,155.8,156.3,156.1,160.9,183.1,168.0,183.2,141.7,169.2,148.1,153.8,130.6,155.3,157.5,156.4,146.1,188.1,163.5,160.5,158.5,179.1,170.2,141.9,161.2,176.1,172.1,158.3,172.4,179.2,141.1,178.7
0,hydrocarbon,95.9,107.4,107.8,113.4,93.6,110.3,100.6,108.7,106.9,84.2,100.3,96.5,97.6,106.2,117.2,99.6,107.0,121.6,110.7,104.9,116.6,96.9,119.0,122.8,108.2,115.6,118.6,118.5,93.8,109.6,102.9,121.6,101.7,98.0,108.7,100.7,110.7,109.5,107.0,109.0,112.5,104.4,97.2,110.7,110.8,105.8,125.5,105.9,99.8,114.1,122.1,111.3,115.0,140.4,110.2,110.2,116.1,122.3,102.8,115.0,100.0,141.3,135.6,141.8,147.1,165.3,161.6,197.2,233.7,281.7,291.9,337.2,430.4,466.9,567.9,627.8,725.3,891.2,1055.6,1231.2,1385.7,1589.7,1792.9,2071.3,2296.3,2487.3,2685.2,2937.1,3118.0,3396.5,3556.1,3685.8,3807.1,3820.7,3964.3,3970.8,3864.0,3857.3,3750.5,3574.7,3492.3,3422.9,3161.8,2912.1,2711.4,2625.7,2268.1,2029.5,1835.9,1654.8,1466.9,1297.7,1179.7,974.6,890.5,732.6,655.9,648.3,576.5,498.6,449.2,441.4,407.9,402.8,386.1,374.4,338.4,301.6,286.1,291.1,309.9,271.5,287.4,253.9,258.8,262.3,273.7,224.4,243.8,235.1,208.7,184.9,177.6,194.8,180.1,158.7,138.4,175.3,145.2,152.3,159.4,144.8,142.8,131.1,137.8,147.6,124.4,123.8,148.5,141.3,152.2,150.4,148.7,155.1,142.5,156.0,128.7,128.8,137.4,148.1,140.8,129.1,154.5,156.0,150.2,147.7,161.6,146.2,151.7,135.8,155.4,159.0,134.0,162.7,149.2,148.1,144.6,150.1,151.0,140.0,167.8,149.1,162.8,141.8,162.2,130.9,148.8,152.9,144.9,134.6,134.1,147.2,149.6,154.0,154.8,133.2,144.4,121.2,161.1,129.7,137.7,147.7,155.0,144.6,151.2,154.5,117.4,176.0,154.7,169.3,158.6,158.6,151.9,136.6,138.2,149.2,162.1,145.7,152.9,169.7,168.8,137.1,167.1,146.8,117.2,157.7,139.7,165.6,156.7,161.4,155.4,153.9,165.7,179.7,167.0,141.2,154.5,183.2,161.3,142.9,156.2,150.6,132.6,169.8,150.5,141.5,161.2,157.6,157.3,172.3,160.0,167.7,169.7,167.2,165.5,168.4,150.2,179.4,115.4,163.2,172.2,139.8,145.2,163.8,160.0,171.0,155.7,165.1,149.5,152.5,167.5,158.0,163.5,154.1,170.3,169.7,173.3,169.8,159.8,179.8,149.7,181.3,161.8,160.3,171.1,171.3,162.7,158.7,154.6,152.5,165.3
3,carboxyl_ester,48.1,54.1,31.3,39.7,39.6,52.8,41.8,42.4,46.7,52.4,46.3,43.0,30.7,50.0,39.6,51.1,46.9,35.5,43.5,47.2,49.6,42.5,40.5,43.3,48.9,51.0,47.7,51.1,51.1,56.1,44.8,49.3,52.6,57.4,53.7,50.0,59.3,42.6,53.8,54.0,62.9,59.6,58.9,58.7,53.7,45.3,59.0,60.0,60.8,60.1,62.5,58.7,46.8,54.9,48.1,51.0,67.2,68.1,52.2,50.2,65.2,65.1,43.2,74.2,53.8,72.8,72.4,79.3,88.7,105.2,133.8,112.6,175.4,153.4,201.5,261.7,300.3,357.1,420.1,449.0,547.1,626.1,699.5,816.2,923.1,1060.2,1139.2,1278.1,1423.1,1473.6,1563.9,1663.7,1712.1,1751.4,1843.0,1777.6,1851.2,1812.3,1750.7,1742.1,1729.2,1662.4,1515.4,1405.4,1351.9,1270.5,1190.2,1125.2,1014.6,957.9,891.0,879.2,893.6,863.2,801.0,771.2,818.1,820.7,838.6,850.6,798.9,868.2,869.7,881.6,912.9,900.4,901.7,902.9,833.9,859.7,828.8,823.5,749.7,704.5,767.8,658.8,630.2,617.9,606.3,527.8,563.5,503.8,434.3,478.3,419.4,393.8,359.9,451.6,446.9,387.6,459.7,473.2,435.0,466.6,476.9,508.4,553.0,556.0,573.7,570.8,669.6,725.3,748.4,739.9,853.2,875.2,914.6,925.1,991.7,1045.7,1087.7,1237.8,1158.2,1214.8,1273.4,1237.1,1320.8,1283.0,1340.8,1326.5,1372.6,1287.1,1337.4,1240.2,1240.8,1164.2,1174.6,1080.5,1068.0,989.6,861.0,852.4,793.0,750.3,654.0,660.3,539.1,506.7,500.3,423.7,405.9,328.4,289.3,293.6,233.6,238.5,219.9,197.5,187.3,159.8,155.5,165.5,122.3,116.4,128.8,123.6,125.6,109.5,107.9,102.3,118.9,114.1,101.0,113.0,106.0,116.1,129.0,131.3,94.1,113.1,99.5,106.9,114.7,127.3,113.1,107.4,111.0,123.4,123.8,114.2,115.9,116.4,100.9,118.2,104.0,122.3,101.5,137.8,129.2,98.4,110.5,130.3,140.4,138.0,125.4,124.7,126.6,123.5,121.5,138.0,120.1,119.2,131.7,114.6,121.4,128.7,104.6,114.8,106.9,127.5,133.3,133.8,123.0,124.4,130.8,120.0,111.2,123.2,109.4,131.3,117.3,117.3,138.4,139.5,120.7,132.2,135.9,122.1,125.3,133.8,134.3,117.7,143.3,123.4,102.5,109.9,153.1,135.5,118.1,134.6,142.5
1,alcohol_ether,109.6,125.0,99.2,118.8,105.1,107.6,109.0,114.9,114.3,104.1,102.4,99.2,93.2,96.3,101.1,113.3,111.7,88.4,113.1,108.5,124.5,99.3,98.8,110.6,112.3,117.6,118.1,133.8,134.8,133.4,109.0,130.4,129.0,125.9,132.1,116.9,121.5,119.3,119.7,108.6,103.8,104.6,112.5,153.4,135.6,122.5,126.7,112.5,128.8,113.4,125.8,98.3,138.6,124.3,124.5,129.9,105.6,135.4,116.1,109.0,123.2,140.5,120.8,118.0,132.2,137.5,141.8,151.2,149.6,150.6,176.4,165.0,168.7,174.4,209.6,236.4,299.7,307.1,341.7,369.8,461.3,481.7,556.0,630.2,666.9,842.9,882.6,975.0,1041.3,1176.2,1217.2,1367.3,1321.8,1410.0,1510.1,1591.2,1569.3,1637.1,1640.5,1660.5,1697.9,1641.9,1708.7,1706.8,1634.5,1583.3,1517.5,1521.0,1521.4,1502.3,1520.3,1550.6,1532.3,1611.1,1742.2,1759.9,1948.2,1885.5,2083.3,2213.4,2253.0,2306.1,2409.9,2410.2,2543.9,2559.4,2610.7,2624.1,2588.6,2650.9,2599.8,2468.4,2484.9,2383.7,2302.7,2180.4,2033.0,1816.7,1850.8,1662.8,1576.9,1471.2,1309.7,1162.8,1045.5,860.5,817.1,746.6,653.3,603.3,499.4,466.7,419.2,364.2,367.4,329.2,309.7,271.4,275.1,241.5,228.3,241.9,250.6,230.8,242.4,221.2,224.9,222.3,209.6,204.6,226.5,165.4,195.6,163.9,222.8,183.3,202.8,213.0,164.7,188.6,211.7,220.7,195.8,207.9,200.3,188.6,184.8,192.2,199.5,196.5,174.3,196.1,202.0,182.3,180.7,174.8,178.2,179.6,180.4,205.0,176.8,172.5,170.3,192.9,157.0,154.3,154.7,160.5,158.4,133.8,151.9,151.8,158.3,169.8,161.3,162.3,175.3,177.6,167.5,170.8,140.2,153.5,160.8,156.5,159.4,159.3,192.3,150.3,166.3,178.3,164.9,158.9,158.5,152.0,140.2,174.3,165.4,181.7,173.0,186.9,149.6,158.0,134.1,174.2,172.4,180.7,154.5,153.9,189.2,166.1,166.4,171.8,173.4,176.8,185.3,170.7,173.2,180.9,167.6,186.7,156.3,167.8,185.5,180.1,162.7,170.3,146.7,151.1,183.1,175.8,183.6,185.0,166.4,151.0,165.0,163.5,191.2,175.8,145.0,184.3,175.5,176.1,178.9,181.4,171.0,156.9,157.2,188.1,184.0,167.1,161.4,180.6,163.4,169.1,175.2,180.5,167.8,153.3,164.6,159.3,163.0
1,alcohol_ether,49.6,44.8,46.0,45.5,49.7,42.1,41.3,45.2,35.8,40.8,43.1,34.2,56.3,42.5,51.4,54.4,43.4,58.4,46.1,60.2,45.3,52.4,48.4,60.4,34.7,54.6,69.2,56.5,61.5,68.5,44.0,49.1,51.3,54.3,53.7,53.7,62.0,59.2,58.8,56.5,56.4,62.0,62.7,71.5,60.8,50.2,63.4,75.8,50.1,61.1,56.0,61.3,65.1,48.7,56.4,44.9,59.7,60.1,56.8,49.4,70.3,62.8,70.8,62.2,63.8,75.9,85.6,91.8,82.0,88.7,78.0,110.6,103.6,122.0,144.6,170.1,182.3,183.9,233.1,217.3,272.5,339.0,382.6,437.1,456.9,465.5,541.9,612.7,684.3,720.9,782.9,778.7,861.6,884.5,963.0,972.4,950.8,985.9,1004.2,948.7,961.8,953.6,954.3,958.8,948.0,905.4,939.9,926.9,851.7,817.2,830.0,834.9,846.7,872.7,879.0,895.0,982.5,1014.7,1007.3,1054.4,1081.6,1123.3,1164.5,1192.8,1327.8,1180.2,1359.2,1366.0,1385.4,1306.3,1363.8,1384.2,1424.1,1396.9,1372.6,1375.7,1309.6,1399.3,1426.0,1354.2,1405.2,1444.3,1512.2,1508.1,1600.2,1685.2,1638.2,1739.8,1778.3,1867.8,1949.6,2038.3,2079.5,2120.0,2091.8,2079.7,2014.9,2136.5,2122.6,2127.8,2064.6,1996.9,1960.8,1871.9,1756.7,1677.2,1671.7,1579.2,1457.6,1338.0,1248.0,1181.4,1069.1,979.0,907.7,852.8,749.3,684.7,605.7,520.4,482.7,436.6,410.2,350.8,320.7,297.7,296.6,241.0,229.0,210.0,193.5,169.5,163.8,170.7,170.9,148.1,144.7,118.3,137.2,119.9,124.6,130.5,99.3,123.6,119.0,109.6,120.2,114.8,84.8,99.2,108.3,110.6,108.4,100.9,116.4,132.8,122.3,125.6,99.5,102.9,108.9,134.1,122.5,120.5,98.3,116.4,123.3,107.7,113.2,116.6,115.6,138.9,121.1,124.0,117.5,114.0,142.7,130.8,111.1,108.0,93.7,99.2,122.7,135.8,121.1,116.5,123.7,112.5,144.0,123.8,98.4,137.8,109.5,124.4,138.5,132.7,126.0,123.9,137.6,120.3,128.5,142.0,134.5,134.4,134.8,131.3,122.0,143.8,135.7,142.4,111.7,114.2,144.2,147.5,140.9,139.5,159.0,149.6,133.1,128.0,152.3,118.1,129.3,133.9,143.3,125.2,130.1,139.1,128.7,153.7,115.3,146.0,162.3,134.7,159.3,143.8,137.7,120.9,121.3,144.5,127.1
3,carboxyl_ester,52.8,65.0,56.1,58.6,70.3,41.3,64.3,60.8,56.3,54.5,51.1,60.8,56.6,59.5,60.3,77.0,59.6,50.6,52.3,71.2,61.1,60.6,64.7,64.6,50.4,60.6,84.9,57.6,46.7,55.5,58.2,66.5,56.6,49.3,69.8,58.9,75.2,73.1,77.2,43.5,52.5,54.3,65.1,49.5,77.3,52.0,72.2,52.2,59.4,58.3,77.4,74.6,63.5,65.6,66.2,66.0,68.3,72.6,62.5,82.7,79.0,90.7,82.9,98.7,101.6,92.2,109.3,114.7,115.0,148.1,153.1,200.6,234.0,293.4,321.1,356.3,467.4,469.4,561.5,626.2,770.5,831.1,936.7,1030.4,1182.0,1307.9,1378.0,1529.8,1677.7,1752.6,1805.5,1885.1,1878.6,2181.6,2062.7,2035.8,2227.1,2111.7,2084.3,2043.2,1971.3,1916.5,1846.6,1732.0,1633.4,1454.5,1379.8,1301.3,1208.7,1082.9,966.6,915.9,827.4,730.7,707.1,596.8,506.4,499.9,432.4,398.8,399.1,343.0,356.3,324.0,312.6,285.3,296.1,293.8,288.8,294.2,307.3,271.9,290.6,281.6,277.6,326.1,316.2,333.6,337.3,340.9,320.1,352.2,377.5,382.9,385.9,419.6,463.6,459.3,488.5,517.2,524.4,536.4,600.0,595.1,639.8,720.3,720.7,838.1,768.4,852.1,932.0,949.1,972.2,1025.4,1035.3,1119.2,1174.1,1238.1,1188.8,1272.4,1386.9,1337.5,1471.2,1499.6,1529.6,1542.4,1575.8,1575.7,1581.1,1481.3,1592.6,1567.9,1581.4,1538.8,1519.2,1381.2,1431.3,1341.5,1296.5,1214.2,1124.4,1091.1,1042.1,879.2,953.8,828.2,749.9,716.3,620.8,615.4,542.4,472.3,443.8,402.6,376.4,337.2,286.5,258.1,219.5,211.2,174.4,177.0,159.5,170.5,135.8,121.8,116.8,114.9,97.7,105.2,106.9,100.8,109.0,92.2,104.9,93.8,84.2,106.3,83.9,102.4,111.8,89.5,67.5,92.2,82.0,99.8,97.4,95.1,98.5,83.2,101.6,82.9,98.3,96.8,92.4,94.8,74.9,89.5,93.0,99.4,82.2,108.0,83.3,87.2,85.5,91.3,110.7,81.7,92.6,99.2,112.1,86.6,96.8,83.2,103.9,77.9,93.3,106.3,100.6,84.5,89.1,100.0,105.0,89.7,98.7,96.3,95.8,96.5,100.3,96.2,95.1,96.1,111.3,90.4,101.1,112.2,92.9,101.3,87.5,111.7,97.7,103.5,82.5,94.2,84.5,94.6,86.6,95.2,103.3,90.3,88.5
3,carboxyl_ester,80.7,78.2,86.7,110.6,109.2,86.7,86.5,111.2,95.3,97.8,100.5,109.1,113.8,108.0,97.5,102.0,107.7,119.1,95.1,98.0,97.2,108.7,101.6,101.2,95.6,100.4,105.3,106.5,112.9,127.4,100.8,101.1,108.4,122.7,119.0,131.6,113.0,117.4,117.9,117.2,102.4,122.0,117.2,114.0,110.5,116.1,98.2,115.1,120.7,110.5,119.6,126.6,116.0,116.5,112.6,110.7,100.0,106.4,127.4,108.1,126.8,123.1,142.6,119.6,138.9,146.3,176.1,182.6,203.8,205.8,271.2,299.9,317.1,389.4,439.3,518.9,598.2,638.1,755.8,907.0,1024.9,1150.0,1308.6,1441.9,1569.2,1685.2,1928.6,2073.1,2243.0,2380.6,2482.2,2581.0,2652.7,2706.9,2804.8,2780.6,2874.0,2799.2,2691.7,2534.6,2447.6,2280.3,2218.0,2035.8,1855.7,1701.4,1634.0,1491.3,1233.5,1149.8,1020.0,905.7,810.0,656.5,580.6,539.6,467.7,381.9,305.5,292.8,232.9,249.7,226.2,205.2,209.7,176.4,195.0,161.0,164.9,151.6,177.0,158.3,178.6,161.6,184.2,193.6,184.0,200.5,179.4,204.3,205.6,207.0,235.5,229.2,244.6,272.4,253.6,262.7,314.4,338.7,350.6,339.1,407.9,407.6,426.6,455.5,506.3,533.9,549.9,631.3,672.6,693.5,779.8,776.7,787.7,887.6,987.1,1106.4,1090.6,1138.9,1168.1,1204.2,1212.0,1311.4,1379.0,1461.1,1454.6,1382.2,1432.3,1365.1,1479.3,1468.1,1469.7,1378.3,1265.5,1310.8,1298.0,1175.3,1134.3,1044.2,979.6,925.3,877.3,840.3,753.7,716.4,651.8,595.6,587.0,555.3,495.3,428.8,364.6,405.4,354.2,319.3,300.0,291.4,252.2,242.2,226.3,214.2,202.5,208.3,192.6,198.9,197.6,167.5,166.4,181.6,177.0,161.7,174.6,174.0,178.2,172.1,156.6,188.9,189.3,143.7,152.9,210.7,173.5,174.1,143.5,151.3,148.1,186.2,177.7,189.7,160.5,177.3,153.1,166.1,186.0,169.7,167.8,184.6,174.9,173.9,155.7,163.1,185.9,167.2,175.0,184.3,171.9,189.9,157.4,195.5,194.2,197.2,199.5,178.9,176.8,196.2,139.8,180.6,179.3,169.3,191.3,190.2,152.2,166.5,175.6,185.8,180.9,190.9,198.3,170.1,187.6,195.2,193.1,207.6,177.7,186.9,196.3,215.9,196.6,181.1,197.3,185.3,184.9,187.4,170.4,201.4,201.2,206.0,201.6,193.0,203.8
0,hydrocarbon,82.2,77.5,57.6,72.0,77.9,84.1,71.8,68.8,71.3,89.8,73.2,60.4,85.0,74.5,75.7,81.5,72.9,101.2,80.7,70.8,82.3,97.6,81.3,81.3,90.2,85.9,73.4,90.1,78.4,79.9,82.2,90.6,93.6,92.4,93.4,76.6,88.2,93.1,75.7,66.7,89.1,92.3,94.6,96.3,96.4,96.5,90.3,103.3,89.1,90.8,97.4,80.4,89.0,87.0,74.5,100.7,84.6,89.1,106.3,110.8,111.5,117.5,123.6,116.2,142.5,168.1,156.6,231.6,262.0,268.7,332.4,393.0,453.1,517.1,648.9,715.6,787.1,991.8,1119.9,1347.3,1463.9,1682.8,1825.6,2053.3,2258.0,2426.7,2594.0,2851.4,2974.9,3216.2,3383.5,3529.7,3525.7,3841.2,3833.1,3923.2,3906.3,3954.1,3910.0,3783.7,3629.7,3496.3,3405.6,3238.4,2911.1,2761.4,2568.5,2404.0,2151.8,1995.7,1755.6,1618.2,1515.3,1382.3,1147.9,983.5,939.9,839.0,753.0,684.7,649.4,571.3,490.0,470.1,417.8,450.1,398.4,404.7,367.8,368.7,338.6,335.0,326.5,291.7,281.6,261.5,258.2,258.8,241.3,239.6,236.1,211.1,204.8,185.5,168.1,186.5,151.0,160.4,164.9,138.1,132.3,150.8,130.0,130.3,105.6,134.3,133.2,121.8,129.6,118.2,119.4,105.6,138.3,105.4,109.8,111.2,139.6,116.7,145.6,108.5,117.7,117.2,107.5,119.3,128.9,121.3,104.8,125.9,132.1,123.4,110.0,103.7,120.4,132.7,141.7,119.2,114.1,121.7,120.6,129.2,129.0,121.4,124.5,127.3,145.4,117.1,133.1,128.4,134.4,149.4,143.1,125.3,143.6,147.2,143.0,132.4,120.1,115.7,114.6,121.0,126.5,129.2,135.4,124.2,147.3,117.7,138.1,135.6,127.2,138.3,125.5,132.8,124.4,119.8,141.9,151.3,129.9,129.7,144.4,129.0,137.9,122.6,125.2,147.3,124.2,151.2,151.0,143.6,138.7,162.1,129.3,142.8,131.6,133.6,142.1,135.4,158.1,145.6,131.1,162.5,142.2,117.4,137.8,161.0,136.9,144.5,135.6,133.7,132.7,117.8,164.9,149.0,161.7,150.9,141.3,155.1,145.8,153.1,135.4,144.8,150.8,146.7,138.8,142.6,154.0,150.1,155.8,170.7,143.2,129.5,161.1,155.7,162.4,161.3,129.5,145.4,158.6,145.7,129.6,146.7,134.5,168.8,138.2,134.1,155.4,165.4,159.3,179.6,154.5,172.9,124.7
1,alcohol_ether,105.0,104.6,89.8,118.4,96.2,111.1,101.3,107.2,97.0,93.6,114.2,98.5,104.8,110.1,121.5,114.0,119.3,122.6,101.8,103.0,113.8,117.0,121.4,119.4,120.4,85.8,124.8,122.8,115.1,128.3,118.2,116.0,115.3,106.2,139.8,114.8,101.6,124.5,117.5,126.8,129.7,138.4,109.5,126.1,123.0,107.1,124.5,148.4,121.9,124.3,132.1,107.7,117.1,143.3,128.6,153.5,113.6,123.2,149.8,140.6,137.2,142.0,142.0,157.6,158.5,181.9,166.6,178.8,243.9,264.3,313.9,309.9,380.1,403.7,493.3,590.8,670.3,769.1,867.6,1044.0,1117.0,1246.0,1391.3,1552.7,1803.9,1914.2,2156.1,2260.6,2428.8,2618.3,2751.6,2803.8,2877.0,3094.3,3027.9,3061.2,3079.9,2981.4,3077.6,2866.3,2869.5,2751.4,2573.1,2393.5,2384.2,2233.0,2122.2,1959.7,1733.4,1738.9,1548.5,1460.9,1354.9,1282.5,1274.9,1163.3,1188.9,1118.2,1112.5,1030.1,1006.9,1062.0,1027.0,1052.1,1013.8,1024.1,1007.8,941.3,945.0,963.4,918.0,875.6,893.0,761.6,808.5,732.0,682.7,662.9,663.6,545.5,539.1,506.8,445.5,380.8,400.2,412.4,358.1,349.2,258.4,313.3,259.7,273.4,254.1,257.2,254.7,248.8,225.8,233.4,256.1,232.7,256.2,282.8,280.2,258.7,265.0,317.6,355.8,337.2,316.4,381.0,401.2,333.8,379.8,369.6,393.1,395.1,403.7,414.6,408.7,418.1,410.1,371.3,369.1,420.7,357.4,371.7,390.6,375.2,341.6,338.2,321.5,303.4,323.7,328.1,290.8,278.1,257.3,257.5,237.4,265.3,245.5,226.1,235.9,212.4,196.7,219.5,204.9,207.6,195.4,170.0,216.0,191.6,180.6,177.4,189.1,178.0,200.6,181.0,196.9,205.5,171.6,169.6,177.4,188.2,182.9,185.3,174.6,191.0,165.8,184.2,189.9,180.5,176.7,178.3,175.0,200.8,199.4,191.4,195.4,189.9,196.3,193.2,173.3,200.6,184.8,179.2,184.2,198.3,203.1,203.4,190.1,198.2,202.2,211.5,228.3,196.3,158.7,205.1,182.8,204.6,184.1,205.0,187.3,205.0,192.7,205.9,185.0,194.0,200.0,200.5,196.9,196.9,219.1,208.3,203.3,186.2,205.1,196.6,179.9,212.4,203.0,204.1,213.0,196.3,218.8,206.9,212.9,208.1,200.5,210.9,232.9,214.0,202.8,163.6,206.5,247.5,226.4,226.6,208.9,206.0,221.3
3,carboxyl_ester,111.1,111.7,129.8,116.2,105.5,122.7,116.1,116.5,117.9,121.2,108.1,117.3,95.0,145.6,140.8,118.6,127.0,120.2,125.5,124.4,121.2,120.6,143.0,100.5,100.4,115.6,142.9,138.8,145.9,118.3,111.2,160.0,125.6,143.3,156.9,127.1,121.3,123.2,136.0,144.4,126.3,137.6,121.3,147.1,122.4,144.5,130.4,113.8,130.6,126.1,114.0,144.9,143.7,136.0,123.4,138.3,123.1,145.6,130.0,137.9,133.7,122.7,153.7,132.1,178.7,152.4,180.8,197.6,216.9,217.1,224.5,316.2,363.7,364.8,446.4,537.4,569.6,637.6,750.2,889.7,980.9,1166.6,1315.3,1359.8,1549.0,1742.5,1882.9,2070.6,2183.2,2365.8,2393.0,2593.3,2627.2,2795.4,2894.4,2850.8,2784.3,2808.6,2736.0,2705.6,2603.1,2465.2,2375.8,2329.3,2125.4,1875.9,1828.1,1672.7,1514.8,1350.4,1213.9,1169.4,961.4,914.8,848.8,783.1,756.3,644.8,590.2,575.3,569.9,537.3,540.4,497.8,479.8,458.6,497.2,503.8,458.2,485.2,474.0,502.5,529.8,478.1,535.8,519.0,549.2,537.5,571.1,573.1,658.1,656.3,655.6,718.6,726.6,719.6,771.2,854.3,844.6,867.1,823.1,886.7,917.7,974.0,975.0,957.1,1021.5,968.8,977.9,940.2,1005.1,991.6,930.5,932.3,943.2,886.9,873.6,841.1,881.0,809.7,799.7,794.0,709.6,725.6,684.4,716.4,620.1,579.5,601.2,564.6,538.7,535.4,496.7,512.6,479.2,494.2,421.9,459.9,403.8,429.6,394.4,373.0,371.1,359.4,323.1,312.6,309.9,305.0,271.1,265.9,247.1,247.8,230.2,220.8,222.8,222.5,207.1,185.0,202.5,184.8,185.7,199.2,172.4,162.4,185.3,164.1,177.6,185.3,203.7,186.1,191.4,215.3,201.3,173.8,202.7,223.0,170.2,194.1,170.8,179.5,184.8,188.3,211.7,196.0,180.5,173.1,193.7,193.4,167.8,186.2,184.2,191.3,185.2,185.0,187.9,192.4,203.8,210.1,208.1,189.3,193.0,177.4,183.3,202.1,200.8,203.7,173.5,215.1,193.7,185.2,201.6,200.3,198.0,172.0,189.1,206.2,191.4,189.6,164.4,215.8,186.7,164.7,200.6,182.3,179.9,194.0,200.9,204.9,217.2,195.6,171.3,210.1,208.5,215.8,219.9,186.7,210.1,193.6,188.7,186.7,222.9,209.5,192.0,218.7,205.6,197.1,178.2,196.7,177.2,215.7,216.8
3,carboxyl_ester,102.9,85.7,106.7,90.4,108.6,95.1,91.1,106.3,93.2,90.5,91.1,89.8,91.8,91.5,82.9,90.8,91.4,112.8,106.9,97.9,98.5,101.4,101.9,113.9,99.6,104.4,93.5,107.7,79.8,95.1,108.5,107.0,93.3,95.7,91.4,83.4,109.5,81.5,102.7,100.4,91.5,91.4,117.0,122.9,93.7,90.0,123.3,101.0,107.9,112.1,90.1,103.4,124.5,101.9,107.7,110.0,109.3,92.3,139.6,125.2,121.2,132.1,139.4,157.5,172.3,200.6,243.0,283.3,335.3,334.4,426.7,516.4,531.8,621.3,778.1,839.9,916.2,1124.1,1274.1,1391.6,1566.0,1737.5,1826.6,2011.2,2204.2,2364.5,2457.0,2579.9,2805.3,2768.7,2810.8,2976.4,2805.8,2886.0,2847.0,2783.6,2768.8,2594.2,2514.5,2403.9,2253.5,2056.3,1917.0,1861.4,1583.6,1412.5,1313.5,1136.8,1033.6,879.2,859.8,757.2,649.7,624.8,485.6,456.9,390.4,319.5,324.0,283.7,280.4,290.2,259.0,263.1,261.2,250.1,254.8,239.9,236.2,249.9,273.0,267.2,255.7,263.0,252.7,258.8,257.3,306.4,367.0,370.7,378.3,374.1,423.9,419.4,406.1,460.3,445.1,460.8,516.1,529.1,600.1,545.6,577.5,611.7,637.1,644.2,631.0,717.9,723.6,781.8,795.6,819.1,838.4,891.1,873.2,913.5,911.7,958.1,926.9,947.9,959.4,996.0,979.8,993.0,1045.3,1033.3,977.2,952.7,1032.9,937.8,944.2,950.4,854.0,856.9,820.6,842.8,794.7,759.6,683.7,680.3,621.5,599.6,528.7,470.1,475.5,422.0,395.8,359.1,352.8,348.2,295.0,233.1,254.4,235.7,234.6,219.4,173.3,177.9,199.7,165.9,193.4,145.8,155.8,147.3,162.5,128.2,164.0,167.1,144.2,145.1,146.6,157.4,119.4,138.8,149.7,132.8,146.0,146.4,136.4,130.1,139.5,117.4,122.7,151.2,154.6,155.7,150.3,147.3,130.4,159.9,152.6,145.0,156.3,158.4,140.5,155.4,164.5,144.1,148.7,143.8,152.3,148.3,157.3,148.0,163.0,139.7,160.1,144.1,149.8,131.9,144.9,155.2,165.1,156.1,170.4,141.8,149.7,149.9,159.6,158.8,162.2,169.6,161.6,160.3,150.7,160.8,151.8,158.8,152.4,154.8,146.6,173.2,150.9,134.8,148.8,153.1,125.0,169.6,156.0,151.0,180.6,175.8,138.1,173.8,140.6,148.8,122.2,163.9,159.2,165.4,182.9
2,carbonyl,68.7,57.7,60.0,62.7,72.3,55.6,70.2,59.4,65.9,70.2,61.2,66.8,58.4,76.1,62.9,67.9,51.7,71.4,79.4,85.8,72.3,72.2,72.4,80.2,66.6,65.3,68.2,62.5,62.1,85.5,78.7,78.1,76.1,85.7,96.2,71.0,84.8,70.7,91.9,77.7,83.9,87.0,69.0,61.8,52.8,88.2,68.2,63.8,89.6,98.3,75.3,88.7,90.5,86.6,84.2,86.8,101.5,88.6,93.5,86.9,96.3,91.4,86.5,86.8,87.2,103.5,106.4,143.9,109.3,137.5,127.0,134.9,175.1,195.9,207.5,234.8,233.7,255.0,296.0,311.1,325.2,396.2,446.3,439.9,523.9,498.0,534.1,637.1,622.1,684.7,778.1,743.6,763.3,795.0,762.4,769.4,806.4,838.4,770.3,782.0,699.4,721.8,664.8,685.9,607.4,589.3,537.9,512.1,482.7,471.6,454.0,384.3,401.4,362.9,399.0,371.4,364.3,331.2,362.2,356.2,357.4,363.7,401.1,412.2,467.1,501.5,514.7,590.3,567.3,668.3,697.9,816.4,838.7,914.4,1046.1,1129.8,1261.1,1333.2,1502.6,1624.7,1824.1,1982.5,1978.1,2230.6,2361.3,2525.2,2493.7,2718.0,2896.4,2978.6,3027.7,3079.4,3145.3,3204.0,3346.6,3373.1,3152.8,3211.0,3166.8,3090.4,3112.7,2913.2,2873.5,2815.2,2616.2,2632.6,2447.7,2292.9,2174.0,1916.9,1850.7,1721.3,1532.6,1470.3,1233.2,1168.5,1035.9,965.0,889.4,787.9,694.9,632.8,549.2,515.9,463.2,395.1,394.4,357.3,323.5,311.7,252.0,224.8,202.0,206.6,220.4,221.5,168.6,190.1,157.9,173.5,154.2,160.1,171.6,140.5,154.4,160.6,157.5,126.8,140.5,164.0,158.6,151.3,134.5,145.8,130.3,155.6,137.5,133.2,141.3,141.3,169.2,150.8,149.7,143.4,152.2,149.7,138.4,182.8,175.9,141.2,147.3,138.3,150.0,155.4,148.1,165.8,158.7,157.7,140.8,179.1,159.2,175.0,170.5,160.8,155.7,156.6,117.4,155.3,176.0,156.9,186.8,161.4,175.8,160.2,163.5,164.3,155.3,154.3,170.4,163.8,166.0,178.8,146.8,190.1,173.2,157.1,147.1,164.2,149.6,155.5,176.1,193.4,158.6,178.6,164.6,139.6,176.3,159.8,175.0,171.8,175.2,172.8,189.8,154.6,177.1,176.8,166.9,142.0,209.6,142.5,168.1,159.5,165.2,129.0,186.6,173.0,202.4,185.0,197.9,160.5,192.0
3,carboxyl_ester,68.3,76.8,72.6,79.9,68.4,81.1,69.4,63.8,68.7,54.8,84.2,71.8,57.5,73.5,70.5,77.3,64.8,75.7,81.3,61.5,66.8,71.1,65.4,66.7,71.6,78.3,80.9,55.3,79.3,81.2,90.9,72.3,74.4,68.9,73.4,70.9,60.6,78.4,82.4,80.6,74.4,90.2,62.3,85.1,73.4,73.2,81.2,79.6,75.8,73.9,81.0,83.1,75.8,74.8,77.6,65.7,85.5,63.6,87.8,70.2,86.3,85.7,105.2,72.9,93.6,101.7,120.1,113.6,130.3,148.5,128.1,195.3,234.4,242.8,282.6,317.7,347.7,447.4,490.8,569.8,696.4,723.1,827.8,945.9,1097.6,1160.2,1296.7,1430.9,1580.3,1612.1,1808.2,1854.3,1887.7,2010.3,2046.6,2150.2,2103.0,2085.6,2128.7,1973.9,1948.5,1884.8,1835.5,1757.3,1615.5,1523.2,1388.4,1308.4,1129.5,1026.8,829.2,786.8,725.7,636.3,565.6,453.4,404.2,366.1,316.1,277.1,248.1,211.2,214.4,168.3,158.9,139.2,128.9,140.8,100.2,133.6,130.9,160.6,143.5,131.4,139.6,142.9,143.7,169.8,141.7,162.8,173.9,192.9,219.6,226.9,255.6,249.0,248.2,300.2,315.3,324.6,367.1,414.3,431.1,448.3,503.2,501.2,588.2,663.5,662.0,739.5,780.1,802.9,863.9,1014.3,1095.8,1169.4,1258.2,1265.8,1348.2,1365.7,1576.1,1610.6,1654.0,1667.1,1721.0,1777.5,1807.7,1904.7,1795.4,2034.2,1949.3,1866.4,1789.8,1838.1,1861.4,1754.6,1616.7,1667.0,1591.0,1505.4,1439.2,1286.3,1242.5,1261.4,1184.5,1027.0,952.6,854.9,794.0,708.1,621.4,559.9,546.6,478.0,429.5,361.7,348.9,303.3,289.8,248.8,233.8,198.8,196.9,173.0,156.9,160.4,172.0,135.8,118.1,126.0,110.0,124.5,112.4,98.5,112.1,99.5,120.5,110.0,118.5,107.1,102.1,127.7,109.1,102.0,112.7,94.2,104.5,105.3,98.4,122.8,103.8,89.0,104.3,110.8,104.3,109.4,84.7,98.3,100.4,104.0,119.6,109.4,115.3,115.9,124.7,104.3,100.9,80.1,76.6,96.4,102.0,86.7,121.5,117.3,94.1,134.4,94.8,92.9,122.6,108.0,106.5,105.9,104.1,122.0,112.1,112.9,126.3,126.1,111.0,99.6,104.0,108.7,103.6,114.0,103.3,121.7,125.2,109.9,105.1,99.0,113.1,114.4,114.4,134.9,115.6,98.7,114.3,119.0,98.2,119.1,113.4
2,carbonyl,75.2,63.8,75.8,81.2,89.3,79.3,66.4,81.8,76.3,96.5,85.7,77.3,75.7,77.6,91.7,83.0,70.8,70.0,67.8,71.3,80.8,66.5,92.0,89.8,77.2,82.1,69.5,72.5,77.7,90.9,88.4,80.1,92.5,84.3,96.3,84.7,87.1,95.9,82.2,84.2,82.3,86.6,82.3,98.9,107.8,83.7,99.4,89.9,100.3,90.4,99.1,81.7,81.1,80.3,92.5,94.4,79.9,81.8,100.3,77.8,108.5,98.2,89.7,102.6,82.7,113.6,127.1,110.2,132.2,125.1,162.8,173.1,183.0,216.8,218.4,267.1,335.6,361.7,426.0,495.4,600.4,662.9,738.9,878.8,1040.4,1069.3,1239.4,1421.5,1506.9,1669.4,1835.4,1899.7,2072.7,2260.9,2317.3,2326.0,2474.0,2437.1,2529.6,2535.7,2411.2,2458.1,2371.4,2296.3,2155.6,2129.2,1921.9,1790.3,1679.4,1617.6,1376.0,1272.1,1130.5,965.1,910.2,781.4,688.5,613.3,506.6,506.3,418.8,381.2,301.6,289.0,293.3,254.7,273.7,248.0,249.2,272.8,291.4,256.6,293.2,343.7,392.7,385.5,411.4,477.1,511.1,556.1,630.9,682.1,742.4,856.8,916.7,976.2,1037.7,1144.5,1234.5,1286.3,1354.9,1398.5,1520.0,1556.6,1546.2,1656.4,1625.1,1648.1,1608.0,1655.9,1732.5,1631.3,1665.4,1592.9,1511.6,1456.4,1432.6,1398.5,1279.9,1207.2,1165.5,1068.6,918.3,915.0,828.3,721.4,708.7,661.6,578.2,527.9,480.0,404.2,396.7,366.8,322.8,296.1,272.3,236.0,222.7,177.3,172.9,155.4,140.6,127.2,145.3,133.1,142.4,107.4,103.9,102.6,100.9,114.8,139.7,129.8,102.8,110.7,105.4,120.0,119.1,113.1,123.9,117.1,104.9,112.4,115.6,112.0,124.1,112.2,119.8,115.5,108.3,111.3,117.3,104.8,116.1,110.2,110.4,108.0,123.1,131.0,109.4,107.5,121.7,135.8,109.6,117.7,122.9,114.4,128.1,136.4,113.5,123.7,100.6,109.6,115.4,109.7,120.1,110.9,125.0,121.3,111.5,123.2,106.9,124.2,121.0,129.8,135.6,122.1,133.4,108.8,124.8,115.5,117.5,111.5,113.5,122.0,117.3,147.0,116.9,114.2,121.9,124.8,146.2,123.0,134.2,110.1,125.7,120.6,119.5,121.7,119.8,131.6,113.2,149.3,125.7,132.5,149.3,109.7,142.5,120.3,135.4,121.4,118.2,125.7,144.3,157.3,134.2,136.8,133.9,115.7,113.9
3,carboxyl_ester,86.7,78.5,81.3,92.8,88.9,77.1,82.9,85.5,93.8,81.5,86.1,69.8,77.2,97.4,91.5,91.7,82.3,77.6,81.5,73.2,86.9,95.0,87.8,87.5,111.5,94.6,90.0,95.2,77.4,74.1,89.2,78.1,103.7,102.0,72.4,85.6,83.4,92.9,88.1,83.8,87.9,96.0,77.6,75.1,81.8,64.5,71.6,91.2,83.8,103.2,81.9,93.1,100.8,85.2,91.0,95.0,94.8,104.4,78.9,89.3,89.2,94.4,110.1,100.1,99.4,93.7,104.4,130.6,110.1,142.2,148.3,165.9,231.6,210.2,278.8,282.9,339.0,423.7,458.7,562.5,630.6,733.5,835.7,979.5,1050.8,1119.4,1302.8,1358.5,1525.2,1665.8,1715.7,1755.9,1934.0,1976.7,2006.8,2003.7,2035.4,1964.2,1907.8,1869.7,1800.7,1771.1,1654.7,1548.0,1398.5,1291.1,1191.7,1028.7,934.8,816.8,734.8,629.8,524.4,487.7,433.6,364.3,294.2,255.8,223.6,202.7,191.6,171.2,154.3,179.4,164.5,176.9,178.0,173.6,219.0,242.8,241.8,261.1,296.4,307.2,331.9,378.7,395.8,444.8,488.4,541.2,638.6,693.6,692.8,798.9,860.7,981.6,985.7,1072.3,1023.6,1170.0,1244.0,1211.5,1235.3,1404.6,1345.3,1413.0,1504.8,1446.4,1459.5,1386.4,1435.8,1419.0,1406.3,1465.2,1397.1,1405.4,1313.4,1335.3,1292.8,1299.8,1299.5,1288.9,1282.4,1235.9,1211.5,1217.3,1184.4,1137.5,1166.1,1149.6,1118.6,1106.2,1032.0,1080.4,1002.5,924.5,932.8,851.4,847.4,759.9,714.7,687.1,627.8,560.8,536.5,472.3,454.0,415.5,390.1,352.2,316.8,261.8,266.9,233.7,200.5,213.4,181.1,175.4,171.2,176.9,132.5,135.1,129.0,140.9,104.3,110.7,150.0,123.8,124.7,117.7,122.7,104.8,92.4,124.5,127.7,102.2,119.2,97.2,94.7,123.9,110.9,102.4,122.6,128.9,103.8,108.7,101.7,124.2,88.2,108.5,124.1,117.6,112.8,88.8,101.9,104.5,122.1,116.6,121.4,130.8,97.7,115.0,116.9,108.7,124.4,105.8,115.1,94.8,108.7,114.5,106.0,110.6,102.5,104.8,107.2,107.2,114.9,115.6,115.8,113.3,123.1,87.2,128.2,92.6,120.3,129.1,113.2,131.6,128.1,120.7,110.5,125.1,126.4,122.1,125.9,122.6,113.8,114.2,138.9,119.4,134.6,109.3,118.4,104.0,118.5,121.0,105.5,122.7,120.8,107.7,133.1
0,hydrocarbon,46.8,49.6,46.7,49.3,41.3,51.9,54.8,44.1,56.3,50.0,51.3,59.5,52.9,52.5,52.1,57.1,51.0,67.7,58.1,66.6,61.5,54.1,66.3,67.4,77.0,65.9,60.5,54.4,62.3,57.3,54.9,66.7,48.5,50.5,41.6,68.7,58.8,65.2,55.1,58.4,54.7,74.9,44.4,73.1,53.4,71.9,64.8,62.4,65.8,68.5,65.0,70.0,73.8,61.4,76.1,85.4,64.1,85.6,68.3,69.1,75.9,69.2,100.7,82.7,116.9,146.0,128.0,181.0,190.0,256.9,274.1,334.4,393.7,435.9,591.7,669.7,756.6,896.9,1027.8,1119.6,1389.5,1429.5,1702.2,1914.2,2076.5,2362.6,2588.9,2767.2,2962.4,3233.5,3340.5,3642.1,3735.8,3950.3,3914.0,4116.1,4026.6,4061.4,4178.5,3984.5,3936.3,3779.5,3561.6,3467.4,3228.8,3030.3,2733.1,2703.6,2443.2,2210.8,1937.4,1757.8,1587.7,1388.4,1206.6,1108.2,900.7,758.3,713.2,594.9,507.1,392.2,345.0,305.7,250.8,213.5,169.0,185.4,173.7,150.3,141.5,121.8,97.9,107.3,88.6,103.0,79.5,88.7,82.7,98.3,68.5,108.5,83.5,89.0,89.0,92.6,97.2,109.2,109.5,94.1,104.2,106.4,99.3,98.4,105.1,83.8,110.1,88.8,104.5,105.1,103.9,99.0,98.7,89.9,101.6,96.0,99.8,106.6,91.7,102.4,108.3,109.7,109.4,92.5,116.3,97.4,89.1,78.6,89.2,108.4,98.3,96.5,98.8,83.6,95.6,104.7,108.8,105.3,103.4,107.6,94.4,92.9,107.6,99.2,116.6,107.5,91.7,104.0,105.6,89.8,102.7,116.8,85.1,100.3,132.9,105.2,99.5,110.7,121.9,106.9,113.2,106.7,103.3,118.8,107.0,116.4,109.0,108.1,134.2,102.1,101.7,113.9,91.8,116.5,97.1,106.8,121.1,110.6,106.5,117.1,121.8,118.1,123.4,129.4,125.9,89.2,111.4,111.9,99.4,121.0,122.3,129.6,124.7,106.8,116.3,133.7,112.8,119.2,120.2,135.8,102.7,137.3,136.0,102.5,104.4,123.8,119.7,124.1,98.9,120.9,102.5,122.3,126.7,133.2,124.5,131.2,115.2,115.9,142.4,130.4,109.1,123.0,126.9,106.5,130.2,123.9,117.4,104.7,109.5,119.8,132.3,131.6,105.6,131.4,124.9,140.4,131.4,138.5,122.1,129.3,141.8,129.2,137.8,127.2,133.8,133.1,147.8,141.4,138.4,129.7,131.5
2,carbonyl,121.3,108.7,137.0,114.9,120.1,107.5,114.5,129.5,123.2,123.7,112.3,123.7,133.0,130.8,121.5,102.9,124.7,130.2,112.8,132.5,128.0,116.5,112.6,114.5,119.6,104.7,138.8,110.5,125.8,117.6,132.2,145.4,123.8,108.9,139.8,114.2,106.5,119.5,129.1,139.4,118.4,137.3,103.1,117.4,124.9,126.8,110.9,135.2,151.1,135.7,126.4,139.4,114.4,130.7,134.2,114.0,140.5,113.7,125.5,138.0,139.1,126.6,136.9,126.2,146.6,139.6,170.1,210.3,185.5,235.3,248.6,283.6,279.4,354.4,364.9,417.2,503.8,525.9,574.1,697.1,763.7,837.6,967.2,1078.3,1152.0,1217.6,1385.1,1518.8,1612.5,1732.0,1749.0,1842.1,1952.3,2074.4,2053.1,2058.4,2079.2,2087.5,2112.5,2094.2,2010.2,1982.1,1998.1,1990.5,1864.2,1823.0,1681.3,1716.0,1630.8,1712.0,1576.2,1547.1,1595.8,1561.8,1562.7,1627.0,1564.7,1670.0,1666.4,1696.4,1599.4,1757.3,1867.1,1797.3,1802.4,1833.5,1737.3,1758.3,1750.1,1827.7,1703.7,1702.1,1654.9,1577.4,1529.3,1485.7,1465.7,1305.9,1318.0,1238.0,1216.2,1095.2,1086.7,1022.4,962.1,932.9,836.3,847.9,811.5,817.3,803.6,772.2,734.5,727.6,750.3,692.5,657.8,629.7,674.6,662.8,621.8,620.7,588.6,602.2,544.6,481.9,506.4,478.7,461.6,414.3,457.9,410.7,361.7,334.4,339.2,297.0,319.6,249.5,277.5,279.2,249.3,226.5,248.6,221.5,211.0,210.1,189.2,178.4,188.2,161.2,166.1,176.9,157.1,159.4,152.0,139.7,144.8,172.0,151.4,121.7,159.5,149.1,143.8,139.2,151.4,143.3,138.9,133.6,123.4,153.5,149.1,154.4,117.2,128.5,142.0,144.2,135.3,128.5,127.0,155.4,135.7,152.9,136.6,125.5,125.1,179.4,143.6,158.8,136.6,134.1,157.9,130.3,162.9,139.5,146.1,142.9,149.9,136.2,154.5,132.9,145.8,165.3,136.9,152.2,158.4,147.3,135.0,135.0,155.5,156.6,157.4,153.7,143.6,148.1,153.9,129.2,129.7,172.0,138.2,155.5,140.2,178.3,144.5,147.7,161.3,160.9,142.7,148.7,151.4,154.5,142.7,159.2,149.5,171.3,162.3,150.3,153.9,152.7,143.8,164.1,169.8,138.1,139.4,148.8,157.2,131.2,159.3,166.8,153.2,161.9,158.5,144.6,175.7,167.9,151.7,138.2,147.9,170.7,156.5,166.1,147.1
2,carbonyl,98.7,102.8,89.3,77.9,114.1,82.1,110.8,82.0,101.5,83.5,99.8,102.8,106.4,111.2,94.5,95.8,91.9,97.4,104.7,98.1,94.5,104.5,98.3,97.7,112.5,101.0,106.4,103.6,97.7,109.4,103.4,100.4,108.0,117.9,101.3,106.6,119.7,110.0,97.7,98.4,91.5,111.4,105.8,105.4,102.5,126.3,92.5,102.5,105.4,110.4,124.7,99.5,119.8,102.3,117.9,126.8,117.5,134.9,119.3,111.3,120.3,125.2,108.4,144.3,113.7,139.2,133.0,155.3,161.0,158.7,166.1,189.7,213.0,225.7,224.2,268.0,316.5,352.3,379.3,444.7,487.7,524.3,512.2,623.0,658.6,715.5,778.4,773.7,796.6,922.2,902.4,1022.6,985.0,935.6,977.3,985.4,1043.0,1022.9,1051.9,980.8,1040.8,998.5,937.1,935.8,883.6,879.0,776.4,809.6,765.2,719.4,697.5,703.3,696.4,624.8,637.4,702.9,694.6,704.2,664.3,666.7,713.5,708.6,736.7,776.5,772.9,770.0,839.5,859.2,884.5,927.7,878.9,951.3,1071.6,1017.9,1073.2,1144.6,1268.5,1186.5,1284.8,1354.4,1515.9,1578.7,1626.5,1697.2,1661.8,1808.1,1889.9,2026.3,2035.0,2071.2,2184.9,2245.1,2306.2,2227.1,2408.1,2437.0,2391.1,2417.7,2273.8,2210.4,2303.2,2376.2,2278.5,2176.7,2125.4,2009.8,1964.9,1938.8,1928.2,1691.4,1776.2,1697.6,1626.0,1486.3,1399.5,1377.3,1327.3,1258.7,1242.3,1115.1,1087.5,976.9,998.2,891.8,890.4,867.6,847.2,757.5,710.7,681.7,650.4,550.9,583.3,544.6,506.7,460.1,454.8,472.2,387.3,366.0,353.4,299.2,295.9,298.3,287.1,260.1,238.9,248.8,230.2,222.7,190.5,208.9,179.1,211.4,175.5,204.8,182.4,196.2,207.7,185.5,173.0,189.4,178.4,181.1,188.5,168.9,178.9,155.4,152.0,190.5,180.3,168.0,181.3,180.8,180.6,198.7,194.4,181.6,184.5,175.7,182.0,170.9,176.1,187.8,181.4,184.9,180.2,190.0,188.0,173.9,177.6,178.2,188.5,169.9,177.9,206.6,213.1,176.9,157.2,191.7,170.7,148.9,171.0,209.5,187.4,194.1,196.7,185.5,185.5,180.5,211.3,184.2,173.8,190.5,175.4,195.1,206.8,187.1,173.9,199.3,187.5,188.2,226.1,187.7,198.2,206.5,195.1,201.6,222.2,184.7,189.2,179.7,176.2,190.7,203.5,203.2,185.9,202.8,200.6,197.4,213.2
1,alcohol_ether,81.0,66.3,86.1,79.3,78.2,97.5,71.5,73.0,77.3,75.3,79.7,84.3,66.1,86.1,106.9,80.3,93.5,86.3,82.0,63.2,79.7,92.7,84.1,81.1,82.4,90.6,103.1,80.9,80.2,90.2,80.5,82.4,105.5,90.5,90.1,92.4,87.6,89.4,81.1,100.8,76.1,85.8,90.9,87.9,86.0,102.4,100.5,76.3,84.1,99.2,79.5,102.5,84.5,96.2,107.4,93.5,102.7,89.6,98.2,104.5,80.0,94.1,92.7,96.5,95.5,128.9,105.1,96.4,125.6,116.3,142.8,160.5,152.2,213.4,187.1,187.2,212.6,247.4,233.3,301.9,351.8,367.9,411.8,441.1,459.6,529.9,592.3,572.6,648.9,672.7,754.7,814.0,775.2,843.5,797.3,875.5,943.7,897.1,941.9,986.5,1041.9,1014.4,1092.2,1154.4,1139.9,1252.5,1277.2,1381.9,1469.4,1573.0,1750.4,1846.7,1933.5,2098.9,2205.1,2281.3,2505.2,2558.6,2753.2,2942.9,2976.0,3105.4,3065.8,3300.4,3163.0,3299.8,3299.9,3136.2,3062.1,3108.5,2958.0,2950.3,2879.6,2690.6,2536.8,2391.1,2139.9,2182.9,1975.9,1766.9,1659.8,1533.5,1403.6,1209.5,1107.0,1114.3,986.1,898.8,789.4,736.3,641.9,623.2,542.2,522.5,471.9,434.7,418.8,408.7,378.0,327.1,342.9,318.2,349.6,316.5,279.4,280.9,240.0,242.2,260.7,243.3,215.1,207.6,205.9,179.9,195.1,164.4,155.0,163.9,145.7,132.6,128.2,117.5,150.6,128.2,120.3,138.8,113.0,128.8,105.3,116.1,121.5,134.1,138.3,101.5,120.6,110.8,126.5,128.6,98.7,100.9,108.2,122.8,92.9,124.0,124.4,122.8,114.1,112.8,119.6,116.7,114.1,136.2,117.7,113.1,113.6,130.3,113.7,132.9,137.5,134.6,121.0,142.8,138.4,117.3,125.0,135.1,125.9,127.3,132.1,117.9,137.9,122.7,117.6,124.5,119.4,120.1,128.1,121.7,121.1,120.9,107.9,146.1,121.8,118.1,127.3,135.3,132.6,125.2,137.9,125.5,141.2,117.6,126.4,130.7,122.7,129.3,119.1,125.9,127.8,119.5,120.3,120.8,140.1,137.1,116.7,165.3,139.2,138.9,133.3,126.7,137.0,139.1,124.2,141.3,117.1,131.9,119.0,130.3,139.5,140.4,148.8,144.6,142.7,110.8,151.3,146.3,145.4,131.5,149.7,143.5,142.2,130.9,130.1,124.5,158.0,138.4,148.7,146.0,153.3,121.4,105.7
1,alcohol_ether,81.8,78.3,80.6,69.3,75.3,72.0,76.3,88.6,77.1,71.7,80.0,75.1,81.2,82.8,72.6,73.9,77.8,70.3,75.3,81.0,77.6,83.9,67.3,88.2,67.0,89.6,79.3,77.2,91.7,67.4,92.9,67.9,78.4,80.6,73.6,81.5,76.9,92.2,95.3,75.4,67.1,82.3,87.2,77.8,94.2,72.4,92.7,83.8,89.9,75.9,84.1,83.0,80.7,77.9,90.3,90.2,80.5,85.0,103.1,91.6,86.9,93.7,88.8,93.9,97.2,90.9,113.9,115.0,129.0,139.5,174.7,180.5,198.2,246.0,294.2,319.4,373.8,430.4,492.9,587.0,623.3,768.1,867.8,1000.7,1018.2,1224.0,1312.9,1395.8,1533.0,1539.3,1695.4,1775.7,1781.7,1901.3,1880.2,1894.0,1947.2,1895.1,1863.5,1911.2,1788.0,1764.6,1751.2,1706.8,1653.1,1582.4,1517.0,1521.2,1568.9,1472.7,1550.2,1622.0,1546.0,1603.8,1778.3,1749.2,1833.7,1926.7,2047.8,2100.8,2131.2,2203.7,2236.8,2293.2,2238.0,2325.1,2273.2,2209.6,2137.5,2075.3,2018.4,1851.7,1869.9,1745.5,1624.7,1511.6,1430.0,1335.5,1153.4,1052.5,941.3,869.5,759.9,674.1,629.2,528.5,486.9,393.4,344.8,313.8,305.3,233.2,255.8,231.7,175.3,177.8,140.3,172.0,146.7,166.7,139.3,150.5,141.1,144.4,139.0,146.1,124.9,115.2,122.0,119.8,124.7,110.0,124.7,115.2,127.6,134.7,131.4,134.4,132.3,123.2,105.2,123.1,102.5,104.2,110.5,108.3,113.0,120.1,113.9,98.0,110.6,121.4,114.0,111.4,118.8,108.3,123.2,110.8,107.1,110.4,118.3,115.9,91.7,101.8,105.5,109.4,113.3,102.9,105.5,95.0,123.2,116.3,100.0,97.6,115.4,120.3,114.6,104.5,108.6,112.7,113.1,98.8,105.1,104.8,117.1,117.5,106.9,110.9,124.9,116.1,135.1,124.2,117.7,115.8,109.5,107.7,121.8,111.0,107.4,108.1,125.9,106.1,110.9,115.7,105.7,105.3,124.0,124.2,122.2,123.2,117.1,114.1,129.0,119.0,115.3,109.5,114.6,118.7,114.9,111.2,131.4,142.9,146.0,102.2,113.4,135.7,125.7,121.3,123.8,126.0,118.9,111.7,118.1,128.5,124.7,117.3,113.0,131.7,125.3,111.7,116.2,120.7,114.1,152.1,128.7,126.2,146.7,141.2,117.2,135.4,124.4,137.3,141.4,121.6,130.4,126.8,123.3,136.8,120.1,112.9,125.7
1,alcohol_ether,113.0,103.9,117.4,132.6,97.1,109.6,111.0,113.5,100.4,104.6,91.1,120.0,108.4,104.9,117.8,106.2,110.8,101.7,91.2,106.0,105.4,88.4,112.7,107.1,111.7,113.3,98.5,119.3,105.3,130.8,119.3,114.2,116.1,128.3,132.3,104.6,115.0,114.6,121.2,99.4,112.3,121.1,121.4,129.4,99.2,121.1,117.8,111.7,111.7,99.2,135.0,129.6,117.4,120.4,127.8,97.1,114.4,124.1,101.0,117.9,121.6,119.2,121.3,126.2,125.6,107.4,123.8,150.7,130.7,137.6,132.6,136.6,129.8,162.7,164.2,197.6,190.7,202.4,239.0,269.2,332.4,360.8,385.3,399.7,467.5,557.0,606.6,637.4,727.6,769.3,828.3,868.2,963.6,990.4,1027.7,1047.1,1121.0,1048.4,1092.4,1050.9,1048.1,1034.8,1058.4,1043.9,913.8,886.7,907.6,920.6,900.4,882.5,847.0,849.8,835.4,909.4,951.8,991.5,1001.4,1010.8,1097.5,1168.4,1209.1,1258.4,1296.6,1352.6,1338.0,1360.9,1388.1,1439.2,1394.7,1366.5,1367.9,1305.8,1245.8,1266.3,1188.7,1172.2,1042.7,1018.2,966.7,897.5,825.6,732.0,689.6,639.6,575.5,568.7,502.5,470.1,430.8,397.3,420.7,386.7,380.3,441.1,400.5,431.9,436.5,464.8,524.3,505.7,602.1,663.2,676.9,772.5,808.0,850.3,981.4,1051.1,1150.0,1292.5,1270.9,1456.0,1408.9,1484.4,1620.1,1628.9,1717.3,1867.8,1781.7,1877.2,1818.2,1957.0,1833.7,1849.2,1783.9,1838.7,1798.6,1725.6,1562.3,1542.9,1437.7,1412.3,1306.7,1222.6,1122.3,1074.0,935.2,950.2,838.2,739.3,679.7,608.6,568.9,465.4,452.3,420.5,334.8,326.3,320.9,264.7,301.1,232.5,211.1,207.6,203.7,176.8,205.3,194.3,182.2,170.7,154.8,184.9,160.1,177.1,172.1,177.8,184.5,161.3,191.8,156.4,167.0,195.7,172.6,172.8,139.3,150.3,138.8,159.4,139.1,175.6,140.9,166.4,156.9,170.4,158.7,171.3,167.2,142.2,167.0,186.0,202.1,177.1,180.2,153.1,185.1,139.0,159.9,161.8,166.8,150.1,185.3,172.1,180.1,169.1,190.6,164.8,161.1,152.8,183.9,178.1,184.8,170.6,182.3,182.9,180.7,190.8,191.5,200.4,181.2,157.8,167.1,179.0,169.5,173.7,194.7,190.3,173.9,178.8,197.2,165.7,175.8,179.3,176.2,160.9,166.9,184.3,172.5,167.9,152.0,181.1,169.1
2,carbonyl,62.8,64.1,58.1,53.2,66.8,71.8,56.0,46.5,72.1,59.8,64.9,59.2,65.3,65.6,73.2,64.1,49.5,80.6,59.4,85.6,68.4,76.1,62.0,67.4,73.2,72.9,71.9,75.6,71.0,67.3,91.3,85.8,59.1,73.7,76.8,77.9,96.7,73.9,71.4,52.1,70.5,80.2,75.2,71.6,67.0,70.1,70.9,80.1,73.0,76.4,73.1,80.4,74.2,81.4,75.3,77.0,69.5,76.6,79.7,95.4,89.4,80.4,83.4,83.8,81.6,74.9,94.5,84.5,91.2,106.4,103.7,95.5,121.9,138.6,144.8,196.7,180.9,202.5,190.8,242.8,234.2,272.9,320.3,326.2,379.9,407.9,419.1,486.2,540.7,524.3,590.0,612.5,618.5,722.5,659.6,695.5,744.9,743.5,746.4,682.3,657.7,631.6,623.4,626.9,576.7,527.1,479.2,458.7,413.6,365.1,361.3,368.3,281.2,308.0,281.0,278.1,246.0,231.8,238.0,196.9,215.8,224.4,231.3,243.4,266.8,290.8,295.3,326.7,396.5,423.4,478.2,562.6,588.7,636.4,756.0,826.0,918.3,1004.5,1178.3,1241.6,1360.8,1459.2,1741.6,1808.2,1980.4,2092.8,2288.4,2363.5,2504.6,2624.6,2733.1,2868.9,3079.8,3025.3,3044.1,3180.7,3317.3,3157.6,3074.5,2974.3,3039.8,3008.2,2868.9,2773.8,2689.3,2629.4,2581.5,2358.7,2185.3,2158.4,2011.7,1818.7,1675.8,1584.0,1446.3,1366.2,1249.9,1141.0,1055.5,977.9,921.3,837.9,768.9,762.3,731.2,620.9,567.3,539.9,507.5,418.7,435.3,411.9,375.1,362.2,314.8,296.7,309.3,275.0,249.0,230.7,204.5,204.5,215.2,197.6,173.5,160.5,164.2,144.6,141.7,140.8,142.3,130.3,123.7,125.1,147.6,122.6,129.6,130.3,102.9,126.3,115.5,120.4,108.9,128.2,115.6,95.4,102.5,135.5,132.4,115.9,110.6,116.0,114.2,123.8,122.1,122.8,121.9,118.1,121.9,116.8,130.7,123.1,130.2,123.5,127.4,124.7,119.5,97.4,104.3,132.8,128.8,134.2,108.3,141.1,150.7,134.1,117.6,134.3,132.1,132.0,119.4,131.7,130.8,123.2,118.0,128.5,129.7,109.0,134.1,120.6,147.6,124.0,132.4,134.0,134.0,128.2,133.5,123.5,122.4,125.2,114.4,137.0,129.4,130.3,148.2,116.1,124.5,144.3,140.4,113.3,119.1,138.3,136.3,144.1,125.8,126.8,144.0,146.1,134.3,139.3,133.6
3,carboxyl_ester,85.9,95.2,94.6,84.2,96.6,59.0,89.0,72.3,82.8,83.7,80.8,80.2,83.6,102.5,89.4,81.0,80.4,83.6,73.1,81.4,73.8,97.6,87.8,81.8,89.5,96.6,86.2,74.9,100.5,85.6,87.7,105.7,92.2,85.3,89.3,100.1,84.7,95.9,102.1,87.0,81.3,91.0,96.1,102.5,78.8,79.3,99.0,99.1,91.0,86.8,92.8,127.0,77.6,97.3,93.4,102.1,112.8,107.6,91.3,99.2,98.0,104.0,130.9,108.9,142.0,148.6,184.6,190.8,177.4,220.9,264.7,265.5,344.1,395.4,475.6,538.6,630.2,706.0,811.2,889.4,1001.7,1136.8,1247.3,1351.3,1503.9,1647.0,1760.5,1916.2,2041.2,2016.8,2183.2,2295.5,2312.0,2305.0,2436.5,2460.6,2478.8,2517.2,2319.6,2255.0,2232.2,2171.6,2077.5,1926.2,1847.9,1680.8,1596.5,1493.7,1371.1,1234.6,1083.6,995.7,879.6,819.7,674.2,625.5,574.8,453.2,451.3,341.5,304.5,311.6,305.5,225.5,218.5,229.0,192.8,209.2,193.5,178.6,170.8,156.1,147.5,180.9,149.0,150.9,172.0,171.0,151.1,193.5,186.1,191.6,212.7,220.2,246.8,225.2,238.7,258.4,305.2,298.4,354.9,364.0,368.6,453.3,441.6,491.9,547.3,579.0,684.4,656.1,771.3,757.5,857.6,894.6,1027.7,1057.9,1178.1,1216.7,1317.7,1357.7,1432.3,1452.8,1469.6,1563.4,1603.9,1526.4,1590.9,1639.6,1687.3,1665.4,1736.5,1642.9,1685.0,1634.8,1625.6,1569.0,1534.7,1466.3,1422.7,1264.4,1337.6,1239.8,1108.0,1092.7,1006.4,902.7,900.7,818.6,775.3,740.9,643.2,607.1,548.3,485.0,445.9,405.3,357.9,323.0,307.8,268.7,269.6,237.6,185.1,185.2,180.3,187.4,159.6,133.4,171.3,144.8,149.9,122.4,109.2,114.9,125.7,128.7,129.9,132.0,115.9,101.8,128.7,105.3,122.4,112.0,103.0,123.9,120.4,134.3,98.3,93.2,107.6,126.7,109.0,108.5,123.7,123.3,134.4,121.5,119.3,121.0,134.5,115.0,118.8,109.9,127.7,116.6,127.1,111.6,120.0,118.8,120.0,121.8,109.5,139.1,114.5,125.8,122.5,118.9,123.3,143.1,103.3,112.8,114.8,126.3,139.3,120.2,133.7,115.9,113.6,109.6,144.2,135.8,133.4,141.9,110.1,122.7,133.0,126.4,140.3,127.5,113.7,119.1,131.0,111.9,112.5,126.7,140.3,106.0,143.1,125.6,124.0
0,hydrocarbon,77.4,89.7,92.5,79.9,80.9,73.0,74.2,72.6,81.5,79.5,73.3,84.1,84.8,94.5,81.5,97.3,91.4,79.3,92.9,91.1,87.0,103.6,92.4,89.5,80.6,90.3,105.0,100.8,86.2,74.4,84.0,81.8,77.7,77.6,86.0,96.9,103.8,89.1,97.4,77.0,96.2,83.2,105.9,81.8,95.0,106.2,87.7,104.2,113.7,108.6,103.0,95.2,85.7,88.9,101.9,99.6,99.7,101.7,118.4,99.1,92.4,106.5,104.8,105.5,115.4,139.0,136.0,146.6,145.3,190.4,198.1,239.4,257.7,289.1,317.8,360.4,445.5,507.4,602.9,657.8,822.1,942.6,1044.2,1181.5,1282.0,1408.6,1614.9,1714.2,1972.9,2043.5,2204.7,2344.4,2500.9,2530.7,2658.7,2678.1,2774.1,2893.2,2808.0,2894.8,2801.8,2811.6,2673.4,2676.3,2559.4,2519.1,2294.2,2160.0,2041.7,1961.0,1818.7,1769.3,1684.6,1587.2,1567.3,1559.4,1555.0,1445.3,1497.0,1428.7,1460.6,1457.7,1403.1,1450.2,1499.9,1418.3,1488.3,1419.8,1490.9,1451.2,1417.2,1353.8,1361.9,1302.0,1243.0,1267.7,1157.0,1125.9,987.4,955.6,886.9,836.2,779.5,691.4,610.4,590.5,535.2,474.9,426.9,354.5,357.1,335.6,304.9,292.9,244.1,210.6,246.7,196.9,171.0,183.3,199.3,172.2,151.5,149.5,157.6,173.3,155.0,140.6,156.8,124.9,130.9,174.4,175.3,149.7,137.6,163.3,144.6,159.1,150.9,149.4,134.7,138.0,166.1,134.1,138.0,141.6,144.4,146.3,150.1,150.1,145.7,129.0,149.3,175.1,133.2,150.7,122.8,147.5,163.4,162.4,161.0,152.1,146.0,175.8,158.3,154.0,171.7,194.0,146.1,152.2,135.0,154.4,152.2,158.6,143.7,171.0,155.0,135.2,151.8,163.9,150.8,151.9,180.4,150.2,171.7,182.2,160.0,135.3,143.7,150.7,180.1,167.7,160.8,161.7,158.4,156.9,163.7,193.5,156.3,148.1,171.6,181.6,170.5,159.6,173.6,172.0,167.0,166.5,167.8,175.8,187.8,152.7,169.2,176.1,179.1,169.7,173.4,146.0,157.2,166.5,162.6,181.9,166.3,151.4,160.8,168.7,173.6,168.2,181.1,193.0,188.6,177.8,164.7,158.8,186.4,190.3,174.5,164.2,177.9,164.3,208.4,154.9,190.5,171.1,191.0,168.7,180.6,178.7,205.0,197.4,213.5,168.1,183.9,180.0,192.0,188.7,197.8,168.7,209.3,191.5,196.8
0,hydrocarbon,48.2,73.1,53.6,51.3,71.4,57.9,67.6,65.1,56.9,76.1,51.9,63.5,69.4,71.1,59.5,56.4,56.8,57.6,67.5,62.8,54.6,43.1,69.4,63.2,73.9,75.8,66.3,56.5,61.2,72.6,60.1,68.1,59.7,68.4,63.8,76.0,61.3,63.9,74.1,60.3,83.8,80.9,60.3,68.5,80.4,69.9,75.2,63.5,72.7,72.1,70.5,72.9,83.0,67.8,78.4,77.5,95.3,74.9,83.0,84.3,82.4,85.8,93.3,93.8,90.3,99.2,106.5,139.1,134.9,158.0,191.6,199.3,250.9,265.9,372.7,456.1,511.9,593.6,711.4,876.8,986.8,1170.4,1338.8,1480.9,1757.9,2002.5,2195.8,2324.2,2530.5,2821.5,3028.5,3147.6,3284.9,3496.4,3535.8,3657.7,3733.1,3619.0,3679.7,3490.6,3608.7,3399.4,3284.2,2989.9,2844.1,2705.7,2429.9,2258.0,2026.8,1874.0,1652.9,1509.5,1385.8,1241.5,1075.8,1044.2,832.3,808.9,764.4,738.3,673.7,677.3,658.8,628.6,604.0,555.5,559.4,491.0,484.7,531.6,502.2,437.2,432.0,463.9,419.6,426.1,366.2,360.9,341.0,331.8,279.3,281.3,252.1,252.5,244.3,209.6,209.8,170.4,156.0,149.5,142.7,147.2,116.6,143.3,109.4,122.3,117.3,121.6,119.7,110.4,80.6,106.4,97.4,125.5,110.1,100.0,111.5,110.9,99.2,101.5,125.0,113.3,128.1,98.2,95.7,98.3,106.6,112.5,114.2,112.3,105.5,99.9,134.7,90.5,103.5,104.9,114.5,99.6,119.2,132.1,102.2,125.3,111.6,107.8,95.5,103.8,117.9,112.2,123.4,129.7,129.4,109.6,96.6,102.0,118.5,116.0,129.3,115.6,109.6,135.8,109.9,121.1,136.5,118.5,121.4,106.3,120.1,134.7,135.7,135.1,121.9,134.9,130.6,110.8,127.0,127.1,124.2,105.0,116.9,120.9,122.1,122.2,116.6,110.6,143.2,94.4,117.0,127.7,133.2,134.8,115.6,134.7,129.9,115.3,116.4,143.9,127.8,123.7,135.4,126.7,129.7,138.4,145.3,117.5,140.5,109.7,138.9,124.0,126.2,142.7,119.9,134.5,141.2,123.2,139.3,153.8,130.1,104.2,130.6,147.0,138.5,128.0,132.0,127.8,123.3,129.6,143.8,124.0,149.8,142.9,138.9,129.6,165.7,124.4,127.5,144.0,137.2,138.8,144.8,135.3,125.6,149.8,138.7,138.2,133.4,163.2,117.7,123.0,133.9,137.0,140.9
2,carbonyl,75.3,89.7,54.5,85.3,80.0,62.0,82.1,62.0,71.8,66.7,81.5,90.2,83.1,65.3,84.5,73.0,67.9,86.0,84.5,78.0,67.1,79.5,81.4,73.9,83.5,83.6,90.9,85.4,84.7,78.0,82.5,89.8,66.4,73.2,90.0,84.7,100.7,63.4,85.0,87.3,81.0,77.0,91.2,85.6,71.3,76.2,85.5,82.8,76.6,98.4,80.8,88.3,87.6,97.5,70.3,79.8,72.2,82.4,82.6,83.0,106.3,86.9,97.4,109.8,102.0,108.9,134.8,109.1,151.2,154.6,160.4,199.2,210.2,245.2,286.2,306.9,382.4,439.4,548.8,609.7,661.7,760.7,861.4,947.3,1084.0,1134.2,1368.4,1398.2,1538.1,1620.5,1750.8,1843.2,1877.6,1955.3,2000.3,2023.7,1998.1,1968.7,2008.1,2021.6,1947.5,1846.2,1762.2,1662.4,1588.4,1496.0,1393.0,1257.3,1136.5,1000.0,931.4,836.9,698.7,649.9,547.4,471.8,430.1,367.7,325.4,315.4,270.6,274.9,240.5,257.4,243.8,245.6,229.7,273.2,277.7,313.6,325.9,330.1,389.4,425.7,447.1,531.5,570.3,628.4,742.6,761.2,857.5,883.5,980.7,1038.2,1192.6,1198.2,1264.3,1422.2,1423.4,1525.1,1629.3,1694.3,1621.3,1752.8,1745.3,1817.7,1769.9,1801.5,1801.8,1729.5,1762.1,1734.1,1735.2,1669.8,1620.4,1547.8,1429.9,1444.2,1404.6,1370.3,1219.7,1228.3,1220.9,1117.2,1037.4,956.1,959.6,898.8,886.8,770.9,776.2,709.0,714.0,705.7,641.6,608.1,582.1,481.4,519.9,456.2,423.8,441.7,408.5,372.2,344.2,295.2,296.3,292.3,272.1,240.8,219.5,209.3,171.3,164.7,167.9,160.2,170.1,146.0,158.2,135.4,132.3,125.8,132.3,134.0,125.6,113.9,128.0,99.4,101.3,107.8,98.0,123.3,102.1,101.7,100.0,115.1,96.8,100.2,118.3,95.3,98.5,114.2,122.2,110.2,96.3,105.8,121.8,109.1,131.1,90.7,102.4,123.2,102.4,98.0,120.6,120.8,115.7,102.2,112.9,102.6,99.1,131.3,121.0,112.8,99.2,127.3,106.5,119.2,117.3,110.8,127.6,93.0,124.2,110.3,129.3,106.4,115.9,112.8,126.6,106.4,105.5,108.4,99.7,103.5,120.8,122.7,130.6,102.5,118.8,102.2,113.5,114.8,116.9,104.0,121.3,122.9,118.3,135.2,101.9,109.4,119.2,115.2,136.8,104.2,113.5,149.8,124.4,112.8,113.6,116.7,104.1
1,alcohol_ether,92.6,107.1,87.0,121.2,82.4,83.2,115.1,106.3,68.1,100.9,87.7,84.4,101.4,102.6,96.3,116.8,99.6,97.9,95.9,101.3,92.7,107.1,104.4,92.0,93.8,110.9,91.4,93.0,104.4,98.9,117.8,100.1,124.6,91.3,85.3,115.5,111.8,128.5,92.2,98.7,105.3,98.3,108.4,106.1,95.2,114.4,111.0,111.6,92.1,112.0,110.7,104.3,109.7,99.0,100.4,118.9,113.3,99.3,109.4,125.0,134.4,123.5,121.4,127.6,123.8,140.4,149.4,162.7,186.9,210.0,240.4,279.1,308.5,359.4,396.2,487.5,521.7,686.3,752.3,886.9,985.0,1214.4,1339.9,1506.6,1668.5,1902.2,2038.7,2263.8,2544.9,2753.3,2791.6,2970.3,3056.6,3330.6,3561.3,3485.9,3578.2,3571.1,3576.9,3609.2,3479.2,3464.2,3450.3,3232.8,3060.0,2832.5,2674.4,2413.4,2400.7,2098.4,1898.7,1863.0,1688.2,1435.0,1319.9,1262.0,1103.2,1071.8,896.6,769.9,735.1,710.7,665.5,643.4,580.7,567.6,598.1,544.0,494.3,499.2,477.2,458.6,465.1,441.5,494.8,453.5,460.4,421.6,397.3,381.5,414.9,360.4,400.9,353.9,330.4,388.8,350.5,333.6,360.4,334.0,305.6,340.0,347.6,329.1,328.7,308.1,349.3,370.3,335.2,337.9,343.9,378.4,331.5,298.4,287.6,338.6,317.1,312.7,299.9,269.1,285.5,269.2,251.2,261.3,272.4,227.2,220.2,221.7,251.5,203.0,216.9,203.6,208.6,200.0,217.7,191.2,185.0,199.3,170.3,171.0,197.4,194.4,157.8,147.0,172.0,184.2,159.0,142.3,182.5,163.8,161.6,170.6,137.2,155.7,130.9,151.7,144.6,160.0,125.7,156.9,140.1,142.0,137.6,144.8,124.5,141.3,145.4,142.1,145.4,138.8,135.7,139.4,129.2,152.5,134.2,139.9,154.9,156.0,126.6,155.2,161.9,121.6,126.4,139.1,146.3,162.9,136.3,139.1,134.0,171.8,150.9,153.8,123.3,137.9,160.7,150.1,137.0,166.2,128.2,142.3,158.5,126.4,161.1,146.2,134.5,144.0,161.1,125.0,167.1,150.1,139.2,177.0,162.9,165.6,148.7,150.9,158.4,143.5,150.6,148.9,124.8,156.7,162.5,145.8,163.7,160.2,160.4,147.1,138.0,147.3,167.7,163.1,149.8,146.4,145.2,175.4,147.3,145.9,184.4,149.6,146.3,161.5,159.1,144.7,146.4,165.1,163.4,150.9,154.4,152.5,169.9
1,alcohol_ether,89.5,99.7,95.7,90.9,97.6,91.0,101.9,95.5,113.4,66.8,87.9,108.2,102.0,98.5,110.6,103.1,83.5,115.8,101.8,99.4,95.6,96.0,109.3,101.4,90.9,115.2,116.7,125.7,99.7,117.5,115.4,84.9,103.3,116.5,111.1,106.0,93.5,103.1,128.1,111.5,107.8,100.4,105.9,106.1,92.1,97.0,109.3,101.8,101.5,106.3,94.3,96.6,105.9,100.0,115.3,100.0,111.5,105.3,110.3,108.9,110.8,130.8,128.7,150.2,152.9,160.6,166.5,171.1,202.4,234.9,248.9,280.4,317.8,366.5,391.1,400.6,550.2,597.0,629.5,695.6,812.8,869.8,1016.5,1197.1,1238.2,1304.8,1358.9,1458.6,1651.7,1642.4,1728.0,1860.4,1807.3,1846.6,1861.1,1849.4,1840.6,1751.1,1791.4,1666.8,1571.5,1565.6,1552.2,1425.1,1283.2,1177.3,1129.2,1090.7,998.3,913.8,851.8,832.0,859.5,812.3,760.5,822.2,755.7,737.4,748.5,733.4,780.6,789.3,790.7,799.6,776.1,860.2,870.0,886.6,885.6,857.8,897.3,814.9,926.3,915.9,930.5,999.1,1011.9,1052.3,1069.1,1123.8,1066.8,1226.0,1289.6,1231.2,1381.2,1423.1,1427.3,1414.3,1544.6,1480.6,1592.2,1628.6,1636.7,1658.4,1657.4,1703.1,1655.8,1595.5,1595.4,1541.1,1508.4,1454.5,1391.3,1365.0,1332.0,1245.8,1208.2,1093.7,1103.3,987.3,966.8,878.0,811.5,811.9,763.5,741.6,676.9,690.0,599.7,581.9,494.9,558.9,456.8,455.1,429.6,417.0,404.2,366.3,341.1,341.3,333.6,285.6,299.7,251.3,277.4,283.6,221.3,233.7,239.6,210.0,190.2,184.8,206.4,183.5,197.7,207.0,168.7,194.5,169.8,159.0,164.7,173.7,138.7,137.7,160.1,167.0,149.1,155.7,158.0,177.2,169.7,164.8,137.7,175.8,153.7,144.7,157.5,159.1,161.3,156.3,159.0,153.7,190.8,159.7,171.8,176.4,160.0,158.4,158.8,162.8,173.6,197.5,172.1,148.8,173.0,156.8,152.0,195.2,160.5,182.2,188.7,175.0,155.6,155.7,158.6,185.9,163.3,175.1,164.8,163.7,184.3,184.4,175.2,165.3,167.0,176.3,158.3,188.0,161.5,173.5,181.6,178.2,172.4,174.9,185.6,192.3,156.0,178.6,181.4,160.3,153.3,167.2,174.8,187.5,171.4,164.2,180.6,162.9,179.2,170.7,183.9,149.0,159.5,185.0,191.6,149.4,186.5,197.5,157.9,195.0,195.9
0,hydrocarbon,41.7,39.1,53.9,51.8,59.0,53.9,40.2,54.7,53.0,61.6,71.5,59.7,45.5,52.4,47.7,56.9,64.0,62.2,47.8,49.3,48.8,49.3,56.9,47.9,52.1,47.7,56.0,43.1,50.2,49.6,58.4,48.3,64.6,63.4,64.3,64.5,68.4,47.8,54.0,63.7,67.9,48.6,59.0,49.2,51.1,60.7,44.2,53.8,56.0,60.2,66.3,62.7,60.2,65.3,61.9,42.2,51.5,60.2,66.1,64.8,57.5,62.5,58.9,57.7,66.3,74.0,74.5,100.9,81.2,120.8,109.5,135.0,175.2,197.3,256.8,270.2,313.3,413.9,443.4,535.1,648.2,757.3,856.1,1013.2,1129.3,1246.2,1426.6,1627.4,1746.4,1984.0,2106.0,2299.8,2441.3,2637.9,2758.2,2853.3,2972.2,3042.4,2973.4,3134.9,3037.7,2963.5,3000.5,2823.7,2718.8,2553.7,2445.5,2267.4,2220.1,2089.3,1907.1,1784.2,1654.8,1543.1,1464.4,1361.8,1320.6,1236.4,1198.0,1109.2,1123.4,1115.7,1031.5,1060.8,1101.0,1071.4,1168.3,1038.0,1111.5,1043.8,1038.2,1074.3,1002.2,1005.9,992.4,967.2,884.4,855.3,743.8,764.4,655.9,636.2,582.0,529.3,459.4,447.6,381.7,424.2,360.3,337.7,305.8,295.1,247.5,258.8,259.0,231.4,224.9,202.3,205.7,183.8,208.4,181.9,172.6,155.0,170.5,154.4,162.2,145.2,144.9,135.6,131.4,158.2,151.9,127.2,134.5,113.4,97.4,110.5,103.8,105.8,100.0,97.4,92.4,111.6,96.1,94.6,94.7,83.5,81.4,86.7,87.9,80.1,99.0,86.9,98.9,74.3,93.0,87.9,75.2,85.6,101.4,71.0,84.6,79.0,100.9,81.4,102.2,68.3,87.6,79.1,86.2,93.8,83.7,74.6,81.7,96.1,94.6,97.8,89.0,87.9,97.9,82.9,96.5,82.3,93.0,89.4,103.7,87.7,93.1,75.8,91.8,89.9,87.2,95.3,96.5,107.8,72.4,86.6,97.8,75.8,74.5,90.5,95.3,92.3,85.8,91.0,87.7,78.6,90.3,81.8,87.4,92.4,83.4,92.5,90.5,105.5,85.8,106.5,85.2,96.7,99.7,81.6,99.6,100.5,104.3,86.9,99.3,90.1,92.2,83.0,90.8,92.5,107.2,91.1,99.5,91.5,103.3,85.3,85.4,103.9,115.0,101.4,84.4,88.6,78.9,116.9,109.6,97.3,87.2,104.7,97.4,90.4,108.2,95.7,99.9,96.7,103.1,94.7,103.8,92.6,92.8
3,carboxyl_ester,97.2,87.5,83.4,85.9,91.7,81.7,93.9,95.1,79.6,86.5,100.2,94.6,101.9,94.7,70.1,93.4,84.4,81.5,97.2,73.5,74.1,77.0,82.9,82.1,79.1,84.2,87.0,86.4,101.8,98.1,93.2,84.9,78.4,98.0,97.0,94.2,85.4,78.1,83.2,92.6,95.3,95.1,96.1,83.2,103.9,87.0,80.0,108.0,85.1,94.2,78.7,86.7,88.1,95.2,87.6,63.6,110.8,98.2,97.0,90.7,99.7,107.5,112.9,128.2,114.9,138.3,141.9,173.6,157.8,160.2,173.4,245.8,256.2,287.7,316.8,364.8,428.4,469.8,534.0,614.0,635.7,695.2,769.7,911.8,936.0,1012.3,1007.7,1088.6,1153.5,1216.8,1278.3,1290.0,1325.6,1308.3,1307.2,1313.4,1318.9,1308.2,1268.8,1203.3,1229.9,1150.1,1148.6,1062.7,1024.4,1015.3,975.3,906.3,850.7,910.5,830.8,862.4,791.3,753.5,834.3,886.1,780.2,786.4,816.4,839.4,873.0,858.9,825.9,896.3,901.0,869.4,939.3,927.3,883.4,917.1,968.8,961.2,993.9,1009.6,1072.4,1030.1,1080.2,1152.0,1185.6,1146.8,1208.7,1296.1,1325.4,1352.4,1357.0,1476.5,1426.0,1537.9,1639.4,1683.8,1606.6,1646.3,1743.1,1724.0,1696.2,1690.1,1782.7,1715.6,1602.5,1646.7,1663.7,1579.1,1646.7,1577.6,1557.4,1463.0,1456.7,1444.8,1440.3,1357.7,1304.4,1321.0,1237.1,1232.0,1129.9,1118.2,1094.2,1079.2,1005.3,1028.1,953.6,920.6,867.0,847.2,838.1,735.1,703.1,661.1,650.9,605.7,572.0,514.3,503.7,462.3,440.8,417.5,377.1,319.0,317.1,317.5,268.5,233.7,231.6,201.3,209.2,200.9,181.2,157.0,145.1,148.7,135.5,143.7,140.6,136.6,141.8,141.0,121.8,114.0,94.9,128.4,113.0,125.3,118.4,109.1,98.8,110.8,99.4,83.0,127.3,122.6,88.1,110.7,91.8,132.9,97.6,120.8,108.1,119.3,122.4,119.7,115.5,115.9,105.9,128.5,114.8,101.3,107.8,124.3,113.0,104.0,111.3,112.9,96.1,114.0,115.9,124.1,132.1,123.4,110.3,97.5,109.2,124.9,114.3,136.0,115.2,115.2,103.8,134.4,131.3,120.1,118.9,108.8,115.4,101.5,139.8,115.5,123.1,113.2,124.8,107.8,105.8,124.7,133.1,104.6,90.2,106.7,120.0,125.7,124.4,107.2,130.2,116.1,127.5,128.9,116.3,108.2,136.5,110.3,131.9,119.4,100.0
3,carboxyl_ester,58.7,91.9,62.7,78.0,90.7,75.8,75.0,91.2,98.7,75.1,97.3,72.5,87.2,90.2,88.3,88.6,102.3,85.9,100.5,80.4,81.9,97.3,87.8,79.3,101.8,93.7,99.1,95.2,82.7,90.0,102.3,91.9,89.1,101.3,99.1,91.3,99.1,88.0,86.1,88.2,92.0,98.9,94.2,106.0,84.5,84.2,83.5,94.3,93.3,106.3,91.6,93.0,92.6,88.3,102.7,80.5,94.5,85.1,97.5,93.0,105.3,94.0,108.3,110.6,94.2,116.4,120.3,97.8,109.6,154.2,145.5,164.2,164.3,193.3,222.3,254.0,294.7,323.0,365.3,427.0,440.8,507.2,586.1,689.3,728.8,799.9,874.0,959.7,1060.4,1127.9,1114.0,1210.7,1276.6,1257.4,1238.9,1239.3,1244.7,1261.1,1242.5,1166.9,1183.7,1056.0,1051.6,951.3,897.1,871.5,767.5,717.6,700.6,666.3,665.2,579.4,573.9,568.0,561.6,639.0,623.1,638.5,593.7,595.0,637.8,642.1,655.4,670.9,639.0,712.6,679.7,718.9,693.4,655.9,637.4,668.4,620.3,652.0,609.0,654.8,656.9,692.8,668.3,639.9,688.5,689.4,701.1,760.6,797.1,735.3,778.8,852.7,933.9,952.0,995.7,1030.8,1071.9,1067.2,1108.4,1122.8,1192.3,1269.7,1281.0,1294.7,1320.3,1330.0,1339.6,1359.7,1436.6,1466.9,1493.2,1493.8,1546.4,1585.9,1614.0,1655.4,1644.9,1716.3,1733.3,1729.8,1695.1,1717.5,1766.8,1682.7,1650.6,1635.1,1653.4,1518.7,1493.8,1507.8,1382.9,1307.4,1275.3,1116.0,1071.2,1023.2,913.7,858.5,737.8,745.8,656.2,586.1,505.9,479.0,448.9,362.2,318.5,325.4,293.9,281.7,235.5,248.2,202.0,217.5,177.4,167.4,186.0,173.5,167.6,151.4,183.0,135.2,144.5,158.7,158.3,169.2,144.5,139.9,147.0,164.8,143.3,172.5,157.4,155.4,161.7,174.8,158.0,158.2,155.3,160.0,165.6,171.1,161.3,179.7,171.8,166.0,186.4,145.2,149.8,157.0,170.7,155.7,154.9,159.7,160.2,172.5,176.2,180.9,167.0,160.0,162.3,147.8,148.5,148.4,159.9,159.2,160.7,195.6,163.0,186.6,169.9,169.4,169.8,167.4,157.0,168.4,166.4,155.5,167.1,172.3,142.4,166.5,156.8,173.7,162.8,186.8,194.8,160.0,151.3,173.3,150.7,183.2,167.1,185.7,174.0,181.3,172.4,171.4,174.6,150.9,172.3,184.6,210.5,168.6,175.6
3,carboxyl_ester,84.2,80.1,67.6,63.9,63.7,81.8,56.1,65.5,71.7,70.5,76.1,62.0,74.8,75.5,69.3,73.0,92.2,86.4,83.2,58.8,91.0,85.4,75.5,89.5,71.6,94.6,67.6,87.8,89.1,79.0,90.6,76.4,85.5,76.0,90.6,86.1,77.3,97.9,66.8,79.9,72.0,66.5,90.7,79.3,85.6,73.8,85.7,81.2,69.4,83.2,88.4,86.0,99.1,80.3,80.9,82.2,94.6,90.8,109.4,84.4,102.9,93.2,112.0,103.1,109.8,111.2,122.0,112.1,154.5,162.8,160.3,192.3,257.5,282.5,316.3,335.2,443.9,542.9,612.8,708.9,818.8,987.2,1121.2,1305.9,1492.2,1604.3,1772.1,1981.8,2214.4,2405.9,2569.0,2677.0,2810.2,3028.2,3165.2,3229.1,3238.7,3360.6,3262.0,3199.9,3195.5,3135.6,3151.4,2890.0,2724.3,2572.7,2276.5,2223.6,2027.5,1879.6,1604.1,1557.4,1353.9,1127.8,964.5,915.1,774.8,739.6,623.1,529.7,484.5,402.9,402.0,369.4,337.5,348.5,310.7,290.9,272.4,257.2,260.0,262.8,270.8,226.9,211.7,255.2,248.2,230.7,260.3,200.7,242.5,225.1,196.9,217.0,225.4,234.8,222.6,210.5,235.4,230.8,228.0,256.4,243.0,262.6,274.4,271.7,295.5,279.1,287.3,295.0,310.1,336.1,331.7,417.9,391.3,401.6,455.7,488.5,517.1,540.8,552.8,548.0,574.2,602.4,579.1,646.1,607.6,668.5,695.5,674.5,670.2,719.0,705.8,670.1,688.8,667.6,610.9,674.4,612.3,535.3,577.7,559.3,562.4,480.6,451.7,461.7,460.2,415.9,369.0,370.5,351.0,322.1,302.3,265.3,227.3,242.6,213.4,198.9,175.5,198.0,156.0,160.0,164.0,170.6,164.6,173.5,136.3,153.0,144.4,114.3,117.8,140.9,133.2,123.3,136.2,124.2,139.7,132.3,136.3,128.3,137.6,155.6,160.8,134.5,143.8,130.4,119.9,123.4,142.5,147.4,145.1,148.7,134.3,132.6,141.0,150.1,153.9,135.7,153.7,157.2,146.5,146.3,140.3,138.6,137.8,153.8,145.5,135.6,157.2,137.5,123.8,115.3,130.8,154.4,129.1,132.3,110.4,144.5,150.0,146.0,154.6,144.2,161.1,118.4,144.6,144.9,145.6,153.4,148.0,169.5,150.4,133.5,136.7,137.3,128.2,182.9,154.8,118.5,140.4,175.0,155.2,153.1,146.9,137.3,165.0,149.4,141.5,136.7,164.5,151.1,139.2
3,carboxyl_ester,32.6,47.7,39.0,52.7,42.2,43.9,41.2,45.6,30.3,44.6,49.2,43.7,35.6,45.3,46.9,51.7,49.2,47.4,49.4,32.8,49.4,34.2,44.1,48.2,53.6,58.3,68.1,49.5,41.5,47.9,54.6,39.2,60.0,52.1,60.7,45.7,51.0,48.9,62.0,66.0,38.1,53.5,54.0,55.3,37.7,60.9,45.0,58.6,54.8,54.6,76.2,56.0,48.9,34.1,61.0,58.6,59.3,64.2,68.2,75.9,66.4,72.4,76.3,96.8,89.4,114.4,112.8,134.7,117.7,128.1,180.9,196.7,194.8,220.6,262.7,347.7,375.2,432.3,466.6,489.2,563.6,621.6,733.0,770.5,812.0,923.9,1024.7,999.6,1107.1,1163.9,1211.4,1229.6,1291.2,1382.1,1318.6,1347.8,1387.0,1325.7,1306.6,1235.7,1238.8,1236.4,1119.5,1139.1,1086.8,994.9,948.1,922.2,831.6,778.4,720.9,677.4,698.1,647.4,649.4,571.8,578.4,516.3,548.2,478.0,556.5,490.4,515.6,504.6,476.2,503.9,476.9,483.9,491.7,523.6,496.6,476.7,524.6,472.9,511.9,472.9,518.1,492.2,454.4,533.6,519.6,539.5,526.2,500.1,545.6,568.7,603.8,594.1,644.1,650.5,729.4,698.0,794.4,828.2,879.5,923.5,987.2,1036.1,1133.2,1187.7,1203.2,1267.7,1461.0,1414.7,1557.4,1594.5,1614.0,1719.7,1803.2,1873.7,1990.1,1992.0,2039.3,2124.5,2186.8,2248.3,2199.9,2182.9,2193.0,2126.0,2173.0,2147.1,2134.0,2051.9,2025.5,1991.8,1864.3,1773.4,1776.8,1670.4,1560.7,1513.0,1357.5,1317.5,1292.4,1082.9,1036.5,924.0,904.9,771.7,712.2,666.4,614.4,587.1,553.2,430.0,404.0,354.7,328.9,294.2,278.6,260.8,223.4,205.5,193.6,194.3,188.3,173.2,159.3,150.1,138.0,125.5,141.8,136.3,151.0,111.6,140.4,134.8,134.4,116.8,117.8,110.2,107.4,134.1,148.6,126.3,127.2,133.8,123.0,113.8,132.1,132.2,121.5,133.3,124.0,132.0,125.5,127.1,146.9,146.1,138.5,135.4,126.0,129.7,132.3,143.3,141.4,125.7,122.7,137.6,163.0,135.7,141.4,134.4,143.5,129.9,141.6,133.8,147.6,151.9,128.1,131.0,158.8,138.3,160.7,141.4,151.4,164.8,144.5,143.8,144.3,137.2,147.7,151.1,146.8,139.4,168.6,147.4,154.7,152.3,148.6,153.5,168.0,144.6,148.7,148.5,174.6,138.7,145.2,162.4,157.6
2,carbonyl,79.6,96.7,77.1,74.4,72.6,79.6,70.9,75.8,79.4,71.3,80.6,78.1,71.3,75.8,69.9,70.7,71.6,99.2,82.2,91.1,100.0,82.5,93.1,82.2,70.3,78.4,81.6,73.7,92.5,75.1,81.2,87.6,104.5,95.1,80.8,87.2,110.5,85.9,88.5,97.8,89.6,97.2,89.9,68.5,92.3,75.1,83.7,90.2,81.5,84.4,90.9,75.7,77.9,82.0,85.7,86.7,104.9,82.3,105.5,106.7,100.9,104.1,89.5,117.5,117.7,114.5,116.9,141.9,173.0,182.4,197.4,202.3,226.7,245.0,323.0,385.4,412.6,479.4,510.3,642.0,737.4,808.7,875.4,1106.8,1173.8,1252.5,1429.9,1502.2,1654.3,1823.8,1867.2,1972.3,2072.6,2068.7,2148.7,2211.2,2150.8,2136.0,2148.9,2071.9,2026.1,1962.3,1864.0,1766.8,1652.1,1613.0,1385.0,1438.2,1292.9,1179.9,1106.5,963.0,859.1,817.2,761.3,710.2,619.7,617.6,609.2,500.6,516.9,515.5,534.5,472.0,516.6,500.6,532.0,564.6,566.2,601.1,634.0,677.9,655.5,668.7,684.0,753.5,770.8,836.4,869.7,957.1,984.5,1025.7,1127.5,1169.2,1248.1,1308.2,1374.4,1434.3,1464.5,1510.8,1606.2,1631.5,1760.2,1755.0,1758.6,1794.8,1805.3,1798.4,1784.9,1689.4,1738.0,1625.1,1549.2,1467.3,1466.7,1406.0,1276.8,1206.3,1077.5,1109.9,961.7,935.1,883.2,779.3,705.3,608.4,584.9,532.6,471.1,459.7,429.9,381.7,319.7,304.9,253.6,247.7,244.1,217.6,183.2,184.9,166.0,175.0,162.8,159.5,181.0,134.4,164.5,150.7,139.5,135.3,142.1,143.5,154.8,146.4,142.4,135.1,132.9,141.7,126.4,144.3,131.7,139.8,161.3,127.3,146.4,142.8,136.9,135.9,107.3,143.2,140.5,140.2,156.8,125.1,133.0,163.5,149.7,126.7,143.7,169.1,139.6,143.2,140.8,152.4,143.6,153.6,169.8,145.3,149.6,146.0,148.4,139.0,130.8,150.4,145.0,145.8,137.7,144.8,153.9,164.3,133.7,154.6,141.1,172.1,142.5,147.7,153.3,142.6,158.8,151.8,160.6,143.6,133.5,165.4,146.2,153.5,145.4,163.4,158.6,148.5,167.8,144.4,153.7,133.2,139.6,173.5,165.1,141.2,143.6,158.4,163.8,176.3,157.3,180.5,136.3,168.5,150.6,164.6,170.0,154.0,167.1,166.9,171.9,151.2,165.0,157.3,168.6,150.5,180.5,153.4,162.7
3,carboxyl_ester,46.3,51.1,52.8,65.7,43.7,52.9,45.2,51.4,57.0,45.3,43.9,50.6,48.4,52.3,46.5,59.6,42.5,39.2,46.8,51.0,52.0,49.5,50.7,53.0,50.5,50.0,50.5,57.5,64.5,54.5,51.7,66.9,58.4,48.2,46.7,64.0,74.0,68.4,60.7,51.0,63.2,67.2,56.0,71.4,66.1,53.6,59.7,66.0,69.6,62.4,57.9,67.0,55.4,59.1,67.9,65.0,54.2,55.7,64.9,68.2,65.8,56.8,71.1,80.1,71.6,78.2,74.4,103.8,96.2,89.6,120.2,120.8,137.3,170.5,205.7,239.0,304.0,318.1,430.4,489.0,615.8,701.9,778.4,970.9,1063.4,1306.6,1476.9,1587.4,1824.3,2013.4,2212.8,2277.7,2355.1,2632.8,2688.4,2835.5,2949.6,2953.3,2898.9,2954.3,2937.5,2839.0,2697.7,2549.2,2334.8,2231.8,2007.0,1845.5,1698.0,1501.1,1365.2,1133.0,1074.6,967.7,800.0,698.6,620.8,547.5,494.8,399.9,398.7,364.9,327.7,351.4,315.4,309.3,300.7,308.7,296.6,300.9,282.4,304.3,254.2,263.3,318.9,272.5,280.1,305.3,332.2,343.5,380.0,408.7,385.7,410.3,484.8,473.1,502.5,550.7,589.3,553.1,601.2,646.8,678.2,715.4,701.9,704.5,787.2,768.1,766.2,777.3,780.2,749.4,836.7,790.3,729.8,773.2,724.9,715.5,698.2,703.9,689.4,680.1,651.2,681.1,589.8,618.9,636.2,630.2,614.3,578.4,527.7,591.7,530.6,566.6,488.6,511.7,495.7,503.8,458.6,446.8,448.9,386.2,371.6,367.2,349.0,304.5,312.9,278.1,263.7,268.8,216.7,230.5,236.3,206.1,177.5,140.5,170.1,158.9,127.6,148.8,141.0,133.6,123.3,121.4,131.1,127.8,147.6,116.0,139.3,133.4,115.1,120.3,119.1,118.3,126.5,103.4,132.2,150.1,121.2,103.5,146.2,109.0,126.1,129.9,128.9,128.1,114.7,126.5,105.6,102.6,143.9,136.1,129.5,116.1,141.5,107.6,129.1,126.7,158.3,126.6,124.3,125.5,135.1,127.3,135.1,136.5,121.9,129.5,128.0,135.0,154.4,136.7,124.3,134.1,120.9,137.8,148.8,134.7,136.3,118.6,134.4,151.3,137.8,132.5,156.2,132.3,148.4,155.7,136.2,135.3,126.5,146.8,155.8,119.0,123.5,153.6,143.4,133.9,139.4,141.0,153.7,146.5,125.5,132.4,142.5,137.0,154.8,147.9,132.4,147.1,137.0
0,hydrocarbon,64.6,96.2,78.6,102.7,90.1,90.4,65.9,74.5,70.7,77.0,85.6,76.4,97.6,69.7,94.6,84.3,73.8,97.4,79.1,80.8,89.7,87.1,93.8,86.5,72.4,96.0,91.3,84.6,94.2,103.2,99.1,107.6,99.3,82.4,91.2,81.0,84.4,73.2,74.2,95.5,101.6,92.3,101.9,90.8,116.2,90.5,93.1,91.8,97.8,81.8,94.2,70.8,77.2,87.3,71.5,84.1,97.6,88.3,107.1,84.9,107.1,89.5,99.5,78.9,95.5,116.8,107.9,112.5,118.2,132.3,166.8,168.7,191.4,228.2,284.5,379.2,422.6,511.2,571.0,743.6,811.6,974.0,1188.4,1294.7,1526.6,1786.2,1999.0,2254.5,2427.8,2709.5,2947.9,3213.7,3367.2,3552.5,3624.1,4002.7,3915.7,3916.3,3963.0,3786.6,3749.4,3592.7,3501.4,3453.3,3034.4,2934.3,2577.4,2359.6,2088.0,1957.5,1746.2,1471.8,1409.1,1154.9,1045.8,873.7,776.7,772.1,573.6,536.5,461.8,442.6,448.1,417.5,375.0,339.4,340.8,351.8,334.8,321.6,274.2,312.8,289.1,278.1,282.6,245.3,268.3,233.1,234.1,233.5,203.9,196.8,203.7,154.8,179.9,172.4,131.8,143.8,136.8,114.1,106.1,123.3,102.8,99.1,118.0,93.1,96.7,97.9,114.3,88.6,98.0,102.0,100.5,112.0,113.8,100.6,103.3,103.3,119.1,106.3,100.1,91.3,100.8,105.7,103.5,111.0,98.4,108.8,81.1,111.2,103.2,101.7,98.3,98.2,114.9,109.7,82.7,93.8,105.8,106.9,115.3,114.4,90.3,125.9,117.6,99.7,105.6,100.3,96.9,111.2,101.8,106.9,104.1,120.8,104.1,116.3,112.8,103.8,99.5,87.3,93.3,115.0,126.6,108.5,122.6,108.0,94.4,136.5,116.7,87.4,103.9,86.3,104.1,97.9,115.7,100.7,110.2,122.8,101.4,123.0,113.2,93.2,113.1,118.8,90.4,134.5,111.6,129.3,112.1,97.3,107.5,102.9,106.1,114.0,104.1,115.9,96.8,123.8,103.1,117.0,118.6,103.6,101.4,101.3,124.9,127.2,111.4,119.3,114.9,125.6,105.4,116.4,92.8,135.4,132.1,100.0,94.6,128.5,135.5,105.7,141.2,102.2,116.0,111.5,113.1,121.2,118.4,103.2,116.5,124.8,111.3,100.3,121.8,121.0,108.7,101.3,119.2,110.1,102.7,112.2,110.1,109.6,132.1,112.9,96.1,116.6,112.4,113.6,102.3,119.1,97.8
1,alcohol_ether,98.7,119.1,92.2,117.5,122.0,115.1,120.3,79.1,148.1,97.6,123.5,121.6,97.9,120.6,124.1,111.1,124.7,120.7,101.0,129.7,134.4,122.2,139.9,124.7,109.5,126.7,123.0,106.7,130.1,124.0,102.1,114.3,130.4,136.4,122.4,123.3,115.9,108.5,136.8,121.3,156.2,144.6,121.3,122.7,137.9,135.7,132.9,139.3,113.1,121.4,140.4,128.5,137.6,137.4,138.7,136.6,133.2,115.1,121.4,132.6,152.5,145.1,137.8,140.9,134.6,149.5,157.5,161.6,184.6,195.1,172.2,203.7,251.8,244.1,276.8,289.3,369.1,376.4,457.3,495.4,550.4,626.2,747.1,810.0,896.4,998.3,1158.2,1269.3,1312.8,1461.3,1550.2,1618.5,1720.7,1754.4,1918.5,1879.9,1994.1,1953.1,2034.8,1954.8,1962.9,1993.2,1873.3,1825.8,1767.1,1702.8,1700.5,1594.4,1542.4,1543.0,1564.3,1449.6,1431.0,1528.5,1462.1,1543.8,1563.7,1627.9,1663.0,1734.8,1747.6,1699.6,1837.2,1883.8,1989.4,1942.2,1994.1,1949.2,2026.7,1865.8,1882.9,1908.6,1765.2,1765.7,1629.3,1653.7,1584.7,1463.5,1360.8,1299.5,1254.0,1179.8,1110.3,1017.8,941.1,926.5,901.4,817.7,812.1,789.1,735.3,763.1,676.6,686.3,693.2,626.4,635.5,643.3,662.1,614.9,577.5,574.6,558.9,516.0,552.3,534.6,516.4,486.7,448.6,426.6,450.5,413.0,386.8,386.8,386.4,330.4,340.2,315.5,315.9,294.9,274.2,276.1,247.5,238.9,264.3,250.3,240.5,241.1,242.9,251.5,241.6,195.0,227.8,203.2,210.2,218.0,212.8,256.6,218.0,199.3,196.2,203.3,199.0,211.4,182.3,219.4,197.5,198.1,208.7,214.4,203.8,192.2,197.0,196.7,194.9,184.2,189.2,198.0,193.8,198.3,199.0,207.0,190.0,209.7,192.7,208.1,211.2,205.1,195.9,205.1,208.4,193.1,206.3,208.7,212.2,193.2,213.3,217.1,196.1,188.7,236.6,194.7,187.1,196.4,195.1,202.1,199.1,219.8,213.6,216.7,206.1,194.9,226.3,202.3,201.9,192.0,190.0,222.0,218.3,196.5,233.0,215.9,235.3,212.4,209.5,224.5,216.5,188.8,215.1,223.8,207.0,271.3,227.8,212.7,229.0,235.9,204.5,216.2,229.8,206.6,224.4,237.7,233.4,191.9,269.7,212.3,218.1,234.1,218.8,241.0,226.0,235.9,208.4,218.1,209.4,226.5,224.9,247.3,230.5,245.7,219.0
2,carbonyl,110.9,114.3,106.9,112.5,110.0,109.0,132.4,86.9,115.4,109.7,136.3,124.9,119.8,133.1,117.8,125.6,130.7,110.5,133.4,128.7,118.8,127.6,115.4,130.7,136.8,102.1,103.7,119.0,143.0,98.7,123.1,134.4,127.1,107.2,115.9,118.0,115.4,133.4,132.5,111.2,120.9,134.2,128.3,153.3,134.7,106.8,117.9,122.5,118.9,143.3,111.4,110.1,126.2,132.2,130.2,118.9,144.1,107.4,115.5,130.7,118.1,137.8,157.2,145.6,140.0,143.2,147.2,173.1,167.6,198.5,192.0,212.4,294.2,324.5,424.6,496.2,568.2,701.7,818.7,959.2,1148.3,1191.8,1423.5,1663.3,1897.7,2131.3,2276.6,2660.5,2697.0,2952.7,3117.6,3213.0,3279.2,3305.0,3464.6,3518.8,3452.5,3342.7,3154.4,3000.9,2914.6,2795.0,2601.6,2304.8,2117.2,1869.3,1635.5,1534.0,1348.7,1176.4,978.4,887.1,792.0,651.4,522.6,514.7,462.1,418.0,396.6,375.2,334.8,324.0,306.0,310.6,320.2,310.3,323.5,298.3,320.7,261.0,295.7,268.1,301.8,303.7,302.4,317.6,307.6,360.9,380.9,378.1,364.2,438.9,414.4,434.3,461.3,473.9,486.1,510.2,518.6,571.7,595.4,573.3,614.7,609.3,604.3,588.9,576.9,589.3,631.0,610.2,614.3,545.9,533.6,506.2,443.7,472.0,445.5,382.7,405.4,419.7,364.5,375.5,343.7,279.9,288.6,272.5,261.7,235.2,235.3,251.0,220.8,227.7,204.9,222.8,223.1,173.0,206.7,193.3,175.9,204.3,182.0,175.8,184.7,190.9,190.2,176.0,180.5,196.9,184.0,160.4,170.9,139.8,165.9,150.9,182.0,159.0,156.4,139.9,160.9,151.0,150.2,145.2,161.9,157.7,171.2,135.7,135.0,144.5,148.6,172.5,174.0,159.3,141.4,148.3,162.0,150.8,137.5,141.8,154.0,154.1,148.2,167.9,143.8,151.2,142.4,151.2,166.3,155.7,153.9,163.6,149.8,163.0,165.9,158.0,148.4,161.4,187.4,144.7,131.0,152.9,158.0,153.6,143.3,170.4,173.9,146.7,170.1,154.9,158.2,174.0,152.1,146.1,146.8,172.6,159.7,166.6,170.5,159.0,160.9,144.5,162.5,166.5,145.5,159.1,140.0,153.9,137.3,146.2,174.4,171.7,167.9,166.2,176.9,171.2,137.5,156.6,167.0,161.0,132.9,156.7,179.3,192.9,164.6,137.7,154.2,164.0,178.8,175.1,179.9,170.5,167.0
3,carboxyl_ester,50.2,52.5,44.3,58.3,62.4,50.6,60.4,61.5,62.1,46.0,60.3,71.4,75.8,62.3,52.5,65.0,62.9,46.0,56.0,52.9,57.2,58.7,56.8,56.0,60.0,64.2,69.6,56.6,64.2,81.1,69.8,63.9,61.8,88.0,70.5,54.5,67.4,67.5,78.3,66.5,61.0,72.6,71.9,48.0,62.4,62.7,64.2,67.2,78.6,53.3,69.7,71.3,60.4,77.3,64.3,67.1,53.4,66.3,72.5,66.0,54.2,80.7,83.1,98.7,92.0,71.0,86.5,107.9,95.0,101.2,129.5,122.5,124.9,190.5,199.6,199.2,273.7,290.9,305.1,362.7,425.5,560.9,546.0,634.2,719.4,796.5,898.8,986.3,1049.8,1156.7,1233.4,1273.0,1263.2,1303.0,1285.5,1383.9,1366.4,1328.6,1368.9,1262.2,1198.8,1193.1,1157.4,1072.0,1024.2,965.7,904.7,847.3,812.1,698.9,680.8,592.9,604.2,657.0,616.4,614.7,617.8,617.3,636.0,653.2,642.1,687.4,683.0,704.9,627.1,686.7,677.1,732.2,694.2,671.5,708.0,634.2,586.3,622.9,570.7,573.6,540.2,513.7,462.6,476.2,455.2,452.2,415.8,432.5,445.3,484.0,422.8,469.5,482.4,498.0,490.8,539.9,535.2,545.8,595.1,636.3,659.5,762.8,754.9,862.1,873.4,942.6,1003.8,1090.5,1211.8,1178.9,1311.8,1380.3,1464.0,1550.2,1602.6,1689.4,1809.9,1880.3,1824.8,1823.6,1890.8,1978.5,2004.4,1888.8,1881.5,1893.8,1917.0,1896.4,1805.5,1716.9,1666.5,1560.4,1521.6,1390.2,1327.0,1236.1,1137.8,1072.6,929.6,842.9,826.5,743.3,601.1,559.1,501.8,475.0,439.4,373.1,319.9,283.9,250.1,253.1,230.5,184.5,216.8,189.9,156.3,155.4,150.9,137.4,119.3,129.7,128.6,127.5,146.1,125.0,121.0,144.7,142.0,132.9,121.6,118.8,128.6,125.1,135.7,125.6,126.0,121.8,138.3,123.9,117.0,127.2,152.2,113.3,132.6,105.0,141.9,122.6,146.6,138.3,120.0,135.7,129.0,119.0,137.0,159.5,113.4,130.0,148.9,128.5,143.6,133.7,124.9,132.8,132.3,134.5,150.2,142.0,143.2,127.9,153.9,146.5,126.7,131.4,135.9,140.9,134.7,136.7,154.4,130.5,149.2,142.0,152.5,142.0,135.7,141.2,160.7,138.5,135.2,160.8,163.8,139.2,165.7,155.9,128.3,135.5,130.4,134.5,159.7,138.6,133.2,160.4,157.6,143.5,154.7
2,carbonyl,71.0,81.4,94.1,92.1,76.8,72.3,89.0,72.2,74.6,59.2,91.9,81.6,84.1,78.7,89.2,80.5,73.2,82.9,74.3,80.1,88.9,85.8,75.2,80.9,68.0,81.4,70.3,62.2,92.1,88.8,78.0,96.2,70.6,104.7,111.4,94.1,85.2,96.9,86.2,93.0,106.9,102.0,87.8,96.7,90.9,80.9,99.4,95.1,105.1,102.3,78.4,90.7,83.7,101.5,95.1,98.3,97.4,78.9,106.7,105.1,93.2,100.5,113.0,107.0,115.5,126.1,135.1,155.4,150.7,153.4,169.7,188.8,219.5,232.1,297.2,303.9,366.0,352.7,456.9,531.7,587.3,597.3,721.0,827.2,875.7,941.6,990.1,1094.0,1188.6,1315.0,1279.3,1324.7,1408.7,1458.6,1530.2,1535.0,1502.6,1590.4,1644.8,1617.4,1500.0,1514.7,1571.3,1550.3,1569.1,1511.0,1522.1,1552.2,1564.4,1602.5,1558.9,1785.8,1737.8,1732.8,1897.1,1979.8,2093.2,2106.0,2111.3,2234.9,2216.4,2276.5,2408.7,2416.2,2512.7,2523.7,2503.5,2419.9,2357.2,2311.6,2276.6,2235.3,2133.1,2179.5,1968.2,1864.1,1739.2,1626.0,1548.8,1448.3,1368.0,1255.2,1121.7,1101.9,987.0,927.3,856.4,830.9,751.7,720.9,679.1,644.5,662.8,580.9,586.0,556.5,522.4,505.9,497.4,492.2,514.8,456.7,446.9,444.9,412.2,412.0,422.2,377.5,387.9,380.2,380.7,392.5,338.1,372.4,358.0,326.5,334.5,311.0,320.0,297.8,269.0,258.8,279.5,254.7,267.4,236.3,251.8,238.2,260.6,237.9,232.5,226.6,193.9,200.6,229.0,205.6,201.4,204.6,177.0,174.7,179.4,191.0,184.7,182.7,176.6,163.9,164.6,177.2,155.0,164.6,160.8,164.8,155.3,167.4,167.0,170.5,138.0,178.3,164.0,175.6,151.1,170.8,164.5,174.6,180.6,161.2,170.3,160.8,150.4,186.7,176.8,153.0,156.8,168.5,170.2,152.3,176.9,158.1,163.1,178.2,173.5,187.4,170.7,160.8,167.0,191.3,142.3,177.2,185.8,182.4,157.3,158.9,176.4,183.5,177.0,188.4,168.5,178.0,153.9,183.6,156.1,174.4,191.5,188.1,180.2,182.6,187.2,155.8,185.7,179.5,183.5,167.3,175.0,212.4,191.0,191.8,185.3,198.3,197.9,158.9,195.4,170.0,189.8,196.3,178.9,153.3,192.8,196.7,214.2,181.8,197.6,196.7,188.3,195.6,225.2,192.3,192.6,216.8,203.8,180.0,160.9
2,carbonyl,56.7,60.5,66.5,79.8,62.5,57.9,64.0,62.6,61.9,62.9,69.7,63.1,68.6,77.4,78.0,77.3,71.9,68.8,60.3,68.7,69.5,73.6,65.2,58.6,59.8,62.4,74.2,73.5,59.3,68.3,72.0,72.3,72.9,89.0,54.9,75.9,74.0,84.9,67.2,62.1,60.3,73.0,61.9,70.4,74.9,90.4,71.4,82.1,76.0,69.9,61.8,97.7,69.6,60.5,85.2,78.5,85.3,76.2,75.3,63.3,83.3,84.9,80.4,90.5,81.5,85.7,88.0,114.2,114.5,129.9,151.7,135.4,163.0,158.4,181.5,225.1,283.4,308.8,313.1,360.4,398.5,453.7,472.8,513.6,604.2,633.0,653.8,822.3,799.5,853.0,972.9,1000.5,1057.5,1063.5,1086.5,1124.6,1204.0,1221.2,1194.3,1245.9,1211.5,1209.2,1232.6,1202.2,1173.8,1213.3,1194.5,1194.9,1197.7,1195.4,1144.8,1241.2,1268.7,1250.7,1343.8,1357.6,1387.6,1466.9,1468.8,1610.0,1586.8,1546.0,1621.8,1709.6,1754.7,1712.0,1762.0,1723.9,1766.6,1729.9,1784.7,1788.4,1679.3,1697.7,1569.6,1621.5,1569.9,1491.8,1505.5,1404.6,1427.5,1406.0,1366.6,1319.1,1291.9,1306.6,1205.4,1266.7,1276.1,1237.2,1188.2,1234.3,1229.2,1130.2,1223.4,1167.2,1212.7,1238.6,1205.8,1219.6,1204.3,1227.9,1173.7,1144.2,1197.0,1158.4,1119.5,1071.3,1102.4,1103.2,1016.2,1000.2,1041.6,996.5,986.3,971.6,969.2,893.7,971.6,893.8,865.5,800.9,745.8,720.0,743.9,739.3,715.7,683.2,636.8,615.4,588.9,545.3,537.3,490.5,508.0,427.6,411.8,380.9,371.2,356.7,317.5,328.8,283.8,284.3,255.1,243.2,212.1,206.5,205.9,176.3,186.5,159.7,151.3,157.4,144.4,136.8,133.4,140.3,126.9,114.4,128.9,119.7,132.2,110.7,102.0,128.6,97.7,115.8,115.9,112.2,105.1,125.1,108.4,102.2,107.5,108.5,94.3,136.6,125.2,110.6,123.7,112.6,115.2,137.1,120.5,126.4,139.5,141.0,111.6,108.1,119.5,127.8,125.2,122.7,116.3,127.9,134.5,123.5,116.6,103.8,132.8,130.7,124.7,134.2,123.6,116.4,118.2,149.8,110.7,114.5,130.1,123.5,123.6,132.1,127.6,123.7,136.9,146.2,124.4,129.7,111.6,128.1,119.9,130.3,140.1,125.8,133.9,141.5,128.2,110.2,115.7,144.0,123.5,133.1,146.7,153.2,122.0,122.5,124.1,112.9,126.5
2,carbonyl,53.9,64.5,53.6,64.5,72.1,85.6,77.6,76.7,79.5,76.3,64.5,74.7,79.7,72.4,79.0,58.6,79.4,73.0,70.5,69.8,80.1,83.0,71.3,84.5,74.0,68.6,92.5,51.6,69.7,82.4,77.9,79.6,76.3,74.8,91.1,75.6,85.0,70.5,71.5,83.4,87.0,98.9,82.9,90.2,81.5,97.1,83.1,85.6,89.3,89.3,93.5,90.2,101.6,77.3,113.3,78.0,82.3,99.8,64.5,94.2,95.9,94.8,80.1,90.5,81.8,91.0,112.9,105.8,122.4,157.5,148.4,164.4,177.6,219.0,282.2,308.0,382.9,459.8,552.8,592.9,692.4,852.2,989.2,1127.3,1281.5,1429.1,1593.0,1720.2,1978.0,2071.6,2272.7,2407.1,2511.9,2804.2,2706.9,2786.3,2798.3,2956.8,2741.1,2784.5,2691.4,2618.6,2603.9,2449.5,2202.8,2051.6,1869.3,1720.1,1529.5,1352.1,1207.5,1150.9,911.0,795.9,708.6,631.9,523.8,445.2,399.8,279.7,278.6,283.2,255.7,228.3,209.8,194.1,203.6,201.3,196.9,224.6,227.6,231.6,273.2,302.1,352.8,360.6,387.2,419.5,443.7,499.4,543.9,620.2,675.7,737.4,758.1,853.6,908.4,947.8,1010.8,1069.3,1199.5,1260.1,1231.4,1259.1,1293.8,1308.5,1386.1,1437.7,1367.4,1259.3,1237.0,1233.9,1229.5,1166.8,1134.4,1074.8,1064.2,975.3,920.2,844.1,751.6,684.9,654.8,580.9,570.7,476.5,430.9,392.6,377.9,312.6,324.1,296.6,248.1,221.3,230.3,190.0,183.7,173.4,139.1,163.3,167.3,147.3,155.2,146.4,122.2,140.3,136.8,136.3,130.3,136.9,131.7,110.4,137.5,131.9,143.5,132.8,142.2,122.0,154.8,115.5,154.0,124.4,140.4,131.0,145.2,129.3,146.6,133.0,136.8,157.1,124.8,141.9,127.9,146.7,160.1,154.0,141.8,132.6,173.2,129.6,141.9,152.3,143.3,137.7,135.8,142.8,141.4,134.4,139.1,153.9,158.6,174.7,153.0,165.2,139.8,166.0,135.7,146.1,125.6,146.9,156.5,138.7,137.1,146.3,154.8,153.8,140.5,180.1,142.3,140.8,147.3,148.1,135.3,156.3,156.4,163.4,161.5,150.0,143.9,160.4,167.2,134.8,164.3,139.3,154.8,170.3,142.7,148.8,153.8,140.4,144.1,160.6,155.5,165.2,162.0,141.2,177.0,151.1,147.4,160.8,158.0,176.0,159.7,163.4,148.3,143.1,127.6,144.9,161.1,139.6,178.7
1,alcohol_ether,111.3,117.9,132.9,124.5,115.2,121.4,121.7,125.9,125.9,129.1,123.3,99.2,108.8,110.2,123.9,121.1,143.8,111.9,141.3,122.2,127.4,144.9,115.1,138.0,124.4,105.0,132.2,129.9,143.9,130.1,126.7,112.2,121.9,136.3,121.1,121.1,138.4,129.4,122.7,137.7,153.0,123.0,128.2,135.6,137.7,113.8,166.0,126.9,132.5,141.2,144.2,130.5,129.3,121.7,134.4,135.4,150.9,145.6,125.1,127.8,150.5,147.6,147.7,137.0,137.2,148.2,189.4,160.7,166.5,143.4,149.0,208.7,206.5,197.4,246.9,251.8,269.3,314.5,323.1,372.9,357.6,423.4,488.1,486.1,579.7,621.2,715.1,745.6,761.9,866.8,904.2,952.4,991.0,1054.0,1085.3,1175.3,1119.1,1187.5,1226.1,1146.0,1244.1,1306.9,1202.0,1204.4,1202.8,1149.0,1194.6,1134.3,1119.7,1129.8,1124.0,1134.8,1148.0,1229.5,1183.3,1193.0,1279.8,1258.6,1262.5,1338.5,1349.9,1441.8,1493.7,1431.7,1491.1,1472.9,1534.8,1614.9,1562.4,1542.1,1453.7,1440.1,1483.5,1386.7,1435.5,1402.0,1323.0,1254.2,1199.3,1128.8,1109.5,1006.0,952.1,954.5,802.8,809.2,737.5,761.5,685.8,642.7,597.7,593.0,586.2,612.6,644.8,577.3,605.0,609.5,621.0,697.6,738.4,795.6,821.5,869.6,942.4,992.6,963.8,1063.4,1147.5,1214.0,1310.1,1353.1,1433.2,1485.8,1525.3,1545.3,1619.8,1693.2,1707.7,1686.4,1742.5,1727.0,1730.8,1751.2,1689.6,1716.8,1695.4,1677.5,1637.2,1511.0,1464.8,1362.8,1430.8,1291.9,1251.9,1167.6,1111.7,1080.0,931.1,838.7,843.2,754.5,718.9,649.2,619.3,573.6,537.9,458.5,433.6,444.2,371.4,360.0,346.0,306.3,275.7,260.4,279.7,247.6,230.6,224.7,249.0,233.3,217.0,183.7,204.2,213.0,221.6,227.1,208.3,193.4,203.1,197.7,213.3,218.0,209.4,201.5,216.7,189.6,183.7,209.6,198.6,217.1,200.2,206.6,199.5,203.9,200.5,185.4,205.1,219.5,187.7,189.0,194.5,200.2,198.2,175.2,209.2,206.3,208.9,227.4,205.2,215.9,188.6,230.0,200.7,223.5,219.7,223.4,195.2,205.1,195.0,228.5,227.6,220.0,211.8,205.0,208.7,193.7,207.1,186.4,237.0,215.6,207.1,174.7,214.0,211.5,207.0,237.5,210.0,215.9,228.8,195.6,214.9,197.3,210.1,187.2,239.7,228.3,219.9,235.0,211.6
1,alcohol_ether,108.4,99.2,91.2,99.8,119.7,89.2,98.2,94.8,96.0,83.9,87.9,84.1,101.7,99.3,123.9,86.3,100.2,103.9,98.6,98.5,85.2,116.0,116.5,93.8,107.2,101.4,91.9,117.2,96.0,99.2,94.7,117.3,98.1,94.7,120.2,115.7,96.5,107.2,143.0,98.5,100.6,94.4,105.2,116.2,105.2,105.8,110.7,106.2,117.8,119.2,111.8,111.8,96.7,119.5,101.0,107.4,114.6,123.8,110.3,126.1,128.9,143.6,129.7,124.8,143.8,169.1,162.6,174.3,192.6,193.6,247.6,265.4,305.5,325.8,414.1,427.4,512.4,651.1,690.8,831.7,965.5,1098.7,1197.7,1351.4,1483.3,1680.9,1804.8,1984.9,2250.7,2291.2,2510.6,2707.3,2697.0,2923.6,2907.3,3128.8,3098.8,3099.9,3212.6,3145.7,3087.3,2995.5,2962.2,2806.1,2832.7,2628.6,2579.5,2324.4,2307.3,2089.2,1984.4,1875.5,1790.0,1647.0,1538.8,1513.1,1457.0,1366.1,1371.1,1296.7,1251.4,1215.6,1228.4,1202.6,1134.1,1129.8,1161.2,1148.0,1084.4,1115.3,1068.5,1067.1,1020.4,983.9,931.0,981.1,929.2,916.7,764.6,729.8,688.1,648.8,614.7,595.1,541.2,506.6,489.3,519.6,422.2,425.1,395.2,428.4,354.6,346.7,290.0,302.8,327.0,302.0,277.7,272.4,281.7,251.9,244.3,250.1,250.5,230.5,236.0,199.9,230.1,207.0,198.6,232.9,208.5,224.6,181.7,216.7,194.9,169.2,182.2,206.5,185.4,189.9,187.7,179.7,180.5,169.1,179.4,173.5,168.8,156.8,173.0,163.7,172.2,161.8,192.9,180.7,173.2,164.4,179.9,192.1,178.1,172.3,166.2,174.9,173.3,184.3,190.0,179.1,158.6,172.5,168.8,176.4,156.7,152.9,182.3,170.4,154.6,181.4,202.7,181.3,198.5,194.1,183.4,179.4,193.7,180.3,183.9,182.7,180.8,174.3,157.8,178.6,195.4,168.3,201.0,187.2,179.0,165.0,177.7,178.6,187.0,175.2,178.5,196.8,191.0,178.5,184.0,171.1,168.9,194.7,188.9,215.1,197.8,192.3,172.5,183.4,191.8,203.1,197.8,191.3,166.7,193.9,222.0,191.0,187.9,192.8,194.3,165.5,208.6,207.8,186.3,172.7,221.7,203.8,207.2,186.9,203.8,223.6,205.4,198.6,202.8,199.4,216.8,197.7,194.8,189.2,195.7,202.8,173.2,188.2,199.0,211.5,192.7,189.1,222.2,177.3,189.9,222.6,208.9,213.5,193.9
1,alcohol_ether,108.5,118.3,107.9,98.0,108.0,85.3,117.7,101.2,89.1,125.5,91.2,98.4,110.0,115.9,95.2,98.8,108.3,119.8,106.4,119.7,111.3,117.7,110.3,95.6,103.7,104.3,113.1,112.6,117.6,108.9,99.4,106.6,109.6,111.4,102.8,118.5,105.5,117.1,127.9,118.8,113.6,108.9,108.3,107.9,114.9,116.8,99.5,113.2,131.7,113.9,132.2,113.0,112.8,132.4,110.9,108.4,111.4,114.3,125.7,121.1,133.7,133.6,136.9,142.4,153.9,140.6,145.7,179.7,180.3,190.0,204.3,208.9,255.4,248.5,288.5,279.4,304.0,350.9,365.7,442.6,501.2,504.2,582.4,695.0,619.5,734.8,783.2,825.4,948.6,954.9,1011.8,1084.5,1123.2,1100.1,1156.7,1262.8,1252.1,1303.3,1385.2,1382.0,1368.7,1436.3,1527.0,1560.8,1562.7,1605.8,1621.2,1761.6,1797.1,1831.1,1962.5,2042.4,2109.5,2287.4,2431.7,2421.4,2566.7,2744.9,2744.9,2962.7,3067.4,3071.8,3090.9,3289.3,3219.2,3268.0,3232.3,3148.6,3237.3,3143.2,3004.8,2903.1,2810.9,2798.9,2758.9,2588.8,2302.0,2124.9,2135.6,1943.8,1805.8,1751.1,1536.2,1364.6,1300.9,1168.6,1024.4,958.6,831.6,771.4,714.5,680.3,551.4,538.6,414.7,423.2,325.8,393.7,323.4,277.4,272.4,225.1,221.7,214.7,205.0,250.4,225.5,178.8,192.8,186.4,190.9,221.5,205.1,179.6,197.9,191.9,172.6,182.7,177.8,159.1,197.3,171.6,202.2,199.3,177.6,205.7,185.5,193.2,166.8,186.8,168.4,179.0,164.2,186.4,183.2,172.8,167.9,161.0,174.0,187.5,181.6,170.4,156.4,185.5,202.7,176.0,190.6,163.2,191.8,191.4,192.1,168.2,165.5,188.6,205.7,159.8,183.1,178.1,179.5,180.5,179.4,161.7,166.0,177.0,181.2,194.7,189.8,154.2,186.7,198.8,156.0,181.6,187.9,168.4,174.1,157.6,192.1,187.3,179.6,194.7,199.8,186.4,178.3,188.2,194.9,174.8,179.6,210.9,175.0,196.5,166.0,196.5,173.5,185.3,176.1,187.5,192.3,201.6,186.5,212.9,192.1,208.9,168.7,225.5,194.3,211.3,174.1,218.2,217.4,194.6,178.0,182.1,173.2,185.7,198.3,218.2,199.8,211.7,197.1,211.6,197.5,177.1,197.4,222.3,204.2,202.4,209.6,199.1,194.3,190.7,225.1,217.2,216.3,223.2,167.2,198.0,193.5,222.6,208.1,205.4,200.9
0,hydrocarbon,87.4,65.8,73.6,79.2,75.4,68.9,77.2,55.0,77.1,68.5,66.8,81.7,83.0,85.5,71.0,76.9,82.9,66.4,67.0,77.3,83.7,78.0,80.0,71.8,79.1,70.2,93.1,77.9,84.1,72.6,69.1,77.3,88.8,68.4,78.6,73.8,92.8,74.5,83.8,73.9,83.5,96.0,75.8,79.6,90.8,79.6,78.4,70.2,75.1,87.4,78.1,84.1,95.2,90.6,69.5,92.4,86.0,111.5,117.1,114.5,125.1,129.5,136.7,182.0,200.1,221.0,254.7,289.0,359.7,396.8,456.9,541.6,619.6,685.7,803.3,916.1,1068.9,1204.7,1311.0,1545.7,1719.4,1907.9,2000.4,2304.8,2389.2,2661.6,2815.7,2976.8,3128.0,3253.8,3432.3,3572.0,3582.3,3703.8,3703.8,3668.6,3624.6,3666.2,3537.0,3350.5,3329.7,3200.1,2983.8,2899.3,2698.2,2544.1,2314.3,2222.5,2026.6,1852.5,1754.7,1586.6,1415.2,1369.7,1291.7,1090.5,1025.6,940.4,917.8,796.0,798.7,780.1,681.0,689.0,642.7,601.6,642.7,604.1,533.6,494.1,582.2,503.4,495.0,470.3,471.5,391.8,381.3,359.1,367.1,327.6,308.2,297.0,275.7,266.0,255.2,211.4,227.2,181.0,150.6,185.0,174.9,142.7,142.3,131.3,131.0,158.2,114.5,129.4,118.8,108.1,127.9,128.8,108.6,135.0,126.9,122.8,124.3,121.0,122.1,111.6,112.2,118.8,106.3,113.1,121.8,127.0,128.6,113.7,100.6,135.8,114.1,120.9,101.9,100.6,109.5,109.7,100.6,111.7,122.3,119.8,133.9,127.3,131.9,112.5,112.2,126.4,118.7,112.4,103.9,135.1,105.7,128.6,112.5,117.3,118.2,129.8,143.9,109.5,107.2,135.4,116.7,130.4,113.8,119.3,134.8,138.4,109.6,112.4,126.7,130.7,126.0,115.7,115.2,117.5,131.8,132.7,135.7,138.6,158.4,122.0,139.7,124.7,113.1,145.1,113.8,136.6,123.8,129.7,143.0,139.5,143.9,139.3,153.9,134.5,122.9,134.6,143.2,147.9,124.3,129.6,149.7,144.7,149.3,124.2,137.0,144.2,146.4,145.4,131.2,130.8,154.5,135.0,136.5,153.9,139.4,139.1,151.5,146.0,143.8,152.1,148.5,136.6,133.6,134.0,142.0,137.5,163.6,132.5,143.1,140.0,134.2,148.3,153.1,142.6,135.4,122.4,129.9,142.5,150.6,133.3,178.3,146.6,120.6,150.7,147.5,138.4,158.6,143.0,152.5,118.7,150.4
3,carboxyl_ester,106.7,101.1,94.0,101.8,102.4,106.5,103.8,116.7,119.9,105.1,102.3,101.2,117.1,112.8,108.6,105.3,100.2,105.5,114.9,101.7,118.8,103.6,120.0,119.5,121.5,102.2,119.8,115.5,113.9,110.8,124.3,118.7,115.3,112.6,118.0,114.1,138.5,114.3,115.8,145.2,133.5,118.2,140.4,133.8,129.1,109.1,117.9,103.4,132.8,138.2,130.5,125.1,116.1,123.9,131.1,120.8,110.7,112.9,101.7,138.3,124.4,114.2,141.6,128.0,126.5,123.8,128.0,151.1,142.4,168.4,186.7,191.1,200.3,216.1,242.4,286.3,307.0,318.9,414.8,488.4,523.3,594.9,705.2,758.8,907.4,1011.1,1082.7,1215.3,1365.9,1533.8,1672.8,1702.8,1840.0,1935.7,2034.8,2047.7,2105.9,2164.4,2119.6,2125.7,2061.2,2043.1,2034.5,1850.5,1884.1,1729.3,1617.4,1510.1,1425.5,1309.5,1107.7,963.7,1007.9,890.7,742.4,660.5,664.1,567.1,542.2,496.5,400.2,461.4,453.5,467.5,406.7,430.4,445.2,431.9,396.9,393.8,398.8,379.4,405.9,419.9,339.6,405.6,372.0,378.2,336.5,328.0,304.7,325.5,332.7,369.9,328.1,377.3,337.2,365.0,396.3,367.8,379.0,420.3,441.0,464.0,468.0,478.0,508.4,554.1,601.6,664.9,670.7,672.0,762.8,815.8,909.1,974.2,1008.8,1011.8,1133.1,1230.7,1343.8,1344.6,1482.0,1480.0,1558.8,1553.8,1584.5,1724.5,1688.3,1789.0,1835.7,1732.8,1771.5,1734.6,1774.8,1697.9,1652.2,1506.8,1586.7,1528.8,1422.9,1382.6,1385.4,1216.5,1144.7,1136.1,995.8,903.2,846.1,792.0,706.6,640.4,565.7,492.8,494.6,445.3,402.5,347.0,316.6,303.0,315.5,285.5,261.1,250.8,226.6,204.1,214.4,201.4,190.1,208.6,185.7,171.1,198.1,176.1,183.6,162.5,184.2,173.8,166.4,188.9,201.0,169.1,187.0,188.4,172.5,173.6,172.6,166.3,201.2,153.9,174.4,191.0,170.6,201.7,156.8,175.7,202.7,160.4,169.1,174.7,194.5,173.5,179.7,186.7,188.7,182.7,194.9,184.9,187.3,195.0,191.2,200.4,201.0,182.9,212.4,180.8,190.5,190.3,191.9,189.0,165.1,186.0,183.1,217.6,191.5,182.6,201.3,202.1,194.1,188.8,201.2,193.7,199.6,178.2,210.0,177.1,189.2,178.1,216.5,193.1,195.9,181.6,217.1,208.8,194.3,208.9,192.9,201.1,189.5,200.0,212.7
0,hydrocarbon,98.3,90.1,81.7,85.4,81.9,77.0,94.7,82.4,81.7,85.5,89.1,79.9,80.4,81.1,75.2,90.9,83.9,87.4,99.5,93.1,86.2,92.6,78.2,85.0,103.5,73.1,88.6,86.3,91.1,88.3,102.6,86.8,97.3,86.5,89.5,101.5,95.8,84.2,83.1,118.2,90.8,101.4,90.4,101.3,93.4,96.4,104.8,96.0,83.0,106.7,103.5,108.9,112.7,112.2,116.5,108.5,99.1,92.1,105.1,90.2,104.6,105.3,108.2,113.6,124.0,136.9,136.1,156.5,169.4,156.5,245.6,238.8,294.7,344.1,409.2,477.8,565.6,713.1,794.5,921.9,1143.1,1316.5,1534.6,1729.8,1910.6,2148.1,2447.6,2539.1,2891.2,3130.0,3254.1,3437.3,3554.6,3628.7,3664.4,3735.5,3764.9,3569.3,3510.6,3508.4,3165.5,2979.6,2842.8,2617.9,2338.3,2153.1,1903.6,1794.8,1565.3,1360.8,1172.0,986.0,929.2,804.6,722.0,715.7,618.9,508.3,529.6,516.4,454.5,443.0,445.3,451.3,449.8,456.9,434.4,376.2,415.5,380.6,373.9,376.0,396.3,328.9,352.9,330.7,293.0,319.3,320.9,263.2,297.3,250.4,239.1,304.6,266.7,241.4,219.8,243.7,260.4,236.4,286.4,291.1,249.6,277.5,219.0,280.4,255.3,247.9,256.8,247.7,213.0,238.8,227.7,197.1,239.2,195.1,220.8,209.8,210.8,188.6,193.6,163.5,175.7,176.9,139.0,161.6,157.8,156.2,165.7,158.9,151.5,142.5,149.2,142.4,134.1,147.2,148.7,141.5,141.9,150.0,154.5,128.6,152.4,148.9,129.1,143.3,120.8,144.2,160.0,164.8,164.2,138.8,152.4,158.0,134.2,156.2,145.0,161.6,141.5,146.5,147.0,132.3,149.3,146.3,152.0,149.5,165.3,146.7,136.7,158.4,152.4,149.7,151.5,146.6,147.7,171.9,169.6,155.0,189.5,143.1,147.5,156.3,166.0,152.5,161.4,175.5,149.9,166.8,174.4,175.6,150.4,144.0,165.4,171.6,159.7,152.7,166.3,158.3,126.2,148.0,160.8,142.7,167.5,170.5,143.0,166.7,167.0,153.4,157.5,146.1,154.0,169.8,161.2,178.6,137.4,166.5,150.2,158.0,160.0,179.4,197.9,169.0,135.2,167.7,163.9,171.0,162.7,186.4,185.1,172.3,176.5,162.1,155.8,177.2,185.7,156.3,165.3,176.5,182.2,167.1,163.8,176.8,162.0,198.4,176.9,171.6,176.5,180.7,181.4,141.2,175.3
2,carbonyl,118.8,112.8,119.2,135.8,129.4,138.1,124.5,122.2,109.3,94.6,118.9,124.6,104.5,121.8,118.9,141.5,118.9,112.5,110.6,121.3,107.4,134.2,113.5,113.3,106.6,133.6,130.3,122.7,150.7,129.0,133.0,127.1,140.2,119.8,142.4,126.7,119.9,111.3,163.5,138.5,121.3,101.6,131.1,105.5,119.1,140.4,132.1,135.4,123.9,158.6,124.1,132.1,127.8,114.8,131.3,131.0,129.1,143.4,137.8,129.1,134.7,126.5,139.7,155.1,164.1,191.5,188.0,232.6,250.1,264.6,275.0,329.9,405.3,456.6,502.5,615.5,668.2,879.7,976.8,1145.7,1200.0,1439.8,1580.0,1780.9,1926.5,2156.1,2419.6,2631.2,2792.3,2818.6,3076.1,3112.2,3347.8,3441.2,3506.6,3460.3,3452.4,3423.7,3353.8,3354.3,3151.8,3079.5,2897.4,2630.3,2569.7,2354.9,2173.6,1921.6,1762.8,1528.1,1451.4,1255.5,1156.7,1077.3,969.0,894.4,822.8,771.3,728.6,636.2,662.1,601.8,592.4,554.0,542.4,532.3,542.7,518.5,510.3,482.7,497.5,522.6,477.4,496.3,481.5,459.8,516.7,436.3,450.4,462.8,481.9,437.4,477.7,486.8,431.1,470.6,463.1,468.2,496.2,512.5,500.1,486.2,548.5,473.1,562.5,526.4,515.9,520.6,497.0,457.6,453.8,479.1,459.9,410.3,419.9,413.4,385.4,420.3,332.2,363.4,334.2,338.2,287.8,277.0,260.8,244.7,247.9,243.1,224.6,210.3,204.2,214.4,193.5,147.5,201.4,171.0,172.8,142.9,180.0,174.4,155.9,158.7,168.7,155.1,135.2,152.8,157.7,160.4,149.5,170.7,142.1,154.2,151.4,137.2,167.1,144.1,138.7,182.4,165.7,153.7,138.8,159.2,146.3,145.8,157.9,167.2,169.0,158.4,161.3,153.5,157.5,144.4,150.7,170.4,160.8,157.6,159.6,130.9,145.8,146.6,157.0,164.2,168.7,165.5,180.5,162.6,149.5,157.8,149.9,132.6,176.3,161.2,159.8,155.3,167.1,147.8,152.9,154.8,146.6,157.0,158.7,145.5,181.1,155.8,159.6,158.4,175.5,144.8,177.2,169.0,168.1,173.5,170.4,178.0,169.6,166.3,162.6,154.3,151.8,173.1,155.5,160.2,181.7,154.1,140.5,135.0,157.2,182.5,155.8,161.2,169.6,155.1,156.0,192.3,161.4,169.3,163.9,144.6,168.4,154.7,152.7,189.3,172.5,175.9,181.8,181.1,134.6,184.3,140.3,176.2,162.9
2,carbonyl,85.3,85.1,77.3,104.0,71.2,74.8,82.8,78.6,86.6,79.8,99.9,75.3,79.5,87.4,81.1,87.1,75.2,69.1,87.2,80.6,77.2,81.2,89.3,85.0,81.2,92.4,92.9,103.4,91.6,82.7,80.6,75.8,81.2,89.8,88.5,89.6,84.0,109.8,96.5,62.9,84.9,89.4,89.9,93.7,89.5,103.0,94.1,74.0,94.2,92.9,85.0,107.7,86.4,95.4,102.0,102.9,98.2,104.0,103.5,98.6,108.6,111.8,106.2,104.1,129.8,103.2,116.3,148.9,152.6,153.3,175.5,217.5,242.3,272.5,294.0,389.9,387.9,467.7,520.6,585.1,686.6,740.8,770.3,909.6,982.1,1115.6,1267.5,1378.5,1484.5,1673.0,1802.2,1875.0,2033.4,2036.4,2075.9,2258.7,2263.8,2286.6,2368.6,2291.1,2361.9,2266.9,2370.0,2344.6,2232.2,2234.2,2119.1,2083.8,2037.5,2041.9,1826.8,1826.5,1771.3,1621.8,1630.7,1510.2,1548.1,1462.0,1427.6,1526.3,1410.9,1446.9,1435.6,1475.6,1474.4,1475.3,1423.3,1427.4,1376.7,1463.6,1421.4,1385.4,1334.8,1331.2,1337.3,1267.7,1304.5,1241.5,1129.7,1104.4,1130.4,1038.5,1047.5,987.5,905.6,865.2,887.4,841.9,850.0,799.2,769.5,688.8,681.2,723.2,659.0,668.7,657.6,599.9,628.0,589.7,662.8,615.4,604.0,589.3,554.0,515.7,552.6,585.2,571.7,559.5,569.7,594.9,549.2,537.2,516.7,528.4,543.4,520.8,496.4,495.0,511.0,453.1,489.6,474.8,435.7,445.0,429.5,412.2,394.8,399.5,408.8,399.7,322.3,390.4,309.1,322.8,321.0,304.2,277.3,257.6,252.5,216.3,217.9,224.5,196.0,195.4,197.6,202.8,160.8,179.4,151.3,152.5,174.4,145.3,156.2,152.4,139.7,137.8,143.8,138.6,137.5,146.0,127.6,131.7,131.8,128.9,114.7,123.1,134.0,102.0,137.9,136.7,124.7,147.0,123.4,110.9,131.3,100.7,120.4,134.5,124.8,130.5,109.3,134.9,137.6,117.0,130.0,111.1,130.2,142.2,120.9,133.4,130.5,120.9,141.2,128.2,115.4,123.0,134.1,134.3,140.9,126.5,121.0,120.5,135.5,133.1,124.0,123.5,136.5,112.9,139.3,125.1,144.8,123.7,138.7,149.1,145.5,126.1,139.6,137.8,140.1,141.1,146.8,118.2,143.9,126.0,145.5,131.5,120.2,151.4,134.5,123.5,122.9,131.1,131.5,123.3,138.6,120.8,141.8,133.2,126.8
1,alcohol_ether,83.7,82.7,96.6,96.9,119.7,96.4,97.5,94.7,101.7,98.1,106.1,96.9,82.0,89.9,88.1,101.8,105.0,90.9,109.1,89.8,89.4,92.5,81.9,97.5,87.8,94.2,88.8,103.4,94.3,101.9,95.5,78.0,101.4,90.5,98.8,96.9,110.1,122.6,103.8,113.3,96.3,97.6,113.9,115.2,105.2,77.8,117.5,109.0,105.9,106.4,107.0,87.7,115.3,102.3,101.0,93.7,98.4,110.0,103.4,121.4,109.5,124.5,112.1,108.0,113.3,137.0,136.9,149.4,135.4,139.8,152.3,193.7,229.3,260.2,293.0,336.6,352.6,465.6,512.2,594.2,745.6,815.4,931.8,1084.1,1108.4,1278.3,1433.5,1615.8,1789.8,1848.4,2006.9,2070.9,2305.2,2320.5,2369.7,2415.9,2411.0,2422.8,2398.0,2351.6,2317.5,2386.3,2213.4,2155.7,2008.9,1874.7,1754.4,1718.1,1634.4,1508.8,1511.6,1421.1,1360.1,1301.3,1429.2,1361.6,1362.4,1397.8,1414.8,1465.6,1472.8,1534.0,1572.9,1559.9,1653.4,1630.2,1551.1,1623.8,1570.1,1570.0,1558.1,1407.7,1465.5,1374.6,1332.8,1255.0,1165.6,1151.0,998.4,943.7,909.4,844.7,760.4,705.2,651.2,621.5,632.6,559.4,549.2,525.9,472.2,490.1,465.3,485.3,443.3,433.3,456.4,393.5,369.3,366.1,350.3,354.1,382.8,344.1,344.6,288.2,297.3,282.7,291.4,289.7,248.7,235.4,219.8,219.9,220.4,196.7,181.5,187.3,163.4,172.9,157.4,161.1,151.1,155.8,154.0,155.5,142.2,142.6,130.3,135.9,144.8,118.5,138.5,143.6,130.1,139.3,128.5,124.0,129.6,137.3,131.3,129.6,132.3,125.4,154.4,98.9,137.3,126.7,126.5,155.3,138.3,131.6,127.3,141.8,129.4,133.4,137.4,137.4,123.2,132.4,130.1,140.6,129.7,130.6,123.4,134.7,128.6,121.8,158.0,133.5,125.3,142.0,119.8,146.6,126.5,134.9,109.2,121.6,123.5,154.3,134.6,145.6,132.1,137.1,163.6,136.4,137.2,153.3,156.1,136.2,143.1,133.6,147.3,132.2,141.7,145.9,147.0,147.8,156.7,124.7,148.4,106.9,134.2,131.3,158.9,148.4,128.1,151.5,135.8,146.0,150.9,134.4,127.9,133.3,129.9,141.8,137.3,122.3,160.5,139.6,144.9,133.1,134.7,123.0,158.7,151.2,146.1,161.5,142.6,163.8,129.1,161.5,132.2,144.8,136.6,140.6,147.1,153.4,131.7,165.7,157.9
3,carboxyl_ester,53.1,55.1,47.0,68.4,53.0,68.4,48.3,54.7,68.1,50.3,61.0,55.2,65.3,74.2,64.5,72.4,51.9,58.3,68.2,54.8,64.5,47.2,63.8,62.0,61.2,62.6,74.6,60.4,76.6,64.2,66.1,68.3,69.5,63.0,63.3,83.3,61.1,65.0,74.7,65.6,51.5,49.4,64.1,80.4,70.3,53.3,67.2,64.7,71.7,92.4,68.7,77.5,78.0,67.8,79.7,84.6,70.2,84.1,69.2,67.8,79.4,81.4,70.9,90.4,90.4,66.2,53.3,71.1,75.4,87.3,77.8,86.2,99.0,99.8,99.1,81.5,100.6,106.4,124.5,129.7,108.0,141.5,153.6,146.8,162.8,176.9,183.1,165.9,213.3,204.7,255.0,217.5,249.5,263.3,250.8,257.4,249.8,283.9,313.4,331.8,324.5,342.3,334.5,396.2,386.1,425.8,478.5,425.6,508.8,587.6,550.5,652.3,690.9,735.6,816.3,832.6,948.5,946.7,1059.7,1116.7,1147.8,1249.6,1279.0,1322.1,1399.8,1484.6,1445.4,1516.8,1441.2,1514.7,1509.2,1516.2,1482.2,1487.2,1503.0,1535.3,1488.1,1493.1,1467.4,1454.3,1467.9,1515.8,1536.2,1530.3,1637.1,1667.1,1822.0,1796.5,1750.0,1863.7,1896.0,2004.6,2045.0,2183.6,2094.1,2161.8,2184.5,2208.7,2192.6,2157.9,2230.2,2173.5,2141.7,2009.6,1977.4,1986.2,1883.7,1797.7,1757.2,1670.4,1657.9,1507.1,1448.4,1423.6,1323.0,1284.9,1223.8,1201.5,1109.5,1016.7,1002.4,1003.2,878.3,863.9,831.3,799.1,772.6,745.0,685.4,641.1,587.2,608.9,544.9,487.3,475.9,405.1,400.3,417.5,378.3,349.6,336.1,284.8,264.6,240.1,248.8,223.9,202.0,198.1,196.2,158.1,162.9,166.3,135.1,147.7,165.4,114.9,143.3,144.1,125.5,131.3,126.2,144.3,134.9,156.7,113.5,136.0,125.0,128.1,138.9,121.6,135.9,128.0,136.9,126.3,134.0,145.0,146.6,150.2,150.2,119.9,136.7,104.3,133.0,143.9,121.1,136.8,140.6,156.2,143.1,116.7,121.8,135.5,138.2,146.8,156.6,130.7,159.3,132.5,130.7,149.5,139.0,143.4,130.5,114.1,137.1,152.6,154.5,144.8,136.8,152.7,136.3,124.2,143.8,147.8,157.9,143.3,142.8,148.8,132.4,128.5,161.4,145.5,143.0,168.1,145.6,150.8,157.7,127.6,157.6,144.2,154.8,132.8,156.4,155.1,162.5,149.5,146.7,161.8,164.9,157.4,192.2
1,alcohol_ether,83.1,68.0,95.6,86.4,74.1,90.4,79.0,91.6,87.8,86.5,63.5,79.1,102.5,81.8,88.9,106.1,70.6,85.3,77.2,85.4,84.0,80.4,83.0,95.2,75.5,95.3,89.2,97.3,80.2,85.2,98.1,94.0,77.2,100.7,87.4,80.1,83.4,86.4,79.1,88.8,88.1,85.1,93.9,98.6,89.6,90.2,88.7,92.2,87.2,107.1,102.0,92.7,98.8,87.5,97.2,88.8,77.0,87.0,90.9,92.5,86.6,102.8,117.4,99.9,99.6,113.8,116.9,128.2,146.4,157.5,159.2,171.4,223.4,244.5,283.4,314.1,373.0,454.7,487.3,554.6,576.5,735.0,813.6,867.6,986.6,1023.5,1109.6,1270.6,1268.5,1406.8,1348.9,1498.6,1479.7,1536.4,1547.5,1546.2,1578.3,1579.8,1542.9,1521.6,1439.0,1492.5,1370.5,1345.8,1362.5,1360.8,1397.4,1400.0,1346.0,1370.2,1435.2,1493.0,1595.2,1661.2,1696.1,1791.6,1804.4,1903.1,2020.4,2023.1,2110.0,2198.0,2249.5,2250.0,2170.2,2233.0,2222.1,2283.6,2156.9,2066.3,2076.8,1948.6,1813.9,1781.2,1646.4,1570.4,1482.1,1325.0,1291.5,1154.5,1077.7,1048.7,1014.9,912.4,828.3,814.1,798.5,735.3,746.6,775.8,709.1,699.8,651.4,652.2,667.6,626.3,583.4,574.5,528.7,564.4,549.9,479.4,505.7,474.1,468.0,432.2,384.3,390.0,318.9,306.1,306.8,286.2,268.7,240.4,228.7,210.0,187.8,193.7,182.7,162.2,172.1,145.4,159.4,156.2,139.6,131.0,133.5,140.3,129.1,108.6,117.2,130.8,127.5,143.3,120.8,122.0,125.0,137.4,127.2,116.0,133.4,125.0,122.2,124.6,110.0,120.2,117.5,115.6,112.7,111.4,126.0,125.0,116.8,117.4,122.9,121.7,131.6,116.4,128.2,123.2,104.6,148.9,127.7,130.1,108.5,102.6,120.9,111.4,97.7,137.3,124.6,127.6,103.5,96.1,136.3,120.3,124.1,133.3,125.5,129.2,123.6,122.7,134.7,123.6,118.2,131.8,116.1,140.4,118.9,116.7,128.1,128.8,120.7,131.8,147.2,111.2,135.4,123.6,114.1,129.1,104.0,139.9,111.4,115.8,136.2,138.1,139.8,126.5,139.2,125.7,133.2,140.0,128.5,129.7,139.7,118.4,152.7,125.3,138.1,138.4,145.5,117.3,134.2,149.6,129.1,140.8,138.7,128.7,132.1,133.5,145.3,142.7,141.6,136.9,126.0,140.3,159.0,124.8,132.2,116.2,144.3
1,alcohol_ether,109.3,108.8,104.6,109.4,107.0,105.5,113.8,118.0,128.4,105.2,96.7,122.6,118.8,129.8,132.0,114.9,128.3,134.4,140.6,114.3,118.4,118.1,94.8,130.9,124.8,128.1,122.8,128.2,120.3,134.7,125.3,112.1,132.8,136.6,136.8,118.0,126.8,150.8,113.2,129.8,134.6,125.0,95.7,135.8,113.6,136.8,140.6,118.1,143.6,121.6,149.7,124.6,144.1,128.1,131.2,128.6,141.5,136.1,139.6,142.6,147.3,154.0,154.9,149.4,200.2,139.2,221.9,214.7,217.3,261.6,267.3,300.4,393.2,414.3,542.5,552.8,700.5,792.9,932.4,1087.6,1208.8,1285.2,1580.0,1677.1,1903.5,2231.1,2342.8,2481.9,2613.8,2868.4,3004.0,3125.0,3170.4,3242.5,3408.9,3369.9,3442.0,3353.5,3186.8,3124.2,3021.1,2907.5,2714.1,2548.3,2355.4,2264.7,2032.2,1937.6,1764.7,1736.3,1509.5,1362.1,1260.7,1227.5,1133.2,1061.1,1007.1,991.7,1007.2,958.3,891.2,878.0,898.8,962.2,895.4,921.8,932.0,840.4,863.5,806.4,794.5,742.5,717.9,749.0,677.8,644.8,632.0,600.1,591.6,517.1,476.7,458.1,416.5,394.9,334.0,330.8,329.2,280.2,320.9,275.8,286.2,267.7,261.8,277.0,251.8,232.8,252.0,221.3,214.5,240.3,275.1,212.3,208.0,203.9,238.3,230.2,207.4,202.6,227.5,225.3,220.7,194.2,201.9,231.2,237.3,212.2,183.3,208.3,197.3,198.4,189.3,218.1,236.8,208.2,184.1,217.6,201.6,217.8,216.1,188.8,177.2,205.1,183.1,190.3,176.8,166.7,197.6,177.8,204.0,202.6,206.2,201.3,188.8,188.8,190.0,220.8,202.4,193.5,185.6,198.9,177.2,218.2,201.1,206.9,180.6,190.2,188.9,190.3,209.5,182.2,189.0,199.3,179.7,206.5,208.0,215.5,205.7,209.5,207.9,206.8,197.5,218.4,198.3,207.7,213.4,189.4,201.0,213.3,208.0,230.0,199.2,228.0,188.7,222.4,176.2,224.2,210.9,203.6,231.4,215.3,216.2,215.7,204.8,221.4,203.9,235.1,207.1,215.6,199.7,200.5,214.1,217.7,208.4,230.8,246.9,211.3,193.8,199.6,233.8,200.0,233.7,232.8,217.7,221.2,244.0,225.2,242.5,222.0,220.0,209.0,225.3,214.7,219.4,212.6,231.4,231.7,209.7,226.2,231.3,238.6,219.2,258.2,228.1,209.9,246.6,207.3,254.4,215.6,250.5,243.2,266.5
0,hydrocarbon,110.8,114.3,110.2,101.0,112.1,133.0,99.7,115.7,125.9,106.5,122.0,116.7,107.9,104.1,127.0,126.5,130.1,120.4,108.6,89.8,130.8,114.3,104.1,116.4,108.3,126.0,104.5,113.3,118.0,127.9,122.2,110.6,120.6,130.9,137.8,104.1,118.5,131.3,114.7,112.0,111.0,124.8,116.4,114.0,110.1,102.4,124.4,121.1,116.0,116.5,123.5,124.6,116.2,119.7,112.8,132.3,136.8,152.0,127.7,91.6,137.9,139.6,128.0,136.3,142.6,152.2,177.6,184.0,221.3,226.7,245.9,278.7,347.3,427.1,505.4,510.4,621.0,703.4,818.8,965.9,1129.3,1295.8,1438.7,1616.6,1813.6,2114.5,2348.3,2526.9,2734.5,2930.4,3312.5,3384.1,3588.6,3743.1,3795.2,3920.3,4040.8,4068.1,4121.8,4269.1,3940.6,3946.6,3924.8,3596.6,3522.9,3234.6,3204.1,2919.6,2774.9,2632.7,2350.6,2109.7,1867.3,1745.6,1485.0,1252.8,1216.6,970.0,916.7,745.8,646.1,564.0,491.1,418.3,369.1,297.6,299.7,220.5,225.0,214.3,184.4,176.6,151.4,159.8,158.4,140.2,144.4,145.7,123.8,146.9,129.8,110.6,122.0,141.9,140.3,143.7,130.3,122.0,128.3,133.4,149.4,123.9,149.3,129.2,134.5,126.7,139.4,139.5,155.3,126.0,132.1,151.2,128.4,155.7,143.4,148.7,134.0,153.8,143.2,145.0,132.8,150.1,151.7,158.5,150.5,144.1,143.3,160.0,135.2,132.9,141.6,149.2,132.5,145.7,158.7,130.4,166.9,161.1,162.1,151.6,144.2,155.7,178.4,143.0,148.3,137.3,144.1,159.4,135.0,141.3,131.0,130.2,147.8,145.4,145.8,140.0,142.2,142.6,154.0,149.5,136.3,139.1,126.4,140.0,137.2,145.8,117.6,122.8,133.8,144.1,140.2,133.4,153.4,140.1,126.1,142.8,135.8,164.8,134.7,137.4,138.6,135.9,138.8,139.1,126.7,140.0,143.9,139.0,141.1,132.9,135.6,141.6,144.1,144.2,145.4,131.2,155.0,136.5,148.7,149.4,135.5,145.3,136.7,139.7,131.8,151.6,145.4,147.7,143.2,178.9,133.1,144.8,157.1,150.7,148.8,126.7,128.7,126.7,155.6,148.7,125.1,143.2,166.0,162.3,132.2,116.1,141.8,133.8,141.5,134.4,161.5,142.0,141.6,140.6,140.6,152.3,153.3,145.3,122.5,133.2,164.2,137.6,136.5,154.3,138.3,140.5,140.2,151.0,140.3,137.8,147.4
2,carbonyl,114.3,121.8,125.1,101.6,120.1,125.2,117.1,122.9,115.4,132.3,114.5,120.5,113.5,114.7,142.3,115.1,105.3,112.5,103.2,106.9,132.6,118.1,127.4,134.2,116.8,93.9,133.6,133.7,103.5,111.6,112.9,138.8,143.0,103.1,121.8,129.0,104.6,109.4,134.7,112.4,101.5,150.1,132.0,142.4,137.6,134.9,126.0,119.9,136.4,113.9,121.8,130.9,132.0,123.6,138.7,130.3,129.3,132.4,106.0,122.1,130.3,108.8,124.3,109.9,120.5,121.1,137.5,125.4,149.9,128.5,154.5,173.2,177.4,199.4,203.9,206.8,276.2,281.1,352.7,378.6,477.8,535.4,616.7,678.8,747.9,827.7,883.2,1011.2,1172.5,1229.8,1354.1,1473.6,1514.0,1542.1,1699.0,1830.4,1844.4,1761.0,1816.4,1872.8,1786.9,1754.6,1778.2,1773.5,1670.2,1499.3,1352.7,1319.2,1222.7,1159.9,1000.1,886.4,825.0,716.5,683.0,591.8,511.1,463.7,476.8,403.6,385.6,361.4,308.6,364.0,336.0,353.9,380.1,393.0,369.7,369.6,408.0,427.8,460.9,483.9,499.6,590.4,608.0,647.6,752.1,753.1,879.4,928.7,1058.7,1064.3,1168.2,1291.5,1443.6,1506.1,1610.4,1772.5,1762.3,1844.8,2005.5,2065.0,2078.3,2188.3,2089.1,2255.2,2221.2,2157.4,2290.4,2216.7,2156.6,2118.2,2005.3,1883.9,1781.3,1690.1,1758.3,1499.3,1504.2,1400.0,1227.0,1171.8,1162.1,984.3,932.4,861.8,772.1,669.2,632.6,608.6,548.6,490.7,468.2,421.3,357.7,342.8,341.4,310.6,248.5,237.2,240.9,243.9,230.8,236.2,206.7,193.8,193.4,182.9,185.2,189.8,183.1,173.6,169.2,160.5,172.1,147.0,153.8,151.5,164.8,156.1,172.0,131.8,139.4,140.7,161.0,137.0,131.5,158.5,152.2,146.1,160.2,151.1,151.2,172.1,154.0,141.4,156.9,139.9,146.4,140.4,138.5,149.7,164.6,149.8,146.1,133.0,169.2,163.9,161.7,151.0,144.6,133.0,144.8,149.6,142.5,156.6,150.4,159.8,158.7,155.0,158.4,159.0,162.8,132.6,154.4,171.0,141.0,149.3,154.0,138.3,159.2,158.1,152.1,146.2,140.4,157.8,124.2,177.7,162.8,133.7,150.7,142.0,172.8,156.3,154.4,156.0,147.2,161.0,171.7,172.1,151.0,131.3,163.7,132.0,148.6,140.7,150.4,158.8,155.1,151.2,159.1,165.5,148.7,163.4,163.5,154.3,138.0,143.4,160.8
2,carbonyl,61.3,71.1,68.2,76.6,69.0,81.6,72.5,69.0,86.9,100.9,78.8,63.8,95.6,89.5,86.0,75.4,81.1,68.2,78.8,90.2,61.2,80.4,78.7,85.4,91.8,76.8,76.8,98.5,78.5,86.7,79.1,93.5,83.5,92.8,84.1,101.4,94.3,88.2,89.2,81.4,77.2,96.2,92.6,93.8,101.5,100.2,87.3,99.1,92.0,108.8,82.7,94.0,93.8,109.3,95.9,82.7,99.2,77.5,96.1,101.0,111.3,105.1,93.1,111.5,111.2,120.3,124.9,136.4,154.1,138.1,200.8,205.0,184.1,259.3,258.0,321.8,386.6,427.7,456.7,556.8,628.7,678.1,775.1,894.3,954.1,1002.6,1128.2,1285.2,1340.5,1486.6,1510.5,1609.1,1655.4,1681.0,1817.7,1806.2,1867.3,1815.8,1776.2,1820.9,1716.9,1653.6,1604.4,1627.6,1584.3,1387.5,1349.8,1241.8,1202.7,1063.5,1045.1,1032.3,981.9,863.6,790.4,836.1,741.0,691.1,723.8,697.1,735.0,716.9,739.9,638.5,729.2,694.3,684.6,684.7,758.9,792.1,773.5,788.4,809.3,864.0,845.6,924.3,916.9,956.7,920.3,981.5,1001.9,1115.2,1155.8,1225.3,1277.1,1322.5,1307.6,1392.7,1473.2,1522.3,1587.3,1642.9,1601.1,1698.9,1699.5,1799.1,1801.2,1688.1,1679.8,1751.0,1730.9,1661.1,1666.8,1655.0,1507.1,1514.9,1483.5,1335.1,1360.1,1310.2,1276.6,1223.1,1136.9,1025.6,1039.2,930.8,915.6,926.2,811.8,757.7,735.9,663.4,697.6,597.8,623.5,528.0,548.5,497.7,471.8,476.7,404.0,422.8,403.0,364.2,345.6,335.8,312.3,305.4,243.4,273.5,267.4,235.8,239.0,214.7,201.1,204.2,198.0,179.5,188.2,186.0,186.6,188.8,191.8,174.6,154.2,167.5,181.0,150.2,155.1,192.5,157.1,144.6,185.6,165.9,155.5,147.9,161.1,147.5,168.2,182.5,173.7,150.2,172.2,182.0,154.2,172.3,140.3,186.0,167.8,177.6,188.4,169.2,147.0,166.2,175.4,168.1,148.9,176.4,186.4,161.6,183.3,192.1,173.4,189.7,164.0,165.5,151.0,162.6,194.7,176.5,182.5,190.7,199.4,174.4,148.9,173.2,171.6,149.6,175.8,157.0,178.1,182.4,159.0,195.3,197.7,179.2,168.8,167.5,194.0,171.5,181.3,217.5,169.1,214.7,202.8,196.6,188.8,184.2,176.3,187.7,189.8,189.5,192.3,195.8,214.8,179.3,207.5,177.8,202.1,207.9,193.8
1,alcohol_ether,38.2,52.0,54.3,82.5,66.1,53.1,75.7,67.6,59.8,56.0,58.4,73.2,52.8,60.1,56.4,54.5,50.7,62.6,72.7,51.0,68.5,65.9,65.4,74.5,55.3,73.1,77.5,70.7,60.4,66.7,70.9,85.3,75.3,76.0,57.6,69.1,85.9,78.1,76.9,63.8,67.2,80.6,79.5,80.9,65.8,65.5,81.2,77.4,73.5,90.4,76.3,69.0,74.9,79.5,90.6,69.7,76.0,77.9,74.4,65.0,84.4,77.2,92.5,89.9,81.5,102.9,112.8,103.0,100.3,102.0,127.3,158.9,168.4,192.9,231.6,271.3,339.1,386.9,469.2,540.6,628.2,747.7,833.0,995.0,1156.4,1331.9,1536.5,1602.7,1843.3,2103.9,2314.5,2398.0,2590.0,2654.6,2877.8,2917.3,2944.7,3113.3,2993.4,2991.3,2984.3,2872.6,2806.9,2591.0,2527.6,2310.2,2047.3,1952.4,1890.6,1603.9,1505.6,1260.9,1175.9,1044.5,1007.2,952.3,852.1,793.6,746.3,740.1,692.9,676.2,678.9,677.1,653.7,660.3,598.7,677.2,615.8,673.3,638.9,612.4,616.2,517.1,553.6,508.4,489.1,495.9,437.3,405.9,378.0,366.5,321.7,301.6,265.2,302.6,254.6,223.0,225.7,200.5,194.1,202.3,217.6,170.6,184.7,191.3,210.7,185.5,242.1,211.6,235.3,258.6,285.1,269.9,334.7,330.7,346.5,374.3,393.1,415.2,447.1,418.8,496.1,487.5,539.1,569.9,551.7,577.6,595.9,640.2,602.1,609.2,615.7,625.9,586.8,609.3,600.8,539.7,556.6,524.1,470.8,482.6,475.5,411.3,446.5,421.9,391.5,341.8,301.4,292.5,271.2,248.3,219.8,214.9,240.6,194.4,173.2,181.6,171.2,156.6,167.5,153.4,167.2,176.1,120.6,139.1,161.8,143.1,133.9,108.8,136.2,151.8,160.0,125.5,136.3,159.5,163.8,134.4,141.4,153.2,150.7,139.5,148.7,145.3,164.6,151.6,122.7,151.4,163.2,149.5,175.0,155.9,173.9,147.7,139.6,129.2,148.5,158.7,153.1,149.4,161.4,146.3,178.6,125.1,166.0,137.7,162.0,185.0,174.1,133.8,146.7,151.1,161.0,143.7,183.5,152.9,153.4,189.2,136.7,169.4,148.2,164.6,154.6,157.2,186.1,148.4,164.9,155.5,184.3,163.9,138.9,162.2,170.7,164.2,145.9,164.3,188.4,153.8,176.7,162.3,185.2,181.2,175.6,168.4,153.0,175.4,161.3,179.6,183.4,167.3,190.1
3,carboxyl_ester,102.6,116.0,108.8,105.2,95.7,125.2,98.0,115.0,116.9,116.1,112.7,116.5,99.3,118.4,104.0,115.6,104.3,105.4,105.3,117.3,96.7,98.3,116.9,107.0,112.0,96.9,105.9,126.1,108.7,110.0,115.4,86.1,99.3,124.7,107.5,122.3,110.7,111.3,110.0,120.8,124.5,112.8,102.9,117.3,111.7,110.2,109.6,123.3,119.1,103.6,117.0,111.0,132.5,105.2,126.6,115.1,113.2,119.7,116.2,116.3,115.6,103.1,112.2,117.4,127.5,122.2,120.9,126.6,129.0,127.8,135.2,143.1,139.7,135.2,156.6,163.5,197.4,201.9,232.8,261.1,281.7,339.8,384.0,413.1,452.5,512.9,595.8,648.7,707.7,777.2,861.1,896.0,857.6,939.8,979.3,1018.2,1043.5,1035.1,995.9,986.7,980.4,1044.9,942.2,875.0,851.9,829.2,749.0,712.5,652.6,659.2,556.5,535.9,490.6,498.0,472.8,475.4,456.6,441.0,465.2,430.8,518.6,492.3,485.3,492.2,549.4,570.2,530.4,558.8,588.4,544.0,553.3,631.3,639.2,593.9,636.7,686.9,683.3,733.8,793.1,761.2,871.1,914.2,907.5,1052.2,1142.7,1153.1,1220.6,1354.6,1449.5,1462.7,1488.8,1572.7,1698.6,1760.9,1807.6,1900.7,1895.3,1911.8,1922.4,1976.5,1974.2,1916.3,1917.9,1887.1,1862.2,1823.5,1845.4,1781.0,1616.2,1704.0,1616.7,1603.5,1601.2,1522.6,1449.4,1386.1,1437.4,1409.9,1436.8,1421.9,1344.8,1329.3,1316.1,1292.9,1256.9,1175.1,1057.0,1099.6,965.5,945.3,905.9,889.2,817.1,757.4,659.6,666.2,575.8,556.1,489.0,454.2,365.7,370.3,366.3,329.9,267.3,269.8,248.2,206.9,205.5,180.1,190.9,180.8,166.6,180.5,185.8,159.9,164.5,145.2,134.9,136.6,151.0,136.9,155.1,157.4,154.7,146.7,142.9,142.3,173.0,164.5,115.3,134.1,153.9,153.1,139.5,152.1,163.3,156.1,144.8,172.8,152.1,160.4,166.6,155.0,146.5,135.2,158.1,152.7,161.2,145.0,158.0,132.4,147.5,155.9,146.8,164.2,188.2,139.2,151.2,134.1,160.7,151.6,137.2,152.9,162.2,141.1,146.6,141.6,178.1,162.0,155.4,160.1,151.5,160.6,157.0,154.8,158.8,140.7,152.1,139.3,157.7,150.0,153.6,132.7,177.4,152.9,134.9,146.6,166.5,172.5,147.7,157.4,167.0,154.5,159.0,168.6,154.1,170.7,158.0,181.1,164.2
2,carbonyl,61.4,40.3,55.0,57.2,52.7,58.5,78.0,60.5,56.5,68.8,60.5,61.1,54.4,49.2,63.6,54.9,79.0,71.9,46.1,64.4,68.3,67.2,76.5,58.7,69.4,74.0,75.6,76.3,62.2,73.8,58.3,78.5,68.9,65.7,65.0,77.8,62.2,73.8,67.7,69.3,65.7,65.9,79.8,76.6,81.5,81.5,74.7,55.2,78.2,68.2,75.4,63.1,72.2,77.4,70.3,72.6,74.5,79.6,76.0,72.5,72.8,86.3,76.7,74.4,90.6,86.2,85.6,83.3,94.9,83.2,68.9,130.9,86.6,130.2,122.5,141.7,155.2,173.7,213.5,217.5,305.1,280.1,338.4,371.9,415.3,448.0,500.4,569.4,561.0,628.9,690.2,729.5,812.1,841.0,839.5,894.2,871.5,971.8,907.7,973.5,949.9,879.1,1008.9,894.0,929.4,908.9,863.2,863.2,849.3,848.6,880.1,888.1,892.1,900.4,960.8,994.8,1006.3,1016.9,1078.9,1114.7,1198.1,1194.9,1223.4,1344.5,1361.8,1387.6,1382.3,1470.5,1472.7,1480.5,1518.8,1518.3,1526.3,1499.5,1337.2,1499.0,1417.2,1551.1,1412.4,1442.1,1443.6,1446.8,1483.1,1481.7,1526.2,1597.4,1659.5,1669.7,1761.5,1751.8,1836.1,1813.6,1951.9,1990.0,2094.8,2007.9,2059.2,2012.1,2014.7,2032.2,1943.0,2027.6,1950.4,1878.0,1809.9,1620.9,1629.6,1509.7,1436.6,1459.0,1341.4,1271.3,1137.4,1088.5,968.7,895.7,870.9,795.8,706.2,616.9,593.5,558.2,474.3,453.3,393.7,378.9,358.9,302.5,286.3,280.9,263.4,231.8,224.1,225.5,193.8,200.2,206.2,182.8,158.1,158.5,184.7,121.1,139.6,144.5,160.2,125.6,139.3,138.9,125.1,138.8,126.7,141.8,122.1,132.6,128.9,110.1,122.4,125.9,115.6,143.1,137.5,128.7,109.2,128.9,141.5,118.5,111.2,134.4,103.3,112.3,139.4,138.8,125.4,131.3,119.4,125.5,143.5,125.8,135.0,130.7,118.5,125.6,138.0,148.9,141.6,143.8,127.4,116.3,136.5,133.6,143.7,151.6,126.6,136.6,124.3,124.8,130.0,144.8,131.1,135.7,129.9,128.6,128.0,132.1,131.2,138.5,122.3,140.4,146.6,136.8,145.1,138.9,151.5,146.2,136.2,123.1,137.2,139.7,142.9,132.0,141.5,126.7,142.2,135.0,119.0,111.9,155.3,137.7,153.8,167.1,168.7,132.1,138.8,143.1,125.3,137.6,141.3,121.1,132.3,142.6,137.6
1,alcohol_ether,114.2,97.9,96.2,81.6,88.4,102.7,87.7,104.7,103.5,94.3,109.3,106.7,89.7,104.1,113.5,108.5,105.6,86.0,118.9,105.9,98.9,110.2,93.5,135.7,98.5,110.2,113.7,122.9,116.4,117.3,117.4,103.2,106.2,100.6,117.6,120.8,123.6,115.8,115.2,127.4,112.2,124.0,104.3,114.8,96.6,97.2,144.5,116.7,113.3,109.8,113.1,101.8,112.8,121.8,136.4,108.4,133.6,115.2,124.1,128.1,109.9,110.9,116.7,129.4,124.5,122.1,158.4,160.3,160.7,139.9,184.2,193.8,217.4,224.6,272.0,325.6,332.3,376.2,446.1,537.5,606.0,707.1,828.7,998.5,1067.5,1152.1,1304.9,1402.4,1471.9,1697.0,1856.3,1916.5,2069.2,2219.9,2247.8,2278.4,2248.7,2331.1,2318.0,2337.1,2320.7,2235.7,2154.7,2164.1,2043.5,1952.2,1793.1,1794.8,1671.9,1649.7,1598.4,1505.7,1550.5,1454.4,1435.7,1556.7,1541.0,1558.9,1598.1,1607.4,1626.1,1618.9,1639.2,1791.6,1764.0,1810.1,1862.7,1768.0,1812.1,1786.8,1734.1,1696.0,1639.9,1596.9,1514.3,1418.5,1300.9,1244.9,1153.2,1123.7,970.9,914.0,841.8,787.0,725.9,677.0,576.5,543.4,501.3,456.7,455.8,408.4,403.3,363.7,349.8,332.0,327.0,308.4,296.7,282.9,284.9,299.8,283.8,269.2,271.9,256.6,256.6,236.3,276.2,265.2,223.2,267.7,225.7,221.0,247.1,262.2,234.8,220.4,221.6,227.6,217.1,210.7,215.2,215.6,227.3,228.8,213.1,209.6,240.2,198.6,195.1,202.4,183.2,180.1,169.4,193.7,194.3,169.6,167.0,169.3,157.4,172.7,172.8,181.7,170.1,176.3,178.5,172.9,174.2,151.9,131.4,152.8,169.9,172.2,148.3,155.0,167.4,180.1,166.8,158.4,158.1,167.8,175.0,160.0,173.5,152.7,183.1,180.8,173.7,148.8,163.4,157.5,175.2,188.8,178.8,148.6,162.0,161.6,188.6,182.7,159.4,152.6,175.6,160.4,179.7,170.0,176.1,173.0,164.5,178.7,176.8,193.9,178.4,171.0,184.4,183.0,143.0,172.9,186.4,164.1,182.4,185.9,165.9,173.4,178.7,171.5,182.2,184.1,153.3,194.0,179.4,211.7,165.8,162.1,178.9,177.1,170.2,195.6,182.2,176.2,179.6,182.5,179.9,170.2,169.7,184.2,190.7,185.3,188.8,198.5,174.5,178.6,173.3,169.8,195.3,178.5,182.3,166.3,191.8,210.5,178.1
2,carbonyl,47.1,36.3,50.4,39.8,41.4,48.0,47.7,55.5,53.2,40.2,53.7,50.6,46.0,58.0,43.7,48.4,53.7,41.3,58.3,40.2,45.0,46.2,57.4,47.4,52.9,55.5,63.5,59.4,53.9,58.2,50.7,62.7,60.6,53.1,69.5,46.1,61.7,55.2,64.5,52.5,66.5,72.3,50.1,48.9,62.6,66.7,66.9,49.7,69.4,66.3,65.9,47.5,72.8,68.0,66.9,68.6,58.2,64.1,70.2,60.3,50.6,77.8,55.6,58.4,81.8,52.2,74.7,68.8,77.9,101.1,99.7,91.7,107.4,101.4,110.8,114.8,143.2,178.8,174.6,174.0,225.2,257.9,290.4,339.1,375.3,411.0,456.8,495.2,560.3,580.8,636.7,687.7,754.7,804.0,788.3,829.2,849.0,938.8,912.2,892.4,881.7,919.1,884.8,855.6,835.8,794.7,736.2,732.9,682.6,710.0,641.3,690.6,598.3,528.3,564.1,533.1,574.3,595.9,506.8,503.6,577.8,546.9,534.3,588.2,606.3,605.2,593.2,656.7,657.9,737.2,688.7,800.1,751.5,759.9,821.0,841.4,853.9,903.4,965.0,1009.0,1003.1,1097.8,1157.8,1253.1,1345.9,1470.7,1486.1,1666.6,1665.2,1798.9,1853.2,2047.2,2042.9,2141.8,2182.3,2250.7,2259.5,2282.5,2261.2,2319.9,2275.3,2271.5,2405.7,2337.0,2170.0,2262.9,2155.3,2107.1,1934.3,1886.0,1813.7,1788.9,1674.1,1616.5,1546.3,1489.8,1418.4,1365.8,1292.9,1173.6,1109.2,1127.6,1030.7,1025.0,926.4,895.7,882.7,744.2,826.2,705.6,657.9,690.5,617.7,533.3,508.2,483.0,459.5,410.9,385.9,354.4,354.5,328.3,268.8,280.4,237.0,237.3,212.4,208.3,208.5,170.3,188.9,160.0,167.3,129.8,123.2,133.0,123.9,132.4,119.1,118.8,126.2,103.3,117.9,128.8,134.3,130.4,128.2,130.9,128.9,115.9,119.9,120.8,121.8,104.8,121.6,129.4,111.8,128.3,145.1,125.2,125.3,136.3,139.3,127.7,132.6,130.7,135.8,144.3,128.6,116.1,131.4,149.9,148.1,132.7,123.3,119.0,143.2,129.8,127.3,133.7,133.9,161.1,129.5,122.5,138.6,132.1,146.2,121.4,129.5,132.8,134.7,118.0,146.3,129.2,146.2,105.0,136.5,148.4,130.2,156.6,128.4,115.1,136.9,127.0,132.9,172.9,142.6,134.9,133.5,154.3,156.0,148.5,125.0,149.5,161.0,155.2,138.9,139.0,151.3,152.3,135.3
0,hydrocarbon,54.0,65.5,75.5,67.2,65.7,52.3,66.9,63.9,56.4,58.5,58.7,78.2,63.5,60.9,70.7,65.4,64.1,74.4,76.9,72.8,82.7,73.0,74.7,77.1,78.8,76.6,62.3,82.0,70.7,79.7,70.0,75.4,83.6,73.1,67.8,87.4,90.0,81.8,79.7,77.4,88.8,97.0,60.1,85.5,69.7,76.9,72.8,64.7,89.3,88.2,94.7,90.0,75.9,63.8,85.3,81.2,95.0,83.4,85.7,89.9,112.5,89.4,93.2,103.7,103.9,124.5,120.3,123.3,167.4,184.7,227.5,213.7,293.2,336.9,415.9,508.1,643.9,721.1,834.2,1053.2,1160.2,1284.2,1566.7,1715.3,1899.4,2126.3,2441.0,2638.5,2771.9,2997.5,3062.1,3216.2,3421.1,3528.8,3563.9,3612.7,3585.3,3451.0,3308.8,3240.9,2987.5,2856.3,2681.2,2513.4,2251.9,1993.9,1902.4,1652.2,1524.6,1336.8,1208.4,1042.3,836.4,793.3,692.8,644.7,593.7,563.5,511.0,477.5,471.4,431.4,403.5,422.6,417.8,399.4,383.4,397.4,383.6,366.6,409.8,384.0,379.1,350.3,376.6,346.6,342.0,354.5,336.1,335.7,320.2,371.6,362.5,395.4,373.6,374.2,372.3,425.3,449.8,398.8,421.7,398.1,429.6,458.4,445.5,438.3,459.5,434.3,428.1,427.0,435.1,427.8,368.9,429.7,327.0,346.0,297.4,279.1,279.1,267.4,227.0,251.9,229.7,179.2,189.5,185.3,183.7,173.2,172.6,150.9,147.3,155.7,158.4,151.0,134.9,146.3,135.1,133.4,141.1,134.9,144.7,148.0,130.0,130.4,106.0,138.9,120.3,136.3,138.4,125.8,136.2,128.6,154.4,110.2,134.2,126.4,144.1,124.8,132.6,120.6,121.6,129.0,125.8,134.4,112.8,137.4,144.7,146.9,131.3,130.8,117.7,129.3,116.0,111.3,132.3,153.6,124.8,134.2,131.6,133.8,127.6,160.8,127.1,131.5,127.9,146.8,160.1,155.5,144.9,125.4,149.6,155.8,140.2,142.6,126.9,117.2,150.5,121.6,131.3,133.4,147.5,125.0,127.2,136.3,136.1,145.6,152.1,149.8,154.3,149.5,140.0,139.4,144.4,138.0,122.5,138.9,155.5,144.3,135.3,128.2,128.9,128.7,165.5,156.6,145.7,143.3,172.9,133.0,154.6,161.0,135.3,147.6,154.2,155.8,152.9,167.8,164.7,156.4,139.1,163.0,169.6,150.7,153.2,162.5,155.5,141.0,161.9,162.6,171.5,158.9,154.5
1,alcohol_ether,47.1,47.6,50.5,61.0,49.8,38.9,54.3,52.0,51.9,75.5,62.9,49.5,44.3,47.6,50.9,54.4,54.0,61.2,47.3,57.8,72.5,54.8,55.4,47.1,61.8,61.4,58.0,52.5,52.8,55.1,62.1,59.2,63.8,63.2,62.6,80.2,45.5,76.2,59.4,68.2,54.2,63.6,68.4,60.3,59.8,70.6,68.1,70.3,54.3,65.0,61.9,64.8,57.5,61.5,67.0,65.5,42.8,56.3,63.4,66.1,65.3,64.9,67.6,73.5,72.8,65.8,79.1,87.5,94.5,103.2,118.7,120.6,148.3,164.7,210.9,197.2,266.1,300.0,387.6,406.9,495.3,605.8,593.6,691.9,806.6,890.4,1066.4,1063.2,1230.4,1419.0,1421.1,1513.4,1640.0,1742.3,1779.8,1802.4,1897.1,1985.7,1877.4,1957.0,1975.7,1897.2,1821.6,1745.0,1673.2,1586.8,1579.7,1494.4,1371.7,1377.9,1362.0,1406.8,1299.6,1318.5,1374.6,1437.6,1460.5,1463.1,1506.9,1555.0,1682.5,1684.6,1776.4,1757.7,1867.7,1835.6,1982.4,1948.6,1931.2,1945.2,1886.8,1814.5,1648.5,1722.1,1617.7,1450.3,1370.5,1299.7,1214.3,1189.1,1047.3,964.3,862.2,794.9,746.7,658.5,593.9,557.2,460.2,423.2,431.2,388.8,366.3,353.8,366.1,304.9,334.2,288.2,338.9,295.4,345.0,304.5,319.5,336.9,320.1,357.8,346.5,345.4,318.0,361.9,375.0,358.3,383.5,378.6,417.0,376.8,430.3,423.0,428.2,431.6,382.5,396.5,396.8,411.2,367.4,400.0,365.8,370.2,367.6,334.9,330.4,342.0,316.0,289.3,243.1,248.0,230.5,266.2,215.6,218.4,205.8,166.8,171.8,166.3,195.7,154.8,154.1,134.0,134.5,153.9,148.8,138.6,128.3,134.4,158.7,144.9,115.1,118.6,114.4,118.1,105.2,114.5,142.6,133.2,125.5,131.6,133.1,108.7,135.9,131.1,97.6,122.1,123.7,114.0,118.6,100.3,132.0,113.1,129.2,146.0,143.1,147.5,109.2,118.7,137.7,121.6,125.8,116.6,127.1,149.3,139.6,126.5,128.6,123.7,125.1,135.3,125.7,123.1,137.6,116.2,111.1,130.9,132.9,141.1,136.4,119.0,131.9,140.7,145.5,119.8,146.7,144.9,121.6,154.5,145.4,137.9,136.9,128.1,139.7,126.2,139.1,133.4,144.7,148.2,150.0,153.5,131.5,160.5,118.6,143.7,141.7,117.7,148.2,143.5,134.7,131.4,174.4,152.2,130.9,151.2,133.0
0,hydrocarbon,58.6,62.8,67.2,41.4,46.6,57.9,58.9,48.4,58.0,57.9,49.1,51.9,61.0,58.5,53.8,43.7,66.0,70.0,85.0,62.4,55.5,57.6,62.5,51.2,77.8,63.0,65.9,51.2,70.7,61.0,57.7,61.4,53.2,49.7,57.5,59.7,65.1,70.5,62.6,64.0,59.9,56.9,73.4,55.8,59.9,52.6,63.8,66.7,68.5,65.6,72.5,56.6,58.1,57.6,78.0,81.6,64.6,67.7,63.3,67.2,76.8,65.3,71.5,82.2,84.6,103.1,117.7,113.3,131.8,149.3,191.1,202.9,247.0,274.8,294.3,411.5,472.9,530.2,579.1,705.6,841.3,937.7,1139.2,1280.5,1449.6,1595.1,1868.7,1977.3,2147.0,2266.8,2538.5,2638.5,2815.8,2996.6,3104.0,3090.3,3150.7,3212.1,3317.1,3172.8,3267.2,3105.8,2975.9,2871.1,2745.0,2570.0,2373.9,2230.6,2090.6,1956.7,1688.6,1612.8,1429.4,1302.2,1191.8,1081.3,898.8,837.4,709.5,667.0,563.9,543.2,459.4,455.0,413.8,387.4,393.7,340.2,350.6,333.2,374.8,361.4,367.5,400.4,386.7,361.3,400.3,413.3,464.7,415.1,456.1,402.7,488.0,471.3,532.9,535.0,552.1,602.2,587.2,596.6,618.4,664.6,634.0,701.0,709.2,769.7,691.0,701.1,753.4,702.9,678.8,714.4,665.2,649.0,661.9,630.7,597.5,543.2,548.2,503.5,462.5,496.4,444.0,403.3,365.9,364.4,323.5,265.6,268.1,264.6,223.4,219.1,192.3,163.0,147.3,137.6,139.4,119.3,114.5,134.4,128.4,81.7,100.9,108.9,97.2,74.2,80.8,98.0,76.6,75.1,78.3,88.0,97.6,78.2,63.0,87.3,84.2,85.8,81.6,86.4,77.2,100.3,77.1,91.0,74.3,87.0,87.1,86.5,73.8,83.2,93.6,72.0,90.2,94.6,78.1,70.6,106.6,76.4,73.0,81.3,90.8,93.1,82.9,91.2,86.6,70.8,78.1,99.8,81.4,102.5,83.8,91.3,98.9,103.0,94.2,83.3,103.2,81.6,85.3,82.7,81.9,89.7,110.8,93.8,79.3,79.5,97.0,72.0,100.1,63.6,95.6,99.1,76.1,98.2,96.0,101.4,96.7,95.6,95.9,102.6,93.5,88.5,98.0,94.1,91.8,78.7,103.5,85.2,95.3,81.1,100.7,86.4,95.7,99.2,103.2,95.1,97.1,97.1,105.4,105.0,91.3,90.1,71.6,89.0,99.1,93.4,97.1,89.7,97.7,77.5,99.4
0,hydrocarbon,125.0,121.5,123.7,124.7,106.8,153.1,121.0,115.9,121.1,129.5,125.2,116.5,98.4,120.3,123.4,119.9,136.0,106.2,111.0,122.9,121.0,145.4,129.8,114.2,106.6,106.6,132.5,110.3,148.5,133.3,127.8,129.8,130.2,130.4,137.5,133.3,127.0,143.3,142.0,126.2,143.0,143.5,153.5,118.9,137.7,142.4,135.2,133.3,122.2,135.7,136.7,140.9,133.9,105.1,155.3,140.8,145.3,163.5,126.8,152.8,139.3,170.8,184.8,162.7,200.0,177.7,228.7,232.7,273.3,312.5,356.2,402.4,483.4,550.6,617.8,761.2,798.5,1010.3,1096.3,1336.4,1491.8,1684.1,1870.9,2063.0,2259.7,2458.8,2711.5,2913.9,3139.1,3380.6,3495.5,3622.6,3862.5,3945.9,3950.9,3991.2,3994.1,4043.4,4043.7,4019.7,3919.4,3838.2,3475.5,3316.3,3196.7,2945.6,2745.5,2500.5,2295.6,2080.0,1877.9,1707.1,1499.0,1338.9,1149.7,1027.9,907.5,827.5,709.8,636.3,546.2,539.8,435.6,437.3,378.1,308.8,350.7,292.7,289.1,251.9,293.9,281.7,281.4,249.9,223.4,200.5,208.9,221.0,224.4,224.5,215.0,224.9,218.6,201.2,216.9,214.4,198.6,214.7,168.8,214.9,172.9,193.6,195.5,180.8,185.9,192.8,180.1,186.4,180.0,179.2,164.0,149.7,175.7,180.7,202.0,182.1,171.7,170.0,166.0,171.4,183.0,183.4,197.6,171.1,215.6,164.3,197.8,176.0,194.4,167.4,166.0,205.9,182.9,206.4,164.4,176.7,180.3,193.0,208.8,182.0,196.4,211.7,170.8,193.4,186.3,185.2,188.9,194.2,205.2,188.2,173.0,173.3,209.0,185.1,187.8,188.0,194.1,212.1,185.6,208.5,196.7,192.6,199.6,190.2,202.1,195.1,208.3,205.0,222.9,209.7,208.7,200.6,201.3,192.5,228.1,207.8,190.7,204.2,199.1,208.0,199.9,185.0,194.9,199.3,236.8,211.9,187.0,211.6,209.4,200.1,237.8,193.8,198.4,229.3,220.2,217.5,206.0,240.4,228.3,192.7,210.1,212.5,218.7,200.9,223.2,228.2,220.2,211.6,218.6,243.4,215.9,189.0,242.4,222.8,212.0,218.9,222.8,223.7,212.7,235.7,224.5,209.1,244.4,237.7,226.6,224.4,214.1,235.6,221.8,223.0,232.8,230.9,217.8,222.5,235.7,208.9,175.8,221.2,228.6,235.4,201.8,230.4,215.4,264.1,221.7,238.8,236.8,253.5,237.4,228.9,237.8
0,hydrocarbon,34.2,46.3,46.5,32.1,35.9,44.4,39.9,47.4,41.6,38.5,43.1,58.7,47.6,34.9,48.0,45.1,47.9,49.7,53.6,56.9,35.6,36.1,38.0,42.7,53.4,48.3,48.1,60.6,37.5,55.6,51.8,52.5,41.4,61.0,54.0,53.3,53.0,45.9,51.9,65.0,58.0,56.5,65.3,56.4,68.6,70.0,66.0,57.9,54.7,63.3,59.8,61.8,65.3,71.2,51.4,70.9,61.3,67.1,56.3,83.1,64.3,97.4,95.9,93.0,114.0,111.6,130.9,154.7,167.7,196.5,223.7,277.0,339.1,375.0,465.5,528.9,655.5,704.2,815.3,921.9,1152.3,1266.4,1328.7,1577.9,1736.5,1825.9,2101.6,2311.0,2520.6,2614.7,2833.5,3051.8,3142.8,3133.0,3261.4,3316.4,3356.5,3308.4,3373.6,3445.3,3229.1,3162.0,2955.8,2879.2,2741.7,2531.4,2410.2,2283.5,2073.1,1905.6,1764.2,1561.9,1424.6,1323.3,1078.1,986.6,875.5,748.6,713.4,598.9,535.4,459.8,425.8,421.2,313.8,348.4,299.2,297.7,283.4,264.6,294.2,321.1,306.0,315.5,320.5,351.7,355.2,331.2,370.2,389.7,382.1,458.7,448.9,483.6,499.5,514.3,527.6,596.7,616.5,632.2,653.1,638.0,673.9,705.5,692.8,699.0,712.7,687.3,696.7,671.2,663.9,713.5,677.4,688.4,623.4,597.0,612.6,569.9,548.4,500.1,536.8,472.2,383.4,413.8,383.9,366.3,339.0,289.1,277.5,285.7,262.7,247.4,215.2,213.0,207.0,189.6,175.1,176.3,159.2,148.8,132.4,155.6,112.2,127.1,149.6,126.5,130.3,120.6,142.3,112.9,126.4,126.1,108.3,153.3,115.9,123.0,112.0,125.3,120.7,114.1,132.4,117.3,143.3,104.0,123.0,117.2,123.5,116.6,108.8,129.6,131.1,121.2,130.7,123.0,128.7,117.0,129.5,146.6,123.8,127.3,123.7,127.5,122.6,128.0,129.4,117.5,130.6,117.7,132.6,137.7,120.9,156.0,149.8,125.8,133.1,159.8,144.3,161.7,139.3,121.6,144.0,133.3,123.1,138.1,124.1,124.6,155.0,137.7,147.2,124.6,130.6,137.7,135.7,142.6,154.5,139.6,144.6,131.6,131.4,153.5,161.3,123.9,123.6,157.3,145.3,132.8,116.9,170.1,145.2,153.0,143.8,138.4,154.8,155.5,149.1,147.7,149.5,149.1,179.4,155.9,155.3,172.7,145.6,141.8,157.0,143.3,164.2,165.7,163.4,148.0,158.1
2,carbonyl,79.4,72.0,58.4,75.6,82.5,54.0,71.3,63.8,87.3,84.2,74.6,86.3,66.3,77.8,77.4,81.3,80.8,90.0,105.0,78.5,96.8,82.1,72.0,93.2,78.9,96.3,71.6,91.0,97.0,88.8,91.2,75.6,79.8,93.4,84.9,101.3,96.0,93.9,87.5,76.9,78.4,98.7,82.3,79.2,91.7,109.0,79.7,86.2,89.5,94.7,95.7,96.7,80.7,97.1,120.5,98.3,88.2,94.2,94.2,75.9,112.2,102.7,105.2,89.8,87.9,102.1,100.7,102.8,127.8,109.7,129.7,131.5,146.2,142.0,189.0,193.5,210.2,259.2,271.4,310.8,362.1,427.2,487.3,612.6,650.7,787.8,823.2,889.7,1050.7,1118.6,1200.0,1348.5,1350.3,1467.0,1544.6,1559.6,1639.3,1680.5,1662.8,1644.2,1574.5,1628.5,1498.1,1495.3,1363.4,1302.7,1253.1,1210.5,1132.3,992.0,902.2,886.9,780.5,700.8,698.0,624.3,617.1,573.6,568.2,556.1,517.2,530.3,522.3,528.0,590.1,569.9,554.2,586.1,571.9,627.5,639.7,603.3,658.4,617.9,657.0,710.6,686.8,737.8,785.1,728.4,823.0,863.8,900.4,954.4,1030.7,1153.6,1147.6,1288.5,1334.6,1386.4,1434.6,1567.7,1536.4,1715.6,1617.6,1763.5,1729.7,1766.0,1775.8,1883.4,1838.9,1807.9,1700.7,1735.7,1751.8,1707.5,1636.1,1533.2,1439.7,1482.7,1331.3,1272.2,1264.7,1227.3,1115.6,1132.4,1032.3,1009.9,967.8,935.2,848.3,890.6,833.5,839.3,791.0,762.2,675.9,649.7,612.8,617.7,578.4,501.0,517.7,498.6,416.9,428.4,435.1,358.4,330.6,307.7,327.8,267.9,249.7,278.6,248.1,208.3,224.9,202.8,209.3,186.5,179.0,195.2,172.6,175.8,162.8,153.2,186.3,170.1,166.6,178.3,165.7,147.9,159.2,134.7,133.2,163.7,170.5,174.1,169.9,188.1,185.5,135.1,162.4,177.0,169.5,151.0,170.7,162.4,181.3,161.2,169.5,186.7,170.0,184.6,177.3,153.8,153.8,155.0,163.5,167.1,178.8,163.8,170.6,151.1,184.5,168.5,177.9,193.1,145.0,166.2,167.8,167.5,163.8,181.5,195.5,168.3,190.8,181.4,161.5,180.1,150.9,191.3,183.9,171.9,165.6,204.6,158.3,199.9,173.8,173.4,190.2,164.0,204.4,174.5,180.1,182.0,183.2,189.2,199.4,188.1,172.4,194.9,206.8,171.8,183.0,198.0,214.1,202.0,177.6,176.0,195.6
2,carbonyl,93.1,90.9,88.8,99.7,79.1,86.9,77.9,95.0,116.7,92.6,81.3,80.8,80.5,83.6,85.8,105.2,93.0,95.5,76.6,80.6,95.5,99.9,82.2,88.3,78.8,89.5,75.5,100.4,96.1,96.5,93.2,78.4,97.3,106.2,99.9,104.2,99.2,89.2,111.8,93.1,97.8,108.1,119.6,110.3,83.8,87.5,93.9,78.6,99.1,89.1,99.1,98.0,99.5,97.0,94.9,121.4,103.0,96.3,109.5,110.5,122.1,114.0,112.4,110.8,117.7,115.0,123.2,137.6,149.9,147.4,192.0,201.2,251.8,279.9,327.0,334.1,400.2,470.9,543.5,553.0,726.5,760.8,852.6,935.9,1094.1,1124.0,1285.3,1381.9,1418.0,1544.8,1630.6,1696.9,1746.3,1840.8,1917.8,1861.0,1800.5,1870.2,1850.8,1750.5,1820.9,1680.2,1530.2,1587.8,1488.4,1358.3,1360.6,1350.3,1136.3,1152.7,1130.9,1065.3,1023.0,1150.4,1096.1,1116.6,1107.6,1084.3,1144.9,1175.7,1152.1,1235.8,1161.9,1238.7,1174.3,1207.7,1293.0,1233.7,1250.5,1248.2,1184.0,1125.6,1165.0,1124.3,1077.6,1077.9,983.2,998.6,997.8,948.4,924.3,929.7,922.8,948.9,899.1,920.0,948.5,996.6,915.4,985.3,984.0,1029.5,978.6,988.1,962.6,999.4,1062.6,988.2,1009.8,972.9,1016.6,998.7,943.4,941.9,971.3,914.0,924.0,899.6,915.1,826.7,815.1,773.6,795.9,820.5,834.3,762.1,739.3,730.7,743.9,704.8,679.1,650.4,677.3,594.7,607.9,579.5,511.8,564.9,496.6,471.5,442.1,444.0,421.1,387.6,360.9,345.2,349.7,287.9,275.1,245.2,252.4,260.2,241.4,214.2,218.1,210.1,203.2,199.1,187.4,172.4,151.9,186.1,162.2,174.6,149.6,180.7,153.2,137.3,143.0,161.8,148.4,130.7,143.7,141.3,163.3,147.3,137.7,160.6,141.3,175.2,164.3,125.7,140.0,148.5,160.5,113.5,167.8,156.6,145.6,164.6,161.1,128.8,133.8,141.2,149.7,134.8,157.2,153.1,142.4,162.7,185.4,158.8,166.8,154.1,158.8,148.3,149.1,179.4,152.6,150.6,159.9,146.9,165.9,145.4,160.1,148.2,147.3,163.3,153.5,179.6,169.0,154.7,167.5,154.7,142.5,162.6,140.3,164.8,181.8,177.5,171.8,173.1,172.2,167.8,147.7,152.5,192.9,167.9,147.0,130.1,181.3,195.2,155.3,173.1,175.3,153.0,169.8,168.5,174.6,166.1,175.9
1,alcohol_ether,53.0,49.0,43.9,53.9,66.8,55.7,52.2,42.8,58.9,51.7,49.3,59.6,50.9,53.8,50.4,38.2,52.8,45.2,63.3,52.8,65.7,70.2,57.2,61.8,56.7,55.0,50.8,54.1,63.1,54.9,66.8,55.0,71.6,53.7,53.6,74.4,67.1,77.1,69.0,63.1,72.0,63.4,63.5,52.2,70.0,64.5,87.1,72.5,68.1,80.8,55.1,70.9,64.1,67.5,70.5,76.7,70.2,86.1,72.0,70.8,70.5,68.7,90.7,83.1,62.9,93.4,110.0,107.4,108.1,140.7,171.7,177.2,189.3,238.6,311.1,316.2,399.6,477.8,547.5,660.3,670.1,806.8,887.1,990.3,1164.8,1261.1,1388.6,1442.5,1616.3,1668.0,1856.8,1912.3,1950.4,2069.1,2095.3,2104.3,2091.6,2127.6,2080.3,2012.8,1907.1,1873.6,1825.2,1760.5,1679.2,1600.3,1488.8,1471.2,1402.0,1365.7,1289.0,1225.7,1207.5,1254.9,1224.7,1257.7,1319.3,1316.9,1337.1,1353.6,1366.7,1432.5,1457.3,1436.1,1478.3,1503.3,1400.0,1408.2,1485.8,1347.7,1375.7,1295.0,1247.2,1221.8,1099.3,1026.7,979.7,888.6,814.7,720.4,682.3,653.0,594.2,527.4,441.9,422.7,379.3,374.0,326.3,291.8,293.0,300.5,290.5,300.5,263.4,291.3,254.6,294.0,291.7,326.8,337.0,381.0,398.0,435.7,444.2,480.6,551.8,595.4,583.4,596.9,659.5,703.0,758.7,692.5,746.5,809.6,819.5,813.1,878.9,836.3,817.5,779.7,762.6,762.4,791.7,759.8,746.3,738.2,667.2,587.9,576.2,546.6,579.4,491.6,489.0,422.1,410.1,376.4,399.2,351.4,314.7,289.9,261.8,255.5,233.4,203.4,198.7,197.5,193.6,156.8,159.0,150.8,148.8,159.2,167.8,152.2,129.5,152.4,173.3,154.6,144.9,150.3,127.9,154.2,125.8,133.3,135.3,150.3,139.6,142.7,142.7,132.0,139.4,126.0,153.4,135.4,132.0,154.7,126.5,149.0,155.2,171.7,149.9,138.7,144.4,141.6,147.2,157.9,153.8,142.3,169.0,126.4,149.0,154.5,140.7,130.0,159.0,163.3,134.0,147.5,150.6,135.5,144.2,163.4,170.3,163.7,184.4,170.9,144.6,154.3,147.0,160.5,164.4,167.7,159.1,162.3,177.1,155.5,143.6,166.2,166.9,193.9,143.6,170.9,151.5,171.4,166.9,175.2,163.3,160.4,168.9,165.1,164.7,176.8,153.1,164.5,187.3,128.8,167.6,183.6,172.1
0,hydrocarbon,72.4,52.2,60.6,52.8,54.1,75.2,70.4,73.0,81.4,67.1,82.1,76.6,73.1,78.8,71.2,62.5,78.7,70.1,63.4,54.5,63.1,80.3,71.3,66.9,65.6,76.7,50.8,82.5,62.8,84.8,81.0,63.9,64.3,85.0,73.1,68.0,72.6,74.6,76.8,84.3,66.2,95.0,69.5,93.4,70.5,67.2,72.0,85.3,78.9,80.9,86.0,85.9,86.0,93.4,90.5,95.1,94.2,104.9,99.5,86.1,84.2,129.5,94.7,120.0,135.3,171.7,198.0,183.5,240.4,259.1,338.4,406.3,466.3,590.0,670.7,784.7,908.7,1033.4,1175.6,1382.3,1541.1,1782.3,1961.7,2212.1,2505.9,2666.9,2915.1,3099.9,3353.7,3519.6,3581.3,3774.7,3869.7,3932.9,4018.4,3998.0,3976.1,3924.8,3865.7,3620.3,3482.6,3323.1,3116.5,2963.2,2654.4,2406.9,2237.6,2080.2,1798.1,1588.7,1423.8,1249.4,1033.5,935.8,774.0,695.2,638.6,517.6,441.4,392.1,335.4,266.6,271.2,255.6,213.0,196.6,169.6,175.3,186.2,176.1,152.6,172.9,149.0,139.2,146.5,150.2,155.9,163.5,149.8,150.9,125.3,138.1,155.2,157.5,178.4,180.8,153.7,190.2,151.4,187.2,169.7,159.1,159.4,171.1,200.8,219.1,177.5,180.7,170.2,181.1,179.4,170.5,153.8,171.7,161.3,163.0,167.8,153.3,173.6,164.3,149.7,145.4,134.1,149.6,155.3,146.9,140.8,142.8,126.1,122.7,128.4,134.8,126.9,140.2,114.7,136.3,133.7,129.2,135.2,116.8,134.3,120.9,126.8,156.9,106.7,130.6,130.3,135.7,124.4,143.1,121.4,127.3,155.2,114.5,133.7,125.6,130.7,118.8,125.4,129.4,125.8,140.3,127.9,142.4,140.6,152.3,138.2,153.0,117.3,159.4,161.5,153.9,132.4,128.1,147.9,130.0,116.8,123.9,138.0,147.2,160.9,136.1,140.6,145.2,130.9,135.7,165.8,138.3,147.7,148.6,136.5,154.0,151.2,164.6,144.7,138.4,151.4,154.2,131.5,133.6,147.8,138.5,142.3,135.9,132.4,154.7,149.9,136.9,161.4,174.5,135.8,144.5,149.3,145.9,162.1,118.3,160.5,162.5,150.7,151.0,150.4,143.8,180.8,140.7,179.9,152.1,141.5,153.9,159.5,143.1,190.2,147.5,164.2,152.0,159.3,133.0,133.7,176.0,152.8,146.2,138.9,156.7,161.3,174.7,161.4,151.0,163.1,150.9,167.1,176.0,182.9
0,hydrocarbon,78.2,45.8,53.9,77.4,70.0,56.9,80.4,63.1,81.4,59.8,60.0,50.9,55.0,65.1,67.6,54.1,74.7,65.0,79.9,61.2,64.2,57.8,86.2,73.4,75.0,72.7,80.9,71.8,68.6,91.4,73.2,62.4,76.5,77.7,90.2,67.0,63.7,66.5,73.8,87.6,89.6,82.5,75.4,84.7,79.4,71.5,74.8,85.5,94.0,72.1,77.4,95.2,87.1,87.9,88.5,80.3,92.1,99.2,88.5,88.2,102.1,112.2,125.3,111.1,140.8,150.5,166.9,199.5,242.5,288.1,314.3,345.1,442.4,489.2,554.5,652.2,775.7,847.5,1000.2,1093.7,1263.8,1355.7,1595.1,1725.7,1922.1,1975.9,2108.4,2296.0,2390.4,2508.6,2599.0,2760.4,2741.4,2767.0,2917.3,2836.4,2765.1,2777.9,2727.1,2644.8,2532.5,2403.6,2307.0,2191.5,2142.2,1968.8,1895.2,1860.9,1778.3,1696.7,1725.9,1596.8,1506.0,1451.1,1494.1,1561.8,1501.0,1493.8,1464.0,1498.8,1449.0,1468.5,1525.7,1477.6,1499.6,1494.8,1403.5,1381.0,1418.2,1332.9,1183.8,1194.8,1160.2,1081.6,1077.5,1014.1,915.4,833.8,758.4,718.3,630.7,595.0,558.3,479.6,440.8,396.8,325.4,298.5,314.1,245.9,248.6,235.2,186.7,173.0,173.5,148.0,144.4,146.7,131.8,157.9,119.2,109.7,112.8,111.9,128.5,106.3,98.7,120.2,83.0,97.3,104.6,107.2,140.9,111.8,103.6,103.0,113.2,134.3,105.8,129.4,104.8,105.9,114.5,116.4,106.9,92.8,111.2,117.0,113.4,103.5,101.9,123.2,127.2,131.6,100.8,123.3,117.4,114.9,117.5,112.7,112.6,103.9,100.2,129.0,118.6,120.4,116.3,125.9,110.5,130.8,127.0,136.3,117.5,123.0,112.3,132.5,117.4,102.9,104.6,97.5,143.1,145.3,140.3,126.0,145.5,116.3,121.2,129.9,133.1,123.0,121.2,122.9,113.8,132.6,112.3,116.7,119.8,112.4,128.8,105.7,125.9,115.9,133.3,119.3,138.4,138.8,144.8,135.0,131.6,104.4,113.7,147.0,138.5,129.4,133.2,118.5,138.5,115.8,120.9,141.9,137.7,146.3,132.6,137.7,135.0,151.3,162.9,104.5,125.5,127.8,141.6,166.2,112.5,151.2,124.3,124.9,116.7,152.1,152.8,130.0,135.7,146.8,151.7,149.4,143.0,164.7,143.1,144.8,132.3,134.9,129.0,159.7,152.8,154.0,149.9,131.0,137.0,146.5,110.9,126.9,134.4
1,alcohol_ether,86.0,90.8,78.9,71.0,100.6,94.9,73.3,97.3,100.0,78.5,82.6,95.8,88.0,76.3,101.2,74.1,75.9,89.4,81.3,63.3,93.1,78.7,88.6,93.9,83.5,97.5,92.3,102.9,81.7,90.6,89.1,72.9,93.2,74.6,92.8,87.7,84.0,104.6,96.3,94.3,85.0,91.0,103.4,102.1,95.6,69.5,86.9,89.4,92.8,78.6,84.3,97.3,100.9,102.2,95.5,89.4,102.8,97.4,85.4,98.6,119.3,93.3,96.6,97.7,87.9,100.3,114.4,102.1,136.8,122.1,158.7,134.9,173.6,179.6,204.8,233.9,254.5,288.0,339.4,385.7,435.7,455.3,557.4,600.4,679.3,718.4,791.0,913.2,1000.8,1099.3,1148.8,1212.1,1240.9,1315.4,1348.9,1414.5,1422.4,1427.9,1489.7,1419.0,1473.6,1394.1,1410.8,1471.0,1381.7,1496.7,1333.1,1326.2,1414.1,1414.3,1595.1,1534.7,1647.8,1764.8,1797.5,1927.6,2022.5,2191.5,2186.1,2248.2,2433.4,2500.7,2647.8,2643.0,2694.3,2701.4,2781.3,2883.0,2816.9,2715.4,2724.9,2541.6,2479.9,2300.7,2228.0,2124.3,1977.1,1847.5,1634.2,1532.5,1489.4,1294.4,1229.9,1011.5,966.1,865.9,759.0,672.8,617.9,523.5,467.8,431.8,419.2,380.9,342.0,336.5,295.7,274.0,275.9,240.5,240.1,234.3,230.4,199.8,210.5,222.1,211.5,198.1,209.6,201.3,175.6,197.2,157.6,172.0,154.7,159.4,142.7,158.4,153.4,134.8,141.6,153.1,138.2,152.3,144.6,122.9,130.6,131.4,128.3,134.3,121.7,127.2,136.9,132.8,121.6,127.1,141.5,134.3,133.4,117.2,121.0,133.2,130.1,128.7,115.0,138.5,108.1,109.8,134.0,125.6,128.3,130.7,135.4,136.8,139.9,111.2,129.7,117.8,130.2,152.5,149.0,121.8,125.3,133.9,133.9,132.3,134.6,116.5,128.2,159.7,126.5,135.0,125.6,128.0,163.4,119.2,135.8,131.5,135.0,140.6,112.8,139.1,141.5,134.2,121.5,154.9,123.4,139.2,150.3,133.5,147.0,144.5,154.5,128.1,143.5,134.5,146.7,141.8,152.7,148.9,141.1,147.8,135.8,141.2,151.0,160.9,140.0,149.5,137.7,141.3,129.0,153.0,149.4,153.2,142.9,148.4,157.0,137.1,158.4,152.8,150.3,134.4,161.7,130.2,127.1,141.3,139.8,159.4,141.0,165.8,132.2,146.6,155.8,132.7,153.2,140.3,129.7,139.3,143.3,164.0,152.5
3,carboxyl_ester,92.2,100.8,92.7,92.1,87.3,104.0,94.0,84.6,88.5,95.9,76.1,97.1,73.5,111.6,90.8,81.4,77.7,98.5,94.0,109.4,80.3,92.0,88.5,105.5,67.1,91.6,102.9,83.5,92.3,98.3,86.1,95.8,92.7,112.3,92.0,90.6,99.5,86.0,105.0,93.6,98.0,102.3,100.8,89.5,87.3,86.9,103.4,98.5,100.8,98.6,124.2,91.6,124.3,82.5,81.1,105.9,82.2,118.1,105.3,112.8,103.7,109.7,112.7,101.5,93.6,107.8,120.6,97.9,129.1,115.8,131.8,116.2,144.0,128.8,141.5,160.5,152.5,194.1,207.3,206.2,198.4,259.6,250.7,289.3,295.1,321.1,318.4,352.9,375.0,388.1,385.1,452.1,439.7,462.8,471.0,458.5,508.9,455.3,481.3,434.2,473.6,485.1,512.6,527.8,547.4,557.5,533.5,605.1,657.4,676.1,765.2,806.3,904.8,879.2,981.4,997.0,1106.5,1095.8,1119.3,1230.4,1248.7,1263.2,1301.0,1326.7,1263.9,1297.7,1242.6,1274.6,1260.2,1242.9,1151.3,1129.0,1058.1,1073.9,913.8,980.4,902.7,858.3,859.5,797.5,751.7,688.8,700.5,706.5,683.0,662.0,731.1,681.3,744.2,765.9,775.1,831.7,866.3,904.5,939.1,999.4,1051.6,1000.2,1076.3,1241.6,1185.2,1367.4,1369.3,1489.8,1566.0,1578.2,1714.1,1793.6,1898.3,1884.3,1978.4,2095.9,2134.1,2238.6,2181.2,2136.3,2247.1,2183.9,2257.3,2221.9,2124.5,2112.4,2071.8,2050.4,1972.3,1901.2,1825.9,1644.6,1587.6,1453.9,1388.2,1236.7,1163.4,1043.5,970.7,897.6,814.7,720.3,663.2,585.2,534.4,459.3,423.8,374.7,363.9,295.1,256.7,272.7,263.0,237.3,206.2,211.8,160.0,200.2,156.6,161.9,164.0,121.8,134.5,145.2,149.6,154.5,152.9,140.2,157.1,152.1,141.3,151.5,156.7,125.6,146.9,160.5,151.6,141.9,144.6,122.2,115.9,152.6,151.2,145.3,165.6,144.0,145.5,146.0,148.7,146.2,165.4,136.3,169.3,146.5,128.4,167.7,152.4,164.8,147.2,143.5,153.1,141.2,154.7,150.7,161.3,145.6,130.9,162.5,176.6,150.2,159.8,157.7,164.9,158.0,162.4,136.7,160.2,144.1,165.4,146.6,148.6,156.0,164.9,179.8,156.0,146.8,171.1,181.4,162.0,148.1,155.4,181.8,153.3,137.7,151.5,157.1,163.4,162.5,182.7,134.9,137.2,170.0,165.1,151.9,164.5
2,carbonyl,113.7,103.9,102.2,99.3,106.8,93.9,91.5,121.2,116.6,108.7,108.0,131.8,97.0,101.3,110.8,100.8,113.7,114.0,96.2,98.5,110.9,104.9,90.9,114.5,110.2,117.0,117.8,117.7,109.6,129.2,120.6,79.5,109.1,138.9,123.0,127.5,137.4,127.9,99.2,117.1,138.4,143.1,97.2,112.2,107.4,103.4,132.8,124.1,103.1,109.1,98.8,117.5,136.5,138.6,118.9,129.3,133.1,131.7,123.6,154.5,136.2,161.4,142.1,153.0,157.8,184.9,205.4,205.0,233.2,258.6,301.0,341.5,386.8,441.2,465.9,526.8,632.2,749.1,793.1,929.9,1062.9,1201.1,1319.5,1444.1,1499.7,1699.7,1814.5,1864.6,1992.5,2189.3,2253.5,2377.5,2499.0,2502.6,2554.9,2514.1,2586.8,2430.8,2450.0,2376.2,2325.1,2149.1,2111.4,1924.9,1879.0,1708.0,1643.7,1526.0,1454.9,1362.0,1244.3,1138.0,1047.0,949.5,890.5,830.2,804.0,776.7,739.6,744.8,718.4,701.5,640.3,649.1,675.9,640.1,621.2,622.6,648.2,641.3,627.6,599.5,600.2,617.4,618.3,592.9,599.8,581.5,579.8,536.9,582.6,599.9,607.8,588.8,600.8,637.2,674.6,570.0,662.7,663.6,715.5,739.4,720.4,771.9,780.1,764.7,862.3,795.1,849.9,842.9,849.8,869.4,896.2,907.0,893.9,949.1,1018.9,944.9,883.7,1014.4,1024.7,1019.8,1022.8,1004.5,1054.4,1026.4,1078.4,1082.9,954.3,1010.2,980.8,951.8,990.9,943.2,927.4,926.1,863.4,841.4,802.2,764.9,752.0,725.4,635.3,587.6,614.0,566.1,476.3,465.0,426.3,414.8,404.5,397.4,354.2,314.0,292.8,286.0,276.8,267.3,244.2,232.8,241.0,202.1,228.0,209.8,204.1,201.2,195.2,183.0,187.9,176.6,197.2,183.8,190.4,168.8,189.6,191.7,177.3,169.4,162.8,186.6,210.2,174.9,181.7,187.2,192.6,187.6,185.2,187.9,203.4,199.8,202.8,188.4,188.1,156.1,178.2,196.7,214.4,184.8,198.7,191.5,162.6,198.9,199.4,196.6,216.3,199.0,187.4,191.7,193.8,208.7,229.7,212.6,217.2,209.1,199.8,196.4,164.7,202.4,213.9,231.2,219.7,197.3,197.1,193.4,210.7,191.5,218.8,199.6,194.0,223.1,191.9,210.2,213.8,200.0,197.2,217.2,196.6,221.5,214.4,224.0,190.6,216.1,220.5,228.5,194.7,229.0,227.4,223.1,225.5,228.8,219.4
3,carboxyl_ester,44.6,58.9,73.5,67.8,62.1,60.8,73.6,62.8,56.8,59.4,58.3,45.4,58.5,61.5,56.8,60.1,56.2,55.8,58.0,67.3,58.4,60.7,63.0,51.2,60.5,62.7,59.9,63.0,65.6,60.8,50.9,60.3,58.3,75.7,66.8,75.1,62.9,65.3,59.9,67.9,61.7,82.0,78.5,59.4,53.0,68.6,59.1,85.5,64.6,61.2,64.3,70.4,83.2,57.9,73.0,60.3,49.2,65.7,84.2,70.6,81.3,70.4,80.3,80.3,100.2,99.1,115.0,125.3,140.9,161.2,210.9,215.6,242.9,305.7,372.2,480.5,470.7,558.8,673.5,817.5,957.4,1083.1,1173.6,1419.3,1578.5,1726.5,1938.9,2116.3,2243.1,2482.0,2705.7,2757.7,2902.7,3072.3,3221.1,3100.7,3230.8,3225.4,3129.7,3224.3,2947.5,3118.6,2886.5,2722.4,2641.6,2521.1,2278.4,2028.7,1935.4,1773.5,1508.6,1380.2,1294.6,1097.6,898.8,786.3,695.8,614.6,491.7,460.8,380.0,342.1,289.9,241.3,217.1,209.7,156.8,173.5,191.0,146.3,164.7,156.3,165.7,196.9,192.5,203.6,222.3,245.5,279.5,300.3,284.2,344.8,342.6,356.0,415.6,452.6,466.8,489.6,460.4,493.3,575.9,585.3,612.9,603.8,680.4,640.6,645.0,674.9,624.4,701.5,639.0,698.9,690.1,665.2,625.1,654.7,633.4,666.7,613.3,629.4,656.3,547.5,571.9,520.6,528.3,511.4,480.5,551.5,482.3,468.2,450.0,470.6,423.0,440.8,416.9,385.2,382.6,357.0,359.1,326.2,312.0,298.9,259.4,252.4,280.9,275.8,224.2,233.7,197.9,201.2,171.9,156.9,164.7,152.7,156.7,138.7,137.3,129.4,127.8,125.0,111.0,74.5,106.1,116.8,111.3,112.7,97.7,118.7,78.8,98.0,98.9,84.7,109.6,82.0,89.8,90.3,109.7,94.4,71.9,88.5,96.9,73.0,117.4,93.4,101.1,78.9,91.3,105.3,90.6,84.9,86.6,103.4,94.5,86.1,91.6,83.9,113.8,97.1,95.7,112.0,94.8,91.8,102.3,95.4,86.4,78.6,116.0,93.2,104.7,96.1,105.7,110.5,86.1,113.1,130.6,96.4,92.2,108.4,102.7,107.3,104.5,109.7,80.4,91.4,103.4,96.8,105.5,102.3,103.4,100.2,94.3,105.1,101.5,127.0,94.0,96.5,101.6,102.4,89.9,95.1,97.7,107.1,108.3,86.5,87.5,103.4,104.7,100.9,95.3,103.9,113.1
2,carbonyl,99.3,105.3,121.1,108.3,106.4,109.5,111.0,89.2,102.3,105.5,125.6,115.9,96.5,97.8,92.5,86.6,132.4,107.2,101.8,108.8,124.0,114.3,116.6,116.3,104.4,122.0,111.7,101.2,120.0,120.3,106.4,125.6,101.4,128.3,110.7,119.0,123.2,108.4,123.1,99.8,130.4,107.5,124.1,114.6,146.3,111.9,107.5,124.4,138.7,108.7,121.7,109.0,130.4,99.5,131.4,133.4,132.0,124.8,111.7,138.9,105.4,120.7,132.1,143.9,143.5,145.4,156.4,133.7,151.6,177.0,175.3,186.6,227.7,240.0,296.8,296.5,346.1,361.3,473.8,551.2,619.5,746.7,819.8,939.8,1107.4,1266.0,1362.7,1582.3,1694.2,1885.5,2041.0,2218.7,2279.1,2386.9,2455.3,2586.4,2614.4,2678.3,2739.0,2735.1,2723.2,2631.2,2516.9,2372.3,2226.8,2093.4,2022.9,1884.1,1731.0,1501.7,1419.1,1254.0,1108.1,1034.1,900.9,824.6,727.7,735.9,616.6,611.3,593.2,532.9,485.4,471.0,484.6,465.1,499.8,466.2,458.0,485.1,500.9,477.1,534.9,537.8,504.9,551.2,526.0,593.5,597.2,572.6,631.7,620.5,744.8,728.2,787.1,830.2,886.9,891.5,906.6,1087.3,1034.3,1086.8,1165.0,1130.4,1243.8,1266.0,1284.1,1288.1,1253.1,1338.4,1251.6,1195.7,1201.5,1198.2,1129.7,1025.3,1055.2,1046.0,967.3,919.3,904.8,800.4,729.7,744.4,674.8,624.6,615.1,562.1,515.8,470.2,448.3,450.0,413.5,363.3,325.3,315.3,316.6,327.3,277.2,284.2,266.5,286.2,271.4,256.3,226.8,231.0,216.6,204.4,204.0,210.8,179.2,192.9,185.7,199.6,208.3,175.9,181.8,180.2,182.9,155.7,190.0,176.0,197.6,178.8,169.3,169.4,151.8,176.2,179.9,166.1,182.6,180.7,169.0,155.2,164.1,180.2,176.8,167.2,176.5,174.0,194.8,160.3,190.8,178.5,140.9,172.8,152.2,168.9,198.2,179.0,150.6,164.8,192.9,192.8,181.5,163.1,167.3,189.3,162.2,188.5,172.9,194.4,191.0,174.6,203.1,175.5,187.8,181.7,186.2,189.8,186.4,181.4,167.0,174.7,173.4,173.4,190.0,190.2,202.2,196.2,202.0,167.8,195.1,196.3,208.2,204.4,184.0,197.9,179.9,197.1,188.5,202.3,207.3,202.3,210.0,188.9,183.8,167.5,192.0,181.9,179.2,166.7,185.3,205.5,195.8,192.0,198.1,226.1,211.2,218.8,191.1
2,carbonyl,81.5,76.0,78.9,62.4,84.6,84.2,70.7,71.9,69.4,83.3,90.2,93.2,77.9,89.4,94.1,84.2,91.5,75.0,74.1,79.6,83.6,77.4,97.9,99.4,86.4,93.5,94.0,76.8,91.4,74.9,96.6,99.6,71.6,92.6,98.7,86.2,93.9,92.9,88.6,95.5,81.0,83.6,78.6,80.8,96.2,84.8,107.1,94.8,87.5,97.1,117.4,93.1,94.1,91.3,102.7,98.3,85.0,81.6,110.4,101.3,94.1,108.4,85.4,108.7,105.7,92.0,107.9,92.4,111.1,135.6,135.1,132.7,162.8,155.8,169.5,179.2,209.7,244.3,259.1,289.4,339.1,387.1,456.9,536.0,548.8,602.4,683.2,749.6,818.3,831.8,933.1,968.0,1021.2,1046.0,1118.4,1229.7,1184.7,1144.9,1222.1,1169.4,1176.4,1112.6,1172.8,1045.9,986.8,914.7,887.4,853.9,725.0,668.4,619.7,595.7,539.5,483.1,442.7,413.4,346.0,342.1,326.1,300.5,322.8,260.3,288.1,259.6,244.8,256.4,265.9,277.9,311.9,351.7,347.3,380.9,409.8,396.9,414.9,476.1,520.2,555.7,642.0,715.0,777.2,821.1,876.0,978.5,1124.6,1126.4,1193.0,1318.3,1371.6,1416.1,1624.1,1691.0,1669.3,1747.0,1803.4,1876.2,1865.6,1867.7,2005.5,2061.7,2049.8,2034.5,2032.5,2088.7,1948.4,1947.7,1971.6,1959.4,1930.4,1932.9,1784.5,1817.5,1860.2,1769.7,1795.8,1698.2,1745.1,1739.8,1709.5,1707.7,1609.7,1549.3,1506.5,1492.8,1475.8,1430.4,1388.8,1249.5,1261.2,1189.5,1127.8,1029.7,1042.0,912.5,862.9,830.8,759.4,735.7,652.6,621.2,582.8,486.0,505.2,423.6,375.7,342.0,302.6,274.1,272.9,252.2,220.7,197.1,195.6,202.0,180.8,172.5,149.6,159.8,128.5,159.4,123.7,133.7,140.2,141.0,127.7,144.2,148.0,141.3,132.2,122.8,139.2,117.0,151.6,128.1,142.4,134.0,118.6,133.0,152.3,120.2,145.1,156.3,143.7,127.8,127.1,131.1,117.2,135.6,121.8,131.9,152.4,129.4,164.0,148.1,136.5,135.3,157.0,150.9,141.9,160.7,147.9,137.1,118.9,135.4,150.6,145.2,149.1,145.0,151.6,139.1,155.5,130.1,154.3,157.0,160.1,150.1,150.0,159.7,158.4,155.9,156.8,129.0,135.0,131.0,157.6,137.9,154.6,149.5,160.6,162.4,166.3,132.9,163.9,141.2,155.5,141.9,156.7,165.6,154.3,149.7,152.9
2,carbonyl,84.0,49.1,83.2,88.1,84.7,76.9,85.7,74.4,65.8,78.4,83.0,71.7,67.3,67.2,78.8,83.1,82.7,67.3,86.5,73.3,74.2,82.5,71.7,84.1,70.5,83.9,92.9,76.7,81.5,80.2,89.5,71.9,68.7,81.6,84.2,98.8,76.6,84.1,87.9,75.6,92.1,87.6,96.6,95.0,77.4,86.0,85.8,97.2,95.7,87.8,71.2,92.7,89.1,69.6,81.1,78.6,82.0,85.1,86.9,95.6,103.2,80.0,75.1,104.5,79.4,91.7,85.6,99.3,115.5,148.6,151.4,155.1,187.5,214.5,250.2,256.9,336.3,391.4,460.4,588.8,672.2,776.7,857.3,980.3,1204.4,1374.2,1467.3,1598.3,1934.7,2137.1,2311.0,2378.9,2545.5,2761.1,2749.2,2943.1,3056.9,3079.1,3086.5,3092.3,3084.0,2961.1,2805.2,2758.9,2678.8,2471.1,2302.1,2123.6,1875.2,1696.9,1507.4,1454.2,1270.5,1081.9,977.2,890.6,722.4,706.3,587.7,494.9,433.4,412.2,349.3,327.4,335.0,294.5,317.1,296.0,316.6,290.9,284.0,272.4,321.9,300.5,332.2,321.7,372.1,351.8,404.5,376.0,417.7,493.8,533.1,552.5,559.2,675.9,662.8,697.6,730.3,741.5,829.5,817.9,858.7,913.5,925.4,944.4,982.0,1036.2,941.7,969.1,1016.4,981.6,930.7,943.8,882.1,834.3,815.1,735.5,694.6,671.0,675.2,584.5,583.8,523.9,439.9,430.5,427.7,362.2,327.7,288.9,280.2,247.3,247.1,213.8,203.4,223.5,178.9,136.4,143.0,168.1,141.7,149.7,130.6,125.4,128.5,131.5,113.4,111.7,119.7,91.3,103.8,113.1,103.5,107.7,100.3,84.4,100.8,117.1,122.8,109.3,106.5,92.8,118.5,95.4,108.0,107.4,88.3,116.8,116.4,111.0,99.2,84.4,89.1,115.3,109.9,98.7,98.3,110.3,94.7,130.7,93.6,108.1,115.6,100.9,97.0,104.9,109.5,113.5,110.7,127.1,90.7,107.1,115.2,123.1,121.4,120.3,108.8,102.6,116.1,102.9,118.4,111.2,104.0,113.1,108.6,106.3,98.4,103.2,119.1,138.0,125.1,100.2,105.6,112.7,100.5,106.3,121.3,107.0,122.3,106.9,123.4,110.0,110.5,114.9,108.2,119.8,101.0,108.7,103.3,102.2,124.2,118.5,124.9,103.9,101.8,121.2,138.3,93.9,111.3,129.0,101.8,117.8,121.8,107.6,120.4,106.0,121.9,101.0,122.8,104.8,106.9
2,carbonyl,44.4,45.5,57.2,53.0,57.9,45.8,48.2,50.4,45.8,55.0,39.8,56.5,48.2,72.7,53.1,52.5,49.8,44.1,50.1,54.7,58.2,62.7,54.5,52.7,55.4,44.7,59.7,56.5,62.7,55.4,49.7,61.3,58.4,58.0,71.1,41.8,66.1,50.5,65.4,71.3,67.7,66.8,69.1,60.6,75.4,76.5,63.1,80.2,67.4,45.6,70.9,54.2,70.3,66.5,57.9,63.6,73.0,57.6,72.6,76.2,75.1,74.7,81.1,73.5,91.4,92.7,69.7,97.1,110.9,125.2,129.4,146.4,171.8,202.8,269.4,260.7,333.5,358.2,477.0,524.5,603.2,667.6,761.2,916.6,1029.6,1138.2,1273.3,1420.6,1487.9,1678.6,1970.5,1938.4,2150.5,2258.8,2368.7,2451.3,2471.3,2586.2,2660.7,2656.7,2656.5,2576.5,2571.5,2459.7,2425.5,2213.9,2166.6,2095.8,1951.9,1736.4,1582.9,1441.1,1328.7,1176.3,1030.9,917.9,908.8,719.1,685.2,557.7,529.6,437.1,369.6,398.1,322.3,306.8,267.1,240.6,267.5,227.0,247.7,257.1,215.4,272.1,246.4,300.8,278.9,278.5,346.6,342.3,379.2,357.8,436.6,443.8,506.9,543.1,527.0,556.8,590.4,610.4,688.6,675.2,737.5,689.9,802.3,808.2,866.6,874.6,865.3,941.1,938.6,910.2,980.9,1008.8,913.8,986.6,1002.0,972.4,985.2,979.0,1002.1,950.5,995.3,974.8,1024.8,1036.6,1020.2,988.5,959.0,968.3,972.2,1009.4,945.2,885.7,910.2,934.1,873.5,858.4,800.5,786.1,777.3,727.8,753.9,695.2,622.6,587.4,567.9,508.1,506.4,466.9,422.1,398.5,365.3,328.0,304.7,295.1,280.5,260.7,215.7,213.2,206.8,199.7,182.0,154.7,163.4,148.1,122.8,128.0,136.7,132.2,112.9,117.0,114.0,107.7,146.5,100.6,115.2,122.2,110.5,119.8,114.0,127.4,106.1,133.6,128.0,113.2,110.8,115.7,122.5,111.8,106.6,108.7,140.1,103.5,139.9,128.0,114.1,109.5,131.1,120.8,116.7,117.7,129.8,112.7,107.0,106.0,120.5,114.6,142.7,131.4,137.9,142.4,123.3,129.9,110.3,118.4,123.6,113.7,109.5,114.2,125.7,145.7,123.7,120.2,146.4,123.3,126.1,128.7,114.0,147.3,137.1,120.1,113.9,131.1,106.5,125.7,115.2,146.4,120.7,141.0,139.3,124.7,107.2,134.8,127.6,123.6,128.0,139.4,139.3,125.2,149.6
3,carboxyl_ester,34.7,49.8,45.7,47.5,52.5,55.4,54.0,48.0,48.2,46.1,54.0,57.6,41.9,46.6,52.2,38.3,37.6,50.1,51.7,41.9,48.4,51.2,44.9,55.4,57.1,48.9,67.2,66.9,54.4,60.3,44.8,57.1,49.3,69.3,54.8,52.8,61.7,55.3,57.0,57.6,56.3,57.0,47.7,62.7,60.3,63.6,59.0,50.7,60.6,64.1,68.9,58.1,65.3,58.3,61.9,58.6,63.6,61.3,50.0,87.6,83.1,75.6,72.1,81.3,103.5,85.0,83.2,121.6,137.9,160.1,196.9,233.1,270.6,332.7,365.5,455.3,515.2,585.5,662.6,712.7,887.5,1034.9,1106.5,1225.5,1367.6,1430.8,1635.8,1671.4,1862.0,1892.2,1996.4,2096.2,2153.4,2061.1,2202.7,2194.1,2066.5,2079.6,1899.2,1875.9,1790.2,1691.8,1476.9,1466.8,1319.6,1186.5,1100.4,910.6,812.5,768.7,627.9,579.8,452.5,411.9,358.1,286.2,259.5,230.4,193.5,195.4,176.4,170.2,146.3,145.8,153.8,118.3,133.9,144.5,137.3,146.0,158.2,156.1,158.7,182.2,188.7,202.5,192.5,224.1,243.5,268.1,243.2,323.8,320.9,350.2,345.4,407.3,431.5,440.7,466.0,472.2,585.6,592.0,576.0,606.2,683.3,686.6,719.6,777.8,873.0,834.7,956.9,1021.3,1063.2,1132.3,1174.4,1283.3,1282.5,1325.4,1403.9,1485.7,1512.7,1608.8,1554.6,1680.5,1639.3,1746.3,1670.9,1685.7,1659.7,1721.4,1652.7,1651.0,1622.8,1539.7,1550.3,1413.8,1406.4,1307.0,1196.6,1158.2,1094.3,976.7,947.7,804.0,822.3,705.1,628.6,608.8,517.1,421.3,443.8,395.1,326.0,307.4,254.6,244.1,222.5,194.1,194.3,157.6,154.5,133.4,135.9,136.6,127.7,108.4,99.6,125.2,125.6,114.5,100.4,101.8,104.6,99.1,132.1,110.7,106.7,98.5,103.1,126.9,116.7,101.8,109.2,102.3,111.2,101.2,105.4,98.9,118.1,121.4,113.0,127.6,112.3,95.6,105.4,112.9,119.8,110.0,104.8,118.6,113.4,113.6,121.2,119.5,114.3,95.5,128.9,111.9,120.5,132.1,126.8,118.6,126.8,116.7,108.7,131.5,127.7,104.1,111.0,120.6,112.7,97.7,124.4,140.6,128.9,126.2,121.6,119.6,125.6,119.9,118.5,117.5,119.3,139.4,133.4,121.2,127.1,139.1,127.3,129.3,110.2,108.6,127.6,116.6,152.4,111.9,122.0,147.2,140.0,132.8,130.8
0,hydrocarbon,104.6,98.3,106.0,114.6,104.7,92.5,111.1,101.1,120.1,99.1,103.6,85.5,86.9,119.9,106.8,110.8,105.7,89.8,104.0,94.1,108.2,90.5,102.1,104.3,100.0,108.2,105.5,93.8,112.7,101.2,107.1,115.7,108.4,115.1,115.8,99.9,120.9,105.3,110.5,100.2,113.4,111.5,117.8,123.3,111.3,137.1,101.9,137.9,130.0,155.3,101.3,108.4,135.8,109.4,119.5,118.9,121.1,117.0,120.3,122.0,128.6,123.9,108.1,123.8,104.0,149.3,153.6,158.3,155.0,173.5,168.1,238.7,252.4,241.7,297.8,373.7,476.9,564.2,619.9,812.3,893.3,1015.3,1200.0,1382.5,1631.9,1803.0,2071.1,2303.5,2578.8,2783.7,3038.1,3256.9,3480.8,3602.2,3675.5,3835.8,3811.5,3933.2,3904.8,3878.8,3665.3,3625.6,3283.8,3111.4,2980.5,2729.2,2470.0,2196.7,2090.2,1745.0,1497.1,1291.8,1162.3,982.6,808.4,714.9,591.4,497.6,397.1,363.1,318.1,285.5,242.7,193.9,195.4,198.8,166.4,176.3,159.4,166.5,134.9,148.5,167.6,140.6,144.1,143.4,156.1,143.9,174.2,135.9,133.8,158.2,172.4,155.8,142.9,157.7,152.7,155.9,157.2,150.5,143.6,175.4,161.1,171.5,168.1,183.9,175.9,195.0,155.7,191.9,198.3,208.8,210.4,215.2,245.0,239.7,249.5,288.9,277.8,286.1,284.4,320.4,332.3,306.0,348.0,388.4,389.0,364.2,374.5,355.0,425.9,396.8,384.5,374.2,347.3,371.6,393.8,322.3,354.7,339.1,307.7,319.9,285.5,298.9,269.5,291.2,279.5,257.3,254.0,258.8,225.8,241.3,225.3,213.6,200.1,179.9,194.8,205.5,211.3,185.2,155.1,188.6,198.6,183.3,206.5,184.3,164.5,194.2,177.9,191.9,183.0,165.6,166.2,178.8,196.8,201.7,190.3,179.9,181.0,189.2,189.7,160.6,184.6,173.3,179.6,188.2,161.2,190.2,179.7,200.5,184.4,170.7,193.9,182.9,182.7,174.5,231.5,190.4,183.7,191.0,184.9,198.0,194.7,204.5,194.9,178.2,170.9,193.6,203.5,190.3,205.9,192.7,161.2,166.4,182.8,207.6,182.5,180.1,207.4,190.0,169.1,211.7,174.3,220.8,187.6,193.6,196.5,202.0,208.4,197.5,198.3,201.8,205.5,211.9,229.0,207.9,196.7,214.3,185.8,212.1,212.1,209.8,229.6,203.6,228.3,243.5,229.8,189.3,200.9,215.9,225.0
1,alcohol_ether,44.4,54.6,63.9,59.4,63.3,55.9,61.7,45.8,68.1,65.5,48.6,54.5,62.7,53.5,63.8,58.0,47.0,49.0,65.4,68.5,53.4,52.1,65.6,63.7,57.2,51.8,74.4,54.4,68.1,65.8,60.8,52.2,71.6,67.2,67.7,68.3,67.7,67.2,71.0,64.1,72.7,67.3,75.1,68.3,62.7,83.2,86.4,55.7,77.3,62.8,77.8,78.4,72.1,80.2,71.7,78.8,71.5,81.6,77.5,83.9,84.5,99.3,78.7,102.4,67.4,92.9,111.0,108.0,118.6,128.4,138.8,157.8,198.7,193.7,215.2,275.7,300.9,398.2,420.8,479.6,489.9,646.7,752.3,872.8,986.4,1060.7,1075.8,1298.9,1301.3,1507.9,1677.7,1649.3,1786.9,1816.8,1823.1,1841.9,1819.7,1832.8,1862.1,1780.4,1787.8,1702.3,1620.7,1579.7,1529.7,1463.1,1438.4,1417.2,1348.6,1280.5,1322.5,1400.1,1333.9,1448.1,1549.4,1568.4,1648.3,1656.3,1717.0,1807.6,1869.5,1922.4,1981.0,2058.6,2075.3,2062.0,2023.2,2084.1,1952.3,2009.0,1780.0,1804.3,1730.1,1651.3,1552.5,1478.8,1303.6,1239.7,1135.1,1077.6,940.3,881.2,833.1,718.3,696.7,623.2,563.6,524.4,510.6,472.3,495.5,470.3,423.6,383.3,424.9,380.7,390.2,426.5,390.6,369.4,359.1,381.1,319.2,305.0,316.2,312.0,320.0,336.9,289.0,316.7,277.5,283.3,281.1,282.2,296.3,294.6,253.0,265.2,213.4,250.3,243.9,244.9,229.7,224.5,247.6,213.1,221.8,201.5,246.5,173.2,186.1,204.4,167.6,180.2,193.5,175.0,174.6,178.8,173.1,147.6,173.5,168.2,165.6,142.2,134.8,136.0,154.1,142.7,144.3,146.3,148.9,143.6,112.2,122.7,173.6,130.3,163.2,122.0,160.2,133.5,130.9,135.9,141.9,153.3,143.0,140.5,125.9,155.9,150.5,139.2,144.9,138.5,140.6,135.9,118.1,143.2,140.9,137.3,155.1,145.2,146.9,144.8,156.7,147.2,153.3,161.5,144.4,154.2,141.1,157.6,167.4,155.7,142.3,159.2,159.0,139.3,168.3,168.4,178.2,131.9,166.5,144.8,160.1,159.8,150.3,172.8,161.5,159.5,159.6,168.2,150.7,145.7,146.8,162.9,167.5,146.6,151.9,149.3,189.0,141.6,136.9,172.4,165.1,151.8,170.0,169.1,163.8,171.0,177.2,185.2,146.5,164.6,160.0,166.8,171.2,181.6,139.7,174.2,171.3,177.9,144.0
2,carbonyl,107.4,115.9,77.6,104.4,109.1,102.9,107.9,117.1,112.2,118.1,92.9,128.7,92.6,87.7,106.0,100.2,103.7,102.8,90.7,101.8,96.6,105.9,104.6,94.9,103.1,121.2,106.4,91.0,123.6,106.5,130.6,119.8,100.1,108.4,106.6,104.9,124.5,98.0,114.1,105.6,113.2,106.2,116.9,92.5,97.2,106.9,124.2,121.9,140.9,103.7,106.2,123.7,100.7,113.2,98.8,119.1,115.0,105.1,128.6,130.8,142.4,122.9,131.7,148.7,151.0,179.5,174.3,189.8,223.5,192.5,253.6,289.6,359.0,364.0,445.2,504.1,523.7,624.4,679.2,808.7,826.3,1014.1,1145.6,1216.2,1297.0,1454.9,1549.5,1635.1,1703.2,1800.0,1898.8,2009.3,1978.8,2054.5,2067.3,2091.1,2123.4,2167.7,2015.2,2057.7,1882.3,1960.5,1769.0,1725.7,1648.0,1559.6,1507.6,1439.6,1324.9,1240.1,1209.5,1075.2,1113.8,1119.3,1038.4,911.9,955.0,933.2,853.6,955.7,886.1,985.8,911.2,899.0,936.5,945.1,972.3,929.1,928.5,965.6,955.4,963.6,999.5,1008.3,939.6,1055.6,1048.7,1059.9,1021.7,1049.8,1116.0,1123.8,1143.3,1185.0,1236.9,1262.8,1214.9,1313.1,1368.8,1349.4,1368.9,1449.8,1453.1,1401.7,1401.5,1461.1,1451.1,1504.4,1416.3,1454.1,1462.1,1285.8,1265.9,1334.5,1275.7,1179.4,1145.4,1093.8,1015.2,972.3,1000.9,895.8,817.9,783.3,714.4,660.1,624.5,595.5,596.3,530.1,518.1,515.1,441.3,451.9,402.8,422.2,375.5,352.2,311.8,312.0,329.2,309.6,289.3,288.6,253.5,252.3,252.1,265.1,230.5,220.2,204.0,197.1,210.6,195.6,204.5,197.6,186.5,171.8,169.1,160.3,208.2,169.8,167.7,168.9,146.4,149.9,180.6,177.0,155.2,184.7,183.0,175.3,209.2,167.2,198.2,167.3,172.5,151.0,180.6,179.9,175.1,176.9,191.7,165.2,143.0,157.8,198.5,165.8,186.7,162.5,190.6,202.8,154.2,171.9,160.1,172.3,187.4,192.8,188.3,174.7,197.4,178.8,150.2,167.5,193.2,186.1,198.8,175.3,197.5,180.2,185.5,189.3,193.4,200.1,196.8,198.7,183.7,192.7,184.6,184.2,168.7,170.1,188.9,164.1,193.2,158.2,191.0,190.7,180.4,180.0,194.2,189.4,186.8,176.2,152.4,189.9,197.5,186.4,204.3,197.3,199.7,201.7,168.7,199.4,211.7,195.2,198.2,187.6,207.9,191.8,183.9
3,carboxyl_ester,109.5,103.5,98.6,106.6,97.4,108.3,105.7,113.6,101.4,102.9,88.6,99.6,104.7,126.7,128.5,102.4,109.0,97.0,119.4,133.2,115.6,103.4,108.4,129.1,96.2,100.9,105.6,107.0,115.4,123.8,122.6,133.9,106.3,107.5,104.4,103.3,98.1,96.7,113.8,120.6,113.2,136.6,114.1,111.1,114.1,127.8,120.7,110.7,94.5,114.1,117.2,113.7,103.9,129.9,114.1,120.8,100.6,117.9,109.2,129.7,126.5,133.2,131.3,139.2,135.4,163.1,155.5,192.6,225.0,222.0,266.6,314.6,382.6,444.9,470.1,547.5,617.8,757.4,767.6,953.5,1103.3,1230.2,1294.6,1432.9,1628.1,1871.1,1956.2,2088.8,2106.5,2228.6,2506.2,2560.2,2680.8,2757.6,2686.9,2755.0,2787.2,2762.5,2694.6,2569.2,2473.5,2296.5,2337.1,2184.6,2023.7,1800.5,1770.8,1648.2,1442.6,1334.9,1168.0,1168.3,1009.6,974.1,872.3,782.8,653.3,632.2,564.5,599.4,543.8,552.5,488.3,473.5,462.8,470.7,423.9,434.9,416.0,416.4,418.4,416.7,420.8,407.3,378.1,368.0,339.8,342.8,379.0,355.0,349.3,313.2,309.5,301.0,310.9,351.0,341.5,338.2,348.0,338.2,361.7,379.1,432.2,419.5,402.4,474.1,475.2,496.8,539.0,572.5,609.4,617.2,703.3,738.2,730.6,801.5,789.8,853.4,952.5,930.8,982.9,956.3,1103.8,1087.0,1085.2,1146.9,1159.1,1117.0,1225.9,1128.5,1126.1,1130.5,1154.6,1133.9,1013.6,1041.4,1012.0,932.0,912.0,873.1,843.4,755.5,836.5,714.7,654.6,618.3,562.2,575.8,484.2,487.9,418.0,354.2,332.9,336.6,269.5,271.8,251.9,238.5,236.6,215.8,212.0,200.2,204.7,186.3,162.5,152.8,166.3,180.8,160.1,161.3,168.3,134.2,163.0,143.7,167.4,161.3,127.3,133.2,155.8,136.9,146.0,165.8,131.3,137.4,156.8,144.4,119.1,133.0,150.8,144.5,149.8,132.1,157.3,133.9,129.9,147.7,139.5,149.4,161.1,144.8,138.2,141.0,155.5,132.0,144.5,131.3,160.5,119.2,167.3,148.1,165.6,123.4,167.3,133.8,153.0,161.2,140.6,156.9,141.0,149.3,143.1,157.5,131.9,165.9,170.0,142.6,153.8,139.4,143.3,143.6,122.4,145.0,160.7,142.7,132.5,168.6,158.1,154.6,132.0,154.7,137.1,139.9,154.5,131.3,135.4,155.5,149.3,161.9,163.3,150.4,158.6
2,carbonyl,51.8,54.0,66.7,73.0,71.4,55.1,64.1,59.0,67.4,53.9,70.8,55.5,54.5,58.6,60.4,65.1,46.8,70.5,58.3,58.0,60.9,62.6,57.9,50.9,48.2,65.6,62.1,56.5,55.7,72.6,57.5,76.2,72.0,80.1,69.5,52.4,64.6,72.4,81.6,67.1,77.3,66.4,64.5,72.8,64.7,68.7,61.5,48.8,70.0,67.1,57.6,57.1,70.2,69.7,71.7,68.2,74.3,88.1,98.9,84.2,79.9,70.9,77.4,82.8,87.6,97.5,118.3,112.4,107.9,151.1,152.9,183.1,233.2,244.7,287.5,338.3,379.4,442.5,491.4,600.9,666.5,798.3,829.7,942.0,1103.0,1183.8,1322.7,1363.7,1603.7,1728.7,1839.8,1984.6,1998.5,2095.6,2044.5,2205.6,2212.0,2159.6,2189.6,2016.2,2032.6,1991.2,1851.6,1828.2,1750.7,1551.3,1492.3,1326.9,1221.7,1170.5,984.2,903.7,759.5,709.8,610.2,572.0,486.4,430.6,395.6,343.3,333.9,292.3,306.1,225.1,271.5,286.8,272.2,296.8,280.7,316.4,301.8,355.9,382.0,397.7,401.9,475.8,538.0,567.5,572.8,618.8,715.3,812.6,848.3,935.1,945.3,1035.0,1132.7,1234.0,1197.4,1300.6,1424.9,1419.2,1442.7,1484.4,1444.2,1530.7,1474.3,1566.7,1616.8,1548.0,1529.8,1502.6,1505.4,1433.0,1462.4,1397.6,1425.1,1355.2,1297.1,1239.7,1174.0,1120.8,1102.8,1074.9,961.9,942.5,887.0,917.7,848.8,820.9,772.2,665.8,682.8,697.1,639.2,606.6,626.4,550.9,513.0,495.8,451.5,467.0,413.8,425.3,377.5,344.8,330.0,315.6,265.9,258.4,265.0,220.0,218.6,155.6,178.9,172.1,162.7,150.7,141.6,164.2,122.9,151.3,143.0,139.9,112.3,101.7,120.3,100.6,105.4,123.4,113.7,107.7,103.9,101.5,109.6,119.4,113.4,118.1,109.1,118.5,101.0,100.6,123.2,115.2,128.1,107.9,115.9,117.2,111.5,92.7,119.0,103.3,105.7,101.4,102.5,109.5,119.7,99.4,90.3,115.4,118.1,112.5,110.8,116.4,128.1,102.6,100.9,129.1,103.8,114.9,115.8,113.3,106.6,124.7,133.7,123.5,106.5,106.4,136.2,107.7,118.9,117.8,137.0,112.4,130.7,129.0,99.6,144.8,115.9,116.3,119.2,135.4,106.1,116.5,98.7,132.8,137.8,128.2,120.7,125.6,114.9,113.1,134.7,127.9,114.7,111.1,146.2,117.5,114.8,146.8,120.4
0,hydrocarbon,59.7,70.6,75.4,54.5,86.9,81.9,83.2,75.4,60.0,79.9,68.4,71.3,71.5,85.0,68.8,67.8,74.9,81.8,85.0,76.4,71.7,81.0,72.7,69.6,74.7,56.7,73.2,72.3,78.6,71.1,74.9,50.7,85.3,88.1,81.6,70.9,67.8,69.2,91.2,92.5,87.8,78.0,78.2,61.5,81.1,88.1,87.3,74.2,91.2,85.5,78.5,90.1,89.5,89.5,86.9,77.6,79.7,88.6,76.9,73.3,80.3,80.6,78.5,84.4,85.0,107.2,131.3,103.2,119.2,141.1,150.7,178.2,204.9,259.1,285.8,334.6,412.4,536.4,597.3,631.6,852.7,962.8,1092.1,1315.5,1474.7,1664.5,1866.7,2143.1,2341.4,2470.5,2649.7,2966.9,2995.0,3185.1,3248.7,3313.6,3458.2,3312.6,3440.6,3333.5,3321.2,3224.0,3094.6,2822.9,2767.9,2502.9,2194.0,2048.4,1859.9,1786.5,1555.2,1373.4,1249.3,1160.3,1038.9,951.5,883.2,847.3,799.9,717.7,735.2,763.7,713.8,692.2,702.2,717.9,713.9,669.0,663.6,654.5,599.2,607.9,633.6,535.5,517.7,519.2,485.6,479.3,436.6,439.3,348.2,360.4,339.7,310.9,315.3,288.6,278.0,237.0,218.1,223.0,233.4,186.0,218.2,197.8,210.5,198.1,195.2,189.5,191.3,193.4,178.1,186.3,167.6,177.5,171.0,197.4,176.8,177.6,183.9,182.5,183.7,180.8,173.2,178.2,173.6,172.1,162.4,156.5,167.7,155.5,177.2,154.2,135.4,156.8,146.9,182.1,164.8,140.7,150.9,136.0,146.9,149.5,143.5,142.1,133.8,146.2,108.1,129.2,132.5,124.4,117.1,114.2,129.2,112.3,98.5,124.8,118.5,131.3,90.9,118.1,108.1,93.9,129.2,98.2,134.7,130.0,117.2,118.4,113.6,94.8,123.8,95.6,106.4,121.1,97.5,89.3,104.6,120.6,100.3,110.3,93.3,116.3,93.0,112.9,128.8,120.4,129.2,110.5,116.4,111.5,111.3,105.2,101.2,108.8,129.1,101.3,106.1,115.0,107.5,110.2,115.4,114.1,127.7,129.2,119.7,119.9,117.7,125.2,108.8,130.4,136.8,117.3,130.5,128.3,118.5,116.9,110.2,135.9,118.1,116.1,117.4,93.9,123.3,102.7,112.3,125.9,127.0,125.5,133.8,101.6,126.7,125.7,107.0,109.7,112.4,140.0,106.6,125.5,130.8,131.8,115.7,141.3,127.6,134.7,118.6,88.9,115.5,133.1,117.3,119.3,116.8
3,carboxyl_ester,111.3,103.6,121.5,128.6,113.9,115.4,109.9,110.6,115.9,136.9,120.2,121.4,116.0,125.3,141.8,112.5,123.2,133.4,127.7,128.0,116.9,135.7,121.1,138.1,127.8,118.6,129.7,144.9,138.0,132.7,114.3,135.3,120.4,117.1,130.5,113.9,130.2,136.1,130.3,109.0,137.9,136.7,147.9,139.9,118.8,117.9,145.0,119.1,122.4,149.1,137.0,141.5,149.2,140.7,122.4,131.4,148.9,144.6,137.1,141.8,138.5,134.8,160.6,153.1,136.5,156.7,149.9,140.9,169.0,166.5,173.5,200.5,232.7,241.0,254.2,301.8,370.5,426.6,551.1,578.4,686.0,733.9,818.8,962.5,1088.9,1191.3,1323.3,1493.3,1614.2,1786.1,1921.3,2010.1,2173.6,2306.2,2277.5,2394.7,2294.5,2476.8,2387.6,2349.9,2200.5,2197.1,2035.5,2029.8,1871.6,1693.7,1555.6,1434.4,1278.9,1157.8,983.6,929.6,796.6,674.0,601.5,543.3,455.8,402.7,353.7,327.5,324.9,318.0,290.6,272.4,259.6,235.0,248.1,226.2,260.2,227.7,282.8,244.0,238.2,266.2,275.0,300.7,309.8,295.2,342.5,351.1,404.4,385.4,403.3,443.3,467.9,471.3,510.4,515.6,560.8,603.8,642.8,697.2,667.5,685.2,718.0,716.9,795.9,821.8,841.1,869.4,904.7,945.6,964.8,1005.0,1047.8,1077.7,1134.2,1125.8,1193.4,1218.4,1203.4,1285.7,1299.1,1326.1,1388.8,1321.8,1380.5,1372.2,1415.5,1457.9,1449.4,1451.3,1412.7,1341.7,1398.3,1365.2,1243.8,1196.8,1198.4,1133.3,1090.6,1100.8,989.0,900.5,854.8,800.9,745.2,660.3,633.4,549.6,545.7,478.5,424.0,386.7,326.1,336.8,318.0,280.6,287.2,256.6,242.6,266.3,211.1,220.6,224.2,193.5,205.9,200.7,222.0,189.1,194.2,181.2,181.9,209.2,209.5,192.2,225.4,164.8,179.0,186.6,192.0,210.2,188.1,194.9,199.6,195.8,185.2,195.9,183.2,186.5,194.4,186.9,182.4,202.1,196.7,203.6,193.2,179.1,208.2,183.8,180.7,183.7,195.9,188.1,205.1,211.5,202.2,224.9,194.0,205.8,200.9,183.2,196.3,207.3,217.3,199.8,195.5,191.8,211.3,186.5,205.2,198.7,199.6,189.2,192.2,216.3,182.1,182.6,185.0,172.4,203.0,208.5,192.1,184.4,210.5,215.7,214.3,188.3,226.8,199.0,190.9,197.4,210.4,204.1,216.5,190.2,216.3,212.3,218.1,223.8,194.7
1,alcohol_ether,79.5,80.2,97.0,87.2,73.1,75.8,95.9,81.8,82.1,87.1,101.6,85.8,82.5,91.3,95.5,90.7,78.2,87.6,78.8,100.4,92.8,95.9,98.9,96.9,110.5,93.8,85.6,85.8,89.3,85.0,107.3,79.3,87.2,90.4,80.7,96.9,100.9,99.9,104.9,96.9,106.2,81.7,97.7,113.5,90.3,83.6,85.7,93.9,104.3,84.5,90.7,81.7,87.2,81.1,101.4,104.6,97.5,80.6,100.5,87.8,106.3,85.2,111.6,113.9,112.8,123.9,112.5,116.1,149.3,162.8,158.5,204.6,208.7,261.4,264.8,310.3,368.6,434.7,507.3,601.4,610.5,747.3,866.6,958.9,1097.2,1223.4,1338.9,1457.0,1617.5,1705.4,1860.3,1911.7,1947.0,2055.5,2052.9,2190.4,2149.5,2205.0,2136.8,2155.1,2104.3,2059.3,2020.9,1987.7,1889.8,1736.3,1616.0,1557.7,1449.4,1339.5,1230.3,1233.2,1144.2,1051.9,993.8,909.1,825.6,794.7,795.9,769.0,767.6,802.8,774.3,704.9,724.5,759.0,778.8,765.3,719.6,761.0,771.9,769.5,833.6,844.2,823.5,807.5,819.4,878.4,874.4,915.8,941.7,973.2,985.0,1063.8,1077.2,1120.8,1152.9,1251.9,1295.3,1297.3,1371.7,1395.9,1421.4,1476.5,1464.1,1418.3,1462.1,1517.1,1483.0,1450.8,1404.8,1440.8,1426.6,1373.3,1231.0,1188.4,1141.8,1102.4,1089.5,966.0,902.3,878.2,770.6,750.4,684.2,640.5,566.2,551.3,477.1,430.0,363.4,405.4,328.9,333.0,276.2,274.8,214.6,223.9,220.6,174.4,189.4,203.6,166.2,171.7,162.0,146.6,153.1,122.1,145.5,139.5,127.1,122.9,130.0,128.5,108.2,119.0,113.2,139.2,122.4,127.7,135.8,111.5,126.4,132.4,122.0,115.1,131.4,147.2,129.2,124.2,114.3,126.8,142.0,112.5,147.8,123.5,134.1,143.1,126.4,133.2,135.5,111.7,130.1,111.5,117.9,129.4,128.6,128.8,116.3,127.8,126.5,134.6,108.0,124.5,106.7,134.0,135.5,108.3,106.0,127.2,127.3,133.0,115.3,122.5,146.9,111.8,128.7,109.6,132.7,130.6,123.2,135.2,105.9,131.4,132.7,130.5,137.9,137.0,125.9,130.1,132.9,131.3,141.2,130.1,143.8,133.7,117.8,118.6,136.5,114.1,134.0,131.1,113.2,130.7,124.2,128.6,132.0,143.9,120.2,126.6,143.6,136.2,146.8,140.3,136.8,116.0,134.4,153.0,130.0,116.7,140.6
2,carbonyl,129.8,115.7,118.6,131.0,117.7,137.2,119.4,115.0,103.9,123.8,106.6,134.6,117.7,117.0,131.2,96.3,130.6,121.5,129.4,123.9,127.1,101.7,103.8,129.8,108.0,104.4,121.3,123.9,123.1,117.0,141.1,122.3,124.1,93.5,116.6,140.4,143.2,132.0,117.4,144.5,112.4,144.4,115.6,130.6,133.0,112.6,134.9,126.4,107.4,126.2,109.8,117.7,117.9,143.9,101.7,111.0,135.8,119.3,141.0,155.0,125.6,147.8,143.2,140.7,142.3,146.2,141.3,159.5,157.6,149.0,150.8,177.9,206.9,205.5,216.6,218.5,280.9,316.6,327.8,377.1,459.4,533.6,613.7,648.5,736.1,795.4,834.2,975.7,1113.9,1115.9,1233.8,1289.0,1360.3,1412.5,1474.0,1433.9,1499.4,1472.5,1429.2,1415.3,1369.2,1312.9,1238.1,1213.8,1116.2,1069.8,1003.5,939.7,885.7,888.2,842.7,809.9,780.5,748.5,757.6,750.2,791.9,751.0,784.8,789.6,862.8,869.9,835.4,887.1,857.0,936.0,894.5,962.8,906.4,945.2,911.8,878.2,972.7,962.4,960.9,982.1,989.5,913.3,1074.4,1022.2,1054.6,1057.4,1228.1,1224.3,1335.5,1341.8,1390.3,1600.4,1535.3,1676.6,1772.4,1817.4,1801.9,1822.0,1930.0,1932.9,1891.9,1904.4,1943.3,1885.7,1796.3,1807.4,1692.1,1740.3,1595.1,1548.6,1388.3,1364.2,1208.3,1215.6,1144.0,1090.4,961.6,893.2,829.6,801.7,744.0,699.3,617.1,581.0,609.9,523.3,485.3,449.9,463.5,431.4,413.5,379.7,381.9,350.4,351.9,311.3,304.6,315.0,268.6,209.1,233.5,256.7,253.4,241.9,217.4,204.2,210.9,214.3,211.2,192.7,194.8,205.6,160.6,186.6,202.8,163.1,161.5,194.6,191.3,193.8,170.3,161.1,203.0,173.2,186.0,180.4,167.9,174.0,172.6,177.3,180.9,158.7,205.5,153.6,169.3,201.1,170.3,195.0,189.9,167.3,207.1,187.7,183.7,162.5,158.9,186.3,175.7,177.2,191.3,186.5,189.1,182.4,170.0,192.8,208.4,188.7,185.6,201.3,198.9,176.8,192.2,189.5,174.0,164.7,189.0,170.2,202.5,184.1,197.2,141.9,197.3,177.7,208.5,170.2,181.7,191.0,205.4,187.8,186.2,202.8,178.8,202.8,201.0,212.3,209.1,200.3,192.3,205.3,193.4,178.2,188.0,171.8,172.2,178.3,203.9,163.4,177.9,181.7,182.3,182.6,200.3,199.9,192.2,193.5,210.0
0,hydrocarbon,43.2,54.2,60.0,54.3,49.4,53.1,57.3,41.7,49.0,40.2,53.3,51.9,54.9,59.0,59.1,48.0,59.9,65.1,59.4,46.4,52.9,71.2,47.1,67.1,52.0,65.1,65.7,63.1,57.7,65.9,60.5,64.9,57.1,70.4,57.3,53.3,75.6,65.1,53.0,49.5,74.3,58.2,60.9,59.9,62.2,73.7,59.0,62.9,68.9,65.6,77.6,57.8,69.9,77.3,66.4,69.5,61.1,77.7,81.1,80.4,65.7,76.7,100.1,78.5,95.8,80.8,125.3,120.7,152.8,177.4,188.4,236.9,281.4,314.8,389.8,425.3,519.4,569.3,726.0,801.3,996.7,1122.0,1141.2,1438.1,1560.6,1718.2,1919.9,2101.3,2278.7,2498.0,2649.3,2709.1,2813.2,2796.3,2995.9,3013.7,2981.3,2955.9,3003.9,2965.4,2876.0,2879.1,2691.7,2439.8,2315.4,2208.3,1992.0,1850.2,1675.1,1580.5,1250.0,1144.4,1038.8,894.2,733.8,656.0,584.9,510.7,435.3,403.7,320.3,272.7,246.6,202.9,210.6,167.1,150.5,145.0,109.5,133.3,126.4,133.5,105.7,101.4,91.7,103.1,114.9,92.1,109.9,107.9,104.3,112.1,120.4,116.1,111.3,113.9,130.0,118.0,131.3,146.8,158.9,180.2,189.8,212.4,198.7,228.5,240.5,284.6,314.9,317.7,409.8,426.0,459.4,525.2,516.0,588.1,621.7,677.1,732.7,766.9,820.5,898.7,895.5,990.5,906.0,988.2,1070.9,1119.9,1047.1,1073.9,1023.3,1115.5,1070.1,1074.0,1068.3,1042.9,976.9,885.9,911.7,827.3,827.8,800.6,784.5,689.3,659.8,616.6,523.2,517.8,474.8,457.4,417.4,387.7,331.4,273.7,307.3,254.4,229.3,202.2,191.8,189.9,167.6,151.2,172.6,172.2,121.0,141.8,147.3,120.2,148.8,143.3,162.6,117.5,122.9,139.4,119.1,108.1,114.2,109.7,134.1,133.0,135.1,119.8,130.0,117.0,115.7,112.0,123.8,108.4,110.7,131.9,138.8,123.0,133.0,125.9,109.2,124.2,112.8,114.0,135.3,126.7,120.2,124.8,123.0,146.7,133.0,134.4,121.0,118.6,145.2,103.3,117.2,122.2,121.6,111.8,122.5,145.3,157.4,124.0,130.0,115.6,133.0,123.2,142.2,153.6,148.8,116.9,125.3,151.4,134.1,136.4,155.6,140.0,146.7,131.7,141.0,134.5,146.8,131.5,140.5,137.6,152.2,144.2,142.3,132.3,128.8,132.5,138.1,117.3,132.5,143.4,151.5
2,carbonyl,115.0,99.2,108.4,111.9,105.0,115.6,106.1,103.9,134.8,109.2,113.9,101.3,117.8,134.2,134.7,127.6,131.3,102.3,134.6,117.5,123.2,122.1,144.5,125.5,134.8,140.1,106.3,143.7,130.0,116.9,136.4,130.0,123.6,105.3,118.0,138.5,151.9,125.7,112.7,128.0,130.9,117.9,118.7,145.2,118.3,129.7,110.2,135.1,132.8,156.2,131.0,129.3,129.3,132.2,130.8,134.5,130.9,126.5,134.5,159.6,158.6,132.7,149.9,173.4,142.2,171.9,197.2,200.2,224.8,250.9,303.7,329.5,345.6,458.8,446.1,571.7,676.9,718.3,830.3,1011.2,1098.2,1315.3,1370.3,1624.1,1720.7,1953.4,2002.1,2160.1,2247.5,2491.7,2489.9,2648.7,2594.2,2676.6,2630.4,2647.6,2535.3,2556.0,2485.3,2244.1,2138.0,2066.9,1855.5,1780.6,1630.0,1488.6,1324.1,1230.9,1137.9,1037.7,919.7,917.9,877.5,774.9,735.6,715.2,739.3,742.5,658.2,716.6,719.4,744.6,708.7,762.3,704.4,715.1,737.3,671.8,697.5,727.4,646.3,652.6,664.4,673.3,700.8,653.9,677.7,706.0,684.9,686.1,726.0,728.2,773.1,774.7,854.2,873.5,837.8,861.1,884.7,890.6,978.9,927.9,932.2,930.2,959.0,974.5,976.5,941.4,948.9,887.1,845.9,899.7,839.5,846.3,776.4,760.0,737.1,674.3,689.4,635.3,652.1,583.2,565.1,568.7,521.9,527.3,509.1,480.3,467.6,455.4,452.4,460.7,448.7,402.0,369.6,392.5,313.1,329.2,316.8,295.9,324.7,279.6,329.1,289.7,286.7,258.0,253.6,227.6,258.2,232.0,229.4,209.9,229.7,205.0,222.4,217.4,196.3,206.2,187.1,184.9,204.7,223.7,191.6,218.7,226.3,193.6,193.3,195.0,196.1,184.9,183.7,203.0,177.5,210.6,217.0,207.6,232.0,227.5,204.0,175.1,202.6,196.0,200.6,217.2,217.2,209.5,204.2,193.4,196.8,231.4,219.6,198.7,224.9,214.7,222.6,197.3,206.6,205.7,202.4,214.8,205.3,201.2,205.1,195.6,229.4,192.1,225.1,213.5,179.6,218.5,211.3,212.7,223.8,205.6,223.3,217.4,215.9,224.6,206.1,220.9,212.6,224.4,204.2,223.2,204.7,187.0,195.8,210.4,228.4,223.4,241.7,231.2,211.6,214.6,220.6,226.1,239.9,251.6,251.6,221.8,237.0,213.6,213.6,213.8,198.4,209.2,238.3,209.4,231.2,220.6,239.0
3,carboxyl_ester,81.5,96.3,87.3,93.7,94.1,85.2,78.7,84.9,78.8,83.4,80.1,99.0,89.4,102.4,107.1,83.0,91.6,82.8,101.6,96.6,96.8,98.2,91.4,82.4,102.3,88.9,97.1,91.2,93.9,100.4,98.9,74.4,101.9,85.1,105.3,112.3,106.1,94.7,88.6,84.4,104.3,114.4,99.3,98.6,96.0,101.4,89.9,83.0,98.3,104.9,92.5,115.3,107.7,113.1,112.1,101.8,118.2,103.2,113.7,114.2,88.1,89.0,113.5,110.0,116.2,117.1,107.7,127.5,146.4,147.5,159.3,169.7,181.5,235.2,257.7,272.7,317.4,368.9,396.7,489.3,532.5,620.3,696.9,782.5,832.4,919.9,1036.2,1091.9,1151.4,1260.0,1301.5,1440.7,1513.0,1524.9,1527.4,1669.6,1597.9,1566.3,1543.2,1538.2,1488.7,1515.9,1496.3,1419.5,1362.5,1312.1,1285.0,1236.2,1226.1,1205.2,1187.8,1172.1,1209.4,1245.6,1275.0,1306.0,1321.5,1386.9,1422.9,1475.2,1506.9,1531.6,1591.1,1597.6,1666.3,1634.0,1595.2,1571.9,1573.9,1629.1,1479.3,1500.3,1465.8,1378.2,1327.9,1216.7,1179.0,1157.7,1032.9,1015.5,940.1,898.6,860.5,824.7,752.9,728.4,714.0,639.5,619.0,625.9,673.0,650.6,658.7,678.8,638.6,637.7,682.3,655.2,676.2,697.8,643.0,679.4,747.6,756.9,787.9,738.0,857.8,847.7,833.5,868.1,900.1,873.7,878.0,915.2,927.3,970.5,912.1,954.5,992.0,971.1,1003.4,930.5,942.5,876.3,843.3,818.2,859.2,768.9,719.7,703.7,719.0,616.0,579.4,585.2,544.9,495.9,486.8,426.2,421.4,337.6,343.8,309.8,282.7,246.7,215.8,228.5,239.9,209.2,205.7,214.2,177.2,152.0,172.1,146.9,172.9,123.4,149.0,158.1,155.1,140.5,139.5,133.0,150.5,156.2,161.6,149.6,142.8,151.7,125.6,146.8,126.9,120.4,147.1,120.4,153.1,148.7,142.1,137.2,145.5,128.4,142.4,137.9,135.7,149.3,151.9,137.4,136.5,152.7,146.4,141.8,136.3,126.3,149.7,164.3,158.8,140.6,132.5,161.2,145.1,132.8,153.7,160.3,149.4,143.8,151.1,148.1,146.2,146.8,153.0,136.6,150.8,147.8,128.8,166.3,122.9,167.2,168.2,168.6,164.6,150.4,153.2,148.5,161.1,164.7,156.9,151.0,154.6,154.1,155.2,144.8,152.9,144.9,158.4,158.0,142.8,181.7,170.9,138.8,160.7,148.7,179.3
2,carbonyl,97.6,91.3,63.3,86.0,99.3,93.5,82.0,87.8,90.7,86.6,99.8,84.9,92.0,77.6,97.0,73.3,89.0,105.6,88.7,75.0,106.2,97.5,107.6,89.7,110.7,101.6,90.8,100.9,93.2,95.6,69.6,109.2,90.0,83.5,119.5,114.7,91.2,89.1,116.0,90.9,90.3,109.9,113.5,90.0,116.3,114.6,95.3,94.1,110.3,126.9,105.8,102.0,124.3,109.2,108.1,88.9,94.2,113.1,115.4,119.9,121.9,116.6,118.2,118.7,106.3,111.5,106.2,119.8,114.9,140.1,142.8,141.4,121.0,151.6,153.5,182.6,201.2,255.7,263.6,292.4,333.8,378.3,474.8,512.8,559.3,627.8,705.5,811.5,880.3,994.2,1102.7,1145.6,1316.8,1372.0,1358.8,1507.9,1550.2,1488.8,1563.4,1550.0,1503.4,1425.4,1414.5,1392.3,1241.2,1172.2,1163.2,1068.5,975.6,930.5,786.6,775.3,695.8,625.0,633.8,573.1,521.6,512.9,539.7,470.5,506.3,516.8,517.9,519.6,541.8,590.3,562.6,528.0,576.0,602.9,644.3,591.1,649.8,639.4,723.8,728.0,726.0,697.0,825.3,829.5,890.8,939.5,1030.2,1144.0,1142.8,1231.1,1333.4,1418.1,1518.2,1633.6,1702.4,1844.5,1914.9,1966.7,1970.7,2098.4,2065.4,2186.6,2161.9,2210.2,2061.9,2084.1,2095.2,1946.1,1900.8,1822.9,1767.2,1730.0,1583.7,1524.0,1414.0,1331.9,1243.2,1119.5,1096.9,1102.4,942.6,885.1,827.9,763.7,713.5,711.8,660.1,588.1,552.5,515.8,489.4,491.9,466.1,428.4,452.2,354.9,388.0,321.5,351.1,315.2,306.6,299.0,257.7,239.3,241.5,234.5,243.6,207.6,222.0,209.0,210.8,166.4,187.5,167.7,184.2,151.0,149.1,173.4,177.8,175.6,186.9,167.6,167.3,163.3,170.6,182.5,160.6,187.5,158.2,167.4,171.0,166.4,183.0,170.3,157.8,161.4,163.7,187.3,180.5,161.9,175.7,186.1,195.1,177.6,186.7,176.7,181.8,186.0,160.9,191.9,169.1,200.6,182.2,189.6,178.0,177.9,206.7,171.0,211.9,184.3,172.5,183.5,178.7,182.6,202.6,188.6,222.7,208.8,196.8,203.6,192.5,186.1,182.4,204.1,189.3,206.4,216.6,202.2,215.3,176.6,193.7,199.7,191.8,188.7,192.0,170.9,188.2,185.0,219.1,197.9,223.8,193.3,195.7,187.3,186.7,221.3,205.0,215.5,189.5,201.2,193.2,202.8,189.6,204.5,221.7
0,hydrocarbon,91.1,94.1,115.1,106.9,97.1,118.0,105.2,121.3,97.9,106.5,107.1,103.6,97.6,113.9,104.5,76.1,108.4,103.0,114.4,108.3,93.8,116.7,109.4,96.0,104.7,120.1,107.9,82.5,115.3,110.9,98.7,110.3,116.9,103.7,117.0,102.9,116.0,104.1,111.7,107.9,109.4,108.1,114.6,102.7,123.4,92.2,117.3,111.6,113.1,111.3,117.1,105.3,109.1,103.0,106.4,118.8,132.2,111.7,104.1,136.7,137.1,113.2,122.8,133.6,119.5,136.6,167.2,159.8,174.3,178.0,221.7,250.7,281.4,338.2,394.1,460.6,531.1,626.6,798.1,906.8,1127.9,1278.3,1455.8,1708.5,1870.8,2074.9,2410.0,2627.0,2811.2,3142.7,3233.1,3594.2,3655.1,3859.1,4012.7,4030.2,4072.7,4060.4,3973.0,3954.0,3741.5,3650.9,3406.7,3240.9,3004.0,2760.6,2565.5,2338.7,1993.8,1816.1,1517.4,1440.6,1145.1,1019.9,882.1,728.6,659.6,539.0,474.8,384.0,327.2,292.3,275.8,240.5,225.1,214.4,182.1,180.5,174.8,162.8,176.5,170.0,176.8,153.3,197.5,148.3,142.2,143.1,134.0,143.5,162.6,133.0,134.6,122.6,140.1,140.9,117.2,114.2,136.1,136.9,116.1,129.2,116.9,126.7,131.8,112.5,127.6,129.7,124.9,122.7,130.9,126.8,123.8,128.0,115.6,130.0,112.5,123.1,122.7,123.5,133.0,126.1,144.1,130.9,152.9,138.5,109.0,121.5,131.1,134.5,129.7,121.7,130.5,103.0,126.6,140.7,126.4,135.6,121.9,137.8,136.5,154.8,156.5,120.4,122.9,133.5,122.0,127.2,152.7,132.3,153.8,108.8,143.7,133.2,113.6,128.3,127.6,120.5,130.3,135.5,107.9,127.6,139.4,130.2,145.3,147.2,142.1,125.6,142.3,119.4,140.7,134.2,138.8,152.5,142.0,127.5,144.4,132.1,130.7,130.7,135.7,143.6,141.7,149.1,123.5,130.4,146.4,124.0,120.0,124.9,150.7,124.2,130.1,138.0,137.9,123.4,153.6,120.8,116.8,149.2,130.5,133.0,141.3,150.7,120.1,130.2,123.1,133.5,143.3,125.5,161.0,153.6,128.5,155.1,138.2,126.5,142.6,129.0,170.5,131.3,145.9,155.4,143.4,135.3,141.1,140.7,163.0,136.7,127.4,148.6,152.0,153.7,156.7,134.2,152.3,137.9,123.2,139.8,149.9,133.5,117.5,143.5,146.8,130.6,148.2,127.9,148.9,154.9,145.1,150.4,147.0
0,hydrocarbon,53.3,76.6,52.8,48.7,44.8,58.1,60.1,51.7,68.9,57.6,62.6,47.8,54.4,49.8,52.8,56.3,71.7,70.0,60.0,72.8,68.1,58.5,75.4,58.3,73.6,65.3,55.0,66.4,54.3,59.7,62.0,87.0,66.6,59.2,52.6,58.1,58.2,59.5,72.7,59.5,65.9,58.8,48.7,67.9,73.8,45.7,55.8,63.4,53.2,73.0,61.3,67.1,73.4,71.5,51.6,67.7,66.9,100.5,98.1,94.2,103.5,94.3,107.2,118.1,127.3,125.4,170.5,187.2,227.5,239.7,291.5,320.1,414.4,432.6,528.5,583.1,669.6,786.8,857.7,973.2,1060.2,1200.4,1353.4,1482.2,1637.8,1742.6,1856.9,1928.6,2021.6,2246.5,2193.2,2343.1,2352.0,2330.4,2363.0,2391.1,2382.4,2354.2,2323.1,2331.2,2145.0,2217.7,2076.8,1961.6,1953.0,1943.3,1787.2,1841.2,1692.8,1862.5,1791.6,1725.6,1686.8,1665.4,1783.7,1860.6,1846.3,1890.2,1832.8,1875.0,1958.3,1847.1,1904.3,1818.1,1976.7,1916.5,1850.6,1859.0,1813.5,1619.2,1581.7,1506.4,1448.6,1430.0,1317.1,1250.2,1178.8,1102.5,954.5,916.2,811.4,743.6,627.8,586.4,530.9,498.9,393.1,347.8,307.5,287.6,310.8,210.9,190.0,183.7,188.7,172.8,131.0,140.9,114.9,107.2,122.0,92.6,88.3,91.4,125.8,106.9,127.0,89.9,113.7,101.2,115.7,95.6,108.9,92.1,102.5,81.9,93.0,95.9,95.0,100.9,103.3,99.0,94.6,106.8,90.3,109.3,87.6,121.2,117.4,87.0,92.5,106.5,107.0,105.1,96.1,127.9,83.3,114.8,89.0,72.4,114.5,91.5,103.0,108.8,90.0,110.6,93.0,107.7,105.1,111.7,108.2,114.2,95.9,116.8,111.1,110.4,104.7,111.8,114.1,113.2,109.9,101.1,113.1,121.1,116.0,113.4,110.0,96.4,118.6,122.7,108.3,116.0,104.0,111.2,95.7,119.5,117.5,108.4,109.3,128.9,98.1,115.4,114.3,132.8,132.0,131.5,110.4,102.2,110.2,112.9,100.3,104.4,102.1,115.5,127.1,129.8,123.7,110.4,92.4,118.2,104.2,119.2,108.4,133.4,129.0,130.3,114.2,125.8,103.0,106.5,128.0,95.8,118.2,106.7,121.0,132.3,125.3,111.2,121.8,109.6,131.1,132.2,113.7,103.6,124.3,132.7,141.4,107.3,124.3,112.6,137.5,114.6,130.0,104.5,137.6,124.7,135.0,129.2,149.7,143.9,139.5
1,alcohol_ether,92.6,82.1,94.3,79.7,84.1,81.2,81.7,81.9,92.2,82.3,74.7,87.0,91.1,81.3,79.7,91.9,82.0,80.8,101.7,83.4,92.0,85.4,98.1,92.9,82.4,103.4,101.1,86.1,96.0,93.9,90.2,92.7,92.9,101.5,106.7,86.0,96.4,103.1,107.4,109.1,95.2,86.8,102.8,97.1,97.4,97.3,76.4,108.2,100.4,90.0,95.4,88.9,90.4,91.9,95.0,102.7,100.4,96.1,103.3,104.6,113.8,127.9,111.7,103.3,96.8,112.7,101.8,112.1,119.8,139.7,148.5,168.5,173.1,199.5,227.1,241.6,260.0,326.0,356.3,406.0,478.2,549.9,608.4,692.2,760.3,847.2,1002.7,1077.3,1146.4,1259.3,1284.9,1395.5,1406.9,1478.3,1480.3,1572.3,1336.3,1416.3,1404.0,1406.7,1424.3,1368.0,1301.4,1197.7,1184.2,1196.7,1108.9,1169.0,1188.4,1260.5,1301.2,1354.6,1450.8,1567.3,1683.6,1683.9,1858.4,1938.6,2054.7,2182.6,2160.7,2270.0,2284.2,2312.7,2508.4,2456.1,2376.5,2367.2,2149.7,2251.9,2142.8,2013.0,1882.2,1788.4,1637.2,1586.4,1364.0,1297.4,1170.6,1136.2,977.0,944.4,833.9,753.6,708.3,704.7,664.1,648.8,592.7,610.4,582.1,579.5,581.8,568.5,550.3,537.1,501.7,528.0,554.9,550.9,484.4,444.9,472.9,447.8,405.8,394.5,362.5,333.8,337.6,299.5,306.1,252.1,303.0,224.1,253.5,221.8,218.5,222.3,171.7,186.6,177.7,209.9,175.5,170.9,170.3,171.1,165.3,174.3,157.3,170.1,155.0,148.0,159.6,169.9,163.2,147.1,163.9,156.2,150.2,144.8,165.5,174.3,152.7,149.4,149.9,151.0,170.6,153.9,147.4,146.3,169.0,156.1,163.1,148.2,139.3,132.1,152.1,159.6,157.0,162.0,130.6,133.4,151.1,132.6,162.6,161.0,148.6,167.5,142.8,154.0,163.5,144.3,155.3,152.9,128.3,143.0,154.6,139.8,160.8,168.0,149.1,172.0,167.6,186.2,158.5,173.2,149.5,174.1,153.3,174.7,157.1,176.0,174.0,171.2,175.9,183.6,180.3,166.5,201.5,160.0,168.6,161.4,167.0,169.2,182.4,172.4,166.1,206.0,173.2,194.2,183.8,136.0,173.7,176.3,182.7,156.5,201.2,159.0,177.6,165.8,159.1,163.3,163.5,195.1,186.8,182.8,169.1,166.1,173.9,189.9,174.8,180.2,181.4,182.2,191.6,185.5,171.6,190.0,175.1,198.9,190.3
1,alcohol_ether,59.8,59.8,70.4,68.0,67.5,83.2,58.5,58.4,63.8,43.9,64.7,54.8,72.4,64.4,67.6,52.9,59.9,60.0,72.7,70.8,65.9,61.3,74.0,66.1,78.9,76.2,84.6,72.9,65.7,65.5,71.2,63.3,66.8,67.0,71.6,82.3,56.6,60.0,70.2,75.7,67.2,64.2,62.0,69.9,73.6,62.6,56.0,66.2,66.5,60.8,72.2,65.9,67.1,62.9,62.6,85.6,73.5,82.7,87.4,82.3,68.7,80.1,100.5,103.2,101.9,120.6,148.0,172.1,174.6,147.8,224.0,219.1,262.1,319.7,364.0,394.6,504.5,556.4,595.5,720.1,759.8,858.2,935.6,1036.5,1160.2,1309.1,1340.1,1539.7,1484.3,1601.6,1662.9,1758.0,1825.7,1801.0,1876.3,1941.1,1903.5,1915.9,1934.4,1869.0,1930.2,1872.8,1888.9,1790.5,1790.5,1796.8,1706.5,1681.9,1764.8,1766.4,1735.4,1747.0,1789.7,1751.8,1842.3,1899.2,1960.8,1945.2,2085.0,1987.8,2155.6,2157.9,2185.0,2193.9,2323.0,2244.1,2211.1,2109.3,2175.1,1994.6,1970.4,1917.3,1923.0,1791.0,1637.9,1593.8,1515.3,1444.2,1325.6,1254.3,1187.4,1102.6,1023.0,888.9,833.2,784.2,753.1,696.1,653.8,591.9,501.8,511.2,455.8,474.8,406.2,394.2,377.3,338.2,356.2,333.1,298.6,289.1,283.7,285.4,300.3,263.4,258.1,256.1,253.2,223.9,212.3,200.0,164.2,175.1,153.2,145.2,138.9,138.4,130.5,120.2,88.0,129.7,112.5,122.3,118.3,97.4,124.9,106.9,107.5,105.7,99.2,96.5,103.5,101.1,103.3,76.8,89.4,82.7,102.2,89.1,85.0,81.7,78.7,84.1,81.3,95.3,71.8,90.7,81.0,80.7,99.1,87.9,91.8,100.8,106.0,103.3,83.4,86.7,81.8,99.1,78.3,66.6,91.5,94.9,90.6,109.0,96.2,94.0,95.9,100.3,86.8,87.3,107.6,84.8,110.1,92.9,86.7,102.9,108.6,98.0,108.2,86.0,90.1,84.2,103.1,92.0,96.3,98.0,89.0,85.7,103.0,91.0,103.7,103.1,108.6,99.7,101.8,97.8,99.4,95.1,108.9,105.5,90.9,94.2,104.9,106.3,88.6,105.8,102.9,114.6,86.3,93.2,101.5,89.5,89.9,101.1,90.7,100.0,98.3,103.5,84.6,117.6,100.3,93.4,92.8,106.9,108.0,92.8,107.5,101.2,93.2,114.4,110.2,80.6,103.1,98.5,89.5,104.2,102.8,86.0,106.5
3,carboxyl_ester,70.4,67.0,83.5,83.1,81.9,81.7,90.5,96.6,84.9,92.2,80.6,82.3,74.9,100.1,78.7,95.1,102.6,86.7,75.9,96.4,95.5,84.4,82.3,93.7,98.4,97.4,87.6,91.4,101.2,102.3,90.6,97.5,92.7,91.8,72.2,99.2,83.8,84.5,95.1,86.4,71.3,86.4,100.1,84.5,95.1,105.9,86.6,108.1,102.8,110.2,81.6,90.0,107.5,106.8,87.8,95.3,103.7,73.5,100.7,86.2,101.2,84.9,100.8,98.0,106.4,90.0,110.5,109.4,123.3,87.6,106.7,118.5,118.3,124.8,130.9,129.0,137.2,138.3,154.4,151.1,182.3,203.1,186.9,190.3,232.1,260.2,259.2,286.4,270.1,281.4,290.1,295.4,324.1,330.6,325.2,316.9,300.1,310.4,320.1,337.0,312.6,278.3,331.1,333.6,356.3,364.8,398.6,408.3,491.5,511.8,545.5,537.2,674.1,668.5,716.7,810.0,849.0,874.9,980.3,997.0,1040.7,1074.7,1080.1,1107.1,1042.2,1062.8,1024.0,1032.1,973.9,995.7,929.0,838.1,886.2,873.4,837.9,820.4,803.6,804.4,830.6,847.9,942.1,934.0,905.5,1014.1,1067.4,1124.1,1112.9,1214.2,1253.3,1318.6,1309.2,1387.9,1416.5,1423.8,1395.9,1475.3,1483.8,1542.6,1542.4,1550.6,1523.3,1646.6,1624.8,1617.8,1682.7,1801.5,1750.6,1676.6,1843.0,1912.0,1792.2,1942.2,1977.1,2010.6,1911.1,2007.3,2018.7,1985.7,1973.9,1881.9,1751.2,1778.3,1669.8,1712.2,1557.1,1430.1,1338.0,1245.9,1119.7,1030.4,987.8,847.5,784.2,729.4,612.7,513.9,496.0,440.1,380.0,352.2,271.2,249.7,249.2,207.8,210.3,166.1,157.4,153.2,149.5,132.8,117.7,141.2,123.1,135.2,133.8,109.4,125.6,119.6,110.9,118.2,117.9,132.0,118.7,125.0,120.1,123.0,123.0,125.5,115.6,127.2,119.2,128.9,122.2,122.7,137.2,98.4,133.9,142.0,130.6,107.6,133.2,114.7,113.3,113.4,151.0,135.9,137.7,124.7,116.4,119.5,122.2,131.8,130.4,119.5,106.3,103.7,152.6,142.2,138.0,133.9,121.5,131.3,117.9,128.4,121.1,141.8,143.3,134.8,108.4,141.3,114.9,133.8,155.1,118.5,134.5,155.3,111.2,143.4,125.7,145.2,123.9,147.9,148.7,114.0,130.9,131.4,141.1,102.5,108.5,139.7,133.5,141.4,150.7,121.6,145.4,117.8,127.8,118.4,142.5,122.5,115.4
0,hydrocarbon,55.8,59.3,81.8,64.2,60.7,67.6,68.1,54.8,57.8,85.8,86.9,75.2,68.3,60.8,52.3,75.3,70.2,65.6,63.5,82.0,71.8,73.9,74.2,65.0,71.9,76.0,69.8,82.7,57.1,71.5,67.4,67.9,74.1,78.2,77.5,83.4,86.3,68.1,79.0,74.6,100.0,66.8,90.2,75.3,56.7,62.8,54.8,76.7,73.2,84.4,90.5,84.7,84.2,64.2,83.7,86.3,97.6,79.7,84.1,123.8,82.6,104.1,105.8,116.0,123.3,143.7,153.9,215.7,230.5,262.6,263.1,346.5,389.6,457.4,566.5,696.6,833.5,934.9,1031.9,1196.4,1294.6,1624.4,1788.0,1974.9,2131.6,2406.4,2603.1,2725.2,2996.0,3344.4,3379.5,3581.0,3688.2,3949.4,3915.9,3900.4,4101.5,4181.0,4020.0,3921.5,3896.9,3860.4,3536.7,3415.1,3179.9,3152.2,2890.2,2681.3,2417.7,2170.6,1948.1,1880.1,1628.7,1373.8,1169.7,990.4,893.7,797.5,702.4,624.8,480.6,433.1,377.1,377.8,271.5,242.1,203.4,193.1,164.5,145.0,141.0,115.1,135.2,118.3,121.0,102.4,117.0,107.7,109.6,125.2,112.6,106.0,100.7,117.1,101.6,98.4,92.9,99.1,112.5,110.9,102.3,92.8,112.8,119.2,109.3,97.9,119.9,113.0,116.4,116.3,105.2,119.5,104.3,95.2,83.9,117.7,116.8,98.3,110.8,95.5,105.1,90.8,113.2,105.9,111.4,124.6,91.5,124.5,111.2,119.9,129.7,114.2,107.6,95.5,107.9,115.5,100.2,102.4,102.1,116.6,120.2,94.7,87.4,103.1,128.4,116.5,129.2,116.1,117.6,113.6,119.1,120.7,116.7,127.3,96.2,120.4,109.5,125.0,128.3,111.2,94.3,135.1,125.2,101.9,124.7,111.6,111.9,105.4,130.1,123.6,101.1,115.4,106.3,108.2,106.5,114.5,125.7,121.9,128.2,134.5,125.2,117.2,107.7,122.7,132.7,112.3,129.4,104.9,113.9,112.6,109.7,93.1,105.5,129.0,127.8,129.2,144.7,119.1,116.1,123.9,124.1,137.3,132.0,124.4,129.6,122.1,115.9,137.2,131.5,121.4,126.8,108.0,117.0,111.7,136.1,122.2,134.3,109.0,126.1,129.7,141.1,125.2,127.7,128.0,116.3,109.7,131.6,122.6,125.8,127.1,104.6,142.4,136.3,124.7,123.4,124.8,140.1,120.5,142.7,120.5,124.6,119.8,135.9,139.3,132.7,127.9,143.4,119.0,115.6,123.1,142.8
0,hydrocarbon,52.1,40.5,43.3,39.1,54.6,40.5,53.4,32.6,47.3,66.4,50.7,37.6,49.5,59.4,62.0,39.2,56.5,49.5,59.0,52.6,49.5,50.6,50.1,44.9,49.7,52.0,61.8,58.8,48.7,58.0,60.7,51.0,56.9,62.4,61.8,54.4,48.8,60.6,47.6,50.1,54.3,36.1,43.6,50.1,56.4,61.2,71.1,60.5,59.8,60.2,62.6,59.4,61.4,65.2,63.0,74.0,67.2,61.9,59.9,62.7,70.6,70.1,63.6,72.8,88.3,82.6,97.7,128.6,131.9,136.9,192.4,207.5,273.8,327.3,388.3,453.7,512.1,652.8,718.2,908.0,1010.9,1173.3,1388.9,1500.8,1712.1,1824.2,2114.9,2266.7,2426.4,2533.9,2637.4,2785.1,3021.8,2924.6,3032.9,3031.3,2986.7,2908.9,3016.8,2827.9,2706.0,2629.1,2348.4,2249.6,2066.1,1839.3,1632.2,1562.6,1362.7,1190.3,1041.9,918.7,832.6,704.7,586.0,536.3,450.7,392.2,382.6,346.6,312.3,281.8,279.2,288.2,229.4,220.0,266.1,219.0,218.4,226.6,196.4,203.9,208.9,226.8,198.0,197.2,197.5,201.2,197.7,214.6,217.6,232.2,233.2,225.1,201.2,252.4,265.4,270.6,294.2,296.3,282.2,277.2,351.5,359.5,343.7,371.8,406.1,388.9,424.9,424.4,431.9,490.6,476.0,497.0,609.6,554.8,643.9,611.5,672.3,653.2,653.3,667.4,707.9,741.1,771.4,765.1,781.9,772.7,696.5,750.0,815.7,729.7,788.1,741.9,691.8,676.3,626.4,606.0,614.1,563.8,548.5,469.2,466.4,428.3,347.4,346.2,365.0,299.7,271.5,255.5,250.9,242.3,202.7,176.0,167.8,146.9,134.5,126.4,142.9,111.8,119.9,99.0,109.9,78.0,102.1,88.9,98.8,98.7,86.8,93.2,82.0,102.4,90.4,95.2,91.8,84.8,72.9,70.2,77.0,76.4,95.3,77.8,79.9,89.4,100.4,85.5,103.6,77.6,94.1,106.1,72.7,83.5,83.0,86.3,98.2,97.7,104.1,100.3,86.3,80.6,73.3,85.9,102.8,80.7,79.1,84.3,75.7,89.7,106.6,99.0,77.9,109.1,105.2,97.0,96.0,93.6,86.6,103.0,92.9,86.3,83.6,106.5,91.5,99.5,76.8,100.4,99.6,86.2,103.5,93.6,94.8,105.7,89.3,95.9,101.0,90.2,99.0,99.5,84.6,100.5,112.1,98.8,111.3,95.9,95.9,94.2,96.1,104.3,117.9,88.2,98.5
0,hydrocarbon,57.9,68.2,76.1,74.1,69.5,53.8,53.5,67.0,70.6,70.5,78.5,71.1,69.7,72.7,55.6,67.9,54.0,54.0,75.2,71.3,59.3,75.5,73.5,87.5,81.5,79.6,79.8,79.6,74.1,83.0,68.7,73.9,83.8,93.6,75.8,76.3,66.9,88.7,66.6,87.8,73.7,82.3,66.1,60.0,72.3,91.6,86.9,80.4,75.1,76.8,81.0,91.7,105.2,81.0,98.4,97.5,85.1,86.1,92.7,95.2,88.6,89.7,81.8,108.1,92.1,94.5,112.8,110.6,119.3,153.1,182.4,161.1,196.0,251.5,290.1,347.7,442.6,502.5,625.5,752.5,825.4,1014.0,1303.3,1356.9,1637.5,1845.0,2120.1,2417.3,2727.9,2941.1,3184.2,3246.0,3571.5,3808.2,3874.9,4079.6,4167.9,4110.6,4131.2,3901.3,3938.7,3861.5,3584.4,3348.4,3091.6,2921.1,2616.9,2466.1,2158.0,1830.8,1704.1,1488.4,1291.9,1029.9,843.0,712.4,632.8,520.0,467.4,352.1,340.3,271.5,218.3,215.0,191.1,142.2,151.1,144.0,133.5,118.2,108.5,144.8,111.4,145.1,119.2,130.4,110.6,130.6,134.6,136.8,129.9,126.0,103.0,135.7,110.0,122.5,123.7,132.8,123.1,115.3,135.9,120.6,119.8,124.5,120.3,125.3,121.9,123.6,115.7,143.8,122.9,127.2,120.5,151.7,143.2,132.6,146.6,139.1,114.7,124.5,131.5,120.1,131.3,157.1,114.1,140.0,132.3,121.6,136.8,133.3,138.4,113.6,125.0,142.6,152.0,137.8,115.8,151.0,119.1,161.2,150.5,152.3,136.7,134.5,146.2,142.7,151.9,155.1,138.8,154.8,157.3,129.4,151.4,144.8,140.5,150.4,144.8,155.5,147.9,167.0,137.2,138.0,154.8,140.8,132.4,161.7,151.8,142.7,158.7,147.8,161.2,149.5,152.1,136.3,160.9,145.8,173.8,143.4,145.2,154.4,152.3,156.5,147.9,172.1,168.5,159.5,155.4,170.1,169.5,144.2,143.1,172.3,181.1,162.1,153.3,145.6,157.7,143.3,174.8,162.0,163.9,160.0,164.8,153.7,170.9,161.4,169.3,186.7,165.1,167.9,164.5,159.5,166.7,178.8,166.5,183.5,176.1,161.9,175.7,167.5,159.0,170.0,150.4,178.2,174.6,184.3,176.8,167.4,162.1,155.1,175.0,181.9,199.3,166.4,199.7,198.5,177.4,170.7,181.6,194.1,180.6,162.1,190.9,173.7,176.8,169.2,176.4,179.5,166.2,183.0,183.2
1,alcohol_ether,63.3,58.2,69.6,72.9,49.8,56.7,58.4,78.2,50.9,49.2,75.9,63.4,62.8,65.3,63.1,53.7,46.9,71.9,71.5,69.9,56.8,74.9,66.4,55.8,70.3,77.6,75.1,65.6,69.7,61.4,66.0,65.5,81.3,65.5,58.4,65.6,67.4,53.8,56.4,86.5,65.5,53.6,63.8,64.2,64.4,64.2,62.6,63.2,67.6,65.4,64.4,68.0,66.9,76.9,62.0,70.4,80.0,85.3,59.5,70.4,66.8,84.0,58.6,75.2,80.0,78.6,100.3,104.1,112.3,127.1,136.0,163.7,188.1,230.7,268.7,281.3,340.3,391.3,446.0,526.6,611.1,693.3,830.1,859.5,1037.3,1164.6,1230.9,1418.8,1505.5,1755.5,1732.1,1860.7,1982.2,2156.5,2122.3,2150.2,2280.7,2199.2,2244.7,2247.8,2211.3,2048.0,2105.2,2037.7,1902.4,1813.3,1737.8,1589.2,1521.6,1388.6,1330.7,1320.5,1159.1,1154.4,1104.6,1055.7,1074.8,933.1,937.4,986.7,974.7,937.2,940.1,943.7,962.0,1015.3,1015.2,983.5,989.5,992.0,1037.1,955.7,991.8,968.0,956.4,941.7,933.0,934.7,935.1,875.3,896.0,970.9,966.1,986.4,961.2,961.7,1010.7,976.4,1047.8,1088.5,1073.5,1154.7,1075.6,1125.2,1155.2,1140.7,1121.7,1125.6,1087.0,1106.2,1116.3,1063.3,1067.5,981.1,917.6,949.9,852.9,814.0,720.1,742.3,688.6,668.7,630.1,570.4,493.5,441.3,424.1,424.5,332.0,332.8,305.4,213.2,230.9,207.8,191.1,185.2,130.3,129.9,153.3,148.7,135.2,127.7,121.0,109.6,111.6,111.0,99.1,105.9,102.4,96.9,73.9,93.8,96.5,83.0,85.5,82.3,81.0,87.5,104.5,89.1,83.0,96.2,104.3,94.3,94.1,105.3,101.6,99.1,111.7,115.6,94.0,102.8,93.7,81.5,83.0,93.4,92.6,101.9,90.3,80.5,114.2,93.9,101.5,98.5,102.1,90.4,116.2,89.7,99.0,91.0,98.4,97.7,102.0,73.7,105.2,81.4,98.3,108.8,96.7,100.6,106.3,87.5,105.2,98.8,107.8,96.2,91.5,103.0,102.5,90.0,102.0,95.6,103.1,97.1,98.1,113.2,97.9,101.0,98.3,93.8,106.6,104.2,105.9,93.1,115.3,104.9,88.4,121.9,97.9,94.1,100.1,102.8,106.0,116.9,99.4,106.4,108.4,114.4,86.3,104.5,119.0,115.9,104.2,108.4,91.7,97.9,87.0,88.1,96.5,94.8,112.3
3,carboxyl_ester,65.9,75.1,76.1,69.5,77.3,79.9,96.6,88.6,89.7,87.1,88.6,96.0,73.5,76.7,83.1,68.3,69.9,107.7,76.1,89.6,82.1,89.5,83.6,73.8,85.0,87.5,89.6,91.2,114.1,81.3,82.7,98.1,89.9,93.5,74.6,95.7,80.5,101.1,82.3,77.5,95.9,97.8,80.0,95.8,104.5,101.5,74.7,98.8,91.0,86.3,81.1,85.1,101.2,85.8,86.1,101.8,74.0,100.5,83.1,101.5,95.1,106.9,109.9,93.1,111.3,118.9,137.9,135.9,141.4,137.1,154.7,142.3,178.0,217.5,232.1,278.6,326.7,409.0,445.7,554.7,616.6,707.8,860.4,977.1,1093.7,1233.0,1471.1,1567.4,1749.1,2008.2,2034.3,2371.1,2459.6,2612.7,2734.7,2854.4,2824.7,2947.6,2989.2,2856.4,2883.0,2872.3,2785.7,2699.6,2533.3,2456.0,2181.0,2096.5,1949.2,1821.4,1581.2,1532.0,1317.1,1271.6,1107.4,1015.5,975.5,979.6,879.4,830.0,847.0,803.5,781.3,812.0,753.4,747.3,763.7,741.6,802.9,786.0,734.7,778.4,732.1,739.9,715.5,661.3,659.7,663.4,697.6,624.5,595.5,596.1,589.1,590.7,666.4,586.8,561.6,634.2,609.7,575.1,645.1,648.4,643.2,696.1,669.4,650.4,675.1,642.0,685.1,689.9,665.3,637.0,678.2,655.6,603.9,597.1,558.0,528.4,577.6,520.8,486.6,430.3,438.4,419.5,394.1,367.9,364.5,317.2,311.5,279.8,261.4,285.5,251.6,233.1,240.4,211.8,214.9,210.4,213.0,180.5,195.5,190.2,189.2,167.7,174.8,191.3,189.3,168.4,154.6,141.4,179.4,167.2,169.0,153.3,162.8,150.1,163.5,133.2,153.1,163.2,147.9,175.5,166.0,155.5,135.5,147.8,152.9,151.0,152.5,152.0,162.0,147.9,162.7,178.3,154.0,139.3,134.7,155.2,158.5,174.5,163.1,132.5,141.9,137.4,163.6,149.4,155.1,160.1,162.2,140.5,141.9,157.3,159.6,179.1,148.8,181.2,147.4,163.7,165.9,155.7,186.6,174.2,168.2,147.2,147.8,172.2,131.7,144.7,176.9,159.9,197.5,173.7,181.0,166.7,161.3,171.8,157.9,170.1,168.2,150.4,173.5,173.0,179.5,168.4,165.2,171.6,151.8,175.3,173.1,179.3,172.4,158.7,174.8,179.3,149.7,182.8,168.5,172.1,197.5,193.4,190.6,177.8,156.4,216.3,176.3,178.7,193.4,177.9,176.8,187.5,187.6
0,hydrocarbon,119.1,114.5,108.0,126.9,121.2,118.9,111.2,104.2,128.5,142.7,109.4,127.4,115.1,116.2,114.0,113.7,115.4,147.7,108.9,127.9,127.8,129.1,132.0,126.2,120.6,124.1,109.2,121.1,116.0,107.8,99.4,118.6,130.7,126.3,113.3,120.4,118.3,136.1,99.3,142.1,138.2,124.4,124.0,107.8,142.9,117.2,130.9,111.6,109.8,122.9,108.4,106.3,127.2,123.8,117.6,122.6,116.7,138.0,119.6,130.3,122.0,128.2,131.5,140.7,155.5,141.6,158.8,169.1,183.8,225.1,236.8,292.5,350.7,402.3,462.2,573.9,674.8,760.0,867.7,1037.0,1243.3,1424.9,1651.4,1821.0,2098.7,2349.6,2549.2,2864.5,3033.8,3259.2,3565.4,3723.1,3843.4,3983.5,4042.1,4065.0,4034.9,4117.0,3949.6,3768.2,3558.1,3415.0,3080.4,3024.5,2707.6,2350.5,2128.8,1987.7,1744.5,1542.5,1319.6,1100.1,979.9,827.0,720.1,572.2,472.4,452.1,363.0,316.8,273.0,235.0,253.2,214.3,214.1,211.2,186.2,172.0,212.2,156.9,168.8,158.4,169.7,177.4,158.1,150.0,173.8,160.3,158.1,147.2,149.1,159.9,160.0,144.5,155.5,179.0,141.9,149.2,158.9,138.8,153.1,149.1,168.0,151.8,180.5,153.8,172.5,141.8,166.2,188.5,160.4,156.2,160.3,178.2,158.8,144.9,150.0,177.4,151.6,137.4,146.0,126.0,131.2,139.1,122.2,137.1,130.2,172.7,131.9,127.6,139.1,128.0,134.3,159.4,130.4,140.8,143.9,128.7,140.4,145.1,135.6,143.5,125.7,141.8,137.1,161.0,121.3,142.7,144.0,146.6,155.7,131.0,130.2,134.0,135.5,153.7,130.7,138.4,143.2,133.0,149.3,155.3,129.4,140.4,135.8,147.2,140.0,152.1,151.7,126.6,156.4,142.7,158.3,136.2,122.7,148.6,145.9,129.0,153.3,162.4,133.5,143.9,144.1,172.5,134.8,163.9,173.2,148.4,154.3,141.2,145.7,136.6,151.3,140.8,144.1,136.7,141.1,144.3,150.9,159.6,137.4,148.0,129.6,137.7,142.4,133.2,147.6,133.8,140.5,156.4,167.1,158.4,148.0,150.8,165.7,153.7,159.5,145.1,143.8,142.4,157.2,148.7,153.2,154.4,148.6,158.6,162.1,128.4,162.9,138.8,158.8,155.8,142.6,156.4,152.1,148.4,159.9,158.7,142.1,139.7,171.9,141.5,152.7,138.8,176.2,147.1,154.8,160.6,144.0,140.5,146.3
2,carbonyl,65.4,63.7,80.3,66.7,69.9,61.3,78.0,78.7,57.5,73.7,74.9,80.1,63.0,78.7,84.9,80.4,81.5,59.3,88.0,85.9,86.0,82.8,84.1,84.9,78.5,75.5,56.5,80.6,78.4,74.6,81.6,79.5,77.4,74.9,93.6,88.2,93.0,84.5,70.4,86.8,91.9,89.2,70.0,93.2,82.2,98.2,62.2,73.1,68.4,81.6,85.2,102.9,81.0,95.1,77.1,95.8,83.0,107.5,91.1,89.5,92.4,84.5,84.1,92.7,107.5,118.4,100.9,105.5,120.7,133.0,121.0,123.9,146.1,172.4,184.8,199.2,220.3,299.8,347.8,342.8,386.9,440.2,522.5,564.9,593.9,642.6,706.6,794.5,882.5,893.6,972.0,1082.7,1128.9,1080.0,1125.0,1115.5,1155.2,1124.7,1076.2,1151.3,1162.4,1145.2,1099.9,1096.0,1201.1,1169.5,1196.6,1234.3,1254.8,1400.5,1429.4,1530.2,1680.5,1730.2,1890.8,1955.2,2068.4,2199.2,2341.2,2468.4,2451.2,2560.6,2573.1,2760.5,2738.9,2709.7,2690.4,2698.7,2727.9,2573.6,2453.4,2372.4,2317.8,2186.4,1885.2,1835.2,1830.1,1712.4,1521.8,1319.5,1298.9,1113.7,1064.9,966.8,897.1,783.4,778.7,733.8,735.8,649.5,629.7,576.0,577.9,530.4,571.1,508.4,546.3,507.8,483.2,448.0,512.9,443.4,443.8,451.0,423.5,419.3,423.0,425.9,364.2,350.2,370.9,343.3,346.4,306.0,317.6,329.9,297.4,297.4,269.7,262.0,260.3,258.6,255.7,217.1,219.2,231.2,256.7,222.0,248.8,218.9,206.4,216.4,174.4,179.2,191.5,148.3,175.9,189.4,150.2,170.7,165.7,141.8,162.7,162.0,164.4,156.0,146.8,141.0,159.1,144.7,155.7,141.3,126.7,160.6,160.9,157.6,144.5,129.2,129.7,158.6,150.3,141.4,169.7,140.6,154.2,141.0,134.2,137.2,146.8,156.6,167.5,160.4,176.9,158.4,157.7,126.2,165.4,157.2,166.7,137.6,153.6,157.5,153.8,139.0,147.5,154.8,154.1,157.1,195.4,147.2,174.1,166.7,162.6,175.4,167.4,163.1,154.2,149.0,153.5,178.2,189.5,172.7,176.0,174.8,164.8,186.5,160.4,151.2,179.1,165.2,179.9,169.3,170.6,180.3,142.1,185.9,163.2,159.9,154.9,159.6,162.7,157.1,154.9,156.4,164.6,185.4,168.4,148.1,168.8,175.9,180.7,163.0,177.1,187.3,159.4,183.1,186.4,151.0,169.3,166.3,201.8
0,hydrocarbon,99.7,99.4,97.9,99.2,115.0,86.7,104.6,78.8,96.2,104.4,101.8,94.3,98.1,98.1,121.2,95.6,75.9,110.3,109.4,91.7,101.9,108.0,98.4,97.4,94.8,107.1,112.7,104.2,83.8,98.5,92.4,98.4,106.7,110.1,106.3,108.2,106.8,98.1,109.6,108.0,112.0,93.0,107.8,88.3,103.2,98.6,105.9,102.5,110.7,105.1,117.9,104.9,118.9,104.3,105.8,113.2,97.7,107.6,113.5,104.3,142.6,122.2,110.2,135.5,131.1,146.8,149.1,173.2,205.2,199.0,255.3,315.1,344.7,439.8,471.9,562.4,612.6,758.9,889.0,1119.9,1217.0,1421.2,1534.3,1685.8,1949.6,2176.2,2390.6,2584.0,2692.8,2934.2,3071.3,3207.3,3378.9,3387.3,3648.9,3457.6,3617.5,3528.1,3398.4,3393.3,3292.5,3109.6,2960.8,2880.5,2674.1,2418.9,2308.2,2225.2,1932.8,1781.8,1566.9,1513.5,1318.2,1269.2,1042.3,1061.4,1003.5,911.5,850.0,815.9,764.0,760.1,715.2,678.0,731.1,723.0,719.5,631.2,663.5,622.9,556.9,563.6,568.3,532.7,493.2,469.3,508.2,410.4,428.2,395.9,371.7,332.1,292.0,288.8,270.1,257.0,218.9,236.1,190.1,162.8,181.2,179.3,151.7,139.3,155.9,145.3,124.9,131.3,150.7,121.1,140.4,150.2,160.3,142.7,136.4,155.3,171.4,158.6,157.7,138.0,184.9,151.6,183.5,180.8,190.7,165.6,186.2,180.3,182.3,195.1,179.5,171.0,159.6,176.2,183.0,174.7,165.0,174.1,170.6,165.4,178.4,155.1,174.6,179.4,138.6,160.7,144.3,141.5,168.8,137.9,143.0,124.8,133.7,142.7,111.3,130.4,131.7,118.0,130.5,108.3,137.7,137.6,117.6,126.3,143.6,113.7,110.8,126.8,136.5,114.3,131.4,129.7,139.1,132.8,109.6,141.0,113.4,131.3,128.6,113.7,127.1,125.6,140.4,126.4,121.7,131.4,128.0,118.1,135.9,135.6,140.9,102.0,126.5,134.2,123.8,129.3,134.5,132.8,134.7,115.1,149.3,128.5,141.2,132.8,136.5,149.4,144.6,145.5,153.7,134.0,150.0,116.9,124.6,136.0,141.2,129.0,119.6,131.6,139.8,131.4,133.8,136.0,118.9,130.9,160.8,130.8,134.4,143.5,145.3,139.1,141.0,137.4,145.2,142.1,146.2,157.0,135.5,142.1,126.4,138.5,137.0,134.4,126.7,140.2,148.9,142.0,127.8,127.6,136.1,141.0,138.9
3,carboxyl_ester,111.5,103.8,117.0,103.2,105.9,116.9,116.7,123.2,126.4,111.4,95.5,99.3,134.1,99.9,112.7,114.2,111.6,117.7,112.9,131.2,90.4,101.4,90.0,109.4,132.7,122.9,112.3,129.6,115.1,132.7,129.4,115.1,124.6,107.3,109.1,104.1,126.7,109.8,128.5,112.5,114.8,96.2,128.9,112.3,103.1,114.9,96.8,121.2,129.0,116.1,115.6,107.3,107.0,106.3,106.9,121.4,105.4,114.0,130.6,125.1,155.2,96.2,107.6,118.5,128.6,121.9,156.8,145.1,150.0,179.1,187.3,209.2,219.6,249.6,236.4,291.7,383.1,411.5,487.6,573.1,601.3,774.9,859.9,951.7,1100.9,1290.2,1380.1,1496.1,1635.5,1763.3,1887.5,2050.6,2162.4,2287.0,2277.5,2282.4,2265.1,2421.0,2343.8,2307.8,2190.2,2151.9,1964.6,1837.1,1807.2,1709.2,1482.8,1389.0,1335.1,1212.6,1058.3,1027.9,911.9,829.1,796.7,796.9,761.8,700.9,680.2,717.0,664.4,677.3,680.3,648.7,708.2,686.7,704.1,664.8,680.1,647.6,668.6,694.1,635.2,646.0,601.3,579.6,558.1,496.7,533.0,483.2,503.2,441.6,413.0,436.0,406.1,385.9,402.9,439.7,389.8,421.9,403.1,432.5,457.6,446.8,406.6,494.9,517.6,531.7,528.4,593.1,574.4,633.9,656.8,704.5,700.4,772.6,846.1,927.8,917.8,944.2,981.9,1012.2,1051.9,1152.8,1161.7,1140.8,1223.2,1302.9,1227.5,1258.0,1255.8,1226.4,1256.0,1231.3,1219.7,1120.9,1098.8,1010.1,1016.7,983.0,939.4,911.3,806.1,747.7,654.9,645.9,566.1,557.9,466.5,459.9,433.5,424.4,346.7,322.4,314.0,275.4,249.6,241.8,232.4,207.9,215.4,210.2,189.5,178.3,173.2,197.3,172.0,165.1,158.3,172.0,162.5,170.0,162.0,154.3,171.7,173.3,161.0,133.5,149.8,151.8,146.0,181.8,178.2,197.4,156.0,164.5,160.0,172.3,174.7,166.2,176.3,152.1,193.7,171.9,187.4,172.4,188.1,158.9,164.4,154.9,156.8,179.2,199.1,161.4,167.7,179.3,191.0,155.3,167.8,156.9,171.4,141.5,201.9,174.7,168.6,154.4,180.2,170.9,171.7,178.3,188.4,162.6,179.7,166.4,169.8,161.7,175.8,168.1,204.2,160.4,161.5,192.0,183.8,188.5,196.0,171.8,191.6,174.1,161.7,183.8,194.7,175.8,188.5,174.2,195.2,175.9,191.8,186.6,184.2,170.0,181.6
2,carbonyl,60.6,56.0,54.3,51.9,50.6,54.6,51.6,45.8,70.2,51.1,43.0,71.0,47.7,56.4,54.4,49.6,56.9,53.2,69.9,68.2,60.6,65.0,66.4,45.9,53.0,54.0,46.2,67.5,45.8,68.1,51.1,51.6,62.1,57.5,49.4,62.7,62.4,57.5,55.2,59.2,63.2,72.0,58.2,69.7,74.0,51.3,68.8,77.2,60.3,54.4,69.7,55.1,54.0,68.3,56.6,71.6,62.6,63.1,53.8,74.6,61.6,60.2,52.0,80.9,60.1,98.9,87.4,102.7,93.1,80.3,117.0,153.8,156.6,186.7,224.3,254.9,300.9,393.9,421.5,502.2,540.6,621.6,720.1,822.5,951.2,1069.9,1117.6,1246.2,1361.1,1456.5,1573.5,1606.4,1694.2,1752.1,1878.6,1937.3,1871.6,1900.2,1823.1,1773.5,1780.2,1691.5,1703.9,1582.2,1516.0,1437.5,1341.6,1178.5,1171.4,1109.5,995.1,954.1,862.4,865.7,776.4,720.2,675.8,715.3,727.1,686.3,658.3,677.8,674.4,698.5,656.7,694.8,766.1,728.4,742.9,749.1,732.1,682.7,687.4,732.6,723.7,732.2,718.5,743.4,745.1,695.1,742.9,761.4,855.1,824.8,798.0,877.5,910.4,940.7,1004.4,1035.0,1083.6,1047.2,1127.3,1081.1,1146.5,1147.6,1204.0,1219.6,1219.9,1085.2,1155.6,1231.5,1177.6,1185.0,1157.6,1176.4,1071.5,1074.6,1092.0,1109.2,1069.6,1105.5,985.6,1010.2,957.1,965.6,919.9,882.9,914.0,876.2,834.3,812.5,819.0,773.2,768.2,774.8,743.7,630.7,602.3,602.0,576.5,556.7,497.1,478.6,439.4,388.8,391.1,362.2,322.6,302.6,265.5,247.9,228.6,210.8,185.9,171.4,141.4,155.7,122.8,135.0,127.2,99.6,100.8,108.1,114.5,94.1,92.3,60.4,87.2,92.3,85.9,80.8,88.8,69.0,76.4,64.8,81.3,108.7,76.9,72.7,69.7,87.0,99.5,78.8,76.5,79.1,65.8,90.1,66.2,86.0,61.9,88.7,73.1,86.1,88.6,87.5,70.6,92.0,80.6,90.8,87.2,94.7,78.9,90.1,74.4,88.2,80.1,76.6,77.1,88.2,80.8,88.3,97.1,95.4,70.2,77.9,70.3,70.6,84.4,94.4,72.2,91.9,89.8,84.9,76.8,74.4,92.5,80.2,94.9,76.6,86.8,89.0,81.7,89.3,88.1,84.7,67.6,89.5,80.4,94.7,92.0,94.9,82.9,77.3,90.3,73.1,93.7,101.3,85.7,96.7,89.9
1,alcohol_ether,80.7,83.3,78.7,99.9,76.4,103.5,86.6,101.4,97.7,90.1,91.9,91.8,90.9,91.4,86.5,79.1,88.6,85.4,109.5,83.0,98.8,97.8,82.6,85.7,78.7,81.7,79.8,108.5,91.6,79.6,92.3,116.0,94.7,99.5,90.3,93.1,74.0,90.6,85.8,110.6,115.0,99.0,80.9,90.5,96.9,103.9,83.5,78.8,99.5,107.8,92.4,90.1,79.6,104.3,97.0,94.3,79.1,98.2,86.7,99.0,97.8,85.2,97.8,92.6,115.4,100.2,96.1,134.0,130.8,126.8,141.0,161.9,159.0,173.0,218.6,231.3,289.4,306.0,354.1,423.6,473.4,563.2,588.4,670.7,766.0,793.4,975.9,1118.0,1122.7,1276.9,1328.2,1508.7,1620.6,1666.0,1638.9,1786.7,1785.0,1806.6,1844.3,1862.5,1836.2,1851.5,1766.4,1801.1,1685.3,1619.5,1717.8,1645.4,1599.1,1608.4,1579.0,1553.3,1595.0,1666.2,1652.8,1793.7,1688.1,1912.9,1869.7,1947.1,1985.5,2129.9,2231.3,2258.2,2294.3,2264.9,2411.8,2411.8,2516.7,2320.7,2263.0,2182.7,2246.1,2215.4,2018.3,1986.1,1776.9,1638.5,1628.4,1433.6,1344.7,1247.0,1108.6,1057.5,862.5,814.6,761.5,623.6,616.7,504.7,448.5,365.8,357.3,340.1,276.7,271.1,248.3,242.8,220.8,206.3,175.1,153.7,165.7,173.5,174.9,184.0,183.1,167.4,199.2,180.0,175.6,183.1,181.4,162.3,165.5,193.5,188.8,186.7,218.6,203.9,179.5,201.0,182.3,207.9,176.0,181.7,177.2,179.0,201.1,192.4,173.3,149.4,175.4,165.9,152.0,134.4,140.6,146.3,145.1,139.7,119.6,139.6,128.9,126.2,124.1,129.7,139.5,123.0,105.6,129.5,133.7,124.4,120.4,114.2,117.2,122.2,121.5,116.5,123.1,112.3,130.8,126.0,122.9,126.5,110.9,111.4,102.4,108.7,124.6,134.3,119.3,106.6,129.9,128.2,123.0,119.5,119.7,106.7,123.8,116.4,118.1,127.3,129.3,126.2,124.5,123.5,136.1,115.1,119.2,119.4,121.6,129.7,140.2,134.7,130.3,117.5,127.3,137.9,123.1,122.0,109.4,107.2,120.3,130.1,123.5,108.5,119.0,130.8,116.5,154.5,126.0,116.3,123.7,147.7,126.9,109.1,133.5,136.3,122.5,141.7,111.8,124.0,121.0,133.8,123.6,115.3,98.9,129.6,131.6,144.9,118.1,134.1,130.5,125.5,141.3,142.9,124.4,121.0,131.6,129.7,145.8
0,hydrocarbon,107.6,101.8,120.9,99.1,107.1,98.2,105.0,101.0,119.8,102.7,104.7,99.7,108.4,106.0,113.3,113.5,106.7,99.5,98.5,122.9,103.5,107.9,112.5,114.6,97.6,87.8,117.9,133.6,109.9,97.7,122.4,113.1,100.8,74.3,136.1,105.9,110.2,97.9,133.3,113.0,109.0,109.0,100.0,110.0,123.9,88.4,102.2,109.0,121.9,107.5,128.9,115.7,104.6,112.2,129.2,113.3,121.0,107.2,113.5,116.4,124.3,132.4,135.2,118.7,133.3,134.3,136.7,144.2,169.7,179.2,193.5,217.7,292.0,292.9,353.2,413.8,442.9,535.2,699.1,713.4,912.4,1052.9,1230.4,1366.9,1507.2,1813.0,1953.4,2169.2,2375.5,2569.6,2670.1,2939.1,3213.2,3269.4,3385.2,3327.5,3467.4,3422.9,3394.6,3408.5,3257.7,3210.2,3056.8,2828.8,2642.2,2421.6,2335.4,1998.8,1926.5,1837.9,1566.8,1367.3,1226.0,1077.7,989.2,815.2,776.6,639.7,549.5,573.0,461.2,478.1,420.6,391.4,348.7,358.3,356.5,327.1,352.5,330.9,369.9,336.2,344.8,333.7,345.9,356.3,368.0,375.7,391.3,419.1,410.3,431.3,431.6,443.3,474.0,484.0,514.8,542.3,565.8,597.9,625.2,632.2,649.3,640.4,617.2,680.0,653.4,645.4,654.7,649.6,664.4,619.1,633.2,585.2,578.7,535.6,537.2,471.7,440.9,430.1,398.5,399.5,389.9,352.5,317.4,305.3,281.8,256.0,281.9,206.5,210.8,197.9,180.2,173.7,191.3,178.2,155.3,137.3,150.9,136.3,142.0,136.2,146.0,139.4,151.9,143.8,121.9,137.3,130.4,152.3,121.9,104.8,126.8,151.0,136.1,124.4,139.9,147.5,130.6,129.8,129.7,139.8,125.1,144.4,138.9,151.6,156.7,117.4,149.2,145.1,150.3,128.7,122.9,145.8,170.0,108.7,159.1,137.1,138.0,168.8,121.1,164.2,129.4,151.7,149.1,131.6,139.2,161.4,152.7,154.4,127.6,141.3,152.1,130.9,129.5,128.5,136.3,167.4,136.4,143.0,147.5,147.3,151.2,137.1,149.7,150.1,137.2,150.1,141.7,134.7,142.7,149.5,142.0,158.9,158.4,147.2,143.6,155.3,128.2,146.6,130.7,150.2,148.4,166.9,132.3,149.4,153.2,153.8,147.1,164.2,156.3,180.5,155.7,176.3,163.5,146.0,134.6,151.8,149.2,143.6,148.8,145.5,136.6,154.6,144.7,159.9,159.9,138.9,139.8,168.2,172.8
2,carbonyl,73.6,57.0,56.2,76.6,70.4,77.2,69.2,72.5,67.1,85.2,61.7,87.9,77.5,87.7,84.4,88.3,76.8,70.6,83.3,73.8,82.4,75.7,71.0,77.8,76.5,98.6,56.1,76.0,89.6,102.0,84.1,76.4,84.4,62.4,75.9,79.9,92.4,81.0,84.4,72.0,88.2,88.6,80.2,85.2,67.0,86.1,79.5,88.5,77.1,75.3,78.9,91.4,105.9,92.1,91.5,94.0,107.2,103.7,94.2,101.4,94.0,101.3,112.6,119.1,101.8,107.2,159.2,140.9,190.7,182.6,197.1,228.6,276.4,340.9,350.0,466.3,556.4,647.2,789.4,907.2,1038.6,1165.4,1352.2,1614.0,1719.3,1982.5,2101.4,2309.6,2588.1,2803.0,2913.0,3134.1,3342.6,3407.9,3501.9,3599.3,3480.7,3484.9,3482.6,3433.5,3390.8,3337.8,3093.7,2883.9,2756.3,2465.3,2333.2,2061.3,1870.0,1728.6,1520.3,1349.4,1173.8,1058.3,858.7,815.6,653.8,570.6,538.4,459.3,386.1,377.4,312.9,314.2,265.4,298.8,263.7,287.3,259.6,232.3,283.1,260.0,243.2,278.8,261.8,281.6,290.7,326.7,292.4,324.7,326.1,366.1,403.5,402.3,468.5,447.3,478.7,452.3,478.0,523.7,475.1,493.9,593.9,576.2,560.9,582.2,552.3,590.1,553.8,610.0,597.1,493.0,513.3,539.4,496.6,506.5,461.2,415.3,463.5,392.5,389.8,357.1,351.1,348.2,318.1,287.1,274.3,235.6,226.2,235.5,226.9,214.6,218.9,200.6,188.1,158.8,170.6,201.2,154.9,191.5,166.1,168.5,162.8,169.2,156.8,151.0,150.2,136.0,156.9,149.4,156.6,163.4,159.2,144.3,146.8,168.1,163.5,153.3,140.2,142.1,158.6,151.9,135.2,150.1,164.1,144.4,163.0,151.7,147.9,146.1,152.3,147.5,153.4,164.6,133.3,156.6,168.1,146.1,154.7,170.7,153.8,146.0,174.4,150.3,146.0,171.8,155.3,157.8,170.6,151.9,172.5,166.0,162.6,153.9,172.5,157.3,198.7,162.5,164.8,166.2,152.0,179.4,168.2,183.1,151.9,179.2,157.5,160.2,174.2,161.9,167.1,152.1,176.5,160.5,158.2,174.2,161.5,152.8,175.8,167.9,171.7,182.3,186.5,157.2,167.0,184.8,155.5,184.1,153.9,186.8,176.2,169.5,175.9,179.1,194.5,169.0,181.4,160.9,173.0,181.0,190.1,197.0,184.8,176.0,189.7,179.3,178.7,169.3,184.0,161.6,175.0
0,hydrocarbon,92.3,94.0,105.8,79.9,86.1,102.6,88.9,91.4,87.8,98.1,80.7,85.4,84.3,92.2,93.2,96.1,98.2,101.6,89.7,95.9,91.0,83.8,104.4,103.3,84.2,111.0,99.7,96.9,95.2,84.8,112.2,105.7,102.3,94.8,95.7,96.6,93.7,96.6,87.3,116.7,97.3,92.9,105.4,86.0,96.7,108.0,94.5,103.8,99.7,104.8,114.0,106.8,111.3,102.1,116.8,89.3,111.6,96.7,94.5,106.7,120.8,113.7,121.9,143.7,130.3,143.4,133.9,156.9,190.3,228.6,221.4,308.9,344.4,409.6,414.7,535.6,662.7,731.9,895.9,1016.5,1219.7,1364.3,1532.1,1785.2,1922.0,2133.8,2330.0,2559.6,2753.4,2968.4,3162.9,3292.9,3344.6,3521.8,3546.3,3608.3,3610.5,3476.8,3379.6,3396.8,3257.4,2985.8,2758.9,2652.2,2481.0,2196.0,2074.8,1835.6,1732.1,1509.2,1400.7,1219.5,1108.9,1051.7,873.1,790.7,722.1,680.0,623.4,573.4,577.6,576.3,472.3,504.7,487.5,479.2,468.6,453.3,451.8,476.7,448.8,415.3,403.9,363.5,372.8,362.6,318.0,317.7,306.1,283.9,287.3,245.0,247.9,230.0,230.3,189.8,193.2,196.0,178.3,176.4,171.5,215.0,162.5,160.5,165.2,193.3,180.4,176.2,199.6,214.2,209.8,225.2,259.8,252.4,265.3,241.2,286.6,293.1,275.8,285.0,313.3,355.6,363.6,328.2,340.8,397.2,382.1,398.0,368.9,410.4,388.0,380.4,346.7,379.2,359.7,350.0,342.1,345.8,315.1,319.2,297.6,289.2,302.1,291.1,235.2,263.3,255.8,254.1,221.3,245.3,230.7,203.1,183.6,198.7,192.3,188.1,208.0,179.1,183.3,148.2,173.3,165.2,164.5,157.6,174.3,160.9,161.2,158.7,188.1,157.7,169.8,175.2,194.5,158.2,147.8,158.3,156.6,166.1,168.7,148.5,143.1,143.1,163.8,147.6,149.9,153.2,162.6,153.0,165.1,174.7,162.1,140.6,195.3,165.2,179.5,169.6,167.5,157.9,182.7,160.7,163.1,168.6,155.1,172.6,196.2,175.6,194.6,196.0,162.3,170.0,179.1,191.6,161.9,157.8,179.3,178.5,174.5,157.8,186.7,173.3,194.3,218.5,162.1,174.2,173.5,175.9,184.8,184.8,190.3,173.3,213.5,179.1,174.3,197.1,179.4,175.5,166.5,157.2,197.4,179.1,199.5,165.1,158.0,176.6,192.2,175.9,196.0,189.9,201.4,181.7,177.3
3,carboxyl_ester,68.3,58.3,57.3,55.8,51.4,54.5,51.3,61.4,36.9,49.6,44.8,58.1,58.7,62.4,57.7,42.2,55.9,54.4,46.8,48.6,48.4,53.3,70.0,57.0,52.6,66.4,46.2,42.2,63.4,54.6,52.7,55.0,55.7,48.1,46.1,63.8,64.1,48.7,60.1,63.8,56.9,48.7,43.4,45.4,52.0,57.9,71.0,46.3,61.3,60.8,60.4,71.7,55.7,64.1,49.9,69.6,72.9,58.2,70.0,58.3,87.4,68.2,74.4,66.9,65.6,73.1,95.4,98.1,107.3,132.1,133.1,141.5,175.9,205.2,226.9,250.8,324.7,337.4,386.5,427.5,526.0,551.8,653.3,778.4,799.3,870.7,947.1,979.6,1054.9,1138.1,1185.6,1273.9,1253.3,1343.5,1318.1,1342.6,1384.1,1307.3,1234.7,1285.0,1210.9,1159.8,1092.3,1077.2,949.7,909.9,859.5,692.3,639.6,628.0,559.7,501.7,461.1,419.6,345.3,313.2,310.3,297.4,271.1,249.0,246.3,241.6,253.4,231.0,236.0,237.9,299.7,317.0,332.8,348.3,414.5,429.5,455.9,528.7,562.0,638.8,659.5,790.0,821.3,889.0,1019.9,1061.3,1136.0,1268.0,1341.5,1428.6,1530.5,1617.8,1662.8,1757.9,1807.9,1860.6,1835.8,1978.7,1970.5,2018.8,2062.8,2018.1,2002.5,2037.2,2016.5,1951.2,1990.9,1906.7,1905.2,1812.2,1749.2,1746.0,1796.9,1667.4,1700.6,1568.0,1525.0,1569.9,1460.7,1400.4,1321.3,1315.1,1252.9,1102.8,1127.1,1138.8,1143.6,1002.7,990.8,951.1,883.8,808.8,808.8,733.8,711.5,699.7,583.5,608.0,511.1,511.8,434.0,402.8,394.6,362.7,334.1,275.2,259.9,217.3,193.0,197.9,180.2,190.1,143.1,137.3,132.1,131.5,130.5,113.4,99.7,113.0,97.1,94.8,86.3,85.1,91.6,74.0,74.7,84.9,82.5,77.5,75.3,87.4,94.1,82.6,88.7,80.4,90.0,78.4,75.7,93.0,67.3,89.7,84.1,82.6,86.1,70.8,65.8,81.0,87.9,101.4,83.5,92.6,72.1,68.0,79.6,98.3,75.7,94.7,86.2,91.6,95.1,86.8,90.8,101.9,76.4,88.0,100.0,79.8,88.7,70.6,93.4,88.8,66.8,103.1,95.2,93.7,97.3,87.5,87.2,98.1,97.6,75.8,78.4,100.1,74.7,90.5,77.9,75.1,89.3,68.2,80.9,89.0,78.7,99.4,88.9,96.5,76.4,99.0,93.4,90.8,96.8,81.6,94.8,98.4,83.6
0,hydrocarbon,49.4,64.6,44.5,57.8,61.8,59.4,59.6,53.7,48.2,49.9,54.6,50.7,49.0,63.2,44.9,52.0,64.9,56.4,55.6,63.3,62.3,53.2,62.3,47.8,51.5,69.4,61.4,56.9,63.7,63.6,55.3,67.2,55.8,46.9,59.4,76.8,72.2,60.8,66.9,60.2,60.8,43.8,62.4,59.4,57.2,62.0,62.0,53.8,81.8,60.7,66.3,58.2,52.9,54.0,60.9,73.4,61.7,69.6,72.7,72.1,81.0,73.0,73.5,87.1,100.1,88.2,85.0,90.2,120.2,147.7,167.5,218.8,249.0,291.6,399.8,478.7,565.2,623.4,773.0,916.7,1140.4,1266.8,1519.2,1642.5,1955.9,2085.6,2399.0,2679.8,2819.0,3069.7,3280.0,3443.0,3551.0,3566.8,3602.9,3675.4,3583.7,3707.2,3611.4,3525.0,3323.7,3104.8,2888.5,2703.8,2564.4,2260.9,2030.7,1830.2,1698.2,1320.0,1235.1,1062.7,924.6,785.6,721.8,666.0,516.6,510.2,418.1,397.5,392.6,338.2,346.2,291.2,350.0,298.1,325.9,312.6,249.2,291.2,268.7,257.8,272.6,237.4,265.9,234.4,228.4,227.0,217.8,211.7,187.4,214.0,196.1,211.5,201.6,207.8,194.5,202.4,197.8,185.0,168.7,209.1,182.9,209.7,207.2,203.9,208.9,197.1,176.9,190.4,180.0,176.9,160.7,184.0,169.6,132.6,159.0,142.6,135.7,135.8,148.9,110.2,124.2,114.3,121.4,115.5,118.5,118.1,120.6,90.1,88.9,88.2,99.6,88.1,91.5,86.4,100.5,99.8,113.5,78.6,83.1,88.7,103.3,97.8,86.7,94.0,100.9,90.5,99.4,81.4,94.3,105.0,85.0,83.0,98.2,85.7,112.6,87.2,90.8,120.7,89.9,99.9,100.0,96.4,96.6,88.5,109.1,97.2,94.0,99.9,85.5,79.3,102.0,84.6,97.1,88.5,111.6,105.9,79.2,81.3,107.0,101.7,103.1,96.7,97.2,107.3,91.2,92.6,89.8,87.9,90.9,81.3,84.8,113.6,101.6,96.8,96.1,101.2,114.2,100.0,93.3,87.4,97.4,106.0,99.9,113.8,98.5,102.6,94.5,96.4,107.5,111.8,112.6,117.3,94.3,106.9,106.2,103.9,107.1,95.6,103.3,102.5,112.1,89.9,83.6,106.6,99.1,120.3,96.2,122.8,115.5,106.3,93.0,116.6,101.8,106.8,103.9,105.5,93.6,110.0,111.3,110.1,111.6,98.2,115.9,114.2,88.7,127.7,103.3,114.2,106.1
1,alcohol_ether,92.8,78.0,86.3,81.4,76.9,69.7,76.2,79.1,77.1,60.5,78.7,100.6,88.0,80.2,74.1,95.8,84.9,73.8,74.0,73.3,79.5,90.5,88.1,71.8,85.7,84.2,89.3,77.1,97.6,86.7,74.4,81.0,76.2,85.9,102.3,97.5,79.9,94.7,82.8,75.6,98.6,92.7,96.6,109.3,85.0,81.5,97.2,96.5,98.0,98.2,88.9,97.5,99.2,99.8,115.4,98.0,98.9,100.3,86.2,101.9,100.9,111.8,101.8,101.8,107.2,121.4,123.1,131.5,117.4,173.0,194.5,208.3,211.1,260.2,297.9,340.5,398.0,449.4,466.0,575.3,649.0,705.5,813.1,935.1,999.3,1084.1,1246.5,1340.4,1358.4,1471.7,1547.0,1574.4,1602.2,1733.8,1674.7,1746.8,1847.8,1824.1,1861.8,1776.6,1796.1,1868.2,1803.3,1676.7,1658.6,1688.7,1557.4,1540.8,1548.2,1488.3,1498.0,1516.0,1527.8,1565.5,1635.6,1687.6,1626.2,1720.5,1782.4,1816.5,1909.1,1931.2,1964.3,1930.8,1949.7,1981.9,2034.4,2005.6,1965.0,1858.8,1855.7,1831.1,1799.0,1803.8,1674.8,1652.9,1477.8,1430.0,1338.2,1341.8,1172.3,1148.9,1155.4,1003.2,976.9,969.0,866.9,858.9,825.7,802.1,773.4,771.3,784.7,729.5,731.0,649.7,699.3,697.2,644.4,587.8,692.6,581.0,597.3,571.6,545.7,529.4,504.7,476.8,476.1,414.7,382.4,389.1,386.7,326.6,301.2,258.5,284.8,248.1,248.3,277.5,213.9,218.7,234.3,186.7,186.9,200.8,181.1,182.7,151.0,152.0,147.0,158.7,174.8,150.9,152.6,157.1,158.7,135.3,142.8,156.5,158.5,154.2,151.5,134.7,151.6,140.6,120.3,150.3,129.3,139.0,136.5,156.5,135.7,170.5,144.5,144.3,164.3,138.6,154.6,138.1,162.6,151.8,171.8,164.7,154.2,155.5,163.5,161.5,144.1,169.4,165.0,150.4,143.1,161.0,149.0,163.4,172.1,155.4,172.2,161.2,146.4,188.1,187.4,154.7,183.4,154.0,136.3,169.7,168.9,160.9,157.6,169.1,162.1,209.9,174.2,189.9,173.3,182.4,188.5,162.6,174.5,156.0,178.7,170.9,171.4,178.2,161.2,184.1,170.5,188.7,182.3,178.0,191.0,208.5,174.7,180.6,169.5,171.3,166.9,181.4,164.9,176.9,166.5,191.7,184.9,165.0,180.3,185.8,188.3,155.8,157.7,194.3,196.6,170.0,186.3,196.9,187.2,210.4,181.5,187.8,166.6
0,hydrocarbon,89.1,83.8,95.6,101.4,93.3,79.2,81.9,93.1,89.8,91.3,83.2,92.4,90.2,98.5,96.3,109.8,104.2,100.2,87.1,93.1,88.9,87.2,91.0,107.9,72.7,103.6,105.2,94.9,114.6,100.5,92.1,98.3,107.9,93.5,88.2,90.3,72.2,83.9,81.1,103.5,93.6,95.6,91.5,90.4,87.2,78.7,96.8,94.7,102.9,98.8,79.4,100.5,111.1,89.1,89.5,102.8,91.9,104.5,90.0,93.6,92.1,104.0,103.7,121.6,138.9,128.9,154.9,177.7,195.0,214.6,251.0,328.8,356.8,443.0,516.3,588.5,688.8,800.9,929.1,1141.8,1310.1,1492.7,1759.1,1948.7,2185.6,2515.8,2612.7,2989.7,2982.5,3325.2,3376.0,3613.4,3861.2,3823.3,3928.8,4018.2,4046.0,4028.9,3969.3,3670.0,3654.2,3488.9,3348.0,3052.1,2982.6,2598.9,2418.6,2187.7,1991.1,1764.1,1587.1,1370.6,1159.7,1024.6,877.6,789.5,718.1,559.2,495.9,439.5,391.0,354.9,313.4,292.7,278.3,241.4,250.1,241.7,219.8,202.1,215.4,211.5,205.3,173.4,176.4,173.4,168.3,174.0,183.0,147.8,139.2,165.2,144.4,142.8,155.7,134.5,110.0,125.6,146.3,128.8,123.1,123.6,101.0,130.7,121.4,125.6,95.2,95.2,113.0,118.1,117.1,91.9,126.4,111.0,115.9,121.3,108.9,120.0,97.3,123.1,101.6,123.1,107.6,103.9,121.8,102.4,114.0,121.0,113.2,124.4,117.5,117.9,115.8,111.9,123.2,120.4,100.0,117.4,95.5,109.8,129.5,115.4,106.9,112.8,117.4,105.9,115.2,124.5,105.5,86.3,107.6,107.1,132.8,125.7,109.2,108.6,94.9,119.8,126.2,116.4,108.6,121.6,114.1,124.8,91.9,114.4,125.7,132.8,103.8,118.2,139.6,120.8,120.4,132.3,120.9,129.1,103.4,122.4,144.2,119.6,106.7,137.3,120.5,119.7,119.4,119.2,103.5,108.8,121.5,129.8,135.2,116.8,130.9,111.0,134.6,132.0,120.2,137.5,123.2,128.3,128.2,133.0,118.6,91.8,113.7,137.5,121.4,131.3,122.2,121.5,123.6,111.2,100.8,112.2,130.3,106.7,103.7,116.2,130.2,128.9,115.2,127.2,131.8,115.9,149.7,117.8,139.3,135.9,111.4,127.9,130.6,125.7,139.1,112.3,126.8,125.7,152.6,120.3,128.7,124.6,106.7,125.4,123.5,110.9,148.5,116.3,151.1,137.8,136.3,127.1,127.4
3,carboxyl_ester,89.4,95.8,112.3,93.7,107.2,74.9,93.3,91.0,83.9,76.0,86.9,96.4,95.3,117.4,93.2,89.5,88.8,83.4,101.8,84.6,101.3,93.4,103.4,96.9,84.2,81.4,103.5,102.0,80.4,92.4,91.0,105.2,104.1,84.0,103.9,85.5,100.2,89.3,86.1,85.1,87.4,97.8,118.8,101.3,81.3,106.0,90.7,79.6,91.6,108.3,78.4,112.2,108.5,90.7,88.4,91.4,100.5,90.4,104.2,107.4,90.7,101.5,88.0,110.5,109.8,110.1,130.8,136.1,135.0,153.9,184.5,184.6,220.9,242.1,299.2,327.8,377.6,435.0,554.0,562.9,675.8,696.8,859.3,983.2,1144.1,1155.6,1352.5,1391.0,1572.4,1693.1,1772.7,1855.5,1946.5,2020.1,2118.0,2074.2,2056.6,2055.1,2070.0,1991.7,1965.6,1886.4,1747.3,1619.9,1466.8,1379.2,1338.0,1171.6,1064.6,972.6,852.2,769.0,729.5,576.6,540.2,448.1,365.4,334.4,291.1,271.9,250.3,202.8,188.0,169.8,175.1,147.6,136.5,169.3,174.5,169.0,145.7,153.2,195.8,167.3,181.9,211.0,218.8,240.1,210.5,245.0,288.3,292.8,313.0,334.5,338.1,359.8,341.1,452.8,444.3,501.3,564.2,560.4,662.8,654.1,679.2,696.7,736.2,846.2,815.5,927.1,913.9,979.9,1013.3,1073.7,1127.2,1202.5,1258.6,1378.9,1377.2,1410.0,1550.1,1576.2,1638.9,1708.2,1781.5,1757.5,1772.5,1883.4,1809.3,1860.2,1841.3,1852.4,1833.9,1789.3,1791.9,1647.6,1649.5,1635.1,1530.9,1311.0,1331.7,1209.7,1125.1,1158.5,1024.2,863.5,814.4,730.4,688.1,658.6,582.0,539.2,473.0,422.6,386.3,373.2,316.0,280.2,255.6,235.1,211.2,191.5,166.5,208.6,181.7,180.6,136.8,129.8,130.1,134.5,132.8,144.1,137.5,125.6,145.6,111.1,130.9,129.3,123.4,103.3,121.2,123.4,133.1,128.6,133.7,115.4,119.5,126.4,131.2,125.3,116.8,120.0,127.9,113.4,136.5,121.4,124.3,125.8,122.0,121.1,130.0,125.2,120.3,116.2,137.0,109.5,91.1,97.0,141.4,133.4,139.9,125.7,123.3,137.0,125.2,119.9,121.4,135.2,131.5,117.1,127.5,133.8,131.4,127.9,148.7,151.5,152.1,138.4,136.2,126.5,99.8,141.0,126.6,134.9,129.3,135.2,145.1,121.7,131.3,117.2,124.0,122.1,135.2,128.6,144.6,129.1,129.7,134.4,150.7,145.5,125.5
0,hydrocarbon,98.3,107.4,106.5,93.1,103.6,119.9,118.4,120.0,124.4,116.3,91.0,99.3,113.6,127.6,113.5,97.4,116.4,114.5,128.7,122.2,118.8,112.9,124.3,121.3,101.6,128.9,110.8,125.4,126.2,106.3,120.7,108.7,105.6,133.2,111.3,108.6,129.7,119.0,140.3,109.5,125.5,121.6,122.4,108.2,117.5,129.7,119.8,125.8,130.4,129.1,140.3,110.3,136.2,119.6,159.1,131.7,129.0,127.2,137.8,145.7,157.5,192.5,142.1,183.8,213.2,236.4,280.8,311.9,362.2,412.8,466.5,531.4,618.6,780.8,846.7,957.4,1135.4,1283.4,1536.4,1607.5,1846.1,1981.0,2258.6,2458.2,2660.6,2892.3,3173.8,3412.2,3426.2,3574.2,3754.2,3857.0,3987.6,3936.0,4024.8,4096.6,3906.3,3837.3,3700.0,3555.0,3570.3,3277.7,3020.9,2896.8,2774.4,2369.2,2270.2,1995.4,1847.7,1619.5,1504.7,1275.3,1149.8,1023.0,858.2,761.3,698.1,625.2,577.1,475.3,433.0,421.3,348.0,359.0,327.3,315.9,280.2,282.5,274.5,255.6,257.4,251.2,270.4,222.2,230.9,232.8,222.0,221.3,241.6,241.0,208.4,214.4,212.2,202.4,215.4,212.5,209.9,200.0,204.5,192.5,194.2,203.1,222.4,212.1,215.6,189.4,226.3,243.3,209.0,189.5,222.4,189.8,193.0,197.8,196.6,209.3,167.5,205.3,195.3,192.0,186.4,187.6,202.4,210.3,199.9,189.6,161.3,177.4,184.7,166.5,165.8,151.9,186.5,177.0,159.8,196.5,182.6,181.2,172.0,175.9,199.8,183.7,201.5,179.7,183.4,172.9,190.8,215.6,203.7,192.6,160.6,184.8,191.2,204.5,207.9,157.8,161.6,207.2,197.4,201.1,200.0,203.0,202.6,190.8,187.6,190.4,193.9,207.3,201.7,187.3,158.4,190.5,228.0,201.3,216.1,185.5,192.4,192.7,196.4,196.5,200.8,161.3,192.5,213.5,171.1,222.1,231.9,181.7,181.7,229.6,218.0,203.7,214.3,209.8,188.9,199.2,204.1,230.5,222.9,210.3,198.4,223.7,214.7,225.9,197.1,200.1,209.5,200.7,240.0,198.2,232.8,209.1,215.0,178.4,195.9,206.6,199.1,211.3,208.2,204.6,181.6,209.9,218.6,182.4,196.4,199.0,200.9,219.0,223.9,222.0,218.6,229.0,184.5,207.9,224.4,239.7,209.0,218.1,180.6,187.2,213.3,206.8,220.7,228.8,206.3,211.9,205.8,216.6,212.9,190.2,220.4
3,carboxyl_ester,32.7,53.5,52.1,51.0,54.6,65.4,64.9,55.1,55.4,69.7,65.4,44.1,56.6,44.3,48.8,50.6,67.5,54.9,65.5,55.5,66.2,54.2,67.8,59.7,72.1,51.0,60.7,62.3,55.8,70.5,55.5,53.9,59.5,63.5,64.6,66.4,61.6,48.7,56.3,65.2,49.5,66.9,48.3,69.1,73.2,55.6,56.6,65.9,75.3,47.2,65.4,67.4,71.3,75.1,54.9,51.7,64.9,63.5,69.0,61.3,63.9,66.8,55.8,69.0,81.0,83.8,65.6,82.9,104.5,129.2,139.8,151.6,145.1,214.1,216.6,251.8,285.8,336.7,427.6,460.5,536.5,631.3,685.1,771.3,933.2,977.7,1045.4,1072.6,1194.5,1241.4,1378.6,1458.1,1472.4,1536.9,1632.1,1610.9,1637.0,1526.5,1593.2,1445.7,1499.2,1414.0,1327.0,1272.3,1175.4,1140.3,1032.6,971.6,912.0,831.2,733.1,675.6,544.0,488.9,487.1,435.6,364.2,358.0,292.9,276.0,258.4,253.8,217.7,219.3,224.1,218.4,183.5,189.1,210.5,210.6,221.7,237.4,211.0,220.8,229.4,256.1,251.7,292.5,286.2,278.8,308.3,349.8,372.4,367.6,439.3,440.9,467.5,471.1,526.0,541.4,630.1,684.2,678.7,742.1,787.9,821.6,880.4,912.7,1050.7,978.7,1064.9,1165.2,1255.8,1270.7,1353.5,1398.2,1500.4,1528.4,1700.6,1711.1,1860.2,1804.7,1910.5,1917.0,1976.8,1992.0,2097.8,2092.4,2163.9,2135.7,2077.1,2159.2,2035.2,2015.5,2023.0,1984.9,1894.3,1862.9,1760.2,1656.7,1585.0,1442.0,1388.0,1260.9,1241.9,1059.0,980.5,909.3,818.1,758.4,644.8,599.5,582.3,498.7,391.6,411.4,361.4,324.4,259.6,252.1,210.5,217.9,183.9,161.2,130.9,128.0,127.1,89.7,112.1,93.1,99.4,116.3,100.1,87.5,83.7,94.4,86.4,90.2,98.7,88.9,93.0,88.3,72.5,94.8,84.4,93.9,99.2,96.0,88.2,87.0,100.5,95.3,88.5,75.9,91.5,78.8,110.7,92.4,90.8,82.1,77.8,101.9,91.4,97.4,99.9,103.5,80.4,71.5,90.2,91.7,92.0,87.1,83.1,83.2,95.4,99.6,83.1,89.4,89.9,114.3,101.3,96.6,80.5,80.9,91.6,83.7,98.0,101.5,93.3,77.5,105.2,84.2,95.8,81.0,90.1,97.3,110.1,90.2,96.8,91.4,92.7,102.0,95.7,87.4,110.9,110.7,85.6,115.9,85.0,103.1,99.7
0,hydrocarbon,89.6,90.2,98.6,87.6,87.4,112.9,96.0,93.6,102.2,95.5,118.0,111.9,118.7,117.6,113.8,107.4,109.9,98.5,99.4,114.7,72.4,97.8,120.1,101.6,90.5,93.3,121.1,117.7,119.7,116.3,103.6,113.7,115.3,117.6,120.8,97.9,108.2,139.8,114.3,114.8,97.0,129.2,102.0,119.7,110.2,104.7,113.6,126.2,108.2,106.0,107.8,125.5,132.9,113.0,136.6,106.1,123.0,124.9,114.5,124.4,137.9,148.4,137.4,175.7,176.7,183.3,208.6,231.3,257.3,313.5,384.0,435.0,503.7,554.0,571.2,738.9,850.8,1038.1,1111.7,1298.7,1434.6,1652.7,1916.2,2156.5,2313.0,2529.5,2764.2,2966.5,3149.5,3465.7,3563.8,3755.3,3878.6,3997.8,3979.8,4084.0,4003.5,4017.9,4156.9,3878.8,3745.0,3678.5,3390.5,3232.3,3090.8,2864.4,2634.5,2386.8,2237.2,2036.5,1744.8,1525.3,1395.7,1250.2,1072.7,936.5,795.2,697.2,604.5,550.5,469.9,355.0,380.7,333.9,286.1,252.3,211.3,185.5,193.3,196.3,165.3,136.5,149.6,147.7,143.6,148.5,149.6,136.7,137.2,140.2,134.5,152.3,124.7,135.2,145.5,152.9,148.6,139.5,157.6,134.5,132.6,162.4,138.9,141.5,144.9,144.7,146.2,139.5,111.1,151.9,135.2,134.2,146.4,138.8,145.4,155.4,151.6,138.0,127.0,146.2,148.9,114.4,139.8,122.9,128.5,106.3,125.0,149.1,109.6,142.2,133.7,138.6,131.2,124.3,118.7,139.5,113.0,127.2,135.8,120.7,126.1,142.1,121.0,134.6,124.6,132.2,132.1,148.2,117.8,142.5,136.0,115.4,124.3,149.2,135.6,136.2,141.4,142.5,137.3,136.3,165.5,136.4,127.3,136.9,135.7,156.6,128.7,157.9,132.9,126.6,141.6,126.7,131.1,126.4,147.4,137.2,132.0,141.4,115.0,128.6,125.1,120.1,129.2,136.6,132.1,128.3,146.7,147.6,133.4,122.2,123.5,140.1,124.8,123.3,133.3,114.8,123.0,131.2,145.8,132.7,141.0,111.5,121.4,132.3,131.8,135.4,129.5,134.2,124.5,148.7,148.9,127.3,155.2,128.7,118.3,144.5,135.3,141.2,149.3,112.9,148.3,127.7,138.8,124.9,150.0,132.1,130.7,128.2,134.8,126.5,138.8,147.6,124.2,128.0,135.9,161.6,138.5,137.7,132.0,154.3,126.0,132.0,133.6,162.6,138.9,155.6,153.0,134.3,135.7,138.8,134.1
1,alcohol_ether,46.1,46.6,37.8,47.4,46.2,46.2,48.9,52.6,45.9,46.5,48.7,50.5,42.6,40.4,56.8,42.0,49.8,55.1,47.8,38.9,58.8,47.2,53.2,64.1,43.3,54.1,49.0,42.6,47.8,51.5,63.9,49.0,36.7,53.0,46.4,61.4,45.4,51.9,32.2,38.8,59.1,39.7,50.6,55.3,58.2,58.0,53.3,55.2,60.9,41.5,59.3,53.5,54.9,54.6,51.8,56.5,60.9,52.0,52.7,63.5,66.4,55.6,44.4,53.4,73.7,75.1,69.8,92.0,103.7,132.5,145.2,158.7,172.0,233.6,253.5,315.1,349.3,419.5,518.6,565.9,628.7,727.9,796.3,912.1,1034.1,1107.3,1314.8,1467.4,1544.3,1657.2,1740.7,1905.2,2088.8,2153.5,2154.1,2199.8,2344.1,2354.4,2441.4,2473.9,2509.9,2423.0,2493.4,2398.3,2374.1,2256.0,2250.8,2107.3,2033.3,1968.6,1935.4,1920.1,1948.7,1926.5,1759.2,1854.8,1703.6,1729.1,1766.9,1849.9,1672.1,1752.0,1801.2,1769.8,1780.1,1838.6,1878.7,1847.9,1844.5,1847.6,1819.5,1738.2,1795.9,1693.7,1613.4,1603.2,1507.0,1464.2,1328.8,1278.9,1213.6,1120.3,999.4,936.7,833.1,778.2,705.2,583.8,576.1,497.0,455.4,417.4,359.9,330.2,293.5,263.4,215.1,213.2,197.4,154.6,145.0,134.2,120.1,126.3,99.6,99.1,96.6,87.7,70.7,106.1,90.2,84.1,82.3,73.3,77.1,101.0,82.2,82.1,76.8,79.4,64.7,88.0,79.4,76.6,88.0,78.2,78.4,60.4,89.4,73.5,76.7,67.2,73.9,71.5,88.2,61.2,65.1,81.9,81.8,76.3,67.1,56.0,69.7,72.3,70.0,81.3,72.9,67.4,80.8,63.2,89.5,77.7,69.8,65.4,77.9,82.9,67.7,79.8,83.8,73.8,72.5,76.5,78.3,78.6,71.8,68.7,76.2,69.8,62.6,76.0,96.6,75.3,76.1,71.4,69.5,78.6,58.8,73.1,84.9,68.3,73.7,73.4,82.0,74.1,76.1,66.1,66.6,80.4,102.9,68.0,71.1,70.2,84.9,83.4,91.4,86.3,72.5,75.9,67.9,66.4,73.6,80.5,72.5,74.1,89.1,64.1,85.8,82.5,69.4,70.5,84.0,71.1,77.4,81.9,94.9,92.2,76.2,76.3,85.7,81.8,93.7,81.2,85.9,74.8,77.8,90.0,79.2,90.6,71.3,85.7,79.9,89.3,96.1,70.8,86.6,92.7,66.9,95.9,90.4,75.3,77.3
1,alcohol_ether,129.6,127.8,125.4,107.0,118.9,134.6,101.6,106.3,128.3,107.6,116.0,120.4,114.8,120.0,113.6,101.7,118.0,141.5,109.6,104.7,102.9,119.9,124.5,123.6,117.0,121.7,104.1,128.3,110.9,111.3,104.7,109.4,125.8,114.8,128.7,118.6,110.0,148.2,98.5,136.6,118.9,109.8,130.3,115.5,143.8,116.1,120.3,128.9,115.7,124.4,121.2,121.3,120.3,143.3,109.3,120.2,129.4,105.4,126.8,113.8,107.0,114.1,139.1,120.7,155.5,139.5,147.9,147.4,161.0,167.5,203.0,203.2,217.9,259.4,296.1,338.1,386.8,429.8,498.8,588.8,718.1,797.2,920.6,1051.4,1197.8,1322.8,1526.8,1694.3,1870.5,2046.5,2208.8,2421.1,2539.4,2606.8,2725.7,2742.0,2899.5,2885.4,2908.3,2906.1,2801.4,2858.5,2663.5,2621.5,2515.6,2326.4,2162.7,2069.0,1924.3,1872.3,1730.2,1645.0,1559.7,1429.1,1363.4,1359.2,1264.8,1297.0,1267.1,1226.0,1272.3,1298.0,1285.8,1305.4,1353.1,1320.3,1338.8,1324.0,1276.0,1258.5,1268.6,1259.4,1169.7,1207.6,1113.6,1128.6,1018.5,896.9,941.3,856.6,801.6,692.3,641.5,638.6,549.0,529.3,460.5,400.4,371.9,364.3,337.3,317.4,299.0,296.6,265.0,255.8,250.8,238.8,206.8,239.7,213.7,216.2,217.2,203.8,189.9,192.4,200.0,181.7,169.6,179.6,191.8,176.1,205.8,149.6,200.9,185.4,189.0,151.1,175.6,179.7,181.9,168.6,176.5,170.3,168.9,157.0,177.8,158.1,191.3,173.1,181.6,179.5,157.8,173.3,174.1,175.0,172.1,161.1,166.0,153.3,177.6,159.6,166.3,185.4,155.2,183.6,156.6,160.2,166.2,158.8,157.0,146.2,154.6,141.9,189.2,129.6,156.2,157.7,159.2,166.1,168.4,144.9,141.3,172.3,153.2,177.0,173.7,168.9,183.1,167.6,146.5,168.6,156.7,156.0,172.4,173.0,170.7,152.6,164.0,157.7,195.6,190.9,155.4,162.8,191.5,169.9,167.0,184.8,175.7,158.6,166.3,160.8,151.6,163.6,158.3,167.4,165.9,152.9,144.0,190.7,164.1,164.9,161.1,167.7,151.0,180.6,160.4,175.3,179.5,149.8,168.9,180.9,167.0,170.4,147.2,201.9,155.3,177.6,175.6,181.0,188.4,195.7,146.1,174.1,165.1,158.1,160.3,189.0,166.8,170.9,193.0,182.9,170.1,197.9,192.5,194.4,172.5,185.9,194.4,161.9,170.8
3,carboxyl_ester,45.5,60.0,57.5,46.9,49.5,52.2,59.8,62.7,51.4,60.8,68.5,38.8,58.8,57.6,56.6,54.8,70.4,71.8,58.6,54.5,57.1,57.5,40.8,60.1,58.8,55.3,63.9,51.7,66.7,53.8,54.0,52.2,63.7,59.3,72.7,58.7,49.2,70.7,48.9,59.0,83.1,67.5,76.7,75.6,64.3,76.0,68.4,55.8,81.6,75.7,72.0,57.7,59.6,75.9,79.8,69.3,77.4,83.9,84.1,76.4,63.1,87.9,76.1,60.3,75.9,88.9,91.0,94.4,119.8,101.7,128.5,153.8,119.5,172.8,172.2,245.8,240.2,297.4,364.6,425.6,436.1,486.3,597.5,705.9,766.0,901.6,888.1,1040.8,1166.8,1238.9,1356.0,1396.9,1498.1,1584.2,1582.3,1643.3,1709.0,1799.7,1796.1,1740.7,1653.1,1684.2,1611.8,1552.6,1482.4,1473.2,1357.2,1360.0,1169.3,1089.1,1000.5,905.8,800.2,779.5,766.5,694.9,660.7,590.9,544.6,484.3,498.9,493.6,459.6,506.0,459.6,465.7,467.1,455.5,500.4,435.4,462.1,469.6,439.9,453.4,448.7,433.1,437.6,414.9,441.6,384.5,392.0,394.8,411.9,420.7,421.4,463.6,473.2,451.3,451.2,495.0,506.1,569.7,478.1,631.4,558.8,648.7,709.6,750.1,731.2,785.3,891.5,872.0,894.1,989.2,1128.1,1133.8,1097.5,1192.8,1240.9,1377.7,1432.7,1474.1,1518.3,1525.1,1808.3,1734.1,1826.9,1784.4,1855.3,1864.3,1857.7,1860.3,1859.0,1879.4,1836.7,1827.8,1777.3,1732.2,1600.2,1630.0,1537.7,1491.0,1420.5,1259.9,1179.4,1111.7,1035.4,979.0,849.9,805.5,722.1,654.2,598.7,530.6,508.7,445.4,383.7,361.7,349.3,304.1,260.8,261.0,203.0,197.5,195.3,171.9,163.7,167.5,172.4,149.5,143.7,150.6,141.6,150.8,160.6,125.2,123.7,133.3,133.0,132.0,159.3,131.5,156.9,144.1,133.1,119.8,132.9,110.3,148.2,125.8,130.7,139.1,128.6,146.6,128.7,146.8,120.9,146.8,156.5,129.8,154.9,145.0,134.1,140.7,154.3,137.7,144.3,130.9,175.0,143.9,134.4,129.3,158.0,161.1,154.3,140.8,154.5,141.0,135.4,122.0,133.3,141.1,148.3,146.3,144.8,136.7,148.0,156.4,159.9,155.3,155.7,144.1,156.4,161.7,148.7,148.2,136.5,167.3,177.9,149.3,158.7,171.5,167.0,155.7,176.1,155.0,152.9,179.3,156.6,132.2,174.1
3,carboxyl_ester,84.2,92.4,106.0,87.0,89.3,108.4,96.3,100.6,108.3,90.7,113.5,92.6,119.0,112.0,98.8,101.4,94.7,95.3,109.4,82.0,101.1,102.8,104.2,92.4,82.9,104.9,112.1,91.5,91.6,111.1,96.0,98.4,106.1,92.4,102.6,103.3,103.5,97.5,99.7,118.6,84.7,95.7,109.2,110.7,128.8,103.7,102.8,108.0,93.5,102.9,97.4,103.7,97.7,92.9,102.1,100.3,123.7,133.5,93.5,94.5,117.9,109.0,122.4,125.1,132.0,135.9,142.5,143.2,159.7,182.3,204.5,234.2,291.5,321.2,413.0,459.6,548.5,616.2,717.5,862.9,975.7,1188.5,1239.8,1454.9,1600.2,1704.8,1855.3,2023.5,2302.1,2524.0,2622.4,2755.8,2859.4,3048.5,3042.8,3115.0,3048.4,3078.5,2882.0,2843.9,2853.1,2670.6,2512.1,2317.5,2283.0,2020.0,1950.3,1757.3,1493.9,1388.5,1307.4,1257.5,1146.7,1014.7,964.4,914.9,850.7,835.5,784.8,772.5,773.2,809.7,722.5,780.3,740.5,733.9,734.7,737.8,698.8,723.9,671.5,666.3,635.6,648.3,623.0,586.4,551.4,485.0,516.9,489.3,455.6,456.0,407.8,390.3,419.3,386.7,367.8,345.1,391.5,349.8,386.4,368.3,395.3,366.6,394.9,399.4,371.1,366.6,388.9,405.0,403.2,377.5,401.7,418.1,387.5,393.5,415.9,453.6,414.5,381.8,450.6,397.1,451.4,451.3,403.0,433.1,417.3,433.1,435.0,459.4,455.5,413.9,438.2,432.1,373.4,352.8,365.6,388.2,367.5,345.0,323.9,310.1,316.8,285.6,298.0,266.7,239.4,246.1,195.4,206.3,189.3,187.5,188.4,178.2,194.3,183.9,161.2,161.9,157.2,146.1,140.1,153.8,143.1,128.5,149.1,141.6,111.8,151.8,122.1,146.0,157.8,144.3,146.1,152.9,160.3,151.3,139.8,131.8,130.4,146.5,138.3,153.6,139.9,158.7,154.3,132.4,145.4,125.5,141.6,170.5,146.3,159.6,152.2,163.2,145.3,141.7,127.7,147.1,145.3,143.1,137.2,147.5,146.9,157.9,141.5,147.4,178.5,171.5,150.0,163.8,175.3,125.9,157.8,141.7,162.4,141.5,164.2,174.6,132.5,143.8,153.7,152.8,149.3,147.3,151.2,159.5,162.0,136.4,135.4,161.0,172.3,180.9,132.6,169.5,129.9,155.8,132.0,148.2,168.7,151.9,155.7,158.9,163.1,160.0,155.9,144.2,149.1,187.2,162.2,153.9,168.8
1,alcohol_ether,56.0,51.5,58.5,68.6,54.6,44.0,62.9,62.5,66.3,61.0,75.1,48.7,65.4,62.9,55.2,49.9,78.9,72.6,75.9,61.5,72.0,47.0,58.0,66.4,65.5,87.2,65.2,82.4,77.5,67.3,68.3,79.5,79.6,74.6,84.4,77.6,60.5,78.2,67.2,79.0,74.3,64.0,73.4,82.1,68.5,72.0,90.2,86.9,73.3,65.0,83.5,89.4,65.1,78.3,83.7,61.9,76.7,87.5,83.8,88.7,83.8,80.4,86.3,89.4,100.8,79.9,84.9,101.7,91.9,92.6,109.6,107.8,116.8,98.9,138.4,124.6,173.4,180.9,183.3,227.7,257.6,277.8,315.4,321.6,406.1,404.4,496.8,550.7,599.8,614.0,692.6,709.6,762.0,901.3,890.3,925.5,986.5,1054.8,1008.4,1086.6,1053.4,1131.4,1142.7,1143.0,1136.1,1115.6,1176.4,1160.5,1210.8,1232.6,1354.3,1362.0,1385.3,1487.3,1631.3,1645.7,1849.9,1905.9,2036.2,2057.0,2313.0,2405.9,2493.2,2524.2,2759.7,2779.7,2809.1,2837.3,2971.2,2891.1,2881.4,2932.2,2825.6,2775.0,2606.6,2577.3,2548.2,2296.4,2213.9,2053.9,1887.3,1853.9,1637.5,1505.3,1311.6,1255.0,1161.9,1046.4,938.7,860.7,740.8,715.0,669.8,575.5,527.0,523.5,471.9,473.3,415.8,420.2,413.8,382.9,405.1,378.9,389.8,367.4,344.5,350.1,337.1,340.1,323.3,349.5,349.0,348.5,337.7,366.0,335.9,351.6,355.2,329.9,319.3,351.2,328.0,279.0,352.9,299.8,286.6,294.8,264.6,263.1,274.0,281.2,268.2,221.9,266.9,265.1,244.0,227.1,197.4,189.4,211.7,189.5,186.4,190.4,202.1,162.6,173.0,176.4,153.8,189.3,158.6,133.7,145.5,161.1,150.8,128.1,133.5,148.5,143.7,162.0,127.9,155.3,140.1,137.9,106.8,134.7,142.4,130.7,171.2,129.8,122.7,164.6,136.2,137.3,147.9,159.0,124.5,126.3,154.6,140.3,119.2,159.3,148.6,165.3,149.0,146.8,165.6,152.1,156.0,156.7,141.8,148.5,143.3,153.1,149.0,154.3,160.3,129.6,176.3,141.7,155.6,114.5,157.0,137.1,167.2,156.6,155.6,161.0,152.8,155.1,159.5,129.2,148.9,170.2,167.8,159.2,142.5,151.5,156.8,188.8,166.6,192.2,166.1,179.8,186.1,163.3,166.7,168.4,145.4,155.7,163.7,130.9,161.8,142.0,177.8,175.9,181.9,186.8,180.2,191.9,156.2
0,hydrocarbon,46.6,47.5,57.9,59.6,54.7,45.2,52.8,46.1,57.5,43.7,44.1,49.6,57.7,38.8,52.9,43.5,67.2,57.7,53.8,59.6,41.6,61.2,66.5,55.1,60.6,62.7,48.8,56.5,68.3,68.6,65.5,60.6,57.5,69.9,75.2,50.0,58.1,62.2,76.4,70.6,65.3,70.1,67.8,56.2,60.6,77.5,65.4,70.6,65.8,63.0,49.0,75.0,72.5,57.6,70.7,66.3,69.9,75.2,61.2,75.2,74.1,69.2,68.8,89.0,74.6,74.9,85.6,96.1,113.9,147.7,146.6,171.5,220.6,229.8,278.0,346.0,455.8,494.8,603.9,715.2,770.1,951.2,1129.4,1376.0,1542.6,1802.4,1926.7,2255.9,2477.5,2672.8,2855.5,2990.5,3387.7,3473.1,3629.6,3769.1,3951.2,3947.5,3927.5,3889.9,3966.5,3937.3,3699.0,3707.6,3405.1,3215.6,3028.0,2784.3,2455.2,2292.9,2080.3,1841.1,1656.9,1451.3,1283.9,1129.8,952.9,831.8,641.5,636.7,498.7,457.8,360.9,340.1,278.1,259.2,262.4,201.6,205.9,178.2,171.5,143.8,161.3,147.4,161.8,170.5,167.6,125.9,142.9,133.3,125.3,112.9,103.9,119.1,130.3,138.4,127.4,112.5,133.5,125.9,107.1,105.1,101.4,112.4,113.3,124.4,117.9,123.5,122.0,82.9,97.1,104.7,111.2,90.2,104.3,82.0,113.1,119.4,116.2,114.4,104.5,103.2,109.6,100.1,100.3,112.4,104.4,133.5,113.7,103.5,108.8,105.6,109.1,102.1,112.3,105.9,101.5,120.7,110.1,122.7,112.0,117.6,127.9,120.3,139.8,132.9,130.6,128.5,112.1,136.1,148.5,136.9,126.5,120.6,121.6,122.4,131.4,136.1,135.1,149.1,134.8,129.5,118.7,126.0,135.8,125.3,125.9,126.9,128.3,136.8,127.1,131.0,141.0,119.1,139.2,143.5,123.3,131.6,132.1,127.3,131.7,130.2,139.3,140.2,134.7,140.4,143.7,132.0,147.7,159.6,143.2,134.4,149.9,149.9,125.7,119.6,146.5,130.1,129.0,140.3,148.9,158.9,138.6,146.2,143.3,136.6,141.7,147.1,140.5,139.7,144.7,159.4,149.5,149.9,133.0,151.5,149.5,136.7,143.2,140.3,142.7,164.0,149.1,157.7,156.1,150.7,151.5,162.7,139.2,157.8,162.6,136.7,136.0,159.4,179.8,150.9,164.2,179.8,159.1,179.7,155.4,149.4,161.7,145.1,155.6,156.1,167.5,166.6,147.3,158.8,141.5
1,alcohol_ether,121.9,116.3,115.3,115.9,119.7,109.9,105.2,105.1,110.0,104.0,95.9,101.3,114.8,111.5,131.1,103.9,117.8,121.9,101.1,119.4,112.8,129.1,118.4,123.2,133.9,117.5,103.1,120.5,115.5,113.8,114.6,102.7,124.7,127.7,108.8,128.1,114.7,125.5,132.5,110.9,114.9,110.6,114.6,131.3,108.6,140.3,128.1,125.7,85.9,147.4,142.7,112.7,137.5,114.2,130.3,115.8,117.2,136.7,141.1,131.9,122.6,141.3,154.6,131.3,158.6,162.6,170.1,165.7,174.8,226.8,242.4,235.7,278.7,297.5,369.9,393.9,439.4,464.9,576.9,600.1,610.6,716.0,764.3,818.6,955.4,968.1,1057.5,1154.2,1236.8,1252.5,1251.9,1408.5,1333.9,1488.6,1507.4,1466.0,1414.2,1417.2,1420.8,1462.2,1475.4,1456.3,1486.0,1461.3,1484.3,1448.6,1400.7,1507.4,1527.9,1509.3,1614.8,1620.8,1693.6,1697.6,1770.9,1850.4,1843.1,1889.5,2106.6,2078.0,2153.6,2108.4,2211.3,2246.2,2227.9,2135.9,2143.1,2122.2,2088.4,1962.7,1980.7,1884.6,1855.9,1799.4,1699.9,1742.7,1526.7,1464.5,1416.2,1299.6,1271.4,1167.2,1107.6,1104.0,1011.5,922.5,947.6,898.7,839.2,845.9,810.0,770.0,801.5,719.9,737.4,699.8,724.1,754.0,754.0,759.1,715.9,755.4,701.8,699.3,731.9,702.1,678.8,713.3,683.7,697.9,683.9,710.5,677.6,698.6,665.1,644.2,607.1,598.1,590.7,607.5,604.9,595.8,610.4,583.0,535.6,518.3,529.4,488.7,473.3,447.9,423.7,376.0,384.4,383.4,362.2,329.1,340.6,331.6,282.4,291.9,278.3,265.1,230.0,247.3,208.6,201.8,203.1,191.3,176.9,176.9,185.7,174.6,169.3,190.1,204.2,158.5,179.7,172.4,138.3,155.4,138.8,151.4,191.9,189.6,148.7,167.2,179.8,174.9,148.9,190.4,151.7,158.2,164.5,145.1,160.2,182.4,169.5,154.6,146.9,173.1,182.8,160.0,176.5,164.8,183.3,159.4,166.2,164.7,175.6,174.9,170.6,186.8,184.9,175.7,176.4,160.1,187.3,189.8,178.6,164.5,201.9,180.3,172.9,164.0,183.4,189.1,168.3,167.1,197.0,170.4,167.6,180.8,182.2,204.7,193.5,209.2,166.9,163.2,181.5,183.3,180.6,195.3,168.4,166.0,187.3,183.0,196.0,175.8,181.7,166.4,187.3,193.6,182.2,196.8,204.3,174.0,198.5,177.4,190.7,186.7,182.9
2,carbonyl,62.6,64.5,51.8,70.4,75.8,70.1,65.0,69.2,60.1,53.2,65.7,60.6,66.4,57.1,76.9,75.7,66.8,83.0,59.7,61.0,75.7,72.6,63.7,71.9,80.4,89.4,69.2,71.7,79.8,58.4,72.4,73.3,69.2,71.0,65.1,79.6,85.6,66.8,70.9,85.3,80.4,66.6,82.7,64.7,73.1,75.0,67.6,91.4,75.1,77.2,76.7,65.0,73.0,70.1,54.9,74.1,97.3,66.9,96.5,90.5,83.8,76.2,87.4,104.7,88.4,101.4,99.2,123.2,126.3,168.9,165.5,198.5,246.0,259.5,295.0,318.2,406.9,472.3,536.1,632.7,687.2,789.4,859.7,942.9,1086.5,1232.5,1365.4,1445.7,1554.6,1660.3,1669.8,1815.8,1833.1,1909.5,1906.3,1974.9,1918.9,1882.6,1903.3,1844.7,1759.7,1646.4,1605.2,1515.1,1459.6,1365.2,1305.4,1280.2,1165.0,1175.5,1102.0,1029.5,985.7,965.1,986.7,983.6,996.0,1013.4,995.8,996.2,1045.4,1016.3,1068.6,1028.5,1019.8,1063.8,1068.4,959.2,1042.2,1015.4,975.1,966.5,867.1,821.6,887.3,810.5,710.6,728.7,675.3,612.0,582.5,577.6,520.7,501.1,465.5,470.2,482.2,494.2,443.6,455.3,429.3,453.9,467.3,445.2,488.0,516.5,518.4,547.3,558.0,618.8,620.5,695.3,722.9,730.4,776.0,824.5,844.9,972.2,969.6,988.7,1098.7,1082.4,1115.0,1137.4,1187.3,1127.0,1168.3,1239.6,1183.9,1155.8,1156.0,1228.9,1134.7,1120.9,1155.5,999.0,1005.2,965.5,929.9,891.9,830.1,728.9,750.3,638.0,642.3,582.9,498.8,480.2,428.1,403.7,390.2,331.7,289.1,282.1,263.7,248.8,205.3,207.7,173.8,180.3,158.8,135.6,154.2,147.6,144.7,138.0,139.8,124.9,119.6,137.8,122.3,119.3,120.9,143.8,128.1,125.6,117.3,105.7,124.8,125.9,110.6,136.7,145.7,133.2,110.5,120.5,126.1,123.4,125.4,118.9,122.7,142.9,137.2,115.3,120.8,146.5,123.6,112.1,139.5,111.1,124.4,133.5,110.3,138.9,129.6,115.6,137.7,109.4,121.9,148.1,143.1,136.0,147.4,106.7,133.6,140.6,130.1,117.2,145.5,114.3,126.2,128.7,120.4,138.0,113.1,138.5,136.2,106.5,137.6,133.8,134.5,148.4,133.3,121.7,132.6,149.3,142.7,142.9,118.7,154.8,148.8,143.1,151.3,131.5,143.0,118.5,135.3,137.2,150.4,111.7,159.0
1,alcohol_ether,84.9,90.5,72.6,79.9,92.6,69.8,74.9,76.2,77.2,86.5,75.5,78.6,80.5,84.1,100.9,87.5,75.4,78.1,83.8,87.4,95.1,67.4,87.9,92.5,81.9,77.0,85.3,87.3,82.0,88.5,97.2,85.6,109.0,94.0,88.9,94.0,80.8,74.4,110.4,119.8,85.7,95.4,83.6,103.7,92.3,81.7,96.6,94.1,88.0,97.8,95.4,104.2,105.8,106.9,82.2,105.8,79.1,93.4,94.2,100.8,107.5,103.0,103.9,104.1,109.9,129.4,126.8,137.9,154.4,172.7,189.7,226.2,226.8,261.2,292.9,342.3,395.1,452.7,517.4,615.6,624.0,811.6,904.7,956.3,1090.0,1185.8,1256.3,1442.4,1525.2,1694.6,1786.3,1859.9,1907.4,2030.4,2095.2,2111.2,2037.4,2189.8,2183.3,2040.0,2143.9,2076.5,2009.5,1940.4,1936.9,1823.0,1828.7,1768.4,1823.2,1706.1,1678.4,1685.7,1724.7,1767.9,1827.5,1883.7,1810.0,1977.6,1893.4,1968.2,2049.5,2133.4,2075.1,2262.0,2228.6,2172.4,2232.4,2264.9,2128.5,2195.1,2099.5,2056.8,1883.3,1804.1,1744.7,1707.7,1636.5,1461.1,1418.1,1360.6,1221.9,1082.4,975.3,945.2,828.2,722.9,637.5,562.0,487.0,482.2,367.3,378.6,324.2,266.1,279.7,235.7,206.7,214.7,180.5,180.0,164.0,161.9,172.1,147.7,130.2,126.2,140.8,138.1,150.8,119.8,171.9,129.9,130.2,132.4,147.8,145.9,121.8,143.2,156.2,145.9,151.9,161.4,131.6,123.8,130.5,138.7,137.4,133.5,138.4,146.5,132.5,139.2,128.1,124.5,144.7,138.1,152.8,128.1,146.6,120.0,106.9,153.5,135.5,126.4,141.6,137.7,138.1,144.0,140.3,140.0,118.0,135.2,122.3,124.3,101.1,143.3,128.8,115.3,109.9,115.2,131.2,130.0,133.0,153.2,115.0,129.3,112.1,134.8,134.0,125.0,131.1,140.5,133.2,149.5,128.6,131.3,143.1,140.6,137.0,132.6,134.9,136.4,143.4,146.7,132.4,124.4,128.7,126.1,130.9,149.9,139.0,149.8,137.6,134.0,135.4,155.8,147.5,117.6,131.2,157.1,127.4,143.9,146.9,131.0,130.7,142.6,123.5,131.4,134.2,127.8,148.1,127.9,145.8,147.5,137.7,156.8,130.1,138.2,134.2,151.7,144.3,136.0,114.1,137.3,124.0,140.2,130.2,132.8,140.6,137.6,154.5,140.4,166.3,149.6,167.2,128.3,121.6,126.0,125.7,147.7,156.1
0,hydrocarbon,55.0,63.2,55.3,54.9,59.4,57.7,59.7,58.5,66.0,65.8,52.7,48.5,64.8,58.3,47.4,54.0,40.5,52.0,50.5,72.7,54.2,61.8,55.2,60.5,53.9,62.7,58.7,53.9,67.5,71.4,55.9,51.2,74.6,62.3,55.2,56.5,65.8,52.7,78.6,65.1,56.1,59.7,84.6,60.7,58.4,56.9,56.2,74.2,61.5,66.3,66.8,68.1,66.8,75.5,61.0,65.0,78.4,70.6,78.0,71.0,97.5,95.1,106.6,127.2,138.3,152.1,154.8,199.9,242.6,269.2,331.8,404.0,478.8,567.1,592.4,734.4,864.9,965.0,1129.9,1259.6,1443.6,1590.5,1851.3,1959.9,2212.8,2342.7,2527.4,2600.9,2741.6,2952.8,3053.5,3193.4,3153.7,3216.4,3227.9,3312.4,3226.7,3211.4,3145.1,2978.3,2829.2,2667.6,2587.2,2481.4,2246.9,2136.7,1961.5,1845.2,1691.2,1506.9,1493.9,1391.2,1267.8,1274.0,1196.2,1086.0,1058.0,1049.6,1011.1,1059.6,1051.0,1016.5,978.0,939.7,998.8,913.1,942.4,888.2,911.3,869.7,840.8,777.3,750.1,682.3,668.3,610.1,596.1,521.0,462.0,450.0,436.8,386.6,318.6,325.9,284.1,270.3,220.0,213.7,204.2,170.7,168.5,168.4,152.2,152.1,137.6,133.4,131.1,102.3,140.7,124.9,106.1,129.2,116.0,98.8,105.7,128.2,133.0,111.5,128.2,125.6,115.2,123.5,125.2,105.2,122.5,114.2,127.4,107.0,121.1,123.1,126.0,102.8,114.8,113.2,125.6,91.2,112.7,114.2,124.3,136.2,109.2,142.2,100.6,106.8,97.1,116.9,131.0,109.1,112.7,99.0,124.1,131.5,106.1,111.7,96.8,130.3,122.4,107.3,107.3,112.3,124.1,119.6,123.8,122.5,124.3,113.6,119.7,117.6,109.4,102.9,120.7,133.6,97.8,103.9,127.3,109.5,111.1,115.4,127.5,89.7,135.6,125.8,128.8,139.0,143.6,141.7,105.8,112.4,128.5,143.1,141.1,117.2,140.0,117.7,126.9,117.9,110.2,107.5,116.9,107.6,134.9,122.9,122.7,121.2,124.0,128.7,138.2,112.5,125.8,112.6,140.1,113.3,125.1,116.0,118.3,122.1,137.4,125.8,120.7,123.5,114.3,116.1,117.2,141.8,136.9,148.8,134.0,135.9,143.4,125.1,108.1,118.3,147.3,136.5,142.7,129.7,142.1,118.8,131.4,136.0,142.6,147.0,151.1,133.0,137.7,137.5,124.1,152.3,101.9,132.7,143.9
0,hydrocarbon,92.5,103.3,96.8,75.7,87.1,86.4,104.9,95.0,108.6,106.0,98.1,104.7,101.8,108.7,80.2,104.9,108.4,109.5,103.3,91.3,93.5,96.5,101.0,114.8,107.4,103.9,108.3,109.3,107.6,99.2,112.7,102.0,97.8,97.9,108.2,96.1,129.7,121.9,117.1,110.9,90.5,105.7,103.2,114.9,97.5,113.9,117.1,101.5,123.1,108.0,98.8,139.4,110.0,118.4,118.0,113.3,116.1,126.4,122.5,120.2,135.8,126.5,121.6,139.3,155.9,131.8,174.0,171.0,210.9,262.8,249.5,315.2,344.7,411.4,486.7,605.1,620.1,749.2,871.0,1032.4,1253.0,1386.5,1593.4,1852.5,2050.1,2164.2,2454.3,2699.2,2851.9,3148.3,3340.4,3600.4,3642.1,3889.2,3918.0,4020.4,3976.3,4012.0,4076.4,4026.6,3975.2,3669.9,3424.1,3321.8,3100.6,2858.3,2698.6,2479.4,2216.5,2033.1,1758.7,1654.1,1377.1,1222.9,1070.7,940.1,891.0,718.1,630.2,511.5,472.5,434.4,403.7,380.0,300.8,310.4,296.8,258.8,247.3,277.4,248.6,255.1,223.2,233.5,192.4,214.8,217.3,212.7,228.1,197.6,209.0,160.3,200.0,199.3,178.9,188.6,153.4,177.3,161.4,159.7,148.8,170.9,149.9,163.7,157.1,161.2,149.7,144.2,143.8,160.2,165.1,158.7,165.5,146.8,146.4,166.6,155.3,191.7,163.1,163.2,150.1,149.7,157.7,146.0,162.9,152.5,157.3,174.3,165.5,167.2,144.5,161.3,161.2,170.2,184.1,178.2,155.1,194.6,173.3,168.8,192.0,172.6,147.5,172.8,181.2,166.9,171.4,170.6,188.8,184.6,164.6,160.8,200.3,185.4,190.8,181.2,152.4,186.8,160.2,157.8,164.8,168.5,183.2,181.6,182.2,203.0,179.3,181.6,174.3,184.8,191.5,191.0,192.4,178.7,190.0,158.3,170.9,194.3,179.1,176.3,171.2,186.5,170.2,188.8,201.2,182.3,182.2,164.5,197.2,159.7,212.4,180.4,182.3,173.0,209.3,190.9,224.4,177.0,203.5,220.1,216.5,178.5,197.2,198.4,178.8,201.7,166.8,174.3,190.2,203.3,208.7,207.0,194.2,218.3,191.1,190.1,176.9,203.2,221.3,208.3,196.9,212.7,226.8,213.0,228.8,197.9,211.9,206.1,202.9,191.5,184.6,218.7,213.9,210.3,218.3,203.2,212.3,182.0,225.1,211.8,220.2,202.7,199.8,215.1,190.8,203.4,214.8,176.3,222.9,225.4,216.8
1,alcohol_ether,105.3,99.4,102.8,113.4,110.3,112.4,106.1,98.1,82.0,123.2,100.5,113.3,114.6,106.6,111.0,97.9,104.9,109.1,102.0,115.0,107.5,109.1,113.4,101.3,109.3,107.1,105.1,123.8,106.7,114.8,118.9,102.6,132.7,91.8,118.8,113.3,107.7,91.7,107.5,116.9,114.8,116.4,130.9,123.8,116.0,117.4,107.1,135.4,124.8,116.9,120.9,115.6,126.8,110.0,128.5,107.7,138.9,117.6,124.1,127.9,122.1,140.5,130.4,131.4,139.4,132.8,113.7,128.4,143.0,132.3,150.5,174.6,158.8,139.8,186.5,202.6,229.3,267.5,289.4,309.7,358.4,430.3,512.0,551.2,663.1,684.8,816.9,899.3,1097.1,1105.1,1293.1,1433.3,1471.3,1569.6,1601.2,1766.2,1820.6,1856.1,1845.1,1834.7,1849.7,1891.1,1802.5,1855.6,1694.3,1657.9,1627.7,1564.7,1514.2,1443.1,1384.2,1349.5,1332.8,1349.2,1287.3,1409.8,1380.7,1498.8,1508.2,1632.8,1675.5,1816.5,1878.7,1975.1,1916.7,2067.1,2050.1,2208.4,2162.4,2175.4,2153.1,2080.3,2110.3,2029.7,1879.9,1831.8,1694.4,1642.9,1598.7,1393.3,1311.8,1195.8,1154.8,947.1,909.1,829.6,717.6,660.0,597.7,561.1,517.8,496.2,441.2,417.5,380.1,379.8,379.5,354.2,325.1,311.4,316.3,367.6,342.4,312.6,320.5,347.4,348.0,352.5,335.3,326.1,328.5,331.8,328.2,345.2,360.1,319.3,366.6,363.2,359.5,339.4,380.2,390.9,329.0,359.2,355.4,324.0,359.8,346.5,334.6,354.3,309.5,323.4,295.4,286.7,310.9,289.5,300.2,278.2,273.1,242.1,229.5,233.4,211.6,210.0,219.7,205.1,210.2,237.4,196.0,188.7,172.4,191.3,205.5,181.3,181.7,210.3,194.7,178.3,179.0,183.8,170.7,187.1,193.2,196.6,184.3,189.8,192.7,186.7,179.4,204.2,153.5,187.4,201.3,189.2,191.9,183.6,201.2,222.6,199.7,201.7,179.8,211.5,173.4,214.9,202.0,185.9,183.3,202.1,198.7,202.8,191.8,199.8,205.3,212.3,210.3,201.9,193.1,211.7,189.8,194.8,210.2,210.1,219.0,204.1,198.4,203.2,197.1,194.8,227.9,215.9,199.8,196.9,221.2,219.0,220.6,205.9,212.6,232.9,211.1,223.6,208.3,195.2,223.5,191.7,184.4,234.5,220.1,216.6,214.8,191.0,206.3,224.0,219.4,203.0,213.5,208.9,223.7,217.7,212.3,234.4,210.2
2,carbonyl,92.9,85.5,96.5,106.8,132.6,83.2,109.9,106.3,121.4,114.2,113.2,119.9,93.4,91.8,118.5,113.2,114.7,89.5,112.6,113.4,92.6,108.8,109.1,90.4,125.0,110.2,120.6,102.6,92.7,86.4,115.9,119.2,101.3,113.2,103.7,113.8,116.9,140.2,115.5,114.6,109.5,134.3,98.7,130.9,105.6,108.0,144.5,128.5,119.6,99.2,124.5,116.4,117.1,121.7,141.4,113.2,106.5,126.6,123.9,115.2,108.4,128.9,109.2,120.8,124.9,116.3,131.5,138.5,150.6,158.3,160.9,158.9,191.0,209.8,251.8,270.4,293.4,320.1,402.3,466.5,523.8,586.0,679.3,771.6,885.5,974.6,1059.1,1164.7,1276.9,1358.8,1530.2,1582.1,1690.3,1748.9,1868.5,1906.0,1905.3,1970.6,2009.0,1997.3,1938.9,1852.1,1858.6,1750.1,1755.2,1710.4,1592.1,1507.7,1444.8,1395.9,1357.9,1348.1,1231.8,1247.7,1251.9,1251.4,1228.3,1194.0,1282.4,1301.2,1331.9,1353.2,1355.9,1407.3,1474.5,1476.3,1477.7,1417.5,1506.6,1459.2,1450.5,1444.5,1370.3,1324.1,1387.6,1268.8,1229.6,1100.4,1076.2,1115.3,1056.3,977.1,967.9,944.1,938.8,902.0,865.7,923.2,922.1,872.3,886.6,871.0,868.0,888.9,874.6,879.8,867.0,900.8,906.1,857.1,863.7,808.5,844.9,806.1,843.7,793.0,773.1,764.7,790.0,699.3,665.2,702.0,622.1,644.4,603.6,656.0,595.3,602.1,586.1,565.9,564.2,504.9,470.2,528.4,458.1,425.8,467.6,449.0,395.8,436.2,380.8,369.9,357.3,315.9,338.2,316.3,317.6,268.7,310.6,283.4,237.2,260.0,229.5,201.9,241.2,204.2,209.4,181.9,182.0,195.5,207.3,180.2,170.0,179.5,165.8,195.3,193.3,183.6,175.5,151.9,165.7,169.2,183.0,158.9,176.7,179.2,172.1,162.8,175.0,179.4,195.3,195.9,169.8,177.9,188.9,172.8,170.5,165.7,180.8,167.9,184.5,191.2,170.0,192.0,176.5,174.1,179.4,200.1,177.7,208.8,206.4,204.8,160.8,182.4,199.2,181.7,217.3,164.7,175.1,197.7,205.9,193.5,179.3,178.9,216.3,178.5,214.8,176.9,184.0,204.3,191.4,212.2,177.5,176.6,187.3,217.0,200.3,169.0,185.0,198.2,203.2,172.3,205.9,178.6,201.1,216.2,205.3,188.4,185.2,209.2,188.9,199.5,207.1,203.9,183.1,203.3,219.5,208.3,191.1,193.1,213.9
3,carboxyl_ester,53.5,78.3,66.9,53.0,49.5,54.6,51.0,59.1,58.6,55.7,66.3,59.9,55.9,64.7,59.9,57.3,60.1,64.3,44.4,65.0,59.7,72.1,49.4,62.1,64.8,56.9,58.9,52.1,67.8,61.1,66.9,62.9,60.9,53.3,47.9,65.7,67.9,76.8,66.0,75.3,74.1,67.5,70.0,66.5,69.1,70.1,65.3,81.9,53.8,73.6,63.8,64.4,82.6,64.1,69.9,58.5,62.8,70.5,75.6,82.7,113.0,93.0,74.6,88.9,89.6,111.1,101.7,112.9,121.2,146.3,152.2,161.3,183.4,238.7,246.7,245.2,321.6,351.8,381.5,396.9,477.7,494.2,578.6,612.3,675.7,726.6,745.2,859.8,845.8,918.8,907.7,1025.5,1045.7,1114.0,1158.2,1129.3,1159.0,1130.8,1142.1,1162.3,1154.9,1102.5,1042.7,1121.3,1033.9,939.5,1004.8,982.1,948.5,941.5,885.3,888.3,891.9,903.9,858.5,878.3,883.9,847.3,878.3,888.3,869.2,903.8,851.3,884.3,921.4,891.6,858.3,875.9,812.6,818.5,830.3,758.0,807.4,728.9,726.3,706.7,715.6,722.5,653.5,609.6,571.0,578.8,526.8,505.1,523.7,553.8,521.5,477.1,535.3,571.6,527.0,582.0,626.5,648.5,678.7,720.8,760.4,830.9,904.4,997.3,1023.1,1144.2,1262.1,1331.9,1333.6,1522.6,1642.4,1633.6,1691.2,1792.2,1825.7,2065.8,2038.7,2088.6,2220.3,2205.1,2376.4,2212.7,2226.6,2276.5,2297.7,2282.7,2271.4,2190.0,2175.3,2121.6,2012.4,2048.3,1946.4,1812.7,1808.4,1718.9,1623.8,1502.7,1382.2,1286.6,1193.0,1180.8,1030.6,929.0,850.3,793.7,743.3,704.6,656.1,545.7,449.5,482.7,413.4,359.5,340.7,304.6,291.5,230.3,198.1,221.6,187.3,171.7,191.2,147.0,134.2,118.5,120.7,104.0,114.8,122.1,121.4,100.2,110.1,128.9,106.4,94.0,97.0,97.3,97.8,97.5,105.8,130.7,110.6,103.1,117.4,100.9,124.0,101.0,113.7,113.8,104.1,116.7,111.9,122.7,109.0,99.7,102.9,100.3,94.7,107.6,125.3,115.0,101.4,93.8,97.8,113.5,93.7,96.3,85.6,110.7,109.2,111.8,100.8,122.6,76.2,119.2,118.1,105.4,113.6,98.8,110.6,112.0,103.3,93.5,109.3,118.2,109.8,110.7,100.1,116.1,97.3,111.0,92.3,100.7,119.2,123.7,101.0,113.8,120.7,124.7,122.5,96.1,113.4,129.7,126.9
3,carboxyl_ester,106.4,105.4,121.0,115.9,116.1,126.7,114.0,129.1,102.6,109.2,125.3,113.2,126.8,114.0,97.3,82.2,126.2,109.8,125.0,124.0,117.7,102.9,117.1,110.1,128.4,129.4,106.7,119.5,94.3,120.0,109.5,122.3,108.6,100.4,113.1,120.2,115.6,112.9,123.7,132.9,121.5,130.3,112.0,126.1,122.7,113.1,130.7,111.8,109.4,124.1,122.0,126.4,134.8,140.6,142.6,118.4,108.7,135.0,132.3,119.3,124.0,122.1,119.7,138.2,123.9,147.8,144.2,139.5,147.7,174.3,175.6,215.9,250.7,254.3,309.7,310.8,367.3,432.9,409.4,529.7,599.4,654.2,731.9,885.7,969.4,960.2,1145.0,1229.6,1283.7,1415.1,1514.0,1542.7,1625.5,1653.0,1723.2,1768.6,1728.6,1765.7,1738.3,1645.6,1633.0,1577.5,1479.2,1432.0,1403.6,1307.1,1142.7,1018.3,1012.3,944.0,838.1,743.0,627.0,597.7,528.7,479.1,449.4,390.5,361.4,357.4,331.7,353.4,337.6,295.8,292.2,304.7,302.6,312.0,296.9,314.9,334.7,347.3,361.4,420.2,447.3,448.2,461.9,470.6,540.6,566.1,619.2,698.8,700.7,818.1,792.7,846.7,923.5,1014.7,1040.8,1024.3,1152.3,1216.4,1154.0,1231.4,1375.1,1431.5,1356.6,1429.8,1464.5,1408.3,1476.5,1478.8,1535.9,1555.0,1574.6,1528.3,1534.5,1535.3,1526.5,1605.8,1595.4,1661.5,1607.8,1570.7,1613.9,1659.6,1530.0,1669.2,1495.0,1623.1,1578.1,1561.4,1529.3,1398.1,1485.5,1353.8,1309.4,1290.4,1184.7,1218.5,1100.3,1033.4,1013.8,899.7,847.7,797.1,700.0,646.3,611.1,570.3,504.0,440.8,413.8,374.6,344.1,339.6,291.2,291.7,279.3,241.2,221.8,214.7,207.6,195.3,186.0,182.5,171.3,186.9,180.9,146.7,161.8,160.5,151.1,164.1,165.1,167.1,171.6,146.3,174.8,169.8,171.4,148.3,148.0,167.7,168.2,155.0,142.7,179.7,130.7,153.9,181.3,169.6,139.4,170.8,169.6,164.2,189.5,153.7,166.1,161.5,171.7,160.1,170.1,161.8,160.0,159.3,197.2,162.4,176.5,167.6,156.3,154.3,162.5,175.8,158.2,154.1,160.4,174.5,177.4,175.7,166.4,172.8,178.8,179.8,173.3,197.8,188.6,178.2,151.0,157.5,162.4,182.2,194.9,148.5,157.9,200.6,180.7,171.1,185.1,180.6,171.5,192.0,174.0,205.5,182.4,183.5,171.2,167.9,147.3,183.5,185.9
1,alcohol_ether,49.5,72.9,70.7,85.1,67.6,68.7,60.8,60.1,71.4,72.2,65.5,71.6,69.8,63.1,83.8,67.5,83.7,84.7,79.1,74.4,74.7,84.7,86.8,77.9,72.1,60.2,72.9,76.0,79.4,70.6,71.2,81.3,96.6,71.2,68.0,78.0,82.7,70.5,77.7,91.6,90.6,86.5,91.0,77.8,84.0,71.9,88.3,83.4,85.3,97.8,95.0,106.1,83.1,97.7,76.5,79.8,87.6,95.6,93.2,89.7,96.1,84.1,99.2,101.3,97.9,117.6,90.6,134.5,132.4,128.3,158.5,201.0,219.2,258.0,282.1,340.6,370.2,414.3,494.6,557.5,638.8,724.0,771.0,897.3,932.2,1079.1,1188.7,1260.2,1291.1,1312.1,1450.5,1471.1,1651.6,1651.6,1586.2,1601.2,1666.3,1683.9,1587.3,1718.6,1610.4,1565.0,1562.3,1544.4,1495.7,1430.5,1391.7,1422.4,1440.5,1437.7,1445.9,1453.3,1479.7,1459.6,1599.7,1577.3,1664.1,1699.3,1724.0,1806.2,1845.7,1867.2,1898.3,1991.6,1934.6,1932.2,1947.6,1884.4,1856.3,1874.3,1713.8,1729.6,1723.6,1662.2,1553.5,1492.9,1370.3,1344.4,1139.9,1168.6,1115.1,1032.0,986.3,868.1,819.6,784.1,741.5,717.7,673.7,668.8,699.4,644.7,602.2,628.3,601.6,550.0,594.6,607.8,594.3,590.7,550.8,571.2,589.8,580.6,590.0,608.5,634.4,570.8,572.1,611.9,586.8,554.9,602.9,655.0,621.4,658.3,598.7,558.5,604.8,584.9,582.5,559.9,542.1,523.0,524.1,533.9,529.6,449.4,486.6,458.6,432.6,403.8,370.6,357.6,323.4,323.0,321.9,287.0,275.5,294.8,249.4,240.0,229.7,211.2,210.6,204.4,197.4,207.9,190.2,155.9,175.5,173.0,166.4,157.7,162.3,150.4,138.3,151.9,134.4,150.9,151.4,134.5,153.5,138.4,162.1,138.5,144.5,169.8,149.9,147.9,149.2,143.5,164.4,166.3,170.5,169.0,169.9,171.1,172.3,151.2,146.0,165.0,168.9,177.1,152.8,162.4,160.5,153.1,152.4,166.7,179.0,162.9,161.6,175.8,172.8,177.3,152.3,161.5,167.2,161.0,145.6,170.8,175.1,163.4,174.5,152.3,167.2,171.2,177.0,157.5,170.2,150.9,196.4,183.3,169.6,166.9,153.5,185.1,170.7,160.7,173.7,175.0,174.4,199.4,145.6,191.0,169.3,174.3,172.0,163.2,149.7,179.2,192.0,140.8,169.1,197.9,176.0,173.4,179.9,175.2,176.8
1,alcohol_ether,121.7,110.7,125.5,96.7,112.4,114.7,114.8,130.6,123.1,121.9,116.7,137.6,120.1,127.9,144.5,96.6,129.5,114.6,124.7,136.1,109.1,130.9,122.3,125.7,131.9,107.4,124.4,135.1,123.4,127.0,120.0,116.4,130.3,133.7,139.8,137.8,146.4,124.2,130.4,129.9,111.2,128.0,122.8,152.7,125.2,104.6,141.2,120.3,123.2,151.6,129.9,125.4,141.5,145.4,137.0,141.7,121.9,139.5,153.2,138.8,136.2,166.1,149.3,165.8,164.9,183.2,206.9,202.2,228.8,256.4,238.7,294.3,373.1,381.2,436.7,497.5,509.6,613.9,706.6,784.0,821.9,1008.3,1014.4,1183.9,1238.8,1354.4,1396.9,1483.7,1643.7,1654.5,1805.0,1883.5,1882.1,1962.9,1968.4,2024.1,2015.4,2052.3,1975.8,1980.1,1876.5,1887.3,1825.9,1769.9,1693.9,1731.2,1576.0,1577.1,1484.6,1483.7,1445.3,1344.0,1387.2,1377.7,1339.3,1361.6,1419.4,1407.1,1400.1,1444.0,1546.8,1470.6,1416.0,1517.8,1497.5,1441.5,1519.1,1542.9,1532.6,1503.7,1477.9,1458.0,1436.9,1369.4,1351.4,1336.0,1368.9,1308.5,1283.8,1254.4,1274.2,1260.9,1213.5,1217.7,1236.3,1249.4,1217.3,1166.4,1167.9,1174.3,1250.3,1202.2,1219.2,1160.8,1205.9,1088.8,1174.4,1105.5,1168.4,1065.0,1033.0,1101.4,1002.7,997.1,934.9,872.3,858.3,773.1,758.2,719.5,731.7,620.4,611.4,554.0,523.3,461.3,454.8,443.9,391.0,357.8,372.1,340.6,331.0,299.3,295.4,283.0,258.3,249.7,239.9,242.4,237.6,227.8,215.2,190.1,188.7,191.5,212.5,174.4,200.1,201.3,159.8,166.4,189.4,180.0,181.1,209.1,185.8,183.9,166.4,179.5,218.2,176.0,191.2,167.9,185.9,174.7,172.2,230.0,186.2,186.6,192.3,176.0,212.7,206.5,190.7,161.4,191.4,166.6,183.8,156.3,165.3,176.9,200.0,174.8,170.5,165.2,217.2,216.9,181.1,171.0,206.4,187.9,183.8,186.0,196.2,180.5,181.0,186.2,190.2,193.6,184.2,181.5,195.8,175.8,168.7,193.1,186.4,197.4,187.5,184.8,216.8,200.1,178.4,176.2,192.7,202.0,178.3,185.0,191.6,181.3,185.0,195.0,213.4,179.1,178.1,197.1,181.1,195.8,203.9,193.8,189.5,185.6,162.7,190.2,203.9,191.4,235.6,180.4,212.0,208.9,183.1,160.3,202.2,206.7,195.6,198.6,179.0,198.1,187.0,202.1,200.2
1,alcohol_ether,109.3,105.0,102.9,108.7,95.7,128.5,104.4,125.8,88.8,100.9,95.1,103.8,120.9,114.6,98.2,117.0,94.6,117.2,109.8,127.5,129.2,125.5,125.6,124.5,87.1,124.0,109.7,107.1,125.9,117.9,103.7,104.1,91.5,100.9,108.2,108.3,103.7,97.1,109.9,116.1,100.0,92.4,127.3,125.4,107.4,108.1,90.3,126.3,105.9,96.7,141.6,89.8,118.6,109.8,129.4,96.4,122.3,116.3,142.9,148.8,143.5,159.0,152.9,192.5,187.8,165.0,228.8,218.1,257.6,292.7,314.5,358.9,423.6,460.9,573.1,632.8,727.7,795.5,902.9,1031.9,1173.9,1275.2,1417.0,1481.5,1593.5,1795.5,1992.9,2077.1,2189.9,2340.0,2424.4,2476.8,2533.6,2664.0,2719.9,2745.2,2669.1,2653.9,2723.6,2675.2,2708.5,2479.5,2392.1,2447.6,2356.7,2299.7,2225.6,2109.9,2041.0,1934.5,1864.5,1828.5,1849.5,1746.3,1720.8,1758.4,1690.5,1734.2,1647.9,1740.4,1716.1,1679.7,1744.6,1701.4,1664.2,1723.1,1648.6,1637.2,1588.1,1526.1,1459.8,1503.1,1437.1,1390.7,1265.9,1216.2,1137.6,1070.6,1044.8,889.1,804.9,815.1,718.5,683.8,643.3,637.9,503.3,481.3,480.6,419.9,373.8,373.2,330.5,328.8,279.6,270.1,240.0,241.5,248.4,221.6,218.6,202.6,198.1,191.3,183.9,176.3,164.7,176.8,177.5,153.9,177.8,180.0,156.9,144.7,149.9,138.6,158.9,141.6,157.1,152.2,152.7,165.6,153.1,143.4,150.1,162.0,145.8,151.5,135.8,162.9,149.9,144.5,147.8,167.7,168.1,148.4,122.2,161.6,155.5,176.4,161.3,157.7,157.3,155.7,167.8,169.7,155.6,148.1,170.6,165.6,156.7,139.7,139.9,166.1,143.6,154.9,186.7,124.7,158.0,165.2,144.7,157.9,154.9,174.3,168.8,155.6,177.9,154.9,142.4,159.3,159.2,154.4,154.9,158.2,156.9,165.7,176.6,159.5,162.5,156.6,144.0,182.2,164.9,169.6,167.4,153.0,152.0,180.1,163.2,163.7,166.1,160.4,165.5,177.7,188.5,168.8,176.4,179.8,161.4,136.6,158.5,163.7,147.8,175.5,154.8,157.4,138.9,153.0,169.9,194.2,167.6,179.3,165.4,182.8,163.3,183.8,160.7,171.3,147.8,150.8,164.3,171.6,167.7,202.8,156.2,175.8,194.6,166.5,192.5,177.7,191.1,180.3,167.4,184.0,175.0,170.7,174.5,178.7,195.2,157.7,170.4
1,alcohol_ether,51.4,65.5,51.1,46.1,49.6,44.9,59.5,49.6,53.9,59.0,61.3,55.0,44.2,47.0,55.3,64.1,59.0,57.0,44.4,51.2,57.2,52.8,43.9,43.7,44.2,46.7,53.8,53.8,63.1,53.1,63.7,50.5,58.7,63.5,55.5,60.4,56.7,59.5,42.4,60.1,57.2,58.6,45.0,57.0,59.4,66.6,48.3,69.9,57.3,55.7,56.4,61.5,48.9,47.6,70.9,75.1,58.7,41.3,66.0,51.9,60.8,51.5,71.9,68.8,66.4,71.5,62.3,80.9,84.9,90.5,100.3,116.7,133.8,169.9,161.4,226.1,243.2,272.6,329.8,341.0,443.5,474.1,597.2,628.2,703.4,747.9,854.9,1025.8,1052.2,1218.8,1275.8,1385.1,1442.8,1514.6,1576.5,1637.5,1729.0,1779.1,1775.7,1765.7,1741.2,1750.0,1745.2,1693.2,1566.8,1578.1,1503.9,1421.0,1305.1,1230.5,1154.6,1069.0,1022.7,927.0,903.5,793.0,787.2,695.9,666.7,670.6,612.0,610.8,554.8,543.7,577.3,552.3,548.7,538.9,548.8,530.0,485.0,510.2,536.9,453.1,485.2,477.7,444.4,428.7,409.8,409.8,365.4,347.0,357.3,351.3,333.5,311.1,308.7,299.5,299.8,290.6,303.0,310.1,281.1,327.5,370.7,376.7,438.4,442.6,483.5,494.2,588.6,583.5,644.4,719.7,814.3,898.0,953.1,976.3,1110.7,1155.0,1295.0,1300.0,1351.6,1475.7,1552.6,1665.5,1750.5,1718.0,1834.9,1795.2,1886.0,1910.8,1896.1,1922.4,1862.7,1863.4,1893.5,1811.8,1798.5,1742.8,1663.7,1564.6,1582.9,1433.4,1306.4,1297.4,1182.7,1073.6,1032.6,896.0,837.7,834.1,672.7,661.1,610.0,573.1,494.6,434.2,369.8,342.8,284.1,272.0,236.2,210.8,203.9,182.3,167.2,157.6,119.4,124.3,137.3,120.2,109.3,119.2,103.8,103.8,92.6,103.0,86.7,97.2,86.3,87.4,78.5,86.2,105.6,86.1,90.9,90.4,90.6,96.0,78.5,85.1,93.9,98.1,86.5,81.7,79.7,92.0,91.0,101.3,90.3,87.5,96.0,87.6,93.4,99.0,94.4,95.7,102.3,103.9,79.3,106.6,107.6,97.9,96.3,92.1,92.7,93.8,90.5,84.5,96.7,76.8,84.9,82.2,103.0,114.1,98.1,89.5,87.8,86.0,100.0,99.0,98.8,84.0,87.1,103.3,106.4,104.0,105.2,105.0,92.9,78.8,91.7,104.2,89.3,84.0,100.5,82.5,98.3,97.8,100.9
2,carbonyl,87.2,107.2,110.4,98.3,89.9,98.2,99.2,97.4,101.7,102.9,77.6,86.1,92.4,88.7,83.5,86.7,89.1,104.8,100.6,93.9,96.8,91.1,88.1,88.8,99.6,104.5,90.6,94.0,96.1,88.7,80.0,114.3,106.0,93.8,116.5,85.1,91.7,103.4,96.0,106.7,96.6,113.2,93.1,116.4,90.4,94.2,94.0,89.6,119.1,103.4,113.1,106.7,104.1,99.1,116.8,95.4,97.1,104.1,103.2,90.9,111.2,111.0,104.7,96.1,103.0,103.3,118.3,116.3,125.0,118.5,114.3,131.6,140.0,166.3,153.2,177.2,183.4,142.1,194.1,196.6,192.2,247.5,264.1,284.8,296.4,304.6,370.1,357.4,377.6,404.2,467.8,462.2,454.0,471.3,510.3,547.6,494.1,533.8,555.3,600.7,615.1,720.2,702.6,753.0,856.3,919.4,919.9,1028.4,1131.6,1263.8,1317.2,1434.1,1522.9,1657.1,1737.4,1847.7,2011.1,2037.7,2189.0,2217.6,2343.0,2439.2,2540.0,2553.9,2557.1,2512.0,2441.9,2496.2,2457.1,2362.8,2349.7,2319.1,2262.6,2170.8,2153.7,2023.5,2018.6,1829.0,1858.3,1869.2,1781.5,1715.0,1677.5,1658.3,1587.2,1682.4,1663.0,1641.0,1663.3,1622.8,1557.3,1579.4,1616.5,1611.3,1528.6,1571.8,1547.9,1436.3,1444.6,1488.6,1368.9,1263.1,1195.2,1231.7,1163.7,1051.4,986.5,927.9,851.6,793.0,697.7,675.1,615.1,605.3,498.2,444.7,409.1,409.9,341.2,322.5,303.3,251.4,202.5,233.7,212.9,166.2,202.3,188.4,182.5,153.6,166.6,146.7,159.6,150.5,130.7,135.9,119.8,144.5,133.3,137.5,150.4,156.0,144.5,149.9,131.2,155.9,158.7,166.1,140.8,144.4,126.3,126.9,148.8,145.6,126.1,133.6,145.0,133.5,149.4,148.5,147.2,144.7,127.8,143.4,140.7,146.7,147.4,138.8,145.3,118.7,140.5,135.9,125.3,124.6,152.7,138.2,140.0,150.4,146.7,124.1,130.7,143.1,136.1,135.5,143.3,137.8,134.4,156.9,154.6,142.7,150.5,133.8,144.3,121.4,175.4,154.5,164.4,154.1,119.8,134.6,143.1,157.9,109.6,145.1,154.4,144.9,155.3,138.1,170.0,140.5,139.3,153.8,151.4,145.3,140.1,147.1,158.9,171.9,154.3,144.6,139.8,183.2,174.6,152.9,160.6,176.7,144.7,140.1,152.5,163.9,142.5,155.9,165.3,129.6,154.2,163.5,150.8,155.8,167.8,178.2,166.7
3,carboxyl_ester,85.6,92.0,96.6,82.4,89.2,88.1,76.0,90.7,100.9,103.0,102.3,113.0,114.4,103.2,101.5,99.7,93.1,95.4,97.6,97.9,94.5,87.7,110.7,104.7,96.1,85.7,98.0,103.0,115.4,101.0,95.5,97.6,114.0,104.2,111.9,101.8,99.3,107.7,94.3,93.4,97.6,95.1,86.1,111.6,109.5,119.0,105.7,105.0,115.8,94.7,108.9,104.5,127.3,115.8,103.4,99.0,124.7,121.3,115.6,134.8,118.1,126.2,149.5,147.2,152.1,171.4,239.4,265.1,253.2,314.7,389.7,430.8,499.9,573.8,669.6,753.3,864.4,1039.8,1107.7,1314.1,1443.2,1531.0,1644.5,1805.6,2019.7,2158.7,2411.3,2359.9,2558.6,2683.6,2765.9,2807.9,2814.3,2874.3,2813.4,2770.0,2806.5,2708.7,2541.1,2416.0,2389.6,2226.3,2150.8,1987.5,1946.1,1780.0,1776.5,1650.1,1450.7,1458.7,1349.3,1308.7,1304.7,1253.5,1344.4,1269.8,1219.3,1264.1,1219.4,1276.3,1252.4,1192.8,1246.7,1189.7,1285.3,1152.8,1150.3,1154.1,1113.6,1117.9,1007.8,943.5,898.5,910.1,817.7,767.8,714.4,707.8,660.5,589.2,560.3,501.2,476.0,440.4,429.4,359.4,416.0,353.6,345.2,326.9,335.4,325.7,334.8,332.0,294.8,314.4,283.6,280.0,302.4,289.6,289.1,316.3,308.6,320.1,344.1,302.7,297.6,311.4,309.0,337.0,318.2,319.3,341.3,317.2,336.2,307.6,313.3,334.4,305.0,311.7,291.2,318.5,288.9,285.9,294.6,285.9,251.4,277.0,264.6,255.4,263.6,232.0,239.3,200.5,236.3,218.0,200.1,190.4,203.5,202.1,195.7,173.5,189.6,196.8,163.5,177.6,200.6,169.4,159.0,161.7,173.4,183.0,152.6,168.2,170.2,159.6,164.2,162.5,159.0,166.3,170.6,160.8,156.3,172.4,167.6,149.8,159.4,168.8,164.7,165.8,174.6,153.8,177.7,181.7,168.3,157.8,160.8,158.3,173.8,174.2,170.7,174.4,159.4,174.3,156.6,172.0,172.8,187.7,148.0,175.4,185.4,148.3,153.1,178.6,179.4,192.1,192.5,161.1,164.6,165.6,166.2,174.8,178.1,165.2,198.8,184.6,174.3,177.7,171.7,160.3,191.6,204.2,203.2,177.0,192.7,193.6,168.6,188.2,200.0,173.2,177.6,211.5,173.2,172.2,179.2,215.4,188.9,219.8,184.1,189.9,185.8,175.2,201.2,198.9,198.0,168.1,179.3,216.4,186.3,195.2,180.1
1,alcohol_ether,115.6,117.4,118.4,98.5,126.9,115.9,108.5,120.8,124.4,145.1,134.8,112.3,132.0,131.1,115.4,131.6,132.3,143.2,123.5,147.3,125.7,116.0,106.3,125.8,131.5,130.9,129.0,127.8,129.0,128.8,121.8,134.2,109.4,128.4,122.9,116.4,135.8,132.1,132.8,133.0,140.7,129.2,137.6,157.7,129.8,127.0,134.5,132.8,143.9,117.9,144.5,126.0,150.1,145.4,126.9,122.2,131.0,147.8,131.4,127.8,137.6,144.6,131.5,131.7,149.6,121.0,137.8,146.0,145.8,164.5,166.7,163.2,184.5,203.6,217.0,245.9,252.1,270.7,312.5,313.1,349.3,380.9,412.2,456.2,540.4,573.7,679.8,685.3,824.9,830.2,896.4,918.8,981.6,1014.9,1056.8,1136.5,1133.2,1144.3,1131.1,1299.6,1261.6,1228.0,1299.9,1295.9,1345.3,1309.8,1382.9,1348.8,1398.1,1405.7,1497.2,1484.5,1685.7,1719.9,1786.0,1871.8,2049.0,2144.3,2226.6,2394.2,2553.2,2539.8,2740.4,2794.6,2850.7,2937.9,3010.9,3038.8,2901.0,2976.5,3007.7,2963.2,2831.8,2691.8,2657.0,2552.1,2416.0,2296.7,2090.0,2000.9,1858.0,1698.1,1578.0,1404.7,1270.6,1188.1,1140.4,1027.1,967.2,866.0,802.1,714.7,672.1,625.2,586.0,572.1,541.1,460.3,459.9,474.8,437.9,403.6,352.2,427.8,387.9,382.7,359.3,354.6,339.8,324.9,294.1,280.4,282.1,280.5,218.5,281.4,220.8,221.1,238.6,226.4,225.8,221.1,214.6,196.0,183.2,189.2,187.8,173.7,188.3,196.0,180.9,171.6,178.3,179.3,200.3,186.4,175.6,172.1,217.6,157.9,169.2,184.5,154.2,162.7,197.6,171.4,152.1,177.7,175.9,208.8,177.5,212.5,176.5,175.0,191.1,185.0,198.3,179.2,201.8,188.5,207.7,182.1,215.1,182.9,189.4,169.8,197.0,167.1,184.3,175.8,171.7,192.2,196.4,198.4,199.0,195.5,167.2,183.9,194.4,186.8,195.4,171.8,199.5,200.8,185.6,193.3,178.4,212.2,203.0,197.4,174.8,185.0,216.4,194.9,217.7,191.8,214.3,205.3,206.7,187.6,220.2,195.3,213.1,206.1,178.8,174.5,204.8,202.5,180.4,222.6,207.3,172.8,216.2,206.7,230.3,202.5,194.5,210.5,226.8,172.8,189.8,199.5,204.2,197.8,189.0,212.0,194.6,232.4,215.9,216.2,209.7,233.9,216.0,221.7,230.3,233.4,221.9,212.5,212.1,231.7,219.6
1,alcohol_ether,44.4,45.0,55.8,56.2,44.5,49.0,46.9,52.8,41.0,59.9,63.0,60.2,51.1,50.0,52.8,49.4,54.8,52.0,50.2,54.2,54.0,57.6,59.3,65.0,56.2,57.5,53.0,55.6,53.4,62.5,62.6,56.1,62.0,49.2,63.4,49.0,62.6,50.0,63.8,77.5,67.7,69.7,45.5,59.3,51.9,59.4,47.7,61.3,67.1,63.1,60.5,61.8,71.8,64.2,64.8,46.3,80.2,74.8,81.2,54.9,69.6,64.3,69.1,87.4,82.1,75.8,74.8,84.8,100.2,96.8,112.6,124.8,132.1,177.2,184.5,187.0,253.2,280.6,290.9,379.5,421.9,471.7,515.7,586.0,661.6,712.1,768.7,834.8,883.0,983.2,1012.3,1066.4,1086.1,1115.0,1132.5,1129.7,1183.6,1179.1,1201.5,1210.2,1152.1,1123.4,1145.6,1124.6,1079.6,983.2,1014.1,1037.8,998.6,963.8,1034.5,1062.7,1063.7,1090.2,1110.3,1119.3,1251.3,1171.8,1316.2,1276.8,1387.6,1403.7,1381.4,1397.7,1488.0,1442.9,1502.5,1481.7,1479.6,1398.2,1339.2,1299.9,1256.1,1194.3,1166.6,1098.0,942.3,900.0,852.9,735.5,676.1,652.4,580.7,525.8,505.3,458.1,429.9,362.9,358.5,344.3,323.3,319.0,338.5,380.8,336.1,404.5,421.2,449.0,471.7,571.9,577.0,636.5,723.4,743.9,838.9,848.9,963.7,1022.6,1127.2,1178.0,1265.3,1344.0,1371.9,1420.8,1462.6,1571.1,1612.4,1689.2,1589.8,1667.8,1622.1,1625.0,1524.4,1569.8,1544.0,1529.0,1472.6,1366.5,1262.8,1292.3,1167.1,1164.6,1042.3,990.2,910.9,798.8,724.0,684.4,607.8,592.0,536.0,484.5,398.9,374.2,317.0,279.5,264.4,260.0,198.9,209.4,183.8,175.5,161.7,145.9,125.8,120.7,116.3,111.0,88.5,90.8,101.4,93.6,104.0,89.1,93.1,83.4,95.9,88.6,99.0,104.9,76.2,93.5,80.0,97.0,82.2,95.9,96.4,91.2,91.0,91.8,95.8,92.3,97.7,107.0,87.2,91.8,69.3,90.4,94.7,114.2,100.3,104.7,105.6,98.1,86.1,80.0,92.5,107.5,77.7,94.5,101.8,102.2,102.9,90.5,108.8,89.8,93.6,94.8,80.5,88.9,98.6,89.6,89.6,94.4,83.5,85.6,100.0,130.8,95.4,79.8,99.2,94.8,98.7,113.1,110.6,104.6,107.1,99.1,97.3,110.5,95.0,87.1,100.5,111.6,89.4,94.4,123.7,99.9,88.8,96.0,103.8
2,carbonyl,42.1,56.4,49.3,58.0,64.4,62.4,62.1,67.7,64.7,61.5,59.4,68.1,54.2,48.7,61.6,64.1,61.5,49.0,72.8,74.2,66.3,65.5,64.8,71.0,64.6,62.3,76.3,69.0,68.4,61.7,63.9,70.4,66.2,60.6,73.4,75.0,63.6,68.9,71.8,58.8,70.9,55.0,73.5,61.2,68.1,77.3,63.0,61.7,64.9,78.9,79.5,56.6,69.1,76.2,78.1,67.3,59.6,63.4,78.2,67.7,70.0,61.5,77.5,93.8,68.8,72.3,83.7,74.7,107.4,111.7,116.7,124.1,159.1,175.9,197.2,256.4,297.4,343.1,422.7,535.0,598.4,726.5,841.8,996.8,1146.5,1293.7,1433.4,1642.1,1814.4,2006.3,2145.7,2342.0,2372.9,2408.4,2547.7,2644.5,2654.3,2577.4,2514.3,2489.5,2427.0,2272.6,2184.7,1950.7,1790.7,1714.2,1435.8,1409.5,1179.6,1114.3,898.9,863.4,731.5,695.8,559.7,578.7,520.9,504.4,441.3,460.3,427.6,446.7,456.6,433.6,440.5,451.7,456.1,492.6,447.3,511.5,445.9,439.7,481.2,494.0,492.0,507.0,503.6,546.6,555.4,595.0,601.0,593.2,639.6,723.1,787.7,833.3,884.2,901.3,1038.2,1087.5,1048.4,1129.4,1166.5,1198.8,1163.1,1189.7,1172.7,1263.0,1219.7,1255.4,1157.3,1097.1,975.9,1025.0,919.0,839.7,830.8,771.2,670.8,600.2,606.4,495.6,451.4,465.1,422.6,354.8,329.4,281.8,238.7,247.1,174.7,175.9,168.8,179.7,153.6,150.9,138.4,104.6,121.1,129.6,115.0,104.9,111.5,104.2,120.6,97.5,105.3,96.4,101.2,88.2,85.2,110.4,101.5,102.7,94.3,110.6,110.4,98.8,96.1,103.6,82.3,113.9,103.8,103.7,96.0,99.0,110.9,116.3,110.5,109.0,89.8,120.1,94.9,99.2,96.6,99.7,109.3,92.2,98.7,120.2,105.6,98.7,96.8,103.5,127.0,97.4,112.1,103.3,94.3,106.9,105.8,88.8,116.7,110.1,110.8,101.1,110.7,110.9,99.3,121.4,119.3,119.6,98.2,106.5,116.4,81.8,102.4,110.9,105.1,107.3,107.7,114.9,120.0,117.7,109.9,109.3,138.5,121.2,115.0,139.1,130.0,114.7,129.0,139.1,119.5,114.2,103.5,106.5,116.1,99.6,111.0,128.8,106.8,123.6,120.9,122.2,119.3,102.9,104.6,109.2,122.0,138.5,121.2,104.8,110.8,128.3,130.4,108.6,122.0,110.9,139.2
1,alcohol_ether,59.3,59.0,47.7,51.9,67.7,69.0,64.1,48.6,68.0,75.9,58.9,66.3,67.3,61.5,68.7,57.5,64.2,57.5,82.4,69.0,66.8,47.3,61.6,77.8,63.0,68.2,66.2,67.9,64.9,62.0,61.1,68.3,57.7,60.9,63.5,57.8,76.4,62.5,84.1,71.4,59.6,70.5,75.3,80.3,77.8,75.5,87.3,78.2,74.0,62.4,77.6,66.1,64.9,73.8,83.7,79.2,76.2,67.1,79.2,89.9,69.9,84.8,84.0,74.5,82.3,85.8,94.4,91.2,122.4,120.3,144.2,159.7,200.6,185.3,234.1,263.0,297.0,363.6,459.3,496.2,539.4,634.1,770.0,834.9,1004.5,1136.8,1201.6,1328.2,1496.6,1624.7,1717.2,1917.5,1933.6,2092.9,2209.0,2154.3,2241.7,2267.4,2276.0,2322.8,2172.1,2222.5,2104.6,2112.7,2039.3,1940.0,1827.5,1821.3,1632.6,1585.3,1546.0,1436.6,1414.3,1334.8,1292.9,1329.6,1275.5,1271.4,1273.6,1242.6,1273.0,1283.4,1273.1,1376.6,1409.0,1416.9,1393.8,1374.4,1327.6,1376.3,1407.8,1339.0,1358.1,1295.8,1224.1,1254.1,1224.7,1155.5,1043.4,1024.3,1019.1,974.5,931.5,892.6,879.8,891.4,841.8,848.0,797.1,883.2,798.9,782.9,796.8,780.9,766.7,828.0,734.6,769.4,773.4,716.6,733.0,680.7,675.2,653.7,640.4,633.5,587.9,572.5,547.0,510.3,506.3,455.1,442.2,408.7,354.2,320.3,319.2,290.3,271.5,278.4,243.4,236.4,205.2,202.7,199.0,167.4,160.3,154.4,155.8,143.0,133.3,129.4,116.9,134.5,110.1,113.6,117.4,128.6,101.1,112.1,92.7,121.6,118.8,109.8,121.1,125.6,104.7,108.5,118.2,108.8,119.2,123.6,96.4,110.2,104.6,107.6,110.0,101.2,99.1,97.0,111.7,99.2,119.8,113.6,109.6,97.5,114.4,127.6,122.1,100.4,115.5,115.4,114.0,121.5,123.8,107.7,112.4,116.4,117.7,122.2,126.5,103.7,106.4,113.9,133.3,139.0,120.5,116.0,117.1,119.6,123.9,130.1,108.7,121.8,117.8,115.5,117.6,127.1,114.4,127.3,137.3,116.2,144.3,109.2,110.0,112.0,118.5,127.2,124.3,123.5,122.2,126.0,145.5,120.1,131.4,118.8,106.1,128.1,110.8,119.6,143.0,131.4,133.2,146.1,121.8,137.2,132.3,125.0,125.7,120.9,144.3,132.7,141.3,142.8,132.1,138.1,159.1,127.6,135.4,146.4,142.2
3,carboxyl_ester,48.2,55.0,51.0,47.9,40.5,40.1,44.3,52.7,52.0,39.2,48.8,43.4,49.7,49.5,38.2,56.9,53.6,58.4,49.4,40.0,50.4,48.7,60.2,42.3,42.4,63.5,70.3,65.2,58.6,68.1,40.0,54.0,49.1,53.8,54.1,66.3,67.3,64.3,45.9,77.5,49.5,65.7,70.0,59.9,65.4,63.3,55.7,64.5,61.0,65.5,60.8,54.7,57.1,64.5,69.6,81.7,71.8,64.9,64.6,64.4,52.1,65.7,62.8,79.5,71.0,74.7,86.6,103.3,73.3,98.0,105.8,132.1,158.3,162.8,190.6,232.4,241.4,279.1,327.7,413.4,474.2,556.9,624.2,689.7,734.2,814.7,991.3,1025.4,1197.7,1238.4,1315.3,1499.4,1550.0,1579.6,1788.3,1712.1,1862.6,1862.8,1902.4,1910.5,1945.5,1916.9,1865.8,1795.3,1765.9,1693.4,1569.8,1578.9,1485.3,1429.1,1300.7,1262.0,1122.5,1152.8,1031.2,968.8,982.0,894.3,859.3,796.2,763.4,795.3,777.0,773.1,703.0,757.9,794.0,801.2,776.1,836.3,848.8,793.9,805.1,865.2,822.2,858.2,841.0,872.4,914.9,860.9,915.2,895.1,924.9,1042.0,1008.1,1059.6,1126.7,1223.0,1198.2,1207.5,1334.8,1371.0,1361.8,1354.6,1386.0,1451.1,1454.5,1457.4,1474.8,1467.6,1455.2,1428.2,1516.5,1430.1,1339.6,1370.0,1381.2,1300.9,1217.4,1157.0,1192.6,1110.8,1023.8,1063.6,1036.1,967.3,918.1,807.3,785.7,695.2,667.4,672.7,618.5,578.3,522.7,523.5,465.6,439.8,453.9,441.5,415.1,392.8,358.6,340.1,299.8,325.9,281.6,278.5,260.4,272.2,236.6,223.5,200.3,164.8,192.2,162.7,142.3,164.0,139.0,131.3,159.9,143.5,119.8,123.5,122.3,114.5,125.7,131.3,115.5,107.2,118.3,122.3,99.0,117.5,111.7,121.3,121.0,114.4,114.6,126.6,123.3,106.2,108.6,99.4,119.7,122.5,130.7,116.6,110.0,118.9,127.0,103.2,137.1,115.1,114.3,104.8,112.4,130.1,114.1,109.2,112.9,94.4,114.3,112.3,115.8,116.2,120.4,127.8,135.8,132.4,144.9,122.6,124.6,131.1,128.3,118.7,121.7,130.9,137.4,114.1,107.0,118.6,129.2,119.9,124.9,107.6,144.8,105.7,124.9,131.2,141.6,131.0,113.8,128.8,131.0,145.3,126.5,124.0,123.4,129.3,123.1,131.8,129.9,130.7,133.1,146.0,128.8,107.1,157.4,137.4,139.3
2,carbonyl,101.2,78.5,95.7,85.3,87.8,102.4,80.8,94.4,96.1,82.1,61.6,100.8,80.9,91.1,94.0,95.8,85.6,84.0,71.8,93.7,101.2,86.0,94.5,90.0,93.2,93.7,100.1,96.5,91.7,80.3,83.9,76.6,83.1,104.4,85.2,89.0,82.0,99.4,117.0,88.5,82.5,80.5,109.0,117.3,97.3,106.4,94.5,95.4,98.6,98.9,100.6,86.9,97.3,82.5,111.5,124.3,102.1,108.8,104.1,94.8,101.9,109.4,106.6,110.5,102.5,112.5,123.5,135.5,164.9,146.2,183.0,214.9,211.0,220.8,302.5,302.0,338.0,446.0,483.2,517.8,632.1,666.8,773.9,926.4,1030.2,1067.2,1158.9,1285.6,1443.0,1618.5,1599.2,1700.2,1917.8,1944.1,1946.8,1947.2,2001.1,2063.6,2099.6,2131.2,2082.9,2082.8,1962.4,1824.9,1773.3,1659.3,1642.0,1501.6,1423.6,1338.9,1234.0,1072.0,1053.8,1022.9,864.9,866.4,821.1,744.4,709.3,714.8,665.5,658.0,634.9,612.9,606.0,608.0,655.3,639.2,669.4,665.8,666.8,686.1,755.5,714.8,743.0,820.5,806.5,859.5,847.8,857.0,926.9,987.5,1029.1,1059.7,1069.4,1189.9,1311.1,1303.0,1412.9,1367.1,1467.0,1515.0,1640.0,1573.0,1623.9,1666.7,1694.5,1677.8,1631.6,1625.8,1624.7,1581.7,1587.8,1554.3,1569.3,1509.2,1384.7,1347.6,1338.2,1282.4,1225.0,1143.9,1047.7,1019.1,982.3,875.1,807.2,722.7,675.8,687.2,631.4,533.8,555.3,488.1,491.0,446.8,436.7,403.4,352.3,333.2,317.2,346.6,281.3,288.6,283.2,255.1,237.6,199.5,235.1,199.0,199.0,189.5,207.7,201.7,198.5,141.0,183.9,160.0,152.5,144.7,153.2,138.1,161.1,160.4,153.6,132.9,135.5,141.4,158.0,150.5,147.8,152.3,120.9,148.3,151.4,142.2,155.1,144.0,116.4,120.4,150.1,155.0,141.1,157.4,149.5,141.9,137.6,132.9,126.9,143.5,151.0,147.6,139.8,127.3,155.1,141.6,133.8,143.0,134.7,139.3,137.1,148.6,146.5,130.2,151.0,137.7,142.8,148.3,141.9,137.2,137.4,152.4,138.7,142.7,144.4,160.5,136.1,148.3,163.8,128.5,154.2,136.3,157.2,149.6,143.4,153.1,134.1,152.1,151.4,160.4,145.8,164.0,133.4,150.6,157.5,147.4,139.0,137.7,160.4,149.0,170.6,155.7,141.2,146.6,172.4,151.4,144.3,130.3,144.2,148.2,150.2
1,alcohol_ether,80.1,71.8,68.9,61.5,68.0,77.0,85.8,70.1,74.0,92.2,64.9,81.2,73.4,74.5,75.7,66.6,76.5,81.5,74.7,77.2,78.9,75.9,60.0,67.6,82.1,81.2,59.0,76.8,70.7,84.6,78.4,62.1,75.0,79.0,71.8,75.9,75.3,66.4,72.3,68.8,80.8,76.4,65.1,80.1,72.3,70.2,88.5,75.7,83.6,81.7,84.7,81.0,77.3,66.7,66.3,82.8,75.0,75.6,84.9,84.2,90.4,96.0,97.6,81.9,99.9,130.2,130.2,163.1,152.7,173.6,226.6,282.9,305.7,341.8,444.0,521.1,563.8,668.5,761.3,883.6,1043.4,1191.2,1273.1,1418.7,1560.4,1702.9,1913.6,2048.3,2134.0,2319.7,2382.8,2491.0,2517.1,2512.7,2540.4,2577.9,2448.0,2541.7,2494.5,2367.5,2236.0,2167.6,2126.9,1945.6,1790.7,1749.7,1522.7,1471.8,1312.0,1291.0,1138.7,1146.0,1022.5,1053.4,988.1,942.8,1014.3,944.4,925.6,985.9,913.7,950.5,941.3,952.3,951.4,943.1,930.7,956.6,866.5,864.5,955.4,907.6,866.4,779.5,776.8,801.5,796.5,773.8,700.5,692.2,741.3,698.5,677.6,700.2,674.6,697.3,709.3,697.1,722.1,756.8,664.6,736.5,691.0,704.1,755.3,738.0,744.5,705.9,752.1,667.7,635.4,656.5,671.7,630.9,629.0,562.2,539.6,499.1,432.7,473.2,410.7,413.8,372.0,381.6,359.8,319.8,288.7,302.1,305.7,286.1,258.1,271.5,222.3,237.0,190.8,192.0,212.9,184.3,213.9,183.6,196.5,191.8,154.3,128.9,146.2,153.1,130.5,151.5,115.0,108.0,128.1,116.4,107.0,106.6,90.5,120.8,92.3,93.3,103.2,87.5,118.8,103.0,103.5,96.7,82.7,117.1,89.8,103.0,98.8,102.6,95.1,87.1,102.3,122.3,90.6,92.5,80.3,85.8,94.1,75.4,103.7,103.5,98.2,97.8,87.9,80.8,113.3,94.4,87.4,102.7,94.6,86.4,108.7,91.2,84.9,96.0,93.0,101.7,101.9,88.2,100.4,90.8,92.9,87.9,112.3,97.6,97.4,102.9,80.8,107.1,116.5,80.7,91.7,121.4,106.3,103.5,100.4,100.0,112.4,107.6,103.8,90.1,81.4,105.6,103.3,107.4,83.7,87.2,110.2,91.3,103.8,100.3,102.2,92.6,104.2,108.9,88.1,95.6,89.2,104.6,82.2,107.9,97.2,89.3,99.4,117.0,115.2,95.5,99.0,101.3,127.5
0,hydrocarbon,64.9,63.6,59.2,75.0,68.3,65.3,59.4,73.3,65.1,61.6,60.9,53.3,73.2,66.8,50.5,71.9,79.4,65.9,71.1,71.4,74.3,72.0,62.1,70.9,80.2,53.7,72.5,71.2,77.0,74.0,62.2,69.8,89.1,63.8,70.9,73.4,86.8,71.0,60.5,82.5,67.8,73.1,69.8,69.4,87.5,68.3,78.2,74.1,106.2,71.1,80.0,80.1,80.3,79.2,81.6,57.6,83.9,79.3,79.1,90.7,86.7,88.6,105.8,103.5,96.3,98.4,140.2,138.0,161.5,178.5,203.1,256.0,279.5,332.8,433.7,446.2,516.5,664.6,746.2,856.6,998.7,1130.6,1329.6,1503.1,1692.0,1911.2,2112.9,2307.2,2565.3,2748.1,2803.2,2946.3,3052.9,3193.6,3434.1,3514.4,3489.5,3547.5,3630.5,3420.0,3439.9,3356.7,3225.4,3151.0,3012.8,2772.6,2622.5,2464.5,2298.7,2101.6,1888.8,1668.8,1579.7,1509.2,1293.7,1246.6,1175.6,1048.2,953.2,865.7,882.2,840.1,781.6,785.8,745.2,690.6,699.0,689.0,658.9,648.8,603.1,636.3,608.8,573.9,507.0,540.1,482.5,461.0,468.6,443.6,394.8,364.2,342.3,343.5,289.7,256.6,283.0,238.9,204.5,214.7,179.4,187.4,136.0,143.6,140.0,137.7,143.2,142.4,136.6,130.1,124.8,106.1,155.8,119.0,123.5,135.8,125.1,143.3,122.2,116.0,134.8,113.0,122.8,146.5,149.5,127.0,139.9,127.3,144.7,150.4,153.4,128.1,134.2,144.2,153.5,149.0,131.9,173.7,116.0,141.0,117.8,126.6,125.8,139.3,102.5,132.7,140.7,124.2,103.2,118.9,130.8,114.3,120.6,107.7,120.7,132.1,104.9,105.8,122.6,104.0,127.2,124.0,132.5,129.4,106.6,113.1,128.2,106.3,118.8,108.3,111.9,100.1,115.5,100.0,110.0,111.7,110.4,130.6,108.8,125.2,123.5,128.6,98.1,115.7,120.3,122.6,128.3,118.5,90.1,125.1,119.7,116.6,132.4,104.2,138.0,108.8,109.0,148.0,106.9,129.8,98.6,127.3,128.1,118.5,114.1,148.9,118.6,130.0,121.4,124.9,135.7,115.7,146.5,120.9,131.7,128.8,125.0,130.2,128.4,116.3,107.0,113.8,128.9,137.2,146.0,145.2,145.6,131.8,132.2,126.4,102.9,127.7,114.2,117.5,138.4,136.9,124.7,129.2,132.3,117.6,126.6,129.4,137.6,140.7,124.9,114.7,136.7,129.5,118.9,102.6,132.1
2,carbonyl,52.2,61.0,51.1,59.8,65.3,54.1,56.3,76.5,66.2,58.0,67.9,58.6,69.8,85.3,58.0,73.4,59.8,67.1,67.2,73.9,60.0,66.6,87.5,62.8,73.4,58.7,71.4,64.8,58.9,53.4,72.7,64.3,55.6,71.4,70.1,67.3,74.7,62.2,77.8,71.7,76.9,66.8,63.9,76.3,81.2,65.5,74.1,62.0,81.4,80.5,80.2,85.3,81.7,74.9,77.0,82.1,81.7,76.9,72.3,91.2,88.0,74.8,76.8,84.6,81.5,84.4,95.1,115.5,83.7,100.6,91.4,96.7,105.1,140.9,122.2,138.3,161.4,166.2,171.5,213.6,252.3,291.3,294.4,310.7,343.4,404.4,422.1,431.6,538.4,554.7,599.1,695.1,675.3,767.8,727.6,752.1,780.2,801.1,830.4,828.3,830.8,840.6,888.6,902.0,894.7,877.2,831.6,860.3,934.0,935.2,952.6,942.0,1006.5,1157.8,1074.4,1228.4,1289.1,1338.6,1488.9,1494.7,1525.2,1652.9,1697.8,1822.0,1869.1,1912.0,1918.7,2024.3,1971.8,2090.1,2043.5,1850.2,1928.3,1961.1,1834.2,1832.9,1782.3,1698.7,1673.0,1665.9,1552.0,1549.2,1593.9,1619.6,1520.8,1556.6,1491.7,1515.2,1574.6,1594.0,1628.0,1597.9,1623.0,1610.7,1608.6,1731.9,1658.0,1661.0,1714.6,1540.7,1559.2,1559.4,1574.6,1543.2,1463.3,1349.4,1293.4,1278.4,1174.9,1067.1,1071.3,937.2,875.3,794.0,782.4,719.2,631.6,573.0,546.3,493.7,440.0,414.4,366.4,301.4,315.5,301.2,244.9,236.9,203.3,202.4,200.8,178.0,187.2,149.0,156.1,172.4,151.5,153.0,163.4,149.5,170.0,151.1,138.0,153.8,156.4,126.3,132.9,150.3,139.2,151.0,143.6,137.7,148.3,128.2,148.4,151.8,138.4,154.3,131.8,127.8,156.3,137.4,146.0,166.1,132.4,149.9,151.3,150.3,149.9,117.9,171.9,142.4,145.5,149.5,156.4,148.7,153.1,132.6,176.3,152.2,159.1,154.5,142.2,166.9,157.5,141.0,155.9,175.3,168.9,167.2,168.6,147.8,163.6,178.9,170.6,172.6,136.3,145.7,178.1,139.5,152.8,160.7,160.3,148.3,169.7,149.8,163.1,137.0,137.5,158.6,150.0,147.9,173.8,161.5,148.4,191.8,178.3,140.7,185.4,142.0,155.6,166.8,153.2,145.8,172.0,168.2,163.2,155.5,190.3,144.1,160.4,198.4,171.6,184.1,179.0,171.6,174.1,161.7,188.0,164.5,177.0
3,carboxyl_ester,98.1,80.9,89.0,81.9,92.6,97.0,86.9,83.9,80.6,91.8,111.6,84.7,84.6,96.9,92.3,97.3,95.2,96.9,96.0,82.8,88.1,78.6,89.3,82.0,115.8,107.5,89.1,85.3,86.4,94.3,88.5,111.2,104.3,93.9,107.8,93.8,86.2,106.9,90.8,103.7,109.4,85.8,99.2,101.4,101.0,89.2,87.0,103.0,104.8,92.4,98.4,94.1,97.1,99.3,123.4,117.7,92.5,104.9,102.2,137.6,105.8,114.6,112.0,111.5,127.0,114.4,116.1,130.6,89.0,144.0,128.3,159.4,166.4,189.3,169.6,216.4,275.2,335.0,336.7,356.5,406.3,481.1,540.2,574.0,673.5,728.5,871.7,844.2,890.0,966.2,1054.9,1159.0,1131.3,1241.1,1196.1,1215.6,1335.2,1275.8,1263.1,1202.1,1210.3,1137.1,1074.9,988.1,990.0,931.6,885.5,835.6,809.8,735.1,750.7,714.9,623.6,577.8,564.1,597.9,569.9,623.9,624.5,572.7,611.9,581.4,633.1,638.9,614.0,643.1,624.5,626.8,682.3,628.0,649.6,571.0,604.9,613.4,599.7,572.9,508.5,552.4,553.6,552.9,587.2,582.8,546.2,560.2,582.4,584.2,582.6,652.1,660.6,698.6,687.7,760.2,750.9,845.9,850.2,874.9,933.5,1001.6,1010.8,1040.6,1048.2,1184.4,1283.2,1275.0,1325.6,1365.9,1496.5,1563.9,1675.8,1807.3,1729.7,1751.1,1835.3,1962.8,1902.5,2060.0,2115.1,2111.3,2174.2,2108.8,2135.4,2173.4,2072.9,1984.9,1985.8,1973.9,1741.6,1827.6,1680.1,1650.9,1497.0,1434.4,1245.0,1247.9,1186.3,1016.1,997.5,926.3,829.7,758.9,649.2,604.4,533.7,516.4,472.4,367.2,345.3,340.8,257.6,246.3,253.7,244.0,233.0,200.6,216.1,165.3,165.6,173.1,153.4,171.4,164.0,158.8,160.5,142.0,134.2,133.1,145.3,149.8,156.8,138.5,172.6,138.6,158.5,139.9,150.2,146.9,153.2,153.0,146.3,139.4,135.0,142.2,139.8,166.6,154.4,149.2,146.3,154.0,143.0,184.2,181.0,155.7,145.8,140.6,176.8,164.6,152.4,146.2,156.9,148.6,154.7,147.4,168.2,153.0,140.7,164.7,138.7,145.7,169.0,164.4,156.7,163.3,129.1,133.0,151.0,158.0,152.2,180.8,148.1,171.6,177.7,133.5,167.9,187.8,148.0,162.4,153.3,159.7,148.8,154.5,169.1,155.9,181.2,173.3,166.7,170.4,158.3,156.6,170.4,153.9,167.0
1,alcohol_ether,71.6,101.3,85.4,103.0,89.4,74.8,79.3,89.8,91.3,91.6,88.4,94.7,87.7,104.7,93.5,99.9,86.9,81.1,94.7,96.6,92.1,93.1,91.2,100.2,91.2,102.6,70.0,85.5,88.5,100.0,89.1,83.3,119.5,97.8,94.0,91.9,87.0,112.9,86.4,88.3,65.5,103.8,90.3,89.4,83.6,111.7,103.5,82.1,109.4,85.2,112.6,81.8,98.7,80.6,117.3,91.4,95.4,105.4,105.1,105.7,110.2,112.1,99.6,83.5,96.9,117.1,121.1,102.9,122.6,140.5,120.9,134.4,178.4,139.9,183.1,206.1,213.6,264.2,273.1,316.3,351.2,378.6,417.7,438.3,450.5,547.8,597.4,700.4,721.3,773.2,788.9,848.4,930.0,951.8,934.5,964.7,949.8,1018.7,994.0,1029.5,998.3,1001.3,1022.5,972.3,986.3,1011.5,974.6,1014.4,943.4,1047.8,1003.0,1047.2,1086.6,1127.8,1258.6,1282.6,1312.8,1417.8,1460.4,1547.6,1606.7,1554.2,1781.7,1721.9,1745.8,1686.5,1743.3,1653.4,1725.5,1702.6,1685.7,1563.0,1547.0,1493.8,1414.1,1423.3,1334.0,1286.8,1166.0,1105.4,1001.5,928.2,918.9,857.8,775.6,783.9,684.5,721.2,645.4,621.0,621.8,648.6,648.2,619.2,642.2,657.5,680.4,677.3,731.9,808.6,864.5,856.4,891.9,899.2,914.6,930.6,1060.7,1093.7,1146.1,1118.8,1140.2,1223.3,1302.9,1287.3,1374.9,1374.9,1403.6,1430.5,1421.5,1480.5,1465.5,1459.8,1484.3,1406.2,1474.4,1377.0,1354.4,1308.0,1253.4,1170.9,1018.6,1059.1,964.8,958.5,892.6,803.6,781.0,720.0,628.1,625.8,519.4,454.2,465.3,390.3,355.6,320.3,294.7,302.3,266.9,232.7,248.7,219.5,229.1,198.1,176.4,167.9,153.1,186.8,172.9,183.1,146.6,138.4,167.9,148.2,128.9,163.4,168.4,169.7,150.1,162.3,149.3,146.3,156.7,148.7,129.0,172.1,147.0,148.1,167.5,112.6,132.1,141.8,146.2,151.8,130.5,155.3,131.4,142.5,145.9,120.0,172.9,120.0,159.2,142.4,151.7,147.2,160.8,142.3,144.2,147.8,147.0,153.7,145.8,136.3,149.2,151.9,153.6,180.4,153.7,137.2,128.9,152.8,142.2,163.5,155.3,162.5,154.3,153.3,162.9,182.9,153.5,201.4,163.9,149.2,163.5,146.4,143.5,176.6,156.8,150.7,177.8,160.2,144.1,157.5,129.9,161.2,170.8,164.7,169.7,158.4,177.3
0,hydrocarbon,117.6,111.2,139.7,139.8,110.8,124.3,123.4,131.5,126.9,132.1,112.3,113.0,111.8,116.3,123.8,109.4,123.9,134.5,112.2,138.2,136.1,100.5,107.3,109.4,132.8,117.9,125.6,125.9,117.1,121.5,132.6,117.4,126.4,109.9,121.5,106.3,143.4,147.1,129.3,118.2,124.2,132.7,124.3,120.5,125.8,145.0,160.3,131.7,126.8,134.6,133.2,150.6,132.4,125.7,127.0,121.0,119.5,121.1,147.7,136.1,141.5,131.9,148.6,120.6,173.8,155.0,181.1,215.9,195.9,236.6,247.0,319.9,330.3,383.7,447.7,504.5,655.3,693.6,888.7,1030.5,1117.3,1293.6,1461.2,1646.3,1829.5,2129.9,2294.8,2539.9,2751.9,2983.3,3279.7,3378.4,3611.3,3840.2,3931.7,4063.6,4040.5,4068.2,4116.0,4003.9,3906.2,3710.4,3656.3,3470.1,3485.6,3059.3,2913.0,2684.5,2477.7,2234.3,1980.0,1817.2,1628.5,1439.0,1256.6,1078.9,931.8,838.7,721.2,611.4,535.6,493.3,446.3,374.0,346.9,326.5,267.3,257.2,248.3,238.4,239.4,214.3,208.7,207.8,221.6,211.9,205.9,209.4,218.6,187.6,185.2,198.0,196.6,153.7,190.5,154.3,171.7,170.8,160.6,201.9,173.9,177.9,173.7,192.9,154.6,185.5,167.8,190.7,180.5,172.7,161.3,163.5,159.9,192.2,152.1,191.6,144.4,158.2,178.5,166.8,168.0,176.3,168.2,169.1,156.0,170.0,179.7,157.4,173.4,165.0,166.0,169.1,156.0,146.1,158.5,148.4,172.6,178.1,151.2,158.9,183.9,184.0,138.9,163.1,158.7,153.1,170.2,168.1,176.3,160.7,170.2,164.1,161.6,163.6,162.5,171.4,186.2,163.2,155.7,166.1,142.9,156.4,158.2,173.6,174.4,206.1,171.6,164.1,185.1,179.7,181.1,173.6,163.5,150.0,174.2,172.7,175.7,168.9,145.4,184.5,169.3,168.5,165.3,193.1,185.1,151.9,152.8,166.4,182.4,169.4,198.4,179.4,171.6,171.0,173.3,179.8,164.4,193.5,204.2,174.4,179.3,189.0,173.9,187.3,185.1,206.3,196.8,176.0,162.9,200.7,181.4,197.1,185.8,182.5,204.6,180.8,132.9,186.3,194.7,179.3,190.3,177.7,180.3,171.7,173.7,193.9,174.9,181.2,195.9,171.7,184.1,164.5,186.3,175.6,154.7,185.8,207.0,170.8,189.2,168.6,182.9,168.4,173.1,181.7,207.5,186.8,198.5,183.3,221.9,172.4,168.1
1,alcohol_ether,106.3,108.5,131.8,112.3,111.0,129.0,129.3,119.4,139.9,121.6,114.6,116.9,114.1,118.1,120.3,108.3,128.9,126.8,122.7,116.2,121.1,123.8,133.0,141.6,152.3,111.2,118.6,130.5,110.9,126.8,109.9,142.2,147.4,150.2,126.2,140.8,134.0,131.8,127.0,126.3,128.0,144.5,122.2,134.0,142.1,123.7,126.3,119.6,146.9,137.6,135.1,136.9,123.0,158.9,134.7,135.6,158.9,158.0,141.9,139.6,140.3,132.6,125.1,137.8,143.9,161.4,159.7,178.9,163.1,209.8,197.0,238.5,300.7,272.6,356.7,415.0,459.6,513.1,659.0,773.2,801.4,917.6,1070.2,1229.0,1328.3,1471.3,1652.4,1859.4,1994.1,2133.8,2254.7,2387.3,2566.0,2736.9,2833.9,2770.2,2903.2,2967.6,2811.1,2810.6,2750.2,2724.1,2665.1,2576.6,2268.3,2258.6,2130.6,2065.0,1835.9,1786.9,1664.1,1562.1,1483.6,1496.9,1405.0,1379.2,1383.8,1336.9,1318.1,1301.6,1323.1,1377.8,1369.3,1350.3,1417.6,1460.7,1402.2,1386.0,1366.7,1362.3,1369.0,1300.8,1245.0,1199.5,1209.8,1091.0,1067.2,1029.2,973.6,881.6,775.5,722.7,729.2,682.7,565.0,550.5,537.3,462.9,457.0,433.9,413.4,395.8,337.0,387.9,339.4,333.9,343.9,334.1,316.7,285.5,302.6,293.3,275.7,278.6,259.7,253.1,251.8,298.1,238.1,254.3,239.7,237.3,230.5,212.6,189.8,224.1,196.1,204.1,219.3,198.4,208.5,233.7,216.5,202.4,168.0,204.0,197.3,192.8,191.6,182.7,184.3,186.1,199.4,197.7,197.3,194.4,202.0,196.2,189.0,210.0,197.5,194.3,199.9,179.6,183.3,198.1,185.5,217.8,197.3,194.7,173.4,182.4,182.9,200.8,194.9,203.7,201.0,181.0,199.6,187.9,183.8,199.5,196.6,220.1,197.6,196.6,221.8,173.9,193.6,181.0,198.4,192.2,207.7,172.2,202.0,196.1,211.4,191.2,208.2,197.7,234.3,202.1,225.6,176.7,218.4,196.9,201.9,212.2,206.6,228.4,222.9,225.7,226.1,214.8,212.5,223.3,205.5,202.6,225.7,208.8,223.3,214.5,243.7,202.1,188.0,193.5,202.9,194.1,213.7,200.3,194.6,210.0,230.8,218.7,237.4,210.4,239.3,203.2,223.3,196.0,233.1,246.1,214.5,206.8,257.9,219.7,226.7,192.4,207.3,241.0,213.1,199.2,227.0,231.4,215.1,208.4,245.1,222.6,203.7,241.4,229.3
1,alcohol_ether,121.1,119.6,115.0,108.4,134.0,125.8,110.1,100.1,107.5,101.3,121.6,109.1,134.3,110.2,113.3,91.5,92.7,102.3,109.3,103.1,115.4,127.8,128.7,113.2,114.3,118.5,119.5,116.0,90.2,123.4,119.4,115.0,124.0,111.1,126.1,99.3,112.2,102.7,116.6,127.8,118.9,109.6,130.1,109.3,115.0,118.6,113.0,114.4,107.2,129.7,120.4,149.2,126.6,135.8,118.9,116.1,117.7,131.7,110.1,119.7,132.5,104.1,136.8,129.4,134.5,131.6,136.9,172.8,208.6,177.1,207.1,207.9,222.7,276.0,297.1,368.4,433.9,466.8,488.1,588.4,686.3,798.7,870.7,901.2,1081.4,1195.2,1316.6,1379.6,1544.0,1608.3,1637.0,1759.9,1827.3,1752.5,1794.0,1859.0,1872.4,1828.6,1804.6,1792.4,1628.7,1674.2,1559.2,1614.3,1512.6,1485.2,1452.7,1389.8,1478.4,1463.4,1474.1,1467.9,1588.8,1650.5,1740.8,1751.5,1912.0,1919.1,2081.4,2052.8,2173.3,2199.6,2160.4,2270.5,2323.7,2255.1,2189.5,2228.1,2116.2,2055.5,1978.5,1923.3,1740.8,1635.7,1597.4,1424.1,1325.5,1213.3,1093.0,1061.1,940.7,833.5,763.9,680.2,627.2,545.4,511.0,487.8,426.1,434.9,365.3,362.6,355.6,344.4,301.7,292.9,302.0,304.9,323.2,272.4,283.6,285.3,277.1,224.3,232.3,235.0,209.2,253.7,215.4,223.6,204.5,199.0,160.6,191.1,159.2,191.6,165.3,170.5,190.2,156.7,148.8,151.1,147.3,122.0,136.4,157.1,142.2,145.4,143.2,135.9,148.0,131.5,147.4,153.2,123.6,111.0,118.3,123.6,159.9,127.3,136.5,140.3,146.9,120.2,144.3,155.2,154.9,141.2,134.5,152.7,153.0,136.5,128.6,130.8,115.4,145.8,134.0,147.8,135.5,130.9,124.8,148.3,138.0,125.9,116.4,110.7,128.0,148.9,145.4,146.1,129.9,141.1,143.7,127.9,145.4,128.4,144.3,163.1,132.4,142.6,130.4,142.1,130.9,128.7,138.4,136.4,139.9,172.3,139.4,132.6,120.3,146.5,149.1,149.5,152.4,130.4,151.9,136.9,136.6,149.3,141.4,131.0,138.3,135.6,153.3,149.5,145.7,154.6,155.5,139.0,134.3,146.7,140.7,168.9,139.5,124.5,139.4,144.2,147.1,152.1,141.3,139.9,143.4,145.0,156.7,133.7,143.7,117.5,132.3,126.3,144.4,156.9,148.4,133.3,138.7,142.8,143.3,126.4,156.5,147.8,140.7
2,carbonyl,51.6,50.2,51.8,51.9,42.8,64.9,37.4,63.2,52.8,53.3,71.2,54.3,52.9,58.7,40.1,65.1,69.2,59.6,57.4,41.9,62.6,57.8,75.7,70.3,61.3,52.0,60.8,56.7,63.1,73.3,61.3,63.5,53.0,64.8,64.6,65.2,53.2,76.7,76.4,68.2,54.9,71.4,57.0,79.0,64.1,73.7,69.3,72.2,67.2,78.2,62.2,44.8,63.0,81.8,76.4,66.8,56.6,74.5,68.4,78.1,83.9,74.2,73.1,88.5,81.1,88.5,104.3,119.1,106.8,76.5,121.4,154.5,166.7,215.8,269.8,284.4,330.9,377.9,474.5,520.6,651.5,696.6,786.5,894.6,1002.6,1155.3,1243.5,1408.8,1462.4,1616.7,1739.7,1800.2,1904.8,1980.9,1885.6,1963.5,1985.2,1957.7,1915.8,1835.2,1734.4,1674.3,1601.1,1433.8,1377.5,1263.3,1126.2,1066.7,953.2,899.1,769.1,769.8,750.2,639.2,651.5,623.0,590.0,555.6,597.1,613.6,571.3,572.3,627.0,625.5,654.5,657.3,658.7,662.9,658.3,634.0,662.8,665.7,719.5,704.7,727.0,779.4,791.0,756.9,832.9,890.1,973.0,1007.4,1038.6,1215.0,1209.0,1334.3,1352.6,1451.4,1514.8,1505.8,1625.2,1668.3,1722.2,1712.2,1723.3,1810.5,1671.8,1689.2,1671.0,1640.7,1462.2,1571.6,1432.2,1421.1,1287.8,1252.7,1136.0,1024.9,994.4,922.4,782.1,719.9,704.7,589.7,566.5,466.4,468.3,391.4,364.4,311.4,275.9,272.1,230.2,212.3,207.7,176.2,168.9,160.3,150.7,147.1,138.0,147.8,141.2,122.1,138.2,134.5,137.5,116.4,125.7,105.9,131.3,135.4,120.2,113.4,118.2,118.7,113.8,123.0,143.5,122.5,133.0,114.2,120.5,124.9,126.1,121.0,121.4,128.2,123.1,147.4,116.2,155.5,135.7,127.7,135.2,120.6,115.9,117.5,139.9,126.3,123.4,116.6,115.6,115.9,95.9,112.2,148.1,140.0,112.2,128.7,137.3,132.4,136.1,136.0,131.7,147.5,134.1,120.8,142.3,134.7,134.3,134.8,126.7,136.7,139.2,144.8,146.2,134.5,132.2,142.4,139.5,157.3,157.5,151.1,153.4,166.2,121.1,134.9,142.9,157.1,161.4,134.2,153.8,138.6,173.9,156.5,141.6,145.7,163.7,150.7,138.1,144.7,158.2,152.1,149.4,134.3,162.6,155.7,150.8,174.3,140.8,145.0,162.5,144.8,139.0,168.4,153.6,159.0,165.5,169.2,135.2
3,carboxyl_ester,64.7,62.0,52.7,64.0,70.2,60.5,49.4,60.0,66.0,54.8,73.0,63.9,66.8,68.4,61.4,60.3,63.2,64.4,65.9,63.5,68.2,76.7,78.1,67.5,53.0,66.7,63.5,70.2,62.9,64.9,76.4,79.4,62.1,57.6,73.4,70.3,70.7,56.4,72.5,63.1,73.1,68.5,68.3,69.3,63.6,59.2,64.1,73.7,73.8,78.8,71.2,66.6,72.8,77.4,80.7,54.0,85.8,60.0,61.2,74.8,83.2,84.7,88.5,87.9,92.5,91.0,119.0,122.7,148.0,195.0,191.6,226.2,240.4,320.2,293.8,405.7,492.2,560.9,640.4,680.0,785.6,929.2,987.9,1063.2,1262.5,1337.8,1490.9,1511.2,1737.2,1797.0,1877.6,2004.0,2137.4,2094.7,2228.2,2239.4,2259.7,2263.7,2236.7,2056.7,2071.6,2064.3,1952.5,1825.1,1719.6,1679.0,1464.6,1476.7,1269.2,1215.6,1091.4,1031.4,962.7,875.7,763.0,674.5,619.1,591.4,559.4,519.5,489.8,496.6,466.2,441.7,472.8,470.5,445.9,448.6,463.2,489.7,496.4,482.6,532.2,492.7,499.9,572.7,583.0,599.8,650.3,656.9,728.2,724.0,792.1,838.2,887.9,930.5,993.5,996.4,988.6,1085.5,1117.3,1131.3,1112.9,1265.6,1187.2,1302.4,1356.0,1248.7,1299.5,1235.0,1252.9,1376.6,1234.1,1218.6,1265.1,1236.0,1197.9,1210.8,1140.5,1126.9,1058.5,1086.1,979.6,1039.5,963.4,987.3,963.8,909.9,910.0,889.3,828.1,750.3,737.2,775.2,740.4,672.8,642.6,613.9,611.4,556.9,553.2,494.5,481.1,457.2,413.0,407.4,351.0,311.4,322.3,290.2,286.3,247.1,227.9,219.1,217.2,198.5,174.2,145.7,157.1,130.7,149.0,146.3,126.8,125.4,115.1,107.6,106.5,99.8,81.8,113.0,85.3,107.3,94.2,96.7,89.1,89.1,106.6,102.0,108.3,95.2,103.4,92.6,98.7,94.0,123.1,110.6,87.9,94.5,85.5,103.4,94.3,120.1,89.6,79.6,88.9,93.6,132.4,85.9,85.9,81.6,101.5,83.1,86.1,104.1,90.6,78.4,84.8,101.8,102.5,84.6,90.2,92.5,92.7,100.3,100.9,108.0,84.9,102.0,111.6,97.3,101.8,94.0,101.2,113.3,103.3,107.5,89.9,116.2,109.5,89.4,115.6,103.7,96.5,97.0,110.0,98.9,91.7,112.2,116.7,110.0,95.3,107.7,105.7,116.8,101.3,94.0,97.7,103.9,113.0,104.0,99.8
0,hydrocarbon,70.6,71.7,59.6,58.3,64.2,66.3,73.7,57.2,67.9,53.4,73.9,59.8,73.2,65.8,68.4,67.5,59.5,66.3,65.4,69.4,69.6,73.0,80.8,70.9,71.6,65.4,67.9,67.4,69.0,86.5,77.2,62.4,83.3,63.8,75.4,68.8,63.5,72.4,70.8,76.8,78.2,47.9,74.3,72.7,80.4,76.7,78.8,74.7,76.5,74.8,81.0,62.4,71.4,85.8,82.8,86.4,84.5,85.8,76.7,78.2,76.1,75.7,94.5,102.5,94.8,102.6,124.8,145.7,173.7,212.0,230.6,263.2,296.9,378.3,423.9,503.4,574.8,703.4,840.9,958.5,1075.6,1263.3,1400.5,1638.0,1810.8,2040.1,2194.8,2428.2,2729.2,2727.1,2958.1,3059.8,3198.3,3494.0,3634.3,3573.2,3670.3,3679.5,3644.9,3663.9,3518.4,3462.6,3175.6,3150.5,2948.4,2792.0,2510.5,2324.1,2109.1,2042.9,1803.3,1731.2,1486.8,1338.0,1289.7,1141.9,1037.1,895.2,822.8,796.0,738.8,772.2,697.6,619.7,661.3,648.8,606.1,597.4,597.0,566.5,523.8,496.5,504.4,542.9,468.9,423.9,436.4,369.1,417.0,358.3,348.1,327.0,292.9,274.9,248.8,239.3,218.1,178.8,193.3,155.4,162.7,141.9,129.2,124.9,144.4,140.3,106.5,103.4,131.1,117.4,102.7,96.0,95.1,93.5,93.3,100.6,89.4,92.6,103.3,100.8,98.6,99.8,92.6,108.7,85.4,96.3,104.3,101.2,96.4,82.7,93.7,87.6,97.1,88.6,90.7,105.4,104.4,100.1,110.8,87.9,94.1,104.4,101.1,91.0,98.9,98.0,108.0,108.2,99.9,92.9,80.1,97.2,106.3,115.6,105.8,78.5,98.7,91.7,103.4,102.4,105.5,92.9,103.4,105.2,87.6,102.7,110.1,100.5,88.3,115.0,111.1,106.7,107.3,110.7,108.3,109.2,107.6,104.7,117.6,110.8,129.3,99.8,113.2,113.1,95.7,112.6,108.5,110.9,111.6,94.3,99.2,118.2,116.7,88.5,103.0,117.5,112.2,112.3,116.8,121.4,118.5,115.0,114.7,99.6,125.0,88.1,120.6,98.5,125.4,102.8,119.6,124.1,112.3,112.2,116.8,120.5,120.9,117.2,118.0,122.2,111.3,129.4,102.3,123.4,105.1,111.4,135.4,106.9,112.9,101.4,98.8,128.6,122.9,120.3,107.3,102.6,107.9,157.2,113.6,120.8,94.8,124.8,121.9,109.9,126.3,114.4,157.1,116.3,121.3,106.4,118.8
3,carboxyl_ester,103.1,85.1,97.7,103.2,113.4,91.0,91.1,100.5,106.8,87.0,91.4,99.2,89.6,95.5,92.4,106.0,95.7,104.4,95.9,99.1,111.1,97.9,87.3,120.3,96.4,85.9,123.1,113.5,108.4,119.5,110.6,122.4,110.7,117.1,117.4,110.1,94.7,101.7,106.0,119.0,114.2,88.5,121.2,113.3,105.7,119.5,118.3,106.3,108.1,116.8,118.2,125.9,118.3,121.8,126.3,110.9,127.2,135.1,124.9,131.4,141.4,145.5,134.5,147.4,157.1,171.7,156.4,195.0,226.1,251.7,277.3,260.0,322.2,382.6,427.9,439.4,560.0,571.3,689.5,718.9,828.2,868.0,937.3,1171.8,1216.8,1289.2,1312.0,1466.5,1538.0,1598.6,1660.6,1721.1,1771.1,1831.8,1764.7,1751.5,1776.1,1742.7,1766.9,1685.2,1633.6,1596.5,1502.2,1498.6,1534.5,1351.5,1377.7,1361.7,1321.1,1244.6,1239.2,1207.5,1243.4,1197.9,1196.0,1150.1,1204.6,1195.1,1209.6,1223.2,1231.5,1196.0,1217.5,1199.8,1293.5,1169.7,1235.3,1233.7,1190.4,1166.2,1202.0,1157.6,1138.1,1087.4,1039.6,1034.4,989.8,989.1,957.1,917.2,901.0,938.8,922.1,845.9,853.7,823.0,821.0,847.2,878.4,832.7,897.7,897.8,885.6,903.7,938.2,928.1,899.9,918.0,984.1,1057.4,1037.5,1016.4,1036.3,1043.9,1012.2,1037.3,1060.7,1080.1,1123.2,1034.2,1087.9,1119.5,1147.6,1142.0,1169.4,1218.9,1123.4,1131.9,1082.6,1053.8,1038.0,1020.2,1037.4,992.1,954.0,943.8,911.4,805.7,863.5,786.9,732.4,767.7,695.0,628.9,603.3,578.9,522.4,463.3,457.8,449.7,405.5,361.9,347.2,292.6,297.7,269.1,251.1,260.6,211.8,216.0,235.9,203.8,169.2,187.9,177.3,185.7,171.6,180.3,168.5,161.7,167.5,185.6,166.7,164.5,172.7,143.6,176.4,178.6,165.8,146.8,166.0,178.8,152.6,185.7,184.7,172.0,186.8,168.8,160.9,167.7,179.2,186.9,164.2,160.3,154.4,175.8,177.1,154.6,206.7,154.3,169.9,179.1,198.9,176.5,169.5,179.4,171.8,170.4,192.7,171.6,165.5,185.2,186.4,179.6,142.5,189.9,169.1,177.8,161.6,158.8,165.2,184.6,170.1,174.5,163.1,187.0,188.6,166.9,180.8,185.5,180.8,158.9,182.8,181.2,203.8,165.8,171.8,176.9,154.0,175.0,189.6,178.8,184.5,190.6,192.2,202.7,187.5,177.1,152.1,201.6,196.4
1,alcohol_ether,62.8,52.7,69.3,59.5,59.2,55.6,66.5,58.6,60.1,56.2,62.2,69.6,64.6,70.3,61.3,75.1,76.7,59.2,59.6,63.8,69.8,58.4,59.0,74.6,60.4,65.4,72.1,55.4,68.1,52.1,63.3,62.7,63.5,66.8,58.3,69.4,70.8,62.6,52.1,71.7,59.5,70.0,71.8,54.2,63.4,73.8,78.0,61.7,70.7,64.3,57.5,76.1,60.3,64.0,65.1,62.9,73.0,65.2,72.2,84.0,80.4,88.0,59.8,65.7,95.8,85.4,93.6,98.5,89.5,116.8,114.7,121.9,136.1,166.7,152.5,172.9,210.6,226.8,244.4,273.3,305.7,328.6,332.8,378.0,397.7,467.4,489.4,537.8,559.4,607.1,646.8,671.0,710.4,665.6,688.6,742.5,761.4,816.3,841.5,817.4,946.6,916.9,1023.3,1034.6,1176.9,1188.0,1287.6,1398.6,1488.7,1585.0,1830.4,1800.3,2100.2,2198.8,2420.7,2560.6,2750.2,2779.7,2883.3,2961.2,3138.7,3171.0,3189.8,3204.8,3141.3,3174.8,3078.4,2946.6,2854.1,2847.6,2667.6,2498.3,2400.0,2296.2,2043.5,1984.5,1777.8,1631.7,1510.6,1340.3,1198.3,1052.4,929.3,810.8,726.1,660.3,562.7,509.2,481.3,432.9,387.2,376.4,331.0,320.4,308.3,276.7,320.3,279.7,276.1,266.5,331.8,341.6,305.6,342.9,324.3,378.0,393.0,387.4,386.1,414.5,377.7,436.3,444.2,444.1,432.0,478.5,447.1,423.0,441.8,475.5,473.3,410.2,420.6,416.7,373.6,391.7,376.0,363.6,334.8,338.4,305.4,311.3,279.5,257.2,235.5,223.6,222.7,213.0,207.7,157.4,166.6,186.7,153.5,174.3,143.5,153.3,144.3,164.9,127.3,133.5,147.7,140.5,124.4,126.3,110.0,130.8,113.9,124.7,129.8,114.5,114.7,122.3,95.9,124.4,117.9,131.0,124.7,115.8,134.0,120.3,120.0,138.2,115.8,103.0,121.6,120.5,121.9,102.1,140.4,147.7,106.6,134.0,137.6,126.9,108.1,103.5,132.5,109.8,120.3,128.7,132.1,127.1,132.6,122.7,131.1,126.4,147.5,123.8,136.0,143.3,137.7,132.9,127.6,135.4,140.8,146.2,141.3,138.2,159.4,140.0,145.6,135.1,149.4,126.7,139.9,118.6,144.1,147.8,107.6,125.9,129.9,143.7,172.4,130.0,144.2,121.7,154.0,135.2,143.4,153.2,153.3,145.6,130.0,124.8,138.9,139.5,138.0,138.1,144.8,159.1,146.0
1,alcohol_ether,88.1,92.9,88.4,87.3,98.0,88.8,94.7,98.0,105.2,96.7,98.7,93.9,95.4,92.0,82.8,98.7,113.4,86.6,88.2,100.9,92.1,97.0,100.2,83.2,88.5,119.4,95.3,112.3,91.3,94.5,85.0,92.3,100.7,116.3,97.2,99.6,117.7,91.9,91.1,104.1,95.1,137.7,107.7,102.0,117.3,93.3,98.9,77.7,94.9,97.5,75.3,102.7,109.3,93.8,102.2,88.0,103.6,89.9,108.4,109.0,109.2,103.2,118.1,106.3,100.8,132.7,126.6,144.2,126.5,140.7,160.4,166.4,173.2,197.8,232.9,244.9,276.4,294.4,326.5,331.9,378.8,435.3,479.6,524.0,572.3,585.2,557.4,630.9,712.7,710.6,770.9,789.2,824.6,838.4,879.6,874.9,903.6,996.5,979.2,1004.8,1046.5,1067.8,1117.5,1159.1,1240.3,1330.4,1373.7,1442.0,1524.5,1669.3,1865.0,1853.8,1959.7,2076.8,2212.5,2331.5,2445.2,2508.1,2568.0,2795.9,2862.2,2808.6,2960.9,2997.0,2979.8,2952.9,2917.8,2814.0,2794.1,2815.5,2551.3,2602.5,2543.6,2369.0,2274.5,2135.5,1982.5,1775.9,1751.4,1648.6,1526.4,1462.2,1329.8,1331.3,1115.6,1134.7,1066.4,963.1,910.1,871.7,915.2,895.6,811.9,830.6,764.3,735.5,755.3,664.2,684.0,713.1,607.3,624.5,584.9,522.0,539.2,499.3,475.1,493.6,432.5,391.9,362.2,370.1,361.9,337.6,296.0,313.6,256.1,254.4,252.3,229.8,228.5,214.7,204.2,188.6,193.8,165.0,158.3,161.7,163.7,168.5,146.3,147.3,156.9,142.5,125.1,123.6,127.9,141.6,143.8,143.6,126.8,138.3,138.6,131.0,137.1,127.9,129.6,146.5,122.1,128.9,122.6,123.7,102.4,134.0,138.0,130.5,126.1,118.2,120.9,126.5,122.9,128.3,135.1,139.1,145.8,116.9,112.5,135.4,138.6,115.7,134.0,133.5,127.8,131.2,142.5,131.1,136.2,127.1,134.8,121.4,128.9,126.6,137.9,128.1,138.2,127.2,132.5,134.2,143.6,122.2,122.0,151.9,139.0,128.8,141.4,121.9,137.1,149.7,118.0,144.6,140.1,137.9,125.5,144.7,132.4,112.5,141.7,125.9,116.0,119.9,127.3,142.2,135.1,134.1,130.0,120.6,125.4,132.9,135.7,133.4,136.0,156.2,130.4,141.2,137.7,121.1,117.4,132.9,134.4,128.8,138.1,129.3,162.1,143.7,122.7,147.9,139.6,140.1,138.0,157.3,158.2
3,carboxyl_ester,81.2,72.7,69.6,83.0,71.2,58.3,84.6,87.4,76.9,92.7,91.9,76.5,65.7,76.4,80.9,61.7,73.2,81.5,95.1,88.7,85.8,85.9,71.1,86.3,84.3,66.1,74.1,68.8,86.6,79.3,78.8,81.3,68.6,91.2,77.1,94.0,85.5,85.4,80.0,76.7,81.6,69.6,67.2,72.8,98.8,61.9,77.9,90.9,99.4,80.5,86.1,72.1,72.8,87.7,82.0,79.5,84.3,75.2,93.6,67.0,91.4,92.5,88.1,83.4,93.5,93.6,108.1,83.0,118.9,114.8,141.2,152.9,162.5,189.0,222.3,258.0,309.2,371.9,416.5,476.7,513.1,662.3,775.2,865.5,949.6,1071.7,1255.2,1368.3,1520.5,1690.8,1832.4,1940.6,2044.9,2162.7,2347.9,2450.1,2461.3,2684.0,2539.2,2568.6,2493.7,2552.4,2485.0,2327.2,2198.9,2215.8,2057.8,1893.8,1692.8,1587.7,1493.3,1404.7,1326.2,1211.6,1044.3,991.1,953.4,893.2,885.3,778.7,718.5,744.1,750.3,660.3,704.7,685.3,710.9,681.0,696.1,726.2,679.8,663.9,678.4,629.5,577.5,571.3,586.6,488.9,519.5,478.2,447.3,396.4,352.2,382.0,330.4,321.9,317.8,278.0,271.8,245.6,255.5,252.4,214.6,247.2,222.7,271.6,240.0,262.5,286.2,307.8,335.3,334.5,408.9,436.5,449.9,482.6,520.5,567.0,693.9,649.2,713.5,765.9,823.2,837.9,861.0,899.5,969.7,1014.1,1091.4,1058.3,1064.6,1045.4,1107.1,1097.1,1104.2,1106.8,1080.5,1089.2,1002.9,928.6,971.1,896.7,849.2,804.6,772.1,684.6,677.9,579.1,540.7,564.1,470.1,422.5,429.7,397.9,334.0,315.1,258.5,272.3,224.6,214.9,196.0,161.3,173.0,168.3,155.9,156.2,140.4,138.7,120.2,131.1,122.1,139.2,135.4,135.8,117.7,127.0,124.2,118.3,105.0,122.1,121.4,109.9,113.2,107.8,115.3,122.3,89.6,122.9,130.3,121.8,124.5,114.8,133.1,124.0,122.9,135.2,125.7,115.9,126.9,130.4,112.9,118.8,116.7,112.9,121.9,101.3,140.9,123.2,120.4,136.1,109.2,130.9,117.0,117.3,126.4,113.7,131.4,117.3,144.1,144.4,138.3,136.1,124.2,131.6,126.7,112.8,138.2,135.4,111.6,128.8,116.0,139.9,150.1,127.9,106.9,152.9,131.0,125.3,122.9,133.0,140.5,113.5,122.1,128.4,140.8,139.8,144.4,123.2,142.7,130.6,124.4
3,carboxyl_ester,100.6,110.5,106.5,105.4,84.5,100.2,87.2,95.7,87.8,101.5,102.0,99.1,98.9,116.1,100.6,100.6,104.2,120.9,97.5,87.9,98.2,94.1,100.6,97.1,104.4,105.9,107.3,120.0,93.7,105.6,123.2,104.9,115.0,108.2,88.5,102.4,111.7,85.7,100.5,93.7,117.7,96.4,107.9,87.4,96.4,97.8,109.4,102.2,111.0,92.8,113.0,103.4,97.6,89.7,101.2,120.1,88.9,81.6,102.2,118.7,109.6,120.4,107.7,114.2,117.2,114.7,118.0,150.9,149.9,138.2,183.1,213.6,214.0,262.7,281.1,302.8,359.7,401.5,489.2,530.6,622.7,718.8,792.2,880.2,980.6,1153.6,1203.4,1296.3,1373.9,1590.8,1628.6,1674.6,1734.6,1850.2,1972.6,1920.2,2021.4,1930.5,1969.0,1872.6,1868.3,1883.0,1829.5,1761.1,1664.0,1589.0,1465.6,1490.7,1360.9,1384.3,1303.1,1245.8,1234.2,1208.6,1202.7,1149.8,1160.1,1180.8,1206.3,1234.8,1177.1,1262.5,1276.4,1280.2,1282.6,1225.6,1311.0,1258.2,1257.6,1324.6,1262.0,1177.6,1057.6,1138.2,1029.8,979.5,1001.6,855.8,813.5,788.9,740.9,700.5,625.6,620.9,542.0,527.4,514.3,474.9,472.4,423.5,405.5,383.1,426.0,375.4,373.1,361.5,371.8,433.0,449.2,489.8,530.4,521.0,591.9,600.8,604.6,608.2,683.5,784.8,755.4,830.4,867.3,976.5,952.4,952.7,1040.8,997.4,1062.9,1181.1,1150.0,1138.2,1104.8,1044.4,1075.3,1043.9,1099.2,995.8,993.4,989.8,939.4,895.5,901.0,778.5,802.9,747.9,686.4,646.4,620.1,504.0,548.1,487.2,424.7,406.1,387.2,338.8,278.5,286.6,288.0,209.1,224.9,229.3,188.7,186.8,167.4,167.3,176.6,146.4,137.3,152.4,138.1,140.6,137.1,143.0,143.9,132.5,128.2,148.6,135.8,161.4,113.7,137.0,143.8,137.6,129.4,121.8,115.3,145.5,126.6,141.1,141.2,121.2,142.2,136.9,105.8,150.5,126.8,142.8,135.7,131.3,144.7,125.8,117.8,133.1,122.8,125.2,112.3,102.4,134.2,163.4,122.0,115.9,129.3,134.6,142.4,143.3,150.8,151.5,132.2,110.8,132.8,143.1,100.3,155.8,152.2,116.5,127.7,140.8,147.2,135.1,133.8,141.8,154.2,132.8,133.8,142.8,161.4,143.2,125.0,131.8,151.0,132.3,137.1,131.8,150.6,137.0,151.0,143.5,127.4,149.1,148.8,146.7,131.4
3,carboxyl_ester,95.7,99.0,94.1,108.5,92.4,97.2,99.6,104.5,105.5,101.0,82.3,103.5,93.0,92.2,80.9,89.6,98.7,89.4,114.1,76.9,91.4,92.8,109.6,109.7,105.8,101.4,101.7,104.4,91.8,93.0,90.7,86.7,92.9,115.4,79.7,74.0,97.3,112.5,111.6,101.3,122.1,95.3,104.0,105.1,115.7,106.2,103.3,112.3,89.5,94.6,91.9,104.3,109.5,100.5,102.6,104.1,99.4,119.4,101.6,114.5,107.6,105.1,111.1,101.5,117.0,130.9,126.2,127.4,176.2,180.4,218.3,204.9,252.6,259.8,290.5,315.3,346.6,446.7,509.4,590.5,662.8,761.2,866.2,983.4,1001.5,1171.0,1235.8,1386.7,1550.7,1606.5,1708.4,1866.5,1878.1,1953.3,1904.9,2075.8,2008.6,1933.1,2002.1,1927.0,1747.8,1747.4,1717.4,1654.9,1465.9,1424.8,1261.4,1210.2,1048.0,960.0,838.1,770.0,709.7,652.1,564.0,546.0,483.7,422.2,370.2,381.8,330.7,304.2,309.2,315.9,317.1,315.5,309.2,310.2,333.9,381.1,360.7,400.5,427.2,435.0,478.5,506.0,553.7,569.4,629.2,681.1,729.6,763.9,881.6,895.7,940.8,951.3,1058.0,1182.7,1200.4,1274.9,1303.4,1348.7,1443.6,1386.1,1465.0,1533.7,1545.4,1613.7,1556.7,1592.8,1590.0,1529.7,1515.9,1465.4,1523.9,1524.7,1514.1,1411.1,1400.6,1357.8,1428.2,1350.7,1352.3,1277.1,1265.7,1231.1,1191.9,1257.1,1164.9,1089.2,1085.3,1038.2,1096.0,973.3,1009.6,984.7,871.8,860.2,826.7,766.4,745.6,673.8,638.4,600.8,604.7,558.1,510.9,479.4,397.3,434.2,377.8,321.5,325.3,278.4,300.3,246.7,222.3,210.0,213.6,208.1,192.9,171.0,154.4,174.9,156.7,158.4,125.9,151.8,145.0,159.1,168.9,148.5,131.9,162.6,149.1,148.8,154.1,151.8,163.9,138.7,134.5,151.4,150.3,141.1,144.0,152.6,118.9,141.1,147.0,147.6,140.3,129.5,154.1,158.8,166.9,121.4,151.8,143.4,149.7,160.4,150.1,138.8,148.9,158.2,145.6,152.5,127.8,165.6,139.6,150.8,132.8,144.9,153.2,129.8,184.6,164.8,135.4,147.9,144.1,148.2,150.4,147.6,144.8,130.5,152.7,149.8,133.5,134.9,137.2,150.1,146.8,173.8,144.3,136.2,160.5,169.1,133.6,144.0,156.1,144.5,150.5,170.8,164.2,157.1,168.6,173.7,165.7,140.2,159.4,149.3,165.1
1,alcohol_ether,91.2,98.9,102.1,102.7,121.7,106.8,92.9,96.7,103.1,100.6,102.3,100.9,120.6,109.6,115.6,104.8,115.2,87.9,109.5,103.9,116.8,113.3,122.2,121.3,105.5,93.9,97.6,100.5,117.8,96.1,97.2,117.8,95.4,124.1,125.5,119.0,104.3,111.9,116.4,118.0,104.5,116.6,106.4,107.1,112.5,114.3,102.7,112.2,123.9,119.3,111.5,108.9,112.4,100.8,113.5,132.0,132.2,130.3,120.5,128.7,116.7,135.8,138.6,126.3,133.7,134.6,135.5,124.2,164.9,171.6,161.7,189.6,228.8,262.4,296.9,319.4,368.2,444.5,487.3,564.8,668.4,739.7,824.7,999.4,1090.5,1219.7,1357.5,1460.7,1697.7,1762.1,1965.7,2064.8,2232.5,2248.3,2356.0,2328.9,2380.9,2476.4,2378.2,2454.6,2273.8,2297.4,2231.9,2211.9,1930.1,1885.8,1747.8,1585.9,1460.4,1399.7,1236.4,1247.2,1135.7,1076.5,1006.1,1015.5,947.6,960.8,895.8,862.3,958.4,934.3,917.2,955.1,878.6,1014.6,955.2,845.0,914.4,904.1,852.2,884.7,807.3,818.0,772.1,741.6,654.3,644.6,606.8,585.3,496.4,510.9,466.8,464.2,411.1,400.1,348.9,321.0,301.3,319.0,279.2,309.6,279.3,258.2,277.7,347.7,308.7,371.5,363.7,342.4,418.9,491.3,470.1,458.2,554.2,538.9,628.1,649.7,694.7,742.2,790.1,880.9,896.0,921.0,987.2,987.5,972.9,1082.1,1091.9,1064.4,1123.7,1097.0,1047.7,1043.9,1077.0,975.1,1029.7,1004.6,990.2,909.1,851.2,845.9,833.2,734.8,734.9,662.5,595.1,548.0,477.9,497.6,444.8,386.6,341.2,343.8,354.9,320.6,283.0,254.6,243.9,240.8,217.8,203.6,193.7,202.4,192.5,181.8,166.7,162.9,180.3,153.6,181.7,198.2,169.5,167.2,162.5,157.0,176.0,149.7,169.2,177.8,150.7,140.6,175.7,153.2,168.2,194.5,155.1,182.4,142.1,181.4,161.4,174.0,166.7,161.1,165.8,142.3,154.1,169.3,189.6,145.1,157.9,166.5,155.5,178.4,186.2,198.5,155.6,175.1,170.0,162.2,163.1,175.6,186.6,167.1,156.5,161.6,176.7,161.8,179.2,172.5,153.6,163.4,140.6,179.1,161.5,202.5,156.5,184.2,159.4,181.8,175.7,177.5,190.5,184.5,193.8,190.7,164.5,170.1,186.9,190.6,192.7,177.2,171.1,175.5,178.0,172.1,177.9,185.2,180.3,189.6,179.2
2,carbonyl,45.2,42.8,37.0,43.3,44.1,59.3,45.2,32.8,52.9,48.6,48.1,48.1,46.4,45.2,45.4,52.8,51.8,47.2,58.3,62.8,45.7,64.6,58.4,57.2,51.4,46.5,59.1,58.1,62.0,48.0,58.2,58.0,51.3,56.0,59.5,56.4,59.4,41.3,66.5,61.4,48.9,62.2,64.1,63.1,50.3,65.6,44.2,64.0,64.3,68.3,64.3,58.3,67.2,81.9,66.9,68.9,64.4,86.8,78.8,63.7,85.0,77.3,99.3,93.6,107.5,115.6,129.0,154.6,195.3,227.7,252.6,275.3,364.0,390.1,464.7,492.8,633.9,699.7,751.4,919.1,996.6,1099.5,1270.6,1337.4,1486.2,1648.2,1753.0,1899.2,1979.1,2107.3,2172.7,2222.3,2401.6,2394.3,2423.4,2416.7,2379.9,2414.2,2366.4,2243.3,2184.5,2137.5,1929.8,1857.9,1795.4,1596.7,1600.6,1381.9,1302.3,1228.5,1179.9,1035.8,980.5,911.2,786.1,859.6,770.0,690.5,706.3,720.9,675.9,634.8,639.4,723.2,661.1,581.8,649.0,605.9,613.6,674.0,641.0,637.9,636.6,656.0,677.6,706.4,677.1,726.8,745.4,780.9,712.2,848.1,870.2,849.3,905.3,863.5,978.3,923.8,979.4,977.1,1019.2,1010.7,1107.3,1086.2,1122.4,1083.9,1082.1,1128.7,1051.3,1141.7,1048.5,1093.1,976.0,969.8,992.5,964.5,969.9,858.8,908.2,897.6,889.1,802.6,789.5,764.6,784.9,735.3,658.6,742.6,667.8,618.5,602.0,566.3,530.9,527.2,478.7,448.3,467.6,473.2,410.7,378.3,423.7,382.7,343.5,324.9,300.8,302.6,267.0,257.0,254.8,230.7,201.7,206.9,203.4,185.5,181.3,142.8,169.7,144.9,155.5,116.5,143.6,129.4,138.9,137.9,167.8,122.2,113.2,126.4,153.8,143.5,112.8,109.7,125.5,132.3,104.9,111.5,111.3,130.1,120.2,129.4,109.0,118.2,121.4,118.4,135.7,122.8,133.2,124.3,113.0,109.7,116.9,125.1,139.8,107.0,145.1,134.2,132.9,116.3,113.9,128.8,138.4,107.8,120.6,115.7,135.3,127.1,144.5,140.2,144.5,148.0,154.1,138.2,134.7,134.1,135.2,152.8,132.7,135.5,152.4,128.5,137.0,143.6,116.9,125.4,145.9,125.2,154.3,126.3,126.5,142.8,132.5,153.7,155.4,142.2,145.3,132.0,143.9,139.2,149.7,167.2,131.9,143.5,128.1,132.9,140.3,142.3,153.8,130.7,125.5,151.8,128.7
0,hydrocarbon,74.6,51.7,55.9,62.4,62.4,67.3,67.9,73.6,68.3,62.5,60.8,71.6,88.3,69.2,79.5,67.4,68.5,72.6,70.3,63.0,64.9,67.4,66.2,61.4,83.5,81.1,76.4,69.8,76.4,83.8,68.0,78.1,59.9,75.3,81.6,86.3,65.2,70.8,63.4,75.0,73.9,75.2,62.3,75.7,77.2,75.8,74.4,89.8,70.3,74.2,64.8,77.9,70.2,80.2,96.9,90.5,94.8,81.0,114.4,99.8,103.6,123.2,115.5,146.6,135.3,176.1,174.6,238.5,262.9,303.0,360.3,455.8,499.5,568.4,710.6,815.6,811.1,1032.4,1108.8,1334.4,1519.0,1659.8,1854.1,1964.4,2125.1,2335.2,2571.3,2703.3,2833.4,2991.8,3210.4,3351.0,3429.8,3451.2,3503.8,3573.1,3532.0,3459.3,3565.3,3377.8,3399.7,3329.0,3237.0,3089.3,2792.4,2738.4,2485.3,2376.8,2222.7,2161.2,1949.3,1779.2,1656.8,1541.2,1451.1,1362.8,1261.1,1099.1,1090.3,1077.9,937.6,897.8,859.9,833.3,771.5,791.0,719.9,772.9,681.7,703.7,666.3,650.2,617.1,575.9,604.0,527.5,511.7,481.7,364.0,402.9,421.6,376.2,365.6,318.9,321.1,273.8,290.6,241.0,253.4,201.2,190.6,188.9,171.7,171.4,149.7,149.8,155.0,153.5,146.4,117.7,124.3,131.2,115.9,123.1,113.5,125.1,114.2,111.5,112.8,125.7,126.9,95.7,112.4,109.3,129.6,121.5,116.6,114.7,97.7,102.5,128.2,115.3,104.9,125.4,108.9,108.9,114.3,97.8,108.6,125.5,110.8,117.8,104.3,113.5,130.7,113.4,116.4,123.9,118.0,114.7,123.7,114.1,106.5,90.1,100.2,113.2,131.6,125.8,129.6,114.0,124.5,97.9,116.4,101.5,104.2,114.5,123.2,120.3,121.2,123.4,127.2,128.6,126.2,102.4,117.7,143.1,113.9,127.1,118.5,114.9,136.9,120.9,125.9,126.1,135.6,120.8,115.5,111.2,136.3,112.2,116.3,135.8,122.0,156.3,125.7,131.7,119.3,104.0,122.6,122.2,126.3,121.9,129.8,141.6,117.5,113.4,112.1,129.1,124.0,145.7,142.4,150.1,136.9,126.8,126.3,139.5,133.5,138.6,135.6,113.7,132.4,149.7,152.5,119.3,137.5,136.1,140.8,135.3,134.6,130.3,128.3,121.7,128.1,113.3,143.7,148.2,124.4,147.7,143.0,144.6,136.7,103.7,138.1,155.3,167.9,115.7,147.7,158.0,144.6,146.6,127.5
3,carboxyl_ester,68.1,67.3,65.2,77.2,73.8,74.1,65.8,77.0,68.7,47.9,63.9,58.9,67.1,69.9,73.2,69.4,50.3,58.6,69.7,75.8,70.4,75.8,73.5,64.4,75.8,72.1,58.5,73.3,64.4,82.8,65.1,61.5,72.5,73.7,77.4,61.8,76.3,89.3,73.0,78.8,72.9,76.5,76.0,75.1,70.0,66.2,68.5,71.9,81.5,67.0,78.1,88.0,78.6,70.1,67.0,84.7,73.5,75.4,88.5,68.4,78.7,72.2,71.1,82.8,82.1,87.8,78.0,75.6,82.2,81.0,95.7,81.9,120.3,122.3,119.8,159.1,182.1,180.1,236.6,268.7,274.2,363.9,444.4,486.7,584.1,671.9,741.5,844.2,950.2,1056.5,1122.6,1249.5,1284.3,1348.9,1462.7,1513.1,1602.6,1609.6,1640.1,1581.9,1593.6,1520.9,1435.9,1418.9,1289.8,1220.4,1188.0,1046.5,927.9,867.6,759.1,703.7,628.9,568.4,520.8,458.7,400.8,371.8,332.8,335.0,327.8,295.9,299.1,308.6,281.6,272.4,321.1,347.3,278.8,313.9,313.2,304.9,327.0,357.3,348.1,407.0,407.1,403.9,422.3,449.0,449.5,547.2,536.8,569.0,671.8,760.3,742.0,779.3,855.1,895.0,959.4,1013.5,1078.7,1066.3,1179.5,1191.0,1261.4,1299.7,1346.8,1350.9,1439.7,1350.7,1427.9,1444.4,1391.8,1456.3,1374.2,1379.3,1363.1,1415.7,1377.8,1409.6,1414.4,1454.6,1433.8,1445.0,1395.7,1439.5,1523.9,1384.4,1437.3,1405.8,1471.4,1415.3,1394.8,1272.7,1302.6,1206.2,1184.6,1110.2,1095.2,1053.0,956.5,891.4,795.2,766.8,687.7,599.1,581.8,552.2,494.4,415.2,388.7,325.7,305.5,270.9,228.1,243.5,196.8,213.0,168.2,156.3,150.3,131.4,141.8,117.7,125.0,131.8,117.9,94.2,129.4,107.0,96.5,126.9,113.0,131.3,118.1,103.9,106.2,121.1,105.5,112.6,117.4,127.4,130.8,124.5,119.6,94.1,113.3,129.8,123.6,132.9,132.7,120.8,136.1,119.3,127.6,112.3,116.3,117.2,128.1,143.0,120.5,109.3,125.6,128.8,91.1,116.5,128.0,130.0,113.6,115.1,118.3,141.2,115.2,113.7,123.5,135.4,124.4,127.4,123.2,124.1,127.6,105.3,114.9,126.1,127.7,129.5,139.2,122.4,125.5,135.8,129.3,111.3,108.4,116.0,130.5,134.5,143.2,153.3,118.4,141.8,138.5,145.8,135.5,140.4,115.7,122.6,123.3,128.5,144.2
3,carboxyl_ester,61.5,55.7,60.2,62.9,61.9,67.3,50.7,58.7,57.2,62.7,51.3,50.9,39.4,62.5,38.7,68.5,55.6,42.3,65.9,39.9,73.6,56.7,67.5,49.7,59.7,60.9,76.4,60.2,68.0,57.8,46.2,68.4,56.4,58.6,44.2,62.5,61.9,62.7,56.9,58.8,69.1,59.8,61.2,65.6,51.9,69.7,58.6,69.7,53.4,72.3,62.4,60.0,69.7,65.5,55.5,56.2,66.3,65.5,70.6,64.7,67.1,74.0,74.9,69.8,86.5,91.9,94.8,114.7,96.2,135.5,125.4,170.4,203.3,217.4,276.3,305.3,412.9,461.0,616.4,635.6,829.4,931.7,1044.3,1208.3,1358.3,1474.5,1676.7,1942.6,2054.2,2216.6,2366.1,2358.2,2759.6,2837.3,2840.0,2797.3,2909.3,2811.3,2736.3,2742.4,2583.6,2466.3,2268.6,2153.6,1949.4,1790.0,1705.3,1512.8,1316.4,1187.1,1059.7,1003.0,851.9,767.5,694.4,586.9,549.0,524.9,507.4,440.7,442.2,445.0,388.4,404.7,444.1,411.6,418.4,402.1,375.4,408.5,356.3,380.3,345.1,332.3,312.9,288.8,293.0,263.7,262.4,221.4,223.8,219.9,189.8,182.9,156.9,155.8,166.3,155.2,156.1,133.7,135.1,153.5,158.6,189.7,197.8,226.1,231.3,272.0,294.6,303.9,354.6,367.9,412.7,446.9,510.2,532.4,593.3,607.2,657.4,747.0,743.6,802.3,893.0,936.5,929.1,980.1,1010.5,1028.5,1077.5,1018.3,957.2,1045.4,1096.4,1011.4,963.3,984.7,919.1,857.6,867.5,836.1,738.1,663.0,644.9,611.7,546.7,485.3,508.1,435.6,385.9,368.1,338.5,277.0,263.1,229.5,227.7,221.1,175.0,177.5,147.3,150.0,149.1,131.8,128.7,110.0,117.7,103.4,124.3,117.3,96.5,98.4,114.6,102.8,97.6,89.3,111.8,113.1,115.5,115.1,99.1,102.3,91.0,122.3,104.9,100.2,104.0,112.1,95.4,107.1,99.2,87.9,114.9,114.3,109.4,99.9,97.8,109.3,88.8,107.6,120.5,112.3,105.3,105.9,115.7,121.0,103.8,104.0,117.4,120.6,119.9,112.6,103.6,99.3,108.0,103.3,107.5,102.4,114.9,111.8,98.6,133.8,125.8,100.7,108.8,110.4,131.1,115.0,109.2,117.7,113.3,120.5,117.4,117.2,122.7,125.1,131.8,107.7,127.8,96.1,124.4,96.1,109.7,120.1,119.3,109.9,142.1,130.4,115.6,121.9,133.0,121.2,109.4
1,alcohol_ether,120.8,104.1,107.7,115.9,104.5,97.0,104.7,102.1,106.4,114.8,111.1,112.9,109.7,108.3,136.7,111.9,119.6,104.4,102.2,109.6,113.0,127.1,108.0,108.7,128.2,109.4,111.4,125.9,119.5,105.2,77.0,103.2,124.0,134.8,111.9,117.3,114.0,113.1,131.1,134.9,108.9,126.7,120.8,114.3,112.6,130.9,139.6,133.5,116.4,123.5,103.6,117.9,108.9,129.5,130.6,116.3,119.1,146.5,121.2,131.3,121.5,133.3,139.7,124.8,147.9,126.4,144.6,153.0,136.6,144.0,172.7,184.9,175.9,207.0,228.9,243.0,266.0,313.4,344.7,374.1,438.7,471.6,564.5,620.3,680.9,729.3,780.9,912.6,947.2,979.9,1082.0,1121.3,1157.8,1160.3,1242.6,1221.4,1377.1,1312.2,1365.7,1358.3,1336.0,1303.0,1291.0,1238.8,1326.9,1274.1,1374.6,1387.8,1376.9,1492.5,1554.8,1642.9,1667.0,1729.5,1917.5,2006.4,2206.5,2260.0,2465.8,2521.1,2708.3,2789.1,2823.9,2940.7,3099.9,3027.4,3023.4,2993.8,2958.7,2923.7,2776.3,2774.6,2638.5,2495.5,2262.5,2148.5,2010.1,1862.0,1790.6,1557.6,1412.7,1232.8,1119.1,1046.4,925.7,836.1,701.4,647.7,574.0,534.0,459.5,448.9,379.5,346.7,332.1,310.9,282.1,235.7,287.4,225.8,246.0,257.4,231.5,230.3,212.3,203.4,210.2,236.2,222.0,204.9,212.2,212.3,178.6,200.6,212.2,195.5,183.9,185.6,197.5,173.4,203.6,188.1,181.2,185.9,187.5,173.9,177.0,192.7,162.6,174.4,162.8,160.8,182.5,184.7,213.1,184.2,215.9,196.4,165.4,162.8,194.5,175.5,187.5,209.7,179.7,193.6,187.9,182.5,177.4,177.5,181.0,190.9,174.9,210.1,186.4,192.2,196.1,198.7,165.0,200.4,201.2,187.8,176.1,176.1,219.8,177.8,188.8,176.9,164.5,193.2,175.4,181.1,199.4,184.8,180.2,168.9,222.4,174.4,162.6,191.7,202.9,195.3,208.4,208.7,198.8,188.0,189.6,218.6,216.6,191.7,161.3,204.1,199.9,196.2,200.4,169.3,175.3,200.2,204.3,216.4,207.6,213.6,197.1,209.3,220.5,211.4,197.4,230.0,213.5,191.7,182.2,196.1,213.2,201.3,210.7,205.5,220.6,215.9,218.3,200.0,206.4,199.6,231.1,218.1,194.8,182.3,213.0,186.4,221.5,221.3,248.2,212.3,226.1,182.6,205.7,211.3,238.8,222.7,222.4,250.8,219.0
2,carbonyl,123.5,89.5,105.3,131.9,112.9,101.4,115.7,116.0,114.8,102.9,109.7,113.5,124.6,119.2,108.5,136.4,115.2,120.5,97.7,115.6,126.3,105.0,128.0,119.1,129.3,107.4,114.2,118.2,111.1,108.8,122.9,120.2,117.9,102.1,113.1,108.2,103.2,110.4,117.3,104.2,102.4,124.0,130.4,117.0,110.3,117.1,126.6,128.9,113.0,111.2,116.6,115.4,147.2,105.8,124.8,121.3,148.9,138.4,116.0,120.3,137.9,126.3,157.7,151.0,157.6,186.7,173.4,220.6,246.2,289.4,339.7,353.7,420.9,495.3,622.6,653.5,822.4,916.4,1064.9,1157.5,1305.7,1427.7,1631.4,1848.9,2029.4,2087.5,2326.8,2516.5,2624.8,2726.6,2939.1,2907.6,2971.5,3070.1,3091.2,3095.8,2997.7,2939.0,2948.1,2729.0,2576.7,2465.5,2297.8,2189.4,1989.2,1771.9,1628.0,1384.6,1288.3,1116.0,1077.4,881.2,756.3,702.3,560.0,462.5,408.6,366.1,329.9,337.9,285.8,269.1,243.8,241.6,272.7,245.3,236.5,254.2,257.4,247.4,299.2,333.5,324.6,409.2,395.6,443.0,466.0,499.2,523.8,567.3,670.0,654.3,705.5,722.6,804.0,836.1,910.6,922.0,938.2,959.3,1019.2,1006.1,1034.2,1053.4,1003.6,999.5,1054.1,1031.6,1004.3,994.3,949.9,960.5,894.5,905.1,868.9,835.1,767.4,715.2,670.7,652.4,607.7,534.3,563.8,491.6,481.8,456.6,427.7,390.6,416.5,359.9,376.1,331.3,310.8,280.1,308.6,291.2,227.2,264.9,268.4,257.5,239.7,236.5,172.8,201.7,183.8,177.5,161.6,176.5,185.7,159.2,161.5,180.0,132.9,140.7,161.8,146.4,147.8,146.9,160.9,153.0,142.2,144.9,153.3,146.0,127.0,150.1,139.3,140.6,149.0,157.4,120.0,139.1,151.4,162.5,141.2,117.6,146.0,139.9,137.7,161.9,136.6,140.0,163.1,147.4,139.5,142.2,150.5,129.4,158.4,140.9,133.4,144.8,146.1,151.2,153.5,134.7,140.3,142.7,148.0,154.1,165.5,160.6,134.8,139.8,136.2,146.1,146.6,146.3,163.7,137.7,149.9,156.1,155.6,173.9,166.8,162.5,143.6,163.6,130.7,157.9,141.8,162.0,127.7,154.7,139.4,127.1,157.0,160.9,124.8,143.0,163.4,152.4,131.1,142.6,155.3,155.5,147.5,143.0,162.0,139.5,147.4,145.4,141.6,152.9,139.4,131.9,180.1,161.6,129.2,146.7,151.5
2,carbonyl,64.1,59.5,69.8,57.9,77.6,69.7,76.8,69.1,80.3,71.4,82.3,79.5,61.9,85.0,65.0,82.2,69.8,80.1,80.2,62.3,70.2,81.1,85.8,79.9,87.3,79.9,70.6,66.8,69.8,75.8,56.9,78.1,61.4,87.1,79.1,75.7,63.9,67.9,91.2,85.0,70.4,86.4,88.7,81.4,71.0,77.5,70.9,66.6,85.9,89.9,87.2,84.8,84.2,79.0,90.8,80.3,74.1,79.3,77.4,80.2,76.4,93.9,88.1,87.5,95.9,88.5,108.1,134.9,90.4,115.1,135.0,154.6,154.0,161.2,177.8,202.3,228.6,281.5,318.2,336.4,379.4,416.4,460.9,521.2,532.4,594.8,666.7,708.5,722.6,837.1,890.0,965.6,1006.5,958.0,1023.6,1117.9,1075.4,1110.3,1165.1,1127.4,1116.8,1136.5,1159.7,1144.6,1092.7,1087.4,1043.5,1110.8,1120.0,1148.5,1078.2,1120.1,1156.9,1177.8,1191.9,1186.4,1208.2,1275.6,1352.5,1366.4,1257.1,1389.5,1517.0,1471.8,1455.8,1636.2,1602.1,1683.0,1583.3,1644.6,1628.3,1659.0,1695.8,1705.4,1629.7,1621.9,1604.4,1671.3,1646.2,1611.6,1665.6,1686.3,1609.1,1713.9,1764.1,1714.1,1710.4,1837.8,1679.9,1843.1,1857.5,1895.9,1865.3,1881.6,1892.5,1904.9,1891.3,1902.0,1870.9,1856.5,1781.3,1763.0,1727.4,1679.7,1561.1,1589.7,1458.3,1450.4,1368.3,1238.1,1183.3,1084.7,1028.2,965.1,852.2,842.7,750.5,659.2,641.4,533.9,485.7,493.5,390.7,356.9,339.5,280.0,266.9,247.2,228.3,196.6,214.1,187.1,170.0,129.1,142.8,140.5,137.9,132.0,135.9,135.4,124.5,108.9,124.7,109.4,116.6,105.7,120.1,127.9,97.3,97.0,127.1,127.8,112.8,120.5,93.2,136.7,140.9,112.8,112.0,96.7,133.1,118.0,119.1,111.7,112.2,113.7,124.3,119.3,134.5,130.9,114.8,126.4,120.7,129.0,135.5,121.7,129.6,124.0,122.2,137.9,117.1,113.1,132.7,117.0,121.4,114.5,118.5,126.8,122.5,119.0,131.7,133.9,123.0,121.7,116.2,112.5,133.3,122.4,113.5,106.9,133.4,148.6,115.2,127.1,141.8,129.0,117.5,133.4,101.3,137.1,109.0,145.7,120.2,106.0,103.4,114.1,135.0,129.8,139.8,120.3,121.1,127.0,117.8,127.7,134.8,142.2,141.9,140.2,122.9,139.9,145.2,116.5,127.4,126.3,125.7,129.3,137.0,144.2,149.7,134.1,141.8
3,carboxyl_ester,95.4,104.6,93.0,83.8,104.9,111.1,95.2,102.4,120.3,84.4,100.0,112.8,75.1,97.4,87.6,85.1,89.0,110.4,84.8,97.7,103.1,96.5,99.8,87.3,88.5,92.0,100.1,95.0,98.6,85.3,92.7,91.3,83.7,88.2,102.9,98.9,104.5,91.9,91.1,98.2,94.2,102.3,81.4,94.6,94.8,88.3,102.1,103.6,102.7,95.3,108.7,92.5,108.9,109.0,117.2,109.0,95.2,118.5,97.0,87.5,98.4,124.7,118.7,110.7,93.0,115.7,102.2,128.1,116.7,110.9,120.5,129.1,123.6,167.3,138.5,179.4,164.1,214.6,202.4,225.2,246.2,289.3,327.2,356.2,401.4,367.1,410.6,463.8,479.6,487.2,513.3,520.2,550.1,585.4,542.4,630.6,587.2,565.4,579.6,610.5,557.0,622.3,597.1,587.5,589.9,644.9,695.5,734.9,809.5,859.8,845.6,977.4,1019.9,1075.5,1226.5,1214.4,1323.7,1442.1,1432.4,1563.0,1498.6,1654.8,1691.1,1697.0,1654.8,1690.5,1635.3,1639.7,1567.1,1628.6,1479.0,1408.4,1392.9,1358.8,1311.6,1223.4,1094.9,1095.0,1043.1,1034.5,1001.2,936.7,933.5,908.9,862.1,934.6,882.2,935.0,982.9,974.1,875.3,1041.3,1060.0,1027.7,1061.6,1099.9,1055.8,1188.1,1095.0,1116.9,1084.8,1133.6,1227.5,1218.5,1239.1,1293.9,1331.7,1311.5,1365.2,1435.3,1337.6,1368.8,1449.5,1454.0,1438.0,1493.2,1560.8,1468.9,1548.3,1485.4,1376.6,1444.4,1282.8,1287.2,1280.3,1190.7,1127.3,1031.5,1030.9,918.8,849.6,786.5,747.8,639.0,583.4,545.4,469.0,444.6,423.2,370.1,324.7,335.0,279.7,264.5,254.2,223.4,210.1,163.0,189.6,157.7,173.8,146.6,139.2,140.0,150.9,128.5,112.6,131.7,129.5,108.1,144.0,129.4,96.2,122.2,127.1,135.3,122.8,120.1,118.2,141.9,120.7,132.2,111.9,143.3,116.9,134.1,121.9,123.6,100.7,134.0,121.7,132.3,127.9,151.8,129.8,123.8,125.0,143.4,127.8,127.5,105.0,131.3,123.9,125.9,139.6,135.6,138.3,121.0,127.5,124.5,149.2,117.3,138.5,123.8,132.6,128.7,118.2,136.1,116.3,131.5,132.3,127.0,117.8,132.2,124.0,154.3,133.0,130.7,125.8,133.5,140.8,127.9,136.4,134.2,149.9,137.2,123.2,139.0,131.2,106.4,144.6,140.7,127.8,152.2,141.1,141.0,132.0,131.8,120.1,123.1,113.1
1,alcohol_ether,57.8,69.3,84.2,80.8,59.7,68.4,75.4,72.9,80.4,61.8,69.0,64.9,72.3,61.7,79.0,71.3,72.2,76.1,73.5,69.5,57.2,74.9,83.3,59.7,82.3,86.4,78.3,66.5,65.4,74.0,64.1,81.6,72.2,67.7,73.0,81.2,79.3,62.6,79.5,69.3,70.9,83.2,90.8,82.9,73.5,92.4,87.1,83.9,95.3,90.4,73.0,82.9,85.8,72.6,80.9,71.0,73.2,79.7,80.5,80.2,72.8,93.3,73.6,85.2,98.1,115.5,95.0,91.3,119.6,117.7,134.5,147.7,150.7,175.0,169.3,232.9,246.5,256.4,284.6,359.0,343.6,428.2,485.3,548.8,622.7,615.6,730.6,801.2,837.0,886.1,927.2,1004.0,1038.7,1107.8,1101.4,1194.9,1241.2,1233.7,1221.0,1198.0,1308.0,1259.9,1387.7,1323.2,1368.1,1283.1,1451.6,1410.8,1436.7,1469.6,1508.8,1620.2,1690.3,1731.8,1892.3,1972.1,1955.7,2142.4,2262.9,2293.0,2361.1,2526.8,2541.2,2636.5,2712.9,2813.6,2805.0,2723.4,2724.5,2629.2,2642.9,2496.2,2517.9,2433.5,2465.5,2276.0,2081.8,2010.7,1892.9,1800.2,1647.2,1580.2,1380.7,1276.0,1274.2,1142.3,1063.8,1016.1,817.4,841.3,740.1,737.8,671.4,644.4,627.1,596.1,557.0,516.0,510.2,440.8,439.5,488.6,500.3,406.0,430.1,379.0,351.9,363.1,369.5,300.5,313.6,320.2,283.2,269.2,259.5,249.6,237.5,229.5,230.3,222.8,220.3,192.5,188.9,186.1,196.3,176.0,169.8,157.2,149.1,173.7,141.0,143.4,118.4,127.8,126.0,121.6,138.4,122.9,115.5,117.5,104.3,125.0,136.6,119.0,120.5,102.8,120.4,105.8,117.9,104.9,130.5,131.0,100.4,119.1,137.1,95.0,104.2,109.3,116.3,106.1,119.0,121.6,139.2,104.7,115.2,121.6,119.5,119.6,115.3,134.8,121.6,121.7,114.8,152.6,105.4,118.6,109.6,132.6,120.6,151.2,142.3,105.3,103.2,104.7,127.6,118.0,128.6,106.9,134.6,105.6,107.2,125.7,116.8,124.2,135.9,119.7,129.0,116.9,133.8,120.1,113.5,113.2,125.6,122.6,122.0,133.5,134.6,131.0,119.9,116.9,98.7,131.2,135.5,128.8,128.6,111.5,146.0,130.8,130.5,126.3,137.0,136.2,118.7,137.4,128.7,126.1,122.4,135.9,124.0,142.0,128.8,139.4,141.0,123.1,129.4,132.2,116.9,109.2,123.6,108.0,133.7
2,carbonyl,107.5,107.7,121.8,133.4,113.8,97.6,97.9,100.9,109.5,103.2,120.8,108.4,105.3,102.9,98.8,98.3,96.4,105.3,104.2,112.8,109.7,117.9,89.2,117.5,121.9,104.4,119.6,108.3,120.1,103.2,105.6,84.7,120.5,99.4,111.5,122.2,100.8,114.1,104.3,130.4,112.9,113.7,121.5,126.0,110.5,108.5,134.7,115.7,132.9,123.3,121.2,110.6,109.4,120.0,144.0,132.1,129.8,120.0,131.3,142.6,140.8,103.7,128.2,126.3,108.5,121.6,137.4,109.4,142.1,118.3,135.7,151.5,153.4,152.1,138.3,199.1,182.0,166.0,169.4,200.4,237.0,253.0,268.1,287.4,325.3,352.4,378.0,350.1,427.1,470.3,412.5,484.0,469.4,501.4,523.3,501.5,514.4,479.0,460.8,455.7,477.2,445.2,454.5,435.2,388.9,404.4,388.4,385.5,344.2,369.2,363.5,344.6,385.3,408.0,431.3,442.6,460.2,451.6,448.7,515.0,531.8,539.5,541.9,621.1,625.1,623.8,642.2,674.7,716.5,765.0,839.0,815.1,928.4,941.8,1033.9,1107.3,1198.0,1250.7,1343.7,1549.7,1709.0,1890.3,1966.4,2126.2,2208.6,2459.1,2551.9,2837.4,2939.5,2922.3,3085.5,3308.5,3187.4,3354.5,3475.4,3410.5,3406.5,3425.6,3358.8,3305.7,3058.7,3047.4,2812.7,2692.0,2556.9,2386.5,2258.8,2031.8,1882.6,1733.1,1532.2,1353.1,1245.0,1113.5,966.8,880.9,768.0,670.2,585.8,486.7,477.7,416.2,361.7,358.2,306.1,256.3,250.8,265.2,236.5,185.3,208.0,167.8,177.9,147.2,202.5,153.5,139.4,177.8,155.6,164.1,153.4,158.9,139.8,152.3,151.2,168.1,157.0,168.7,154.3,157.8,153.1,163.0,169.5,162.3,166.6,160.6,174.8,143.3,176.2,164.6,168.3,167.1,173.2,174.5,157.3,173.7,159.2,175.1,175.3,174.6,159.8,177.9,163.2,157.3,172.0,166.4,163.9,170.1,188.1,171.2,160.8,172.0,183.8,154.6,168.2,170.4,167.5,150.2,170.4,179.8,183.8,178.0,168.4,180.6,178.9,155.3,168.3,179.2,154.5,183.0,163.2,166.4,169.9,169.7,169.8,177.3,180.8,190.1,171.4,191.9,188.8,184.9,176.1,186.0,196.2,153.7,175.9,165.3,207.3,195.3,173.3,190.7,203.1,188.7,182.0,194.7,176.3,176.7,200.0,183.8,179.2,176.5,153.3,185.9,173.3,173.8,195.4,179.0,183.8,182.1,168.8
0,hydrocarbon,69.5,76.7,88.2,83.9,91.7,82.4,85.4,100.0,81.8,87.9,78.0,69.0,85.6,81.1,79.6,92.3,65.9,95.0,79.6,88.1,92.2,86.0,71.4,75.9,81.0,86.7,81.0,83.8,82.4,92.1,81.8,87.9,81.0,81.3,65.2,87.1,83.0,81.2,79.0,85.7,94.3,92.1,92.4,80.1,90.0,87.1,91.3,91.2,84.9,86.3,93.1,82.6,79.7,87.6,70.4,79.7,88.6,86.5,81.4,86.3,95.5,99.3,88.4,86.5,101.3,127.1,95.4,116.3,129.4,159.3,169.5,200.6,198.5,237.0,280.7,337.2,414.3,510.9,579.9,691.5,797.8,912.0,1107.9,1218.4,1371.2,1595.1,1850.6,1998.7,2198.8,2371.0,2562.2,2795.8,3061.8,3153.1,3117.8,3314.6,3493.4,3447.4,3508.6,3447.5,3378.1,3321.6,3207.8,3268.5,2949.0,2650.7,2636.0,2341.7,2145.2,1953.4,1802.1,1598.5,1418.2,1282.8,1060.0,928.2,861.3,722.1,632.9,531.0,443.8,391.7,342.9,257.8,286.0,226.4,209.9,180.9,159.8,148.3,143.7,129.2,140.9,119.2,112.7,123.6,156.5,129.6,124.6,138.4,135.4,134.6,148.3,138.2,120.5,134.4,148.8,138.9,137.8,148.1,129.1,153.1,171.3,161.1,177.4,190.4,193.5,235.6,186.8,245.7,245.6,279.6,281.3,315.7,331.3,332.6,338.5,394.5,451.2,476.5,487.9,503.5,515.0,566.5,563.9,629.0,636.3,622.0,592.6,668.0,601.4,671.2,670.2,603.3,630.8,628.8,614.2,613.5,565.0,573.2,497.5,478.0,470.4,487.8,492.8,460.0,408.7,373.4,372.6,362.1,318.9,262.4,278.2,243.5,210.6,197.8,205.9,179.1,163.8,165.7,162.5,139.5,127.2,130.0,142.8,130.4,118.2,119.3,136.0,116.5,114.2,118.3,103.8,111.9,114.0,100.2,101.7,103.9,109.7,120.0,120.5,126.6,104.2,108.5,99.0,94.7,131.5,105.5,90.9,107.9,88.5,101.6,112.6,122.6,106.6,88.6,116.5,111.7,117.1,135.6,125.9,102.6,114.0,131.7,110.0,107.7,124.8,96.4,97.7,118.0,131.5,110.2,98.2,108.5,104.6,117.2,125.1,113.3,92.3,121.0,113.7,107.7,107.7,117.8,109.4,118.8,97.3,114.5,111.0,116.8,103.3,115.7,117.5,125.6,121.4,108.6,128.3,131.2,101.1,121.7,103.7,121.8,116.6,118.0,103.9,114.8,119.7,112.4,121.1,125.5,109.6
3,carboxyl_ester,83.1,79.8,66.2,98.9,84.0,97.2,87.7,87.4,85.8,92.8,83.8,77.6,76.4,85.6,65.9,78.3,95.8,56.9,78.1,73.2,92.0,92.4,86.2,83.7,103.7,106.9,87.1,95.4,88.3,89.1,72.0,87.2,85.2,94.4,96.4,86.0,92.7,89.2,95.6,82.9,90.4,90.1,96.8,95.3,102.3,85.7,116.4,109.8,88.9,110.2,99.9,83.6,96.5,97.3,96.5,84.5,88.2,101.6,108.3,109.7,90.3,97.5,104.5,94.9,92.0,95.6,109.9,109.4,120.3,120.9,135.4,153.9,179.7,175.5,214.1,242.1,280.8,310.3,355.1,420.1,481.0,492.1,560.9,605.5,702.2,788.6,818.1,949.3,1013.2,1019.7,1120.1,1238.3,1265.4,1260.7,1304.6,1361.7,1396.3,1384.8,1375.5,1335.3,1338.1,1275.1,1311.9,1227.4,1198.0,1116.8,1143.7,1137.0,1015.5,1081.3,1016.8,1003.5,1003.3,954.3,990.7,1039.5,1019.6,973.6,1126.6,1157.8,1213.7,1164.3,1207.7,1241.8,1254.9,1301.8,1304.3,1294.3,1263.1,1233.1,1255.2,1174.7,1182.3,1166.2,1131.4,1101.0,1086.7,1009.9,944.1,882.5,878.1,896.1,854.6,911.1,885.2,819.6,794.6,804.6,827.0,770.5,876.1,861.9,872.5,862.6,904.3,912.1,931.9,966.0,995.7,999.4,1054.1,995.8,1056.3,1138.2,1057.7,1149.5,1099.3,1179.7,1180.3,1173.1,1261.8,1195.1,1232.5,1303.9,1279.7,1325.0,1304.3,1301.8,1315.7,1293.3,1209.5,1208.2,1281.3,1244.4,1185.8,1140.6,1083.8,1101.7,1092.4,992.2,954.3,881.4,843.6,764.1,726.8,665.1,637.2,566.3,520.5,506.9,461.6,407.8,361.0,333.0,326.1,314.9,246.6,239.3,225.9,186.7,190.2,216.9,181.8,194.8,153.4,143.5,136.2,146.7,141.8,153.0,154.9,126.5,134.2,145.1,121.9,134.7,126.0,140.5,133.2,166.5,135.4,132.3,133.9,122.6,152.1,146.5,143.3,150.8,130.4,110.9,123.6,151.4,136.9,120.8,152.2,144.2,157.8,105.0,126.1,136.5,156.3,133.0,152.8,148.6,143.8,126.3,147.9,144.1,153.3,125.6,146.7,154.0,158.2,153.4,139.7,129.3,145.2,147.2,146.8,142.6,130.1,159.8,141.9,140.3,144.3,132.5,134.4,165.2,135.8,156.8,150.2,151.3,141.5,156.4,136.1,163.2,146.5,123.6,139.9,171.2,145.2,137.6,142.9,150.1,137.9,137.0,141.2,158.5,153.6,152.3,163.2
1,alcohol_ether,56.9,65.4,57.6,72.6,61.2,90.7,73.7,83.3,68.0,62.5,86.1,66.5,68.2,70.5,78.0,74.2,81.8,77.3,74.7,56.1,66.4,66.1,55.0,91.4,64.4,81.5,70.6,93.0,87.8,75.8,82.6,70.8,79.0,79.2,70.2,88.7,69.7,69.5,78.5,83.6,78.6,79.5,81.6,84.7,90.5,82.0,75.6,85.9,89.2,83.5,87.2,74.8,88.6,99.6,92.5,89.1,101.5,86.8,78.1,97.8,112.5,89.8,99.4,110.8,96.6,117.8,142.6,112.1,131.9,153.3,180.7,196.4,224.0,228.8,272.6,330.4,349.8,392.0,493.5,542.5,578.9,669.0,763.9,880.3,958.2,1004.0,1120.0,1159.9,1283.2,1351.8,1458.8,1536.5,1619.8,1667.1,1667.0,1701.2,1846.2,1827.9,1820.7,1720.6,1782.9,1737.8,1738.5,1834.3,1676.4,1699.4,1608.8,1574.0,1693.9,1621.6,1603.2,1706.7,1694.9,1806.0,1798.8,1930.7,2006.4,1975.3,2087.6,2100.2,2131.1,2168.3,2185.2,2354.0,2286.6,2256.8,2273.9,2243.3,2223.0,2192.8,2191.5,2188.6,2081.3,1953.0,1981.7,1860.6,1744.7,1597.6,1530.9,1413.7,1256.2,1216.5,1121.9,1004.6,964.9,969.7,839.9,800.0,700.5,664.5,614.0,622.5,603.0,530.4,492.6,474.2,466.6,455.5,424.8,419.6,401.7,365.3,375.0,391.5,336.1,329.5,316.5,299.4,256.1,265.8,274.8,248.5,234.9,273.5,222.5,227.7,237.3,206.7,189.7,174.6,199.1,171.6,174.5,207.1,159.1,166.4,161.3,156.4,174.9,145.4,148.5,136.5,134.5,143.7,148.2,149.1,163.2,155.4,134.7,140.6,149.1,151.4,136.4,131.8,150.9,141.1,142.0,124.5,128.8,142.4,128.4,120.9,121.8,150.0,144.1,142.1,135.0,144.9,144.7,150.9,143.7,134.7,157.0,154.0,124.8,133.6,139.7,134.4,116.7,153.5,146.0,147.2,139.5,153.3,161.7,144.0,152.8,150.7,160.7,174.1,129.2,136.9,135.8,160.6,151.2,141.1,145.9,149.7,154.5,155.5,134.1,148.3,144.1,149.3,141.2,145.2,150.0,134.5,155.1,160.4,156.4,169.8,163.4,159.2,140.5,157.7,161.6,145.9,151.5,179.0,158.2,155.3,142.9,155.3,150.0,158.6,150.0,154.4,142.9,164.4,160.8,133.2,156.6,167.7,163.6,143.7,148.3,148.0,135.4,181.4,170.5,158.1,146.0,191.6,157.8,158.0,152.3,188.3,164.8,148.9,169.3
2,carbonyl,97.5,103.2,100.9,94.6,85.6,87.0,89.8,102.6,97.8,99.2,100.3,75.2,100.4,74.2,106.3,70.5,72.0,89.4,94.7,93.2,75.9,87.7,77.3,97.2,107.6,73.5,111.0,107.2,95.3,103.0,88.5,96.3,94.6,110.9,99.8,110.6,92.7,101.4,91.4,103.3,94.2,102.2,93.8,102.9,95.3,99.4,108.0,86.3,103.2,80.2,83.8,88.6,78.1,91.4,98.2,119.8,96.6,96.0,109.6,91.6,106.1,85.8,121.0,115.6,118.4,130.6,116.9,132.7,165.6,159.9,163.1,184.1,246.6,241.8,308.0,356.6,377.2,431.9,480.3,536.9,596.7,710.4,788.2,839.8,903.1,1065.3,1064.1,1205.1,1246.5,1232.2,1355.0,1399.7,1526.6,1476.8,1506.1,1512.2,1571.1,1564.9,1532.4,1574.6,1494.3,1386.7,1412.2,1332.4,1303.0,1278.8,1225.3,1234.9,1213.3,1180.6,1211.1,1161.0,1318.7,1299.3,1316.2,1396.0,1404.8,1389.5,1534.6,1587.6,1575.5,1630.4,1637.6,1739.2,1688.8,1657.2,1762.6,1708.0,1681.3,1618.3,1520.4,1611.0,1564.9,1499.1,1399.5,1439.2,1407.5,1285.4,1261.4,1253.5,1253.1,1233.1,1181.2,1155.8,1197.1,1185.6,1244.5,1203.2,1201.4,1226.8,1299.3,1251.2,1181.9,1222.2,1292.9,1192.9,1257.6,1207.6,1119.7,1151.1,1097.3,1156.2,982.6,1031.6,925.1,876.4,841.9,776.9,703.4,670.4,641.3,539.7,516.1,445.8,469.0,403.5,395.1,344.7,278.2,296.8,238.6,245.9,239.1,218.7,221.1,179.6,162.0,145.4,173.5,154.6,139.4,135.5,137.6,140.6,121.9,142.9,129.4,102.9,147.0,128.7,154.0,120.1,110.5,132.9,125.8,105.0,111.3,119.5,103.2,124.5,137.6,107.5,111.3,135.7,128.1,125.4,133.3,132.7,122.7,111.3,106.8,100.9,127.9,91.9,117.5,124.1,117.1,117.3,115.6,115.6,119.3,120.1,120.2,111.3,128.0,120.4,104.2,104.5,127.1,140.8,129.0,104.3,107.8,125.2,128.2,116.1,149.5,136.2,111.6,122.3,121.1,103.1,136.8,151.9,117.4,124.1,126.0,133.4,112.9,111.3,120.4,125.6,136.7,130.5,144.9,139.3,146.0,120.6,137.7,129.2,121.7,135.7,128.5,104.3,133.1,110.8,130.3,123.2,120.7,120.3,109.1,139.6,123.7,124.0,141.0,112.0,127.3,130.1,130.0,119.0,134.0,127.9,107.0,131.3,121.7,117.6,133.0,130.6,128.7,141.7,126.1
3,carboxyl_ester,77.6,101.1,91.9,95.2,111.5,85.4,93.0,92.0,106.9,100.9,91.3,93.9,89.2,108.0,89.1,93.6,98.2,94.8,108.5,106.9,105.8,91.9,84.4,79.1,119.8,94.3,100.3,89.9,119.5,102.6,114.0,88.6,87.6,89.3,122.5,82.4,103.0,113.0,107.0,98.1,116.7,90.6,95.8,131.4,92.8,88.5,100.4,110.6,87.4,131.7,105.1,104.5,113.6,116.2,89.9,114.5,117.2,101.6,100.3,108.9,107.3,104.2,121.8,97.0,103.1,132.0,90.2,118.7,127.7,131.3,161.3,165.5,171.8,146.1,200.1,174.1,239.0,198.3,247.2,277.8,319.3,338.3,375.5,429.4,473.9,511.2,483.2,631.3,602.8,692.9,694.3,809.7,804.9,823.7,821.2,842.7,838.6,884.2,913.5,796.8,883.0,850.4,831.3,825.1,833.2,750.8,692.0,688.5,704.9,702.4,688.6,652.4,694.2,687.5,607.4,634.1,743.6,694.9,732.2,723.5,726.0,748.0,789.8,777.9,802.5,790.2,836.6,812.3,822.7,838.7,810.4,767.9,743.7,728.0,662.8,651.0,644.5,615.1,565.2,571.2,520.1,471.9,454.0,448.5,423.5,409.9,376.3,400.7,436.5,404.6,359.3,441.7,439.6,498.4,499.6,617.5,593.2,644.8,725.6,783.4,893.2,1002.6,1037.8,1164.0,1314.8,1339.6,1472.0,1572.1,1731.5,1821.5,1910.0,2036.6,2095.9,2260.5,2347.5,2465.5,2508.6,2624.0,2667.1,2743.6,2717.6,2684.3,2669.1,2672.6,2549.4,2570.8,2502.8,2324.7,2326.3,2274.8,2073.6,1933.1,1857.2,1775.5,1668.1,1475.8,1399.4,1249.6,1190.5,1074.0,952.6,935.9,784.8,716.8,625.8,587.6,459.6,441.1,389.1,379.3,339.5,296.9,278.4,271.2,237.2,215.3,197.4,191.8,168.1,164.3,180.3,184.4,147.3,149.4,146.1,161.1,155.6,164.5,141.6,141.7,147.8,154.6,159.4,171.1,135.0,150.7,158.4,162.8,153.8,160.7,171.2,155.7,150.7,159.2,164.0,157.9,166.3,163.3,165.4,167.0,162.1,161.2,165.6,136.7,139.4,156.8,174.2,161.6,177.0,155.5,148.1,159.8,140.9,170.8,165.7,157.5,147.7,179.5,165.1,191.3,163.0,148.8,157.2,147.4,163.9,138.8,154.7,181.5,167.2,155.2,171.4,143.1,151.0,170.6,175.0,164.8,157.7,166.1,153.1,176.4,162.6,189.4,149.2,193.4,170.4,191.5,169.0,177.3,172.7,189.5,173.0
1,alcohol_ether,103.7,125.7,112.0,111.9,108.9,108.8,97.1,125.1,129.1,111.0,124.5,114.9,102.7,133.0,110.8,122.2,102.1,108.9,128.1,123.4,113.0,115.3,116.7,101.9,124.1,105.6,108.2,126.7,108.9,135.8,135.4,115.7,123.5,117.9,120.2,117.5,117.2,112.1,108.2,110.2,115.0,112.9,130.3,130.7,120.5,106.2,136.8,120.5,120.6,102.4,102.4,114.5,120.2,125.0,135.2,125.9,115.8,109.3,121.0,142.4,123.4,130.6,127.6,138.6,135.4,120.7,152.2,155.4,167.2,159.9,180.6,183.7,204.5,219.6,255.5,291.1,373.6,362.1,433.6,464.8,517.9,525.4,601.9,724.9,762.7,877.6,988.2,986.6,1030.0,1095.0,1164.5,1222.3,1298.8,1329.9,1366.9,1366.0,1416.2,1407.9,1499.5,1482.1,1503.8,1364.1,1449.8,1481.5,1469.8,1413.8,1426.1,1433.6,1503.2,1433.0,1458.3,1480.4,1560.9,1675.4,1733.3,1773.0,1830.0,1903.0,2030.9,2029.1,2098.6,2216.1,2256.9,2214.6,2248.1,2381.9,2328.2,2399.8,2258.6,2270.2,2172.5,2175.8,2041.7,1946.6,1863.7,1706.1,1627.9,1553.6,1488.4,1285.4,1244.9,1108.3,1052.8,914.3,933.4,797.9,671.4,632.6,605.8,542.1,480.0,454.0,418.8,406.7,387.7,366.8,385.9,395.6,386.9,345.7,391.0,411.0,395.6,450.0,468.8,496.5,524.0,509.8,499.6,561.4,535.6,619.4,621.9,620.2,664.3,659.9,717.8,674.4,744.7,744.6,688.2,669.8,666.2,717.2,677.9,672.8,653.1,647.7,622.4,558.8,598.9,540.9,514.4,525.8,468.9,426.1,403.4,348.5,388.2,332.2,301.2,320.1,298.4,240.6,267.0,220.7,218.2,190.7,189.5,206.6,181.8,169.4,152.8,156.7,179.9,162.6,174.1,148.7,146.6,132.6,135.9,163.1,151.7,138.4,131.1,142.2,159.0,154.5,144.2,156.3,176.3,139.3,147.5,172.2,144.5,161.3,147.5,150.2,147.4,142.9,149.9,165.1,140.3,157.2,140.9,139.7,144.5,167.6,146.1,151.3,159.3,171.4,163.3,139.0,165.3,150.2,149.2,174.5,135.2,170.7,151.5,147.9,137.8,143.2,159.7,158.3,165.4,135.1,147.0,156.1,161.9,172.6,158.0,166.5,167.6,162.6,170.1,149.7,156.6,174.3,177.8,170.3,153.7,146.1,158.1,155.2,162.7,145.7,172.4,176.7,145.1,144.0,178.6,169.5,164.4,152.8,149.8,174.4,152.2,121.6,177.1
1,alcohol_ether,108.6,116.2,109.7,123.1,104.2,139.3,109.9,124.0,132.5,125.7,130.0,112.0,128.7,109.2,111.5,134.9,129.1,112.7,123.1,121.1,113.2,129.2,116.9,122.9,143.6,140.0,112.3,134.0,103.4,121.9,105.4,91.7,125.9,129.4,119.2,142.7,114.5,136.2,121.1,120.4,100.4,140.0,129.2,134.6,128.4,132.0,120.9,130.8,109.3,135.7,111.1,134.0,128.5,144.5,132.5,129.5,115.2,121.4,138.7,139.8,121.6,120.3,138.8,148.5,126.4,150.5,135.3,133.1,142.5,159.6,161.9,138.8,144.0,166.3,201.5,208.6,197.9,235.3,291.2,244.5,297.2,362.0,415.5,414.1,445.1,481.2,557.8,588.4,669.8,695.7,678.7,815.4,811.9,851.0,924.7,972.9,994.2,943.7,999.1,977.2,1012.4,1035.5,1010.9,1037.4,1043.7,1118.8,1147.3,1153.4,1173.7,1288.5,1371.1,1409.7,1553.2,1696.9,1830.5,1922.3,2078.8,2194.8,2348.7,2387.4,2579.5,2803.4,2903.3,2939.2,2997.0,3067.3,3135.3,3002.8,3108.4,3020.0,2988.3,2866.9,2988.7,2641.6,2568.0,2426.3,2271.2,2106.4,2000.5,1804.7,1709.9,1532.3,1417.4,1224.7,1145.7,966.5,843.0,751.1,715.3,612.7,595.6,555.7,483.7,447.9,426.3,426.4,403.0,350.4,351.6,337.2,333.2,335.6,337.4,353.8,314.5,307.1,333.8,322.1,312.7,319.0,306.5,314.3,286.7,306.9,312.0,319.4,309.8,324.9,299.3,286.5,304.7,285.1,300.2,289.0,287.5,256.7,268.0,273.2,252.8,249.0,254.7,246.6,218.3,243.0,224.6,205.3,228.7,222.8,201.4,183.7,198.6,218.7,174.2,186.8,183.7,192.4,131.1,172.3,169.6,178.0,154.0,132.4,163.3,139.4,172.7,140.1,133.1,156.6,152.1,154.3,154.4,145.2,153.6,150.0,157.5,167.7,153.8,127.7,151.7,134.6,134.5,153.3,133.1,153.2,159.8,156.1,146.3,149.4,144.5,140.9,157.3,146.9,146.1,169.7,154.2,162.8,158.2,171.3,163.4,167.0,150.4,147.2,144.3,151.4,144.6,163.3,160.4,149.8,135.7,163.5,166.6,156.9,151.3,166.5,162.0,156.5,153.0,162.2,160.7,161.9,180.2,152.5,175.2,174.6,172.6,170.9,147.3,175.8,165.6,153.5,166.2,183.8,151.8,174.8,171.8,159.6,171.7,171.6,145.0,153.1,133.4,151.3,167.7,167.0,169.4,182.8,169.4,186.9,154.9,171.9,169.1
2,carbonyl,64.9,71.6,69.3,76.7,85.6,62.2,83.9,76.2,89.2,86.8,71.0,92.5,90.1,66.4,73.2,73.1,86.2,61.6,74.6,79.6,74.7,63.5,86.7,81.2,82.7,81.0,87.4,80.5,84.1,77.7,82.2,92.1,62.8,83.3,77.9,81.1,82.8,77.6,104.4,81.1,74.5,75.9,86.3,79.1,94.9,87.6,87.6,76.5,81.8,72.3,79.2,79.4,101.1,94.3,84.3,89.0,71.4,89.2,90.8,98.0,102.4,103.9,107.1,124.5,116.9,143.2,140.3,184.4,209.3,209.9,247.7,247.0,320.9,365.9,405.4,471.0,531.3,607.0,675.8,757.8,902.6,964.2,1086.7,1213.1,1282.7,1369.4,1482.5,1690.6,1676.6,1792.3,1968.8,2010.8,2012.3,2071.4,2165.5,2139.4,2121.3,2140.1,2123.7,2046.5,2055.8,1841.8,1930.8,1750.5,1697.7,1620.2,1459.3,1463.9,1328.2,1268.5,1210.1,1209.5,1122.0,1053.2,1020.5,941.3,961.9,891.0,920.5,859.9,844.2,843.4,816.4,842.1,858.5,869.8,880.5,884.4,898.9,850.5,845.8,824.1,857.2,822.3,878.3,870.0,843.1,910.8,850.6,887.8,956.0,981.5,937.4,1000.7,987.4,998.6,1019.2,1074.2,1105.9,1196.6,1092.4,1152.0,1169.8,1195.5,1198.6,1159.5,1205.6,1152.3,1220.7,1185.6,1274.2,1154.5,1206.5,1096.5,1092.6,1044.6,1050.7,1047.5,1081.1,1016.8,948.1,871.0,867.9,891.7,849.4,825.4,828.2,744.1,761.8,707.4,675.0,658.0,608.7,630.1,568.0,575.2,505.6,535.2,455.2,447.9,477.1,410.9,372.4,360.5,354.6,297.0,311.8,248.6,269.0,262.2,217.2,190.9,229.5,185.1,204.6,184.3,174.0,146.7,163.6,137.3,96.5,115.6,111.7,124.3,116.1,112.2,124.6,112.5,98.6,102.8,104.7,102.8,103.5,93.1,112.5,117.1,92.7,96.5,124.5,93.7,97.5,100.7,93.8,86.5,105.4,100.5,106.8,94.8,97.8,97.3,105.0,121.3,89.6,97.1,101.5,113.2,85.7,106.2,98.2,95.4,93.1,95.9,97.1,112.1,91.6,111.1,124.6,112.0,92.5,108.0,110.5,114.4,108.1,87.0,97.3,99.6,99.3,74.2,108.1,96.3,79.0,103.3,114.3,103.1,96.5,101.0,107.1,101.9,96.8,115.1,121.8,94.2,104.6,107.1,106.5,94.8,104.2,102.9,115.1,104.2,105.0,115.2,111.6,105.7,97.7,107.4,108.2,125.0,109.4,128.6,97.1
0,hydrocarbon,54.1,59.1,49.7,42.1,34.6,40.3,61.8,62.5,49.0,49.1,53.1,44.8,35.1,48.2,42.5,49.0,47.1,51.7,40.4,52.4,48.9,57.5,58.0,54.4,43.6,44.0,54.4,63.9,40.7,50.5,55.6,50.5,47.8,58.3,59.1,58.3,50.9,55.8,56.6,63.3,48.1,80.2,64.0,55.3,45.3,54.1,52.6,62.3,61.4,55.8,67.3,59.2,61.3,55.9,37.1,55.5,55.0,61.3,63.8,52.4,70.6,67.8,72.8,68.2,81.2,68.7,104.7,111.3,124.3,168.9,169.0,203.7,248.7,274.7,364.2,438.2,496.9,577.5,743.9,886.6,1013.4,1118.4,1322.9,1539.8,1713.1,1959.3,2175.4,2418.9,2597.3,2841.9,3051.9,3429.4,3425.1,3554.8,3752.1,3924.8,3972.4,4012.2,4035.6,3991.6,3800.6,3831.9,3638.8,3388.3,3288.4,2993.8,2829.4,2543.1,2322.9,2209.7,1967.6,1759.4,1470.9,1387.7,1212.9,979.3,918.9,810.8,668.1,555.9,444.3,419.7,364.2,338.5,326.0,258.0,246.0,211.2,214.9,195.9,201.5,193.8,174.4,145.9,170.2,151.0,158.7,130.9,127.8,134.3,139.4,134.4,115.0,105.0,130.0,98.9,106.4,101.8,98.1,93.9,93.6,103.8,87.3,86.5,87.5,82.8,78.1,82.5,72.6,83.8,76.5,93.0,84.0,90.3,57.7,72.2,84.5,75.9,100.4,89.9,87.9,86.5,92.1,79.0,86.0,71.8,86.4,67.9,82.0,89.6,89.7,83.6,86.1,92.9,77.2,82.2,78.4,71.6,75.3,98.0,84.8,85.9,83.4,68.8,99.7,81.8,72.5,76.8,106.6,85.2,88.3,87.7,88.3,99.9,80.9,80.4,78.9,98.9,81.5,80.5,85.6,80.7,85.7,94.5,76.8,76.8,98.9,94.6,99.2,68.7,96.5,84.5,85.3,77.9,82.8,96.9,84.9,79.4,74.2,92.5,79.6,99.0,93.6,93.3,112.9,76.9,92.5,95.5,90.4,83.5,80.1,113.7,81.7,89.5,89.6,95.2,89.6,79.3,110.2,102.0,83.1,93.2,120.2,82.9,95.2,107.7,84.5,96.8,103.3,94.8,93.5,100.9,97.5,93.9,94.8,90.4,81.7,99.3,84.5,96.1,92.8,94.8,112.4,89.9,95.4,109.4,93.7,101.9,105.6,100.8,105.0,99.8,75.8,89.2,103.6,89.8,101.1,102.7,88.7,100.7,101.9,102.7,99.0,96.3,80.7,84.1,93.9,100.4,101.3,103.1,123.6
2,carbonyl,69.1,67.7,43.1,78.1,71.9,70.5,71.0,71.4,78.6,70.5,72.9,67.9,69.0,73.4,68.0,58.0,70.2,76.4,79.7,79.1,56.5,59.7,61.2,66.1,63.5,68.6,78.7,68.7,76.2,84.4,66.5,65.3,85.5,75.8,74.9,79.2,67.8,66.1,74.7,57.7,78.7,70.7,81.0,83.1,62.5,68.4,64.7,75.4,82.0,54.9,75.0,63.5,81.8,71.5,74.5,75.2,79.2,75.9,73.9,75.6,89.0,81.2,88.9,79.7,93.9,100.7,83.3,108.4,124.2,113.0,137.7,145.6,185.0,206.1,264.5,296.6,326.2,418.3,440.5,500.4,613.3,674.7,778.8,909.6,949.6,1119.6,1255.4,1315.3,1438.0,1589.2,1690.1,1757.8,1868.1,1874.5,1976.2,1941.3,1946.4,1997.0,2010.2,1957.0,1899.8,1818.8,1750.3,1630.9,1458.9,1394.4,1404.8,1199.4,1079.4,1002.9,855.9,849.7,685.6,641.5,594.8,505.4,477.6,424.4,469.6,398.7,376.9,356.6,383.6,361.4,345.3,378.1,408.6,416.3,396.7,434.6,450.9,477.1,519.6,526.8,553.5,619.0,664.6,715.9,756.1,814.9,895.1,910.9,1094.8,1039.3,1156.0,1285.3,1346.1,1459.3,1545.8,1575.6,1616.1,1649.8,1768.2,1811.7,1799.2,1817.8,1896.1,1856.7,1845.3,1819.1,1808.5,1791.1,1682.1,1604.6,1600.1,1573.2,1429.1,1381.5,1314.1,1212.7,1160.2,1042.1,992.1,974.5,891.8,803.9,763.4,662.1,638.7,629.8,521.9,537.5,451.7,451.8,418.9,394.4,330.3,379.5,285.1,304.4,306.4,268.1,231.3,220.0,235.9,204.6,190.1,205.2,194.7,203.3,190.6,161.8,144.5,159.4,149.9,151.9,128.8,149.3,114.9,114.8,126.4,130.6,145.4,106.4,114.1,122.1,127.0,128.0,120.9,138.7,106.5,119.4,102.6,117.0,125.1,120.1,130.0,123.9,148.0,92.2,139.3,116.7,138.3,123.3,115.8,134.4,129.9,117.1,138.9,107.6,139.7,115.3,145.6,121.8,129.3,135.5,144.4,116.2,130.0,128.5,128.1,140.7,134.0,137.5,118.8,124.6,132.9,136.6,151.4,120.9,131.9,145.7,131.6,126.9,124.9,113.6,143.4,162.1,138.0,129.2,134.1,133.4,131.9,121.8,129.8,137.3,128.2,129.9,139.9,127.2,148.9,129.2,141.0,108.2,153.8,148.1,137.2,140.7,150.1,133.0,130.0,140.6,139.7,129.7,133.5,146.1,138.9,153.2,142.4,159.6,161.1
0,hydrocarbon,60.6,63.1,68.4,70.4,74.0,50.9,66.5,64.1,52.1,59.8,70.9,72.1,59.4,79.1,77.2,68.8,63.2,69.0,57.2,52.5,72.3,80.1,70.7,85.3,70.6,76.5,75.6,60.6,65.4,67.0,73.9,78.4,63.1,73.1,92.2,80.9,71.3,76.5,81.5,69.8,84.0,74.0,82.8,88.8,65.9,64.2,70.3,75.0,79.8,67.9,78.3,85.0,62.0,84.0,106.0,70.9,75.7,112.6,93.3,94.2,111.6,115.4,112.0,121.8,137.4,144.7,168.8,190.5,220.4,278.6,309.8,360.7,404.2,506.1,533.7,655.5,719.3,879.7,1058.0,1119.2,1279.9,1456.5,1563.7,1907.4,2070.9,2122.6,2332.0,2546.2,2735.3,2798.5,3062.8,3124.4,3250.1,3334.2,3475.6,3461.5,3452.2,3484.8,3403.7,3364.8,3349.5,3037.1,3005.4,2846.7,2708.5,2600.4,2349.9,2149.7,1977.5,1790.9,1721.6,1527.7,1455.2,1326.8,1233.9,1028.2,1013.4,961.5,862.7,811.6,795.0,757.9,659.8,735.5,676.1,682.9,715.5,644.8,592.6,564.7,561.5,549.5,552.0,562.3,517.5,523.1,524.6,489.4,486.5,427.5,429.6,408.4,415.2,370.3,369.0,379.5,378.3,374.9,336.0,351.3,320.8,357.9,319.4,363.4,303.2,304.2,289.5,324.9,309.4,295.1,291.7,250.5,275.6,238.7,251.4,269.3,256.8,229.9,235.8,229.7,220.7,223.4,166.8,216.6,200.1,178.3,155.8,168.0,167.5,159.8,153.7,159.3,155.9,151.8,147.3,145.8,145.2,144.9,163.2,123.0,137.4,130.8,146.1,129.9,125.9,142.5,124.0,142.1,139.2,130.2,124.7,121.9,157.8,168.4,119.6,130.1,147.6,139.9,136.2,150.3,135.9,138.2,151.4,125.8,135.1,134.3,130.2,141.5,138.7,131.7,145.0,125.2,137.9,140.6,143.6,163.2,152.2,133.4,124.7,110.3,127.1,123.4,123.8,166.3,156.1,143.6,133.7,135.5,142.9,161.5,154.2,131.4,149.5,127.0,123.0,137.0,132.5,146.0,141.7,152.0,149.2,159.9,148.5,137.7,150.6,160.4,149.7,147.9,139.5,123.3,165.3,149.5,159.5,143.9,156.7,138.1,153.6,139.9,158.8,142.5,146.9,138.9,138.3,158.6,153.1,142.6,139.9,170.3,152.1,160.5,154.2,164.1,141.1,165.1,169.7,167.8,156.0,163.9,171.6,148.0,179.8,153.5,151.7,178.7,163.0,163.5,156.5,165.0,176.5,146.8,168.3
2,carbonyl,93.0,69.7,91.7,75.4,93.9,87.9,85.6,89.8,85.3,98.6,90.6,71.7,99.5,92.4,92.2,84.7,91.4,82.2,102.7,96.8,98.6,111.7,104.0,101.5,99.9,97.2,88.1,104.1,95.2,98.6,86.1,95.0,107.0,100.6,104.1,99.5,88.5,89.5,89.2,86.9,98.9,96.6,90.3,100.4,89.0,93.9,87.5,109.4,97.2,103.7,95.9,102.9,109.4,91.5,94.5,95.7,104.1,94.0,106.1,104.0,115.3,99.9,90.4,141.2,99.7,133.4,138.1,153.6,158.7,152.4,208.6,214.8,230.0,290.3,353.8,350.6,409.4,532.5,586.9,659.2,701.3,852.3,1027.6,1146.0,1168.6,1331.6,1389.2,1464.6,1617.2,1746.1,1778.7,1742.4,1998.1,1966.2,1895.9,1983.1,1940.2,1929.3,1898.8,1854.8,1745.9,1611.3,1640.2,1529.7,1451.0,1364.4,1305.7,1344.9,1340.0,1293.1,1326.1,1257.4,1285.2,1380.1,1283.6,1354.6,1425.7,1451.7,1547.3,1618.8,1537.5,1581.5,1654.3,1762.4,1646.2,1704.1,1667.1,1624.4,1589.0,1448.6,1540.4,1386.6,1372.0,1299.5,1231.1,1222.8,1222.2,1163.1,1047.6,1014.2,1020.6,995.9,911.4,919.9,871.6,898.5,834.6,857.1,839.8,844.2,836.9,830.1,803.6,818.5,828.5,879.4,815.1,815.6,744.6,706.1,727.4,731.2,586.7,656.1,611.2,569.6,560.6,518.4,457.0,396.6,367.9,387.5,349.7,336.5,290.6,291.6,267.4,212.1,229.2,205.6,196.3,209.7,187.0,195.1,183.7,142.2,154.4,149.4,159.4,160.6,166.0,146.7,129.8,148.4,130.8,138.0,136.2,133.6,122.6,124.5,130.9,124.2,146.2,144.8,138.7,133.0,134.4,137.6,136.3,134.3,134.0,141.0,149.8,143.1,157.6,148.7,130.2,138.8,122.3,134.4,137.8,141.6,121.4,154.5,150.2,123.6,140.7,135.4,129.9,141.3,138.4,122.8,156.3,135.0,158.9,118.5,140.4,155.1,155.1,138.4,153.8,143.9,150.0,165.0,153.4,162.0,123.2,140.6,142.5,145.2,151.0,137.3,144.8,147.0,143.0,140.6,144.8,148.3,158.9,130.4,141.6,149.4,125.4,178.2,120.3,142.4,150.3,154.3,125.6,136.7,153.8,151.4,145.8,146.9,137.4,155.8,156.5,149.1,133.5,158.5,128.5,144.1,139.5,155.0,134.6,145.6,165.3,162.5,147.8,145.2,151.8,160.8,131.6,143.0,150.2,164.1,180.7,171.1,160.6,136.0,163.0
0,hydrocarbon,102.1,85.9,112.9,94.3,108.1,108.0,89.3,87.0,98.4,91.6,110.7,107.6,125.4,106.0,108.3,122.5,101.9,105.1,100.4,97.1,100.2,100.1,100.0,97.3,105.7,107.2,107.3,108.7,117.7,109.7,107.6,118.5,113.7,107.4,115.7,115.2,122.4,116.0,101.1,128.7,112.4,100.3,117.8,124.0,124.2,103.3,108.6,120.4,127.4,85.3,123.6,114.3,100.4,141.4,126.6,109.9,131.9,117.0,97.7,121.6,120.1,128.0,132.9,130.1,136.3,148.4,126.3,181.5,164.3,175.8,198.5,232.1,262.4,287.4,334.2,429.4,521.3,586.5,722.8,784.4,973.3,1096.8,1298.9,1446.2,1599.8,1795.4,2124.2,2282.3,2408.3,2705.6,2979.3,3109.1,3268.0,3383.9,3569.0,3628.3,3648.2,3555.4,3629.1,3608.2,3521.6,3421.6,3201.8,3057.8,2844.7,2596.5,2466.1,2193.2,1980.0,1808.6,1652.9,1496.9,1299.8,1169.2,1142.2,999.1,955.9,894.7,774.9,813.5,720.0,639.5,634.9,653.8,649.1,642.6,588.9,642.8,644.1,614.0,550.5,597.8,561.9,533.1,518.1,473.7,485.1,432.9,416.9,366.3,358.6,345.0,309.4,295.5,300.3,252.7,222.4,222.9,190.8,213.7,214.1,173.3,169.6,175.4,159.0,171.6,160.4,160.0,156.3,165.4,134.5,153.0,145.2,162.1,153.6,177.6,151.0,132.3,153.4,175.7,146.2,165.9,146.7,160.1,152.1,162.1,150.7,165.1,156.0,169.7,142.3,155.8,132.2,160.3,176.0,165.7,156.4,172.4,159.4,162.6,161.1,170.5,167.9,163.3,174.1,174.0,166.3,166.4,141.7,169.5,165.9,150.0,172.6,181.4,151.0,169.1,160.0,167.5,184.5,141.3,139.9,175.6,198.7,175.2,152.8,158.4,172.4,169.9,160.6,169.6,147.1,162.6,173.6,160.3,160.5,166.5,147.8,160.2,187.8,179.9,151.7,176.2,164.5,180.1,180.7,170.7,185.0,169.7,179.8,164.6,186.7,161.5,147.3,168.0,185.2,176.0,194.0,187.5,146.2,185.6,201.8,206.3,192.6,153.2,190.5,171.9,201.7,200.6,204.8,203.7,188.9,184.8,186.0,195.4,195.6,191.0,191.8,211.5,186.6,172.1,202.9,191.2,189.8,189.7,194.2,202.6,205.3,208.1,192.6,188.5,206.4,188.2,179.4,177.2,170.3,201.3,188.0,201.6,226.0,206.1,179.4,191.0,196.4,208.8,193.5,212.1,175.9,198.8,196.8,217.6,177.4
1,alcohol_ether,30.2,46.1,41.3,50.5,50.3,42.8,42.4,48.3,35.8,37.2,38.7,41.3,45.3,51.3,39.4,45.0,52.6,43.4,49.0,42.7,35.6,44.1,45.1,48.6,55.0,62.1,45.0,44.8,36.2,41.2,54.4,49.6,57.1,55.6,43.2,59.0,39.3,43.9,44.4,59.5,62.1,45.1,45.9,47.6,55.4,55.6,37.8,57.4,43.9,46.3,60.1,59.7,50.1,65.8,56.2,67.0,57.3,67.2,56.4,49.2,61.9,65.8,73.5,96.7,76.5,122.0,107.7,153.9,183.6,186.4,235.3,280.8,326.3,382.4,435.4,515.9,554.3,642.1,733.1,818.9,962.5,1055.7,1150.3,1262.1,1399.4,1522.6,1648.5,1727.6,1766.7,1822.5,1994.6,1965.9,2059.8,2143.5,2032.4,1994.9,2065.0,1966.9,1902.1,1857.7,1775.0,1732.4,1652.1,1581.9,1567.5,1477.9,1329.3,1262.1,1216.7,1154.0,1204.7,1096.1,1091.9,1017.3,1107.8,1122.6,1063.6,1103.2,1108.1,1067.0,1075.6,1130.3,1124.9,1162.1,1124.4,1102.0,1114.8,1108.1,1032.8,1147.6,1101.4,1073.4,1089.7,1036.1,1048.6,1064.5,996.5,1051.2,1051.0,1016.6,1136.0,1064.7,1084.4,1105.7,1096.4,1146.7,1156.1,1144.4,1184.4,1154.9,1215.0,1201.2,1199.9,1177.0,1237.2,1173.4,1160.2,1088.4,1156.1,1036.6,1071.5,962.2,905.8,826.0,834.6,781.6,736.2,650.8,623.1,578.6,589.1,473.8,422.8,385.6,336.6,346.1,282.3,269.6,227.7,207.9,182.2,172.4,161.4,140.6,117.2,99.9,129.4,91.1,97.4,103.9,113.5,99.3,107.4,88.9,65.9,77.3,85.0,85.0,82.4,82.7,76.9,82.0,76.2,81.9,77.1,87.1,82.2,93.6,74.7,90.5,92.2,91.8,85.0,86.9,87.1,89.8,77.6,78.8,79.1,88.8,84.5,90.1,67.5,90.4,79.2,79.1,95.6,82.9,75.2,91.9,83.8,93.5,88.8,96.2,85.8,84.8,87.6,96.4,72.4,79.2,82.5,81.6,86.8,96.8,85.2,91.6,73.4,84.5,108.8,94.7,94.4,75.1,80.5,97.5,93.1,92.7,90.7,84.6,84.6,85.2,98.7,79.2,85.1,96.8,84.2,73.0,100.4,91.2,75.3,71.8,98.8,107.9,94.8,101.4,91.7,97.7,105.8,101.5,84.0,108.1,83.3,93.6,76.7,92.0,98.3,99.2,94.8,88.8,110.9,94.5,97.7,103.7,87.2,85.4,106.1,78.3,87.5,106.5,99.7,99.4,108.7
3,carboxyl_ester,75.2,102.1,85.0,87.3,83.1,98.5,92.7,69.3,99.6,95.1,86.2,100.9,91.0,103.3,105.4,108.4,86.6,98.7,102.1,101.4,110.8,101.0,92.4,95.7,92.3,91.8,95.6,103.7,91.1,93.4,98.8,104.0,89.1,95.5,105.0,94.6,100.2,101.0,100.2,119.9,112.7,90.9,114.0,95.4,95.9,113.0,76.4,121.6,97.2,99.1,115.3,106.4,89.8,107.6,109.1,98.8,107.8,88.5,102.3,109.6,107.2,112.4,125.7,137.8,134.8,113.3,145.9,153.4,166.0,187.8,188.5,198.6,240.0,265.3,273.9,336.1,373.6,441.8,489.8,566.8,582.8,704.0,778.7,806.6,908.6,911.9,1012.0,1101.7,1169.5,1199.0,1193.1,1278.2,1306.3,1266.5,1326.4,1268.3,1183.9,1160.0,1146.3,1094.2,1033.5,949.0,900.2,856.0,790.4,689.0,650.0,587.2,570.0,497.2,411.1,419.9,370.7,313.8,323.9,299.5,278.4,268.5,236.0,251.1,268.2,247.2,255.0,227.5,246.2,275.3,309.0,313.5,293.3,350.7,405.6,404.0,444.8,485.5,540.2,615.5,646.4,711.6,744.2,835.3,902.3,919.5,1009.1,1144.6,1191.3,1196.5,1255.9,1363.7,1426.3,1440.8,1532.4,1620.7,1595.5,1667.1,1701.4,1751.6,1726.6,1759.3,1734.6,1773.2,1854.1,1785.4,1749.4,1856.2,1840.6,1773.4,1859.6,1892.1,1864.8,1935.7,1896.9,1876.9,1911.2,1829.3,1827.3,1842.8,1721.4,1764.7,1800.6,1718.9,1721.4,1701.9,1530.1,1537.9,1488.6,1432.0,1282.0,1232.7,1158.9,1088.0,1030.3,929.4,823.9,770.7,722.2,657.4,652.3,563.1,525.2,472.9,447.4,384.4,352.1,288.8,275.2,273.7,257.8,242.7,221.8,194.8,183.0,190.7,193.0,174.3,156.7,172.0,154.7,159.7,154.5,169.5,141.2,129.9,153.2,127.0,153.7,158.0,133.9,128.0,149.9,139.3,131.4,147.2,143.2,139.7,129.0,156.6,158.3,149.8,118.3,150.0,148.0,120.9,133.7,156.8,155.4,134.6,150.6,170.8,141.6,148.9,145.6,136.3,148.1,136.7,149.2,171.2,152.7,153.1,153.4,146.8,150.7,156.2,129.7,148.9,146.6,152.2,152.9,144.0,151.8,142.9,132.5,175.1,173.2,149.0,174.1,163.2,178.0,154.6,154.8,155.0,168.2,144.9,160.2,165.2,148.6,133.6,168.5,160.7,169.2,160.3,170.5,178.2,169.1,170.7,186.3,169.3,166.3,168.3,171.9,141.8,175.2
0,hydrocarbon,93.8,100.7,100.8,101.2,93.5,118.7,95.8,109.3,115.1,110.4,80.9,95.4,107.9,112.1,103.2,106.3,98.6,112.0,114.4,135.2,120.5,104.6,104.5,116.7,107.9,90.6,126.4,102.7,109.6,103.5,105.7,104.4,115.8,118.4,113.4,113.5,110.4,106.2,97.5,111.5,127.2,106.8,110.9,132.7,107.7,99.3,95.7,119.7,103.5,114.4,118.5,134.7,108.6,119.1,115.6,101.8,116.3,137.8,115.7,132.5,147.1,165.5,138.7,166.3,196.5,201.8,243.2,262.7,304.2,339.1,389.8,492.3,535.6,720.4,736.5,885.1,1009.2,1179.9,1354.6,1607.6,1646.0,1916.4,2203.0,2361.3,2586.1,2873.0,2981.1,3186.9,3324.6,3578.2,3682.4,3883.8,3857.2,3991.7,3957.9,3996.1,3887.0,3746.9,3626.8,3557.8,3364.2,3152.9,3037.6,2903.3,2651.7,2453.1,2213.7,1990.4,1887.6,1568.2,1462.3,1266.5,1192.1,982.9,876.1,768.6,710.4,599.9,513.9,484.2,437.1,320.2,368.1,312.9,306.6,304.2,268.2,266.2,252.9,240.0,251.0,210.2,249.5,249.7,207.8,216.2,242.2,268.2,255.9,249.7,258.4,262.3,221.6,275.7,253.4,270.3,241.0,286.5,251.6,239.9,280.2,297.7,269.1,263.8,270.7,256.3,277.5,250.0,292.2,280.7,278.6,278.0,260.8,267.4,238.9,274.7,214.2,219.8,230.4,204.7,199.3,211.4,216.0,222.2,191.7,193.7,177.7,173.9,186.0,179.5,196.0,194.6,182.6,184.8,170.4,180.8,153.9,163.2,148.9,156.4,183.7,145.9,184.9,152.0,152.7,161.4,183.3,149.6,144.8,157.5,161.4,182.4,161.2,167.9,146.2,161.8,138.4,151.1,153.1,148.1,143.9,173.7,177.7,187.5,162.9,200.8,155.7,163.7,162.5,169.3,170.0,170.4,160.9,172.5,185.4,178.4,181.3,165.5,174.6,170.1,191.5,185.1,143.8,166.5,163.6,181.7,184.3,158.4,184.3,170.9,191.9,155.1,158.2,181.2,181.5,187.1,188.2,166.9,177.7,183.8,172.0,179.1,178.8,194.2,160.8,167.1,175.5,174.8,186.9,172.5,172.8,164.1,189.6,178.6,195.8,187.8,157.5,179.8,170.0,184.5,177.8,182.1,178.2,167.5,181.4,168.2,180.7,164.5,168.8,181.1,168.2,154.8,174.2,197.0,165.1,168.4,175.7,135.7,200.2,172.9,186.9,195.5,164.8,181.6,177.7,171.8,177.5,175.7,193.0,171.3,189.1
0,hydrocarbon,36.1,39.7,50.3,56.4,35.1,39.7,42.4,41.6,47.4,45.3,50.6,33.7,43.8,39.3,42.7,41.8,52.5,47.1,51.2,39.8,44.4,45.2,40.6,59.4,41.5,49.5,39.6,42.2,53.2,39.0,47.0,47.3,39.5,44.0,41.5,45.2,43.8,52.6,51.7,52.4,54.1,63.5,45.8,56.5,43.1,39.6,50.3,51.3,58.0,58.5,53.3,63.7,54.2,49.0,43.4,51.5,51.8,48.2,57.6,62.1,52.9,49.9,59.8,58.5,59.4,80.7,71.4,63.3,91.3,112.7,124.0,153.6,198.9,258.7,261.4,372.6,436.2,588.0,690.6,805.0,991.7,1192.3,1398.9,1609.2,1811.7,2113.5,2355.9,2588.0,2929.0,3095.9,3400.1,3481.5,3763.5,4004.1,3905.8,3996.8,4006.0,3895.2,3861.3,3774.1,3584.7,3233.8,2968.9,2847.9,2513.5,2241.5,2023.6,1797.5,1558.2,1278.9,1040.2,895.0,755.9,645.6,541.2,403.0,357.2,311.1,269.1,229.1,210.6,186.4,175.1,139.0,158.3,140.5,127.6,119.6,131.3,125.5,116.7,112.1,112.9,106.8,100.9,107.4,98.7,90.0,102.4,91.6,85.7,88.6,75.8,86.0,73.5,84.2,84.5,84.7,82.9,80.3,75.3,69.2,86.8,70.0,82.2,70.9,73.6,77.0,78.9,77.3,83.4,73.5,76.7,68.5,74.1,75.7,76.5,63.0,78.3,77.1,71.2,73.8,86.8,71.4,60.6,74.7,85.5,90.2,84.4,75.9,71.2,80.4,71.8,68.2,75.2,62.3,81.5,77.7,74.9,78.5,80.8,75.6,73.4,89.2,76.8,88.2,67.4,80.0,79.9,87.8,104.0,96.6,83.6,84.0,74.0,78.3,75.7,68.4,82.8,88.7,100.5,83.6,86.1,80.0,76.7,88.8,78.3,80.7,75.5,73.1,73.2,95.5,94.1,81.2,84.7,69.3,78.7,70.9,85.5,75.7,79.4,82.9,78.7,82.8,81.9,98.3,89.2,90.5,88.6,85.9,86.4,86.0,96.6,83.8,64.1,85.9,98.6,83.5,88.3,77.3,72.4,83.4,78.8,95.9,69.8,70.0,83.3,74.8,88.0,76.9,67.1,90.7,82.4,93.8,85.9,96.6,91.6,84.0,96.1,91.5,103.3,98.6,73.7,86.9,116.2,89.3,104.6,104.2,93.5,82.4,91.9,95.8,81.6,83.7,93.3,87.8,100.2,105.9,89.8,95.7,89.3,89.9,106.8,92.1,98.0,91.8,99.2,90.5,94.1,80.6,95.6
0,hydrocarbon,105.3,99.9,95.1,108.9,100.6,119.5,97.5,83.9,100.7,123.9,94.5,120.4,83.1,103.5,95.0,92.8,97.1,89.9,98.7,99.8,114.4,96.8,88.5,84.5,119.4,99.8,98.6,101.8,90.9,102.2,85.9,104.9,80.5,92.3,98.2,102.9,94.1,126.7,96.9,96.4,104.6,104.0,100.1,102.3,98.9,128.2,120.7,101.1,103.5,86.2,93.7,117.3,115.8,123.6,131.2,123.8,116.9,106.6,107.5,109.8,121.7,110.2,122.3,128.9,142.8,139.0,150.6,177.2,188.9,212.4,231.3,268.7,304.2,330.0,402.8,462.5,538.6,664.1,729.9,883.4,1017.3,1159.1,1361.2,1494.8,1678.1,1865.4,1976.5,2259.9,2575.0,2777.2,2984.2,3213.9,3253.5,3513.1,3581.2,3630.1,3728.6,3884.4,3838.9,3874.2,3817.0,3702.4,3699.9,3424.1,3279.6,3329.5,3137.7,2800.8,2722.4,2397.8,2297.4,2061.5,1796.1,1636.7,1476.5,1275.1,1117.8,988.2,861.3,728.7,644.8,581.7,485.5,418.7,371.8,322.2,299.2,259.3,248.3,225.9,214.2,165.3,185.4,177.8,171.6,169.0,171.0,139.3,187.7,151.3,155.2,152.6,164.0,159.7,168.9,132.0,144.2,132.7,149.6,139.5,152.3,142.1,136.6,160.9,153.8,171.9,157.9,165.5,177.3,190.7,210.6,198.5,202.2,206.0,236.5,225.5,239.5,235.1,234.5,265.4,263.8,279.2,282.1,308.9,285.8,274.7,276.6,309.4,317.0,326.0,303.5,343.8,319.2,350.7,342.2,326.2,311.9,267.2,299.0,299.5,321.5,265.1,285.5,278.9,265.5,222.3,234.3,255.0,225.4,210.5,240.4,197.8,215.2,203.4,165.2,182.5,180.4,152.3,142.3,141.3,146.9,138.6,148.8,134.6,171.2,112.6,150.6,133.0,118.4,109.2,109.9,116.7,122.1,124.8,112.4,107.4,119.2,101.2,122.5,141.4,137.4,118.4,114.3,120.8,124.1,125.2,122.3,149.7,141.3,104.0,128.0,121.8,120.9,111.5,116.5,142.1,149.4,130.1,136.2,119.8,152.0,134.1,141.7,137.0,126.3,124.2,131.3,126.4,142.0,140.6,113.1,116.3,140.7,114.8,138.3,144.1,143.4,111.7,115.8,151.7,111.9,135.2,130.6,139.6,131.3,146.6,131.9,127.7,144.5,137.6,141.0,122.8,138.1,133.0,120.5,109.8,112.6,126.1,160.0,128.8,149.1,110.4,135.7,149.9,129.3,134.5,125.2,134.9,129.7,134.5,132.0
3,carboxyl_ester,72.9,92.4,111.0,117.2,93.4,95.0,103.9,99.1,93.0,93.6,89.9,91.7,93.9,94.4,115.4,96.0,109.1,102.1,108.4,94.3,95.7,103.1,117.8,109.8,113.1,103.8,108.6,128.5,108.9,92.5,117.9,108.3,89.5,84.3,120.4,102.3,127.4,98.8,100.7,108.3,108.9,105.9,91.8,117.4,101.7,118.2,130.5,109.3,107.3,114.1,118.9,116.4,103.1,99.6,107.2,96.5,114.5,107.6,121.7,117.4,111.5,119.3,115.5,131.0,115.6,110.7,96.6,119.5,141.8,133.6,152.9,149.2,149.7,147.3,201.5,227.2,215.9,266.3,251.5,275.0,327.6,362.7,376.6,429.6,446.7,498.3,585.8,600.5,591.2,685.2,701.4,771.6,795.0,772.8,843.9,834.1,910.1,874.3,867.8,976.3,961.7,934.1,1004.4,965.1,974.4,959.0,964.8,988.1,1152.4,1081.0,1083.1,1209.2,1240.5,1371.1,1390.2,1486.2,1549.4,1611.3,1638.4,1773.5,1821.2,1842.2,2016.9,1986.7,1974.0,2045.4,2026.5,2025.7,1982.1,1915.8,1955.0,1896.2,1786.7,1788.0,1652.7,1675.1,1559.5,1439.0,1398.6,1300.3,1234.8,1139.6,1049.5,995.9,970.4,822.0,791.9,670.1,678.0,617.3,649.7,611.1,600.2,620.2,596.5,600.6,625.7,608.0,658.0,683.6,717.9,754.1,803.8,843.3,859.0,914.2,992.8,999.4,1099.7,1108.4,1173.9,1172.7,1204.9,1333.9,1413.9,1463.6,1423.4,1482.4,1467.6,1467.5,1471.5,1475.5,1431.1,1402.0,1361.6,1385.7,1379.8,1266.6,1254.3,1215.3,1175.2,990.1,956.8,936.5,880.5,835.4,802.8,735.4,653.9,606.0,530.3,562.0,481.2,441.9,408.0,405.9,356.4,293.2,300.8,266.6,279.7,235.8,206.0,211.0,196.0,176.3,172.1,171.1,149.9,175.4,158.8,136.5,164.2,181.4,177.1,169.2,162.4,146.7,188.6,146.6,162.6,152.4,170.1,160.5,160.6,143.5,160.0,163.5,156.4,180.6,156.9,149.8,157.9,157.5,162.3,168.8,138.8,189.2,160.8,156.0,157.4,146.9,168.9,175.3,175.1,151.6,135.0,169.0,156.8,145.0,179.2,148.7,148.4,180.6,149.7,159.0,173.4,159.6,178.2,152.2,178.9,143.0,172.4,187.5,152.7,154.0,174.5,154.0,176.0,172.4,146.2,188.8,142.9,156.7,186.6,179.1,166.5,160.6,169.6,175.1,163.0,169.5,154.8,189.6,178.0,193.1,170.6,170.1,173.9,199.3,175.9
2,carbonyl,95.2,108.0,97.5,120.6,94.7,110.0,117.4,118.1,146.1,108.0,109.8,114.2,104.4,107.2,105.2,110.4,119.9,110.2,124.6,108.5,93.3,110.0,100.0,110.3,100.3,100.3,117.6,104.8,103.5,115.1,112.9,86.1,105.0,110.7,125.6,107.5,126.4,90.7,110.0,109.9,106.2,117.7,102.6,100.0,95.1,112.6,112.9,119.2,123.6,118.5,132.9,105.9,111.2,123.6,105.6,117.0,101.6,118.5,105.0,126.0,114.1,129.0,120.5,124.0,135.9,124.8,124.5,151.9,154.5,183.5,174.8,211.1,251.5,296.9,323.0,344.3,405.2,532.8,574.0,646.3,788.7,837.9,1002.9,1078.9,1173.3,1448.1,1564.5,1726.6,1837.5,1935.9,2082.2,2123.5,2311.4,2382.2,2466.6,2496.7,2525.3,2461.5,2381.5,2361.3,2197.0,2296.3,2200.4,2035.0,1902.2,1776.6,1592.4,1686.7,1471.7,1362.1,1260.0,1203.8,1150.6,1089.2,988.8,1013.5,983.9,908.9,973.6,891.2,934.0,963.2,938.0,948.3,934.8,955.4,970.1,929.9,946.7,962.9,912.9,896.9,903.2,850.6,761.4,753.6,745.9,721.0,682.7,701.7,614.6,591.4,630.5,659.8,592.5,586.7,579.6,647.9,602.4,636.3,615.8,584.2,598.8,648.3,605.3,665.4,617.7,689.3,626.3,663.6,648.7,686.2,701.7,653.1,649.1,690.5,656.0,666.7,690.1,688.6,698.5,684.1,658.7,623.8,602.2,705.7,687.1,636.5,632.0,611.8,617.0,621.4,617.6,606.3,612.1,552.4,536.8,514.5,510.1,486.2,435.1,449.8,413.7,404.9,362.4,358.0,324.9,302.3,311.6,278.2,255.1,253.4,236.9,226.3,199.0,194.5,189.9,197.6,195.6,154.3,161.1,155.9,169.9,164.5,160.8,140.3,156.2,178.2,154.3,141.2,143.8,173.7,185.1,156.2,156.3,151.8,183.4,164.0,171.8,165.7,144.1,144.0,167.5,170.6,148.0,173.5,139.9,168.5,168.8,161.6,152.4,155.6,193.7,152.0,153.6,175.0,140.0,147.0,138.0,135.5,160.8,138.4,170.5,171.3,151.7,156.9,162.7,166.3,142.5,161.1,178.9,168.0,148.7,156.3,181.1,143.4,188.1,159.5,167.4,174.2,155.8,167.0,134.5,163.3,135.9,166.5,159.6,155.4,168.3,160.9,152.2,171.5,162.5,137.2,156.3,165.5,171.3,174.2,170.0,169.4,173.9,167.8,150.8,168.1,152.0,172.9,178.7,176.1,158.8,158.4,187.1
0,hydrocarbon,55.6,43.6,41.5,50.2,48.3,48.6,65.3,42.2,63.0,58.2,50.2,54.1,46.0,57.4,75.9,59.2,44.9,65.3,56.3,53.6,65.0,58.2,54.5,57.7,57.9,57.0,49.9,57.7,53.6,55.3,57.4,59.9,62.3,63.6,49.9,56.8,54.9,53.1,61.9,57.5,43.5,56.2,61.8,68.5,57.6,48.2,61.8,60.0,46.5,67.2,64.9,64.1,75.8,56.6,62.3,71.9,54.0,68.8,62.3,71.1,63.3,73.1,78.5,86.0,98.8,97.9,119.9,151.9,182.6,213.1,251.2,264.3,345.2,377.1,474.5,597.6,723.9,786.9,951.2,1154.4,1238.7,1464.8,1640.2,1881.1,1926.4,2244.7,2449.8,2725.7,2857.8,3162.0,3294.9,3442.6,3652.0,3694.5,3770.6,3701.3,3920.9,3870.6,3779.1,3723.9,3682.5,3580.0,3419.4,3161.7,2992.8,2697.0,2525.9,2328.5,2147.3,2020.3,1767.2,1639.3,1418.5,1239.8,1096.5,986.3,819.1,726.9,668.8,608.2,528.7,486.8,425.2,374.4,342.8,350.3,304.2,305.2,285.3,260.3,234.4,274.2,232.8,216.1,228.9,186.8,220.0,196.1,188.4,181.4,171.8,179.5,190.8,150.9,150.3,145.0,121.7,125.2,140.4,116.2,119.3,125.0,132.4,104.3,132.9,103.7,115.9,108.5,120.9,123.1,99.6,110.9,112.0,89.7,98.1,101.9,92.1,100.6,102.3,88.6,87.2,100.6,87.0,100.3,99.4,79.6,86.4,87.3,102.4,78.6,77.1,77.5,86.8,83.4,84.3,91.4,84.0,87.2,72.3,74.3,79.6,85.6,65.7,90.7,99.3,82.1,76.2,96.0,75.4,87.6,81.3,104.1,90.6,73.4,68.7,87.2,71.5,98.1,79.1,90.9,83.6,72.3,78.6,83.3,94.4,75.2,84.8,70.4,78.2,90.4,74.2,85.3,91.5,96.2,92.7,89.2,87.7,82.1,88.2,93.8,86.4,91.4,91.6,99.1,91.7,81.5,90.3,89.9,93.8,103.0,88.0,79.3,87.6,81.9,91.3,80.7,79.1,85.0,86.1,94.9,89.8,95.5,85.0,76.5,71.3,81.6,86.5,100.4,82.9,103.6,97.1,90.0,87.5,64.8,101.9,110.9,94.1,91.4,91.8,101.3,96.9,86.6,89.5,94.8,97.9,106.2,103.6,88.5,120.7,100.7,97.8,99.4,95.9,83.1,94.5,101.9,92.3,93.3,94.5,95.2,104.5,98.5,98.6,101.6,89.1,96.9,97.6,122.7,97.5,95.2,106.4
0,hydrocarbon,99.0,88.4,91.7,113.1,101.1,112.8,103.8,126.7,117.8,101.2,115.3,114.5,108.2,97.8,103.7,88.9,101.8,114.3,112.6,125.0,106.3,101.2,108.6,108.8,117.7,121.8,107.2,104.7,104.5,105.9,99.0,114.9,103.6,117.8,120.3,88.4,108.8,120.5,113.7,108.9,121.5,116.8,115.2,101.2,99.7,105.3,115.6,97.3,114.2,114.5,89.5,106.5,116.5,117.9,116.2,107.5,109.6,110.9,113.8,119.4,96.6,98.0,92.2,136.1,143.5,127.2,128.1,143.0,159.8,202.7,212.4,237.2,296.5,311.5,358.8,404.9,494.4,581.6,723.0,842.3,923.8,1107.2,1310.3,1512.7,1664.7,1756.7,1997.9,2238.5,2472.1,2678.3,2778.6,2937.3,3135.3,3287.9,3337.0,3468.5,3519.7,3541.5,3484.0,3335.8,3204.6,3019.7,3067.2,2901.4,2579.5,2421.8,2120.1,1958.2,1766.4,1597.7,1491.8,1394.0,1257.0,1068.7,922.8,870.6,846.2,751.9,720.5,704.1,627.5,545.5,592.6,534.4,558.6,566.6,513.7,527.2,564.7,523.4,522.1,509.0,507.5,505.9,468.5,437.0,453.1,436.2,463.0,427.0,450.6,422.1,413.2,403.6,418.7,389.1,354.3,395.7,417.0,430.3,479.1,426.7,425.2,444.4,463.6,462.6,449.6,383.9,469.1,464.5,418.8,385.3,401.2,394.8,368.1,328.5,355.2,319.7,323.8,326.3,305.8,283.2,274.4,265.7,223.1,248.7,243.5,236.2,225.4,204.0,179.5,184.1,174.1,188.2,167.5,150.7,187.8,180.9,163.1,184.9,189.3,142.7,188.4,176.8,131.0,164.2,141.5,164.8,136.7,116.6,148.6,147.6,150.6,148.4,159.3,168.7,161.5,149.7,140.4,136.1,175.0,163.7,131.0,150.1,140.4,143.1,153.2,159.2,143.6,152.5,144.4,150.8,146.6,163.2,157.8,130.4,152.7,158.1,129.6,142.6,142.6,151.3,167.2,157.1,148.2,152.3,163.1,170.2,162.3,139.7,147.3,141.0,161.0,181.0,148.1,159.2,144.3,157.6,143.4,165.0,165.5,145.5,152.4,154.8,159.0,169.4,159.1,167.7,179.8,184.7,174.0,155.5,167.4,161.3,161.9,187.0,171.0,163.3,176.0,174.2,168.4,165.0,159.9,170.3,148.8,181.3,162.0,168.5,152.2,171.2,169.3,172.8,159.1,166.6,165.3,178.5,163.3,162.4,154.7,157.2,181.1,169.1,186.7,171.5,179.7,169.1,169.2,191.8,184.1,183.7,195.0
2,carbonyl,120.7,108.7,101.8,117.2,106.7,89.1,88.1,105.9,121.0,93.5,110.1,106.1,117.8,120.3,99.7,131.0,93.1,114.4,96.1,124.1,118.7,112.8,95.3,114.8,131.1,92.4,121.4,93.9,103.1,109.9,124.1,109.8,112.3,116.7,127.6,101.8,136.9,119.2,131.4,118.1,130.2,132.5,122.9,113.5,107.9,111.8,103.5,127.6,115.9,108.8,112.3,125.6,121.2,124.0,110.0,133.1,129.5,126.6,124.9,122.4,124.1,123.9,132.6,123.8,135.2,151.2,132.5,158.4,147.5,152.6,172.3,160.4,187.2,184.1,205.0,234.6,239.0,242.6,282.4,337.2,380.3,417.7,417.0,478.6,531.5,525.7,610.4,636.9,685.0,729.0,744.1,773.5,827.6,894.9,899.3,857.0,913.0,944.1,916.5,975.5,886.6,870.0,957.7,891.2,881.2,885.9,875.7,925.0,886.5,940.9,995.7,988.1,1104.4,1100.9,1072.4,1176.5,1235.1,1307.2,1318.9,1346.1,1457.4,1480.7,1547.0,1572.4,1621.5,1583.6,1565.0,1596.4,1622.4,1587.0,1557.4,1535.6,1447.8,1459.8,1349.5,1373.7,1331.7,1209.1,1208.4,1229.7,1263.4,1160.3,1135.7,1107.9,1082.4,1034.1,1102.3,1064.7,1038.5,1059.7,1058.8,1050.7,1102.1,1096.5,1152.6,1131.8,1161.5,1184.8,1152.8,1262.1,1229.4,1233.8,1276.3,1320.0,1345.3,1356.5,1344.4,1388.0,1401.9,1423.3,1467.8,1482.9,1394.3,1515.6,1505.7,1504.0,1551.7,1545.6,1470.8,1445.1,1468.5,1359.6,1370.2,1407.4,1339.2,1360.3,1279.9,1205.5,1163.3,1175.1,1102.8,995.1,981.8,912.7,804.2,793.7,709.2,675.0,623.3,572.8,515.8,474.3,457.0,397.2,364.2,379.5,314.6,332.2,286.3,274.5,273.8,211.8,238.3,199.5,230.8,218.2,211.1,195.2,189.1,181.1,187.6,195.0,214.8,159.0,172.0,200.4,183.4,202.1,181.0,183.7,195.4,165.2,179.6,171.5,174.9,185.7,167.4,170.8,177.5,185.1,189.6,177.8,185.5,195.8,184.0,186.1,164.6,173.6,201.4,181.4,189.9,190.5,206.3,191.3,172.2,203.9,170.2,179.7,178.6,201.5,198.3,199.1,181.6,199.4,179.1,190.8,166.9,191.1,197.4,200.5,212.6,186.1,201.3,194.0,214.8,197.5,170.9,168.9,185.0,217.5,207.1,201.2,203.8,190.2,199.7,197.8,209.4,192.7,212.8,173.4,199.4,201.6,205.2,199.0,188.2,207.4,200.9,172.6,223.3,179.3,198.9
0,hydrocarbon,93.8,87.0,89.8,71.9,70.4,79.7,88.0,76.1,78.7,90.4,74.7,77.8,94.2,76.7,81.0,92.8,67.9,81.8,86.4,80.4,75.8,64.9,75.7,71.3,93.1,77.3,80.1,78.0,93.5,91.0,88.1,88.4,79.7,76.4,87.5,94.9,88.2,72.6,77.8,89.3,87.9,83.0,71.6,94.2,94.8,85.3,88.5,90.6,101.0,87.7,81.8,85.3,79.0,87.9,87.0,79.3,97.6,86.1,93.2,96.2,90.4,113.0,99.2,138.4,155.8,162.4,194.0,213.1,243.3,282.7,306.1,415.3,424.5,519.5,586.7,715.7,786.8,956.6,1043.5,1207.3,1412.5,1594.5,1769.4,1992.6,2204.4,2417.7,2592.7,2835.2,2965.2,3109.5,3432.8,3437.9,3509.9,3639.3,3781.2,3810.8,3776.9,3736.1,3691.0,3690.9,3501.4,3343.0,3231.8,3088.4,3026.5,2754.0,2634.7,2332.0,2182.7,2014.0,1787.6,1608.6,1495.2,1323.0,1203.7,1086.2,1004.0,849.1,766.7,763.2,674.1,650.8,594.0,585.3,565.1,559.2,501.8,469.6,450.3,450.3,406.1,355.6,383.3,393.0,394.2,328.1,304.5,298.5,296.5,290.1,261.3,217.4,236.5,228.3,197.0,196.4,211.7,176.5,157.2,152.7,124.1,128.2,124.8,121.1,130.9,114.6,109.6,99.9,107.8,121.5,110.2,115.7,97.9,84.6,103.2,116.8,106.4,95.5,87.6,92.7,113.5,97.0,93.5,101.4,109.7,102.6,122.2,98.2,110.6,119.8,99.4,108.2,121.8,100.8,123.6,99.4,93.8,96.9,106.8,99.0,105.8,117.5,93.8,83.5,97.0,96.0,112.3,104.5,109.4,93.9,106.1,117.2,123.0,94.2,112.8,113.3,99.5,107.6,117.3,120.1,110.5,121.7,107.3,99.7,87.3,109.9,95.5,112.3,119.7,105.0,112.1,113.8,100.5,104.4,95.8,102.7,105.4,103.8,117.1,116.1,114.7,106.0,104.5,104.8,118.6,143.0,105.6,107.7,113.2,131.6,92.1,107.4,99.7,113.8,117.1,101.1,103.1,97.3,112.0,114.9,113.2,101.7,104.4,117.2,128.3,116.2,111.3,90.1,124.6,108.3,113.6,101.1,122.0,131.9,116.5,112.0,115.1,98.4,110.5,93.0,110.2,92.2,135.2,111.2,127.6,109.9,128.0,93.2,119.6,116.1,109.6,118.6,131.6,108.0,116.3,111.0,113.4,113.9,108.4,122.9,122.1,115.5,133.4,103.4,115.3,119.1,108.3,126.9,128.8,102.8,132.6
1,alcohol_ether,44.8,42.6,41.8,40.0,40.1,48.7,31.9,55.2,35.2,51.0,39.9,52.8,35.1,55.4,48.3,54.8,45.1,36.7,42.7,46.7,53.1,52.1,66.4,62.3,46.3,44.6,43.5,42.5,50.5,63.9,47.8,55.3,51.3,61.8,48.7,55.3,67.2,57.8,47.9,58.5,57.5,58.2,55.8,61.3,59.7,73.8,47.4,63.7,59.1,35.1,65.4,49.0,46.4,64.1,61.6,68.0,58.9,68.5,64.6,61.0,73.5,74.5,77.2,81.6,76.8,77.4,72.7,87.1,122.4,108.2,116.3,153.3,172.2,218.2,237.8,310.4,347.9,397.6,475.4,601.5,627.3,698.4,839.6,908.0,1021.2,1153.6,1259.4,1427.0,1570.3,1608.7,1718.7,1762.2,1904.3,1932.3,1930.1,1912.5,1980.0,1999.2,1915.4,1829.1,1880.9,1716.2,1652.5,1617.2,1495.1,1418.6,1330.6,1197.5,1250.3,1146.4,1046.8,1049.0,991.3,983.4,989.3,1005.1,973.1,986.6,1044.1,1015.6,1096.0,1094.7,1083.9,1090.3,1156.8,1142.8,1143.1,1165.4,1146.5,1130.3,1132.8,1110.3,1135.1,1089.6,994.8,1029.1,1064.5,1016.3,1032.6,977.0,1005.6,1035.6,978.3,1052.6,1040.4,1007.4,1080.1,1171.3,1142.4,1156.3,1169.1,1175.7,1236.2,1176.8,1261.1,1241.1,1214.5,1237.9,1200.8,1198.3,1159.5,1101.4,1067.8,975.0,973.2,849.5,830.0,778.7,734.7,677.5,602.4,591.5,501.9,465.2,439.6,390.3,343.6,294.1,259.4,227.8,223.0,186.8,195.9,191.0,157.7,143.7,146.1,154.1,136.5,126.0,123.9,98.1,127.4,109.9,106.9,130.7,101.6,119.8,119.4,111.8,105.8,111.5,90.1,105.9,103.4,110.0,112.7,114.3,113.8,106.7,117.0,103.1,113.3,124.0,119.4,113.8,116.4,117.0,117.5,112.4,127.4,119.6,103.6,112.6,112.6,111.3,125.2,120.3,113.3,118.8,107.6,116.6,99.6,104.7,102.6,124.5,112.6,126.8,118.8,115.5,123.1,131.0,122.4,120.9,116.5,128.9,131.8,112.5,104.4,133.9,133.6,130.0,126.3,123.7,126.8,122.8,111.1,121.1,107.4,102.4,127.1,130.5,152.5,130.7,156.4,121.8,116.1,132.8,136.5,134.6,125.7,135.8,150.2,126.6,118.5,140.6,124.7,127.1,133.5,137.1,126.2,118.4,131.7,127.9,129.5,152.0,130.8,137.7,146.4,139.6,128.7,133.0,119.3,144.9,161.7,128.4,138.5,157.4,157.8,125.4,145.1
2,carbonyl,74.0,55.8,70.5,65.8,52.6,66.6,70.4,64.6,55.8,64.1,56.9,60.5,74.6,63.8,69.8,68.6,65.5,79.5,60.5,67.2,82.6,65.6,81.0,69.3,73.6,74.0,82.2,78.2,76.2,67.7,91.1,72.6,71.7,79.8,66.9,63.2,76.4,84.5,86.2,76.4,79.1,76.2,71.3,72.1,77.9,65.0,65.6,74.7,68.7,77.4,66.3,64.3,77.5,75.1,81.7,62.1,81.8,72.1,67.1,86.9,86.9,79.1,73.6,76.1,80.5,96.8,91.9,70.7,116.3,115.3,101.5,110.6,111.0,143.6,144.4,188.0,227.3,245.6,294.0,326.1,376.2,422.8,548.1,592.3,687.4,714.0,813.6,969.3,1107.1,1149.8,1250.1,1469.3,1481.6,1566.6,1670.3,1685.7,1747.8,1757.4,1941.5,1929.9,1923.1,1926.1,1845.1,1816.9,1710.2,1714.3,1626.4,1556.8,1484.6,1383.5,1290.5,1218.3,1172.5,1111.6,1046.8,1041.0,1019.3,914.9,921.5,929.4,894.5,963.1,950.1,1045.6,956.6,1010.4,1006.9,1034.3,1048.8,1022.3,1027.5,1033.4,986.2,1079.5,1025.9,1000.1,981.8,898.6,988.0,933.5,984.9,1035.2,975.5,1021.7,1031.0,986.7,1020.2,1065.8,1133.4,1090.5,1192.6,1174.3,1304.1,1197.8,1237.2,1266.4,1286.3,1302.4,1307.7,1376.8,1293.1,1323.6,1229.8,1293.6,1295.4,1166.9,1142.0,1125.4,1056.9,1091.5,1028.8,928.8,941.1,867.9,824.8,776.4,695.9,662.2,594.9,615.2,508.7,535.6,457.7,386.1,374.3,379.1,376.1,342.2,321.1,319.3,292.1,282.0,295.5,257.8,257.7,234.6,217.0,206.4,189.2,162.2,174.8,151.9,161.4,158.4,125.2,134.4,123.2,135.3,114.5,124.6,108.6,95.0,112.1,101.5,85.8,78.6,101.3,105.3,83.7,118.3,77.7,114.5,106.7,96.3,97.8,89.7,90.3,99.0,101.3,99.3,103.1,102.3,102.0,96.2,111.6,96.0,112.8,120.7,106.2,103.5,103.4,112.9,92.9,83.3,101.1,96.7,114.0,96.8,110.8,93.8,97.6,125.8,85.8,108.8,93.8,109.4,107.0,111.2,109.5,123.2,96.0,113.9,91.3,114.7,116.8,100.3,103.1,104.4,95.0,118.6,105.3,123.8,119.2,114.7,105.1,87.8,125.1,112.9,113.6,119.2,112.2,110.1,103.7,113.0,103.5,97.1,96.1,116.5,112.1,102.9,84.3,107.9,111.9,89.9,109.0,127.8,110.6,106.2,108.3,120.1,105.6
3,carboxyl_ester,118.3,111.6,113.4,118.1,109.9,148.0,120.4,115.3,129.2,130.2,119.8,119.1,117.8,114.6,111.6,118.6,120.4,135.3,111.2,109.5,122.1,135.9,120.0,112.6,123.7,113.0,116.4,131.9,94.7,130.2,128.0,131.4,120.8,117.7,116.7,127.0,129.0,119.5,136.5,120.3,106.3,111.4,133.3,139.6,144.9,122.5,129.4,128.2,125.1,139.0,118.5,129.8,113.3,114.5,141.3,131.2,132.1,127.2,139.3,149.1,128.6,151.8,161.8,140.8,190.7,200.2,237.0,231.8,238.2,255.6,335.1,357.1,389.4,417.3,515.2,550.8,680.2,771.2,837.1,954.7,1094.5,1219.3,1299.0,1468.2,1542.6,1799.0,1789.0,2041.5,2118.1,2280.6,2418.2,2558.6,2641.5,2758.7,2804.0,2759.5,2817.8,2831.8,2624.2,2757.9,2773.0,2586.8,2566.4,2474.7,2340.7,2310.4,2142.8,1915.2,1754.3,1788.1,1598.3,1409.3,1298.4,1197.9,1130.8,1060.1,907.6,842.8,769.1,667.9,632.0,562.0,533.4,543.0,465.1,443.2,453.9,381.5,392.5,404.7,328.3,330.7,360.0,304.3,315.7,335.8,325.0,306.2,283.5,275.9,295.8,324.3,278.7,315.4,310.4,353.5,315.6,346.7,341.9,318.5,365.0,405.8,409.2,407.9,456.7,477.0,465.4,562.3,549.2,619.4,620.8,649.0,686.7,692.1,779.6,836.1,844.7,892.6,970.9,963.1,1090.5,989.6,1123.0,1015.5,1155.6,1188.7,1200.1,1173.3,1260.7,1219.7,1246.8,1245.3,1217.2,1208.6,1125.9,1147.6,1117.5,1075.4,1118.4,1046.8,1033.6,986.4,922.9,875.2,880.1,798.3,747.4,673.7,639.5,608.8,529.1,517.7,494.7,446.2,403.6,346.6,333.5,348.6,288.1,306.6,277.9,260.3,234.6,237.7,228.5,191.4,203.0,183.5,162.0,167.4,158.0,186.7,165.7,164.1,134.3,155.0,145.3,152.2,156.7,160.4,162.9,164.4,139.8,153.7,148.1,135.6,159.7,131.7,168.0,156.1,152.4,141.9,167.5,154.2,143.5,170.9,156.9,148.4,164.5,140.9,143.5,167.2,131.1,145.4,143.5,132.6,153.0,154.3,150.6,162.6,144.5,146.7,141.9,123.6,142.4,123.4,142.3,142.0,179.1,144.0,144.9,154.1,157.5,140.8,159.2,163.6,142.5,118.9,142.3,158.2,163.0,160.7,144.1,160.6,152.0,162.8,168.4,158.3,133.4,151.5,154.2,154.2,138.0,145.7,155.0,158.5,145.3,131.3,157.7,142.0,147.9
0,hydrocarbon,66.5,59.7,74.8,69.5,67.7,69.2,88.6,77.9,60.6,74.4,63.9,79.3,72.9,66.6,63.1,63.9,78.9,73.3,65.6,70.8,58.7,73.5,82.3,61.6,88.7,69.3,63.5,73.7,78.1,65.9,64.0,72.2,84.1,88.9,65.2,85.2,82.7,62.7,75.0,90.6,69.4,82.5,76.8,90.9,88.9,74.0,81.1,89.5,76.6,61.2,66.2,89.2,96.9,85.9,80.6,81.1,79.9,84.4,89.3,82.3,93.7,101.3,91.2,115.8,93.9,123.8,151.1,142.8,145.6,178.9,219.7,284.1,322.8,379.8,477.3,535.3,576.2,699.6,887.3,1021.5,1243.6,1417.4,1537.6,1766.0,1938.4,2067.2,2342.0,2604.2,2838.4,3102.1,3333.1,3479.8,3571.7,3727.3,3783.9,3815.5,3807.1,3875.1,3734.7,3648.6,3609.7,3490.5,3252.4,3126.8,2843.7,2749.7,2345.1,2259.1,2023.2,1762.8,1609.4,1421.1,1196.1,1087.4,978.4,798.7,647.5,583.1,489.9,403.8,409.9,307.9,295.9,263.0,198.0,186.0,176.4,165.9,163.0,153.4,162.0,161.6,173.4,160.9,144.9,171.2,167.8,189.7,189.5,200.0,219.9,231.4,218.6,235.5,256.0,265.6,246.2,268.1,260.4,278.8,275.4,320.7,297.6,342.2,317.6,312.4,335.6,310.0,339.0,384.7,304.2,315.8,286.9,275.7,276.5,296.3,275.1,276.5,253.6,270.1,240.1,244.0,231.4,220.1,207.2,206.5,214.5,199.4,169.6,175.1,155.2,169.6,171.0,145.6,172.3,158.2,164.9,144.2,145.2,124.6,158.9,155.5,134.7,138.6,155.7,128.2,152.3,139.5,139.6,125.3,128.2,143.9,119.2,140.8,135.3,129.7,133.8,128.9,123.7,144.2,130.7,140.5,132.7,150.5,148.7,148.8,127.8,113.3,149.0,135.9,128.1,135.4,140.6,133.5,145.8,147.6,122.2,154.7,135.4,130.0,142.2,131.8,149.4,134.4,135.9,107.3,122.0,123.4,143.3,147.1,146.4,142.7,146.5,149.9,139.8,137.4,138.1,126.3,123.9,120.7,147.1,143.6,127.4,134.8,122.0,135.3,150.5,119.0,141.2,136.2,145.6,150.2,131.9,137.3,163.8,123.9,131.7,147.3,135.4,168.7,160.6,143.2,144.8,144.0,140.9,144.3,145.5,154.5,147.6,158.4,149.4,155.5,158.4,143.0,155.8,154.5,154.0,157.1,143.1,161.6,156.7,161.2,153.5,146.6,136.3,154.6,156.9,147.6,170.0,157.2,158.6
1,alcohol_ether,61.5,63.3,70.4,61.2,67.8,62.2,73.0,67.0,68.6,70.8,80.0,59.0,80.0,65.6,82.1,64.9,59.1,55.3,45.9,64.2,73.8,82.6,63.2,68.8,79.3,77.4,73.6,63.6,84.8,56.8,80.9,66.0,76.9,64.9,74.6,69.6,80.0,72.3,67.4,69.9,75.0,67.5,73.6,68.2,67.2,82.4,77.3,58.9,57.0,80.7,70.1,77.6,74.7,66.1,79.6,64.6,61.8,74.9,59.5,53.0,75.6,77.2,78.2,89.3,81.9,89.2,88.4,102.3,114.3,143.1,150.7,138.8,197.8,199.0,252.3,311.7,317.2,399.1,429.5,565.3,604.4,666.8,824.3,916.6,1071.9,1107.0,1232.3,1377.6,1479.6,1590.8,1735.6,1832.6,1822.5,1946.5,1964.8,1918.7,1893.5,1905.6,1945.0,1849.2,1893.9,1847.9,1618.2,1646.9,1577.7,1498.6,1489.4,1401.2,1357.2,1323.8,1306.3,1267.1,1277.6,1277.4,1338.5,1320.7,1339.6,1382.0,1423.5,1556.8,1584.2,1556.0,1636.9,1724.8,1731.5,1599.7,1600.9,1638.2,1664.6,1651.6,1636.8,1464.9,1340.5,1305.5,1255.9,1128.6,1064.2,1008.7,908.0,820.4,739.7,688.7,628.2,521.4,474.0,435.5,359.2,351.6,319.3,288.3,256.2,251.5,248.4,209.9,229.0,221.3,224.5,228.1,249.9,280.7,270.0,289.4,296.3,338.3,350.8,373.3,431.6,447.7,420.7,437.9,497.9,528.0,514.5,603.8,604.5,576.7,613.6,586.0,582.0,652.3,617.3,629.8,616.7,547.3,612.9,570.7,544.4,496.0,507.1,465.1,444.4,419.5,363.9,376.3,349.7,295.0,306.9,263.5,252.7,241.5,221.7,180.2,203.0,164.5,170.2,164.2,143.6,130.4,125.0,117.5,133.1,109.1,122.1,116.5,104.7,111.9,101.9,106.2,132.6,120.1,97.5,117.2,97.2,97.0,97.6,91.9,114.3,92.3,109.4,92.4,119.6,106.4,96.1,129.0,83.6,98.3,98.5,129.7,107.9,96.6,119.8,124.6,119.8,104.6,133.2,98.4,104.0,111.3,114.4,96.0,98.4,116.0,115.7,99.8,103.7,109.0,117.0,105.2,123.5,103.3,107.7,112.7,103.3,109.9,103.3,113.4,119.1,115.7,96.1,121.0,123.4,110.5,107.8,120.1,126.2,101.9,109.6,113.7,99.5,122.1,105.8,108.6,117.0,99.9,109.8,95.8,119.1,115.8,120.3,116.0,108.7,122.7,116.8,136.9,110.6,113.7,109.8,116.1,125.4,115.0,109.5
1,alcohol_ether,81.5,78.7,76.2,86.7,88.4,97.1,81.4,83.9,81.1,103.4,82.1,83.8,82.2,83.3,79.8,73.9,82.9,91.8,79.1,84.8,96.9,116.6,79.9,95.7,78.0,72.8,75.3,79.7,92.4,78.0,84.9,87.1,86.0,74.1,81.4,88.0,87.3,82.7,83.8,83.3,89.9,81.3,69.2,86.4,88.4,80.9,78.9,77.6,93.2,95.1,79.7,86.7,75.1,91.0,83.8,72.5,76.6,94.4,86.7,99.3,92.6,95.1,81.2,115.9,98.3,108.6,115.7,115.3,121.1,148.7,168.9,173.4,222.9,234.5,254.6,313.8,345.4,405.7,495.3,610.4,659.8,768.2,793.8,929.7,1064.6,1156.6,1293.9,1436.0,1557.8,1722.0,1754.1,1849.2,1987.7,2059.8,1999.4,2014.0,2031.0,2023.9,2009.8,1997.6,1926.8,1833.7,1868.8,1766.6,1615.3,1632.0,1449.2,1405.7,1430.4,1282.5,1277.7,1255.0,1275.2,1285.0,1261.3,1336.2,1352.0,1424.5,1459.5,1513.9,1487.0,1538.0,1608.8,1611.5,1649.3,1605.7,1568.9,1556.7,1535.7,1523.0,1525.0,1466.7,1423.0,1244.4,1251.1,1150.5,1052.7,1049.6,922.0,924.5,803.5,777.3,726.1,611.7,565.4,560.4,512.6,483.6,430.2,428.2,438.4,374.8,422.7,374.5,389.6,345.0,357.0,374.6,402.5,362.4,403.6,390.2,393.2,415.4,444.4,451.9,452.9,424.7,420.8,470.7,483.2,473.1,464.0,512.3,545.5,538.0,494.2,499.4,492.4,474.9,522.7,486.6,495.6,483.0,487.5,472.1,462.8,422.5,425.8,400.7,364.1,333.2,334.8,320.7,294.0,301.3,248.9,230.9,214.1,210.2,207.0,165.9,173.5,179.6,157.9,156.8,167.4,143.3,131.6,135.0,123.5,127.8,105.5,105.9,110.1,105.6,120.1,117.9,104.9,123.2,109.4,107.3,125.0,113.1,101.4,109.6,111.9,113.1,104.8,125.3,108.9,115.5,115.2,113.3,122.5,111.4,98.5,118.0,120.1,131.2,114.4,137.1,145.1,113.1,118.6,110.4,104.6,117.9,117.2,110.7,120.6,113.5,113.9,119.1,132.1,127.4,106.9,122.8,119.1,124.1,118.2,113.7,125.9,105.2,111.3,121.1,115.3,134.4,123.8,113.2,127.4,121.4,123.8,122.0,144.2,111.1,140.3,122.3,134.2,133.1,117.5,142.9,129.6,119.3,104.3,121.3,106.8,129.8,120.4,114.7,140.0,123.8,125.1,126.6,120.0,133.9,127.1,126.9,107.7,118.4,115.0
3,carboxyl_ester,128.8,104.3,91.3,112.6,96.6,96.4,105.3,117.6,87.6,106.6,103.3,97.6,97.8,84.4,112.0,97.6,106.3,103.4,120.8,103.2,107.1,101.9,92.0,99.2,123.2,98.2,118.7,93.3,89.8,110.8,95.3,104.4,115.0,100.0,106.8,105.6,97.6,115.4,122.8,99.3,102.5,106.2,110.0,117.1,116.2,108.7,104.1,99.9,100.0,99.1,125.8,119.1,113.3,115.0,96.2,117.1,113.1,115.8,107.6,118.7,118.8,115.9,117.3,115.2,115.2,119.9,122.1,122.6,135.7,136.9,135.8,140.8,158.4,164.2,208.3,221.9,238.5,239.9,285.5,315.2,327.7,337.5,461.1,475.7,582.9,649.2,692.7,769.4,797.4,893.2,925.9,1013.2,1075.8,1201.2,1171.4,1306.6,1303.0,1290.6,1322.8,1376.6,1352.3,1329.2,1347.9,1332.9,1249.0,1245.6,1250.0,1153.5,1145.2,1084.9,1048.7,944.4,1011.8,913.0,968.8,896.9,889.7,906.0,878.1,908.7,895.6,907.7,898.1,932.9,915.4,976.0,965.9,1010.9,961.2,1004.8,945.6,981.5,941.1,924.8,905.2,911.1,879.3,849.5,817.1,808.3,742.0,707.5,780.2,666.2,642.7,632.6,648.7,611.2,578.9,582.2,591.3,599.7,628.9,592.3,598.5,653.9,679.4,694.2,689.1,770.7,786.6,845.6,896.0,986.7,1019.8,1018.0,1137.6,1168.6,1232.3,1343.6,1340.2,1415.5,1501.2,1536.1,1562.6,1708.6,1778.9,1828.3,1802.9,1909.2,1869.0,1898.0,1879.7,1839.6,1879.5,1851.7,1780.6,1809.7,1771.6,1661.0,1603.8,1543.5,1568.0,1363.4,1325.0,1285.2,1203.9,1147.6,1000.2,952.3,882.7,934.5,736.7,748.2,668.3,617.4,526.5,466.7,411.8,361.1,344.8,336.4,274.3,255.3,254.7,261.7,227.7,208.1,197.5,174.9,193.8,164.5,173.5,148.7,148.6,150.9,159.1,142.9,139.3,128.6,131.4,124.5,144.3,143.1,144.8,119.9,143.9,165.0,148.0,131.1,133.2,139.7,126.0,146.9,144.2,161.0,133.5,128.6,118.9,135.6,159.8,138.1,130.2,148.9,147.1,157.3,131.3,127.6,137.5,154.3,167.6,141.6,168.4,154.6,154.2,133.8,159.9,160.3,134.9,159.2,153.1,134.2,143.2,145.2,149.7,159.9,148.5,170.1,145.8,142.8,144.5,157.8,145.8,157.6,167.4,129.3,153.2,136.9,177.6,158.1,175.8,172.0,158.3,136.9,153.3,176.9,148.6,142.4,175.0,153.9,149.5
1,alcohol_ether,46.6,56.4,64.9,60.7,60.9,49.3,61.2,62.0,61.2,67.1,55.8,70.3,79.8,63.4,38.5,55.1,58.0,57.1,54.2,68.8,61.7,56.1,61.0,57.3,66.8,61.8,56.3,67.8,56.7,52.9,57.8,62.0,64.7,73.8,75.4,61.8,61.5,71.9,72.0,59.0,61.2,71.5,74.8,62.2,73.9,61.4,81.4,57.3,64.2,56.4,72.1,76.4,65.6,70.8,87.5,72.4,79.9,82.7,63.8,70.7,76.7,82.1,72.5,82.3,81.9,66.9,93.4,84.1,86.4,78.9,111.1,111.9,104.4,109.7,156.6,188.7,206.3,225.7,273.2,295.2,321.9,377.3,487.3,511.4,572.5,654.9,683.5,809.5,890.5,967.2,1045.2,1046.1,1128.1,1177.1,1196.6,1236.5,1283.2,1196.5,1223.0,1124.0,1142.6,1164.9,1051.0,1046.0,1009.4,1043.1,969.8,923.3,957.3,994.0,940.0,937.9,1012.6,1064.9,1067.0,1108.8,1192.1,1276.9,1341.9,1342.4,1409.8,1479.6,1524.5,1549.9,1583.8,1600.8,1637.1,1582.7,1560.9,1560.9,1443.0,1532.0,1423.3,1289.5,1280.2,1218.3,1092.1,992.7,936.7,838.8,775.7,679.2,623.3,545.1,516.6,466.5,402.3,385.1,338.3,320.4,268.6,292.3,315.3,289.5,306.5,318.2,318.7,346.6,395.2,406.9,445.6,490.8,529.4,596.9,650.3,692.2,811.5,833.3,904.4,990.1,1038.3,1063.4,1176.9,1176.5,1234.6,1313.2,1317.2,1295.1,1406.2,1447.1,1427.7,1453.2,1493.1,1407.4,1358.7,1359.7,1240.3,1228.6,1136.1,1104.5,1044.1,968.1,954.7,804.7,813.9,732.5,673.2,606.6,550.8,507.0,417.3,386.3,363.7,307.9,306.8,252.8,259.2,225.4,191.9,174.9,167.3,167.0,173.4,146.1,139.8,132.6,126.2,121.0,127.4,120.2,127.7,103.7,118.0,108.2,116.0,123.2,105.7,111.9,119.3,117.2,109.2,110.8,96.9,117.0,121.2,110.2,115.5,109.6,121.5,105.4,108.4,127.7,124.0,113.3,128.7,106.0,129.2,106.9,146.0,113.7,104.4,142.4,127.9,111.3,115.5,121.6,124.4,131.5,128.8,126.2,131.5,131.2,116.2,128.8,113.2,116.4,119.4,124.7,124.3,138.0,103.5,115.8,134.3,121.4,136.1,137.7,138.9,121.0,124.1,135.4,132.5,144.5,124.3,128.5,119.0,124.9,136.6,119.8,131.1,141.9,124.6,130.4,136.6,131.2,114.0,126.7,122.6,132.1,127.8,117.2,142.5
2,carbonyl,89.3,74.8,84.7,85.2,90.6,87.1,73.1,61.5,83.3,93.5,84.9,86.7,104.3,103.4,86.3,108.6,80.2,112.7,92.4,96.7,84.6,94.1,100.4,101.4,104.0,96.6,97.2,88.5,87.5,103.7,92.6,112.6,99.2,91.3,106.2,94.8,85.4,85.9,114.4,99.0,95.9,108.6,110.7,79.4,85.2,103.7,100.4,90.1,109.8,107.4,97.3,103.9,88.0,107.6,116.2,106.6,108.5,99.8,107.8,94.7,114.0,106.6,134.2,127.5,118.0,123.5,128.7,126.1,126.1,154.8,159.6,146.9,179.6,223.8,256.7,290.5,350.2,389.4,411.1,472.5,602.6,688.9,838.5,875.3,1012.0,1124.7,1238.9,1319.9,1551.5,1648.8,1720.4,1758.2,1889.3,1937.2,1984.4,2079.1,2119.1,2039.1,1970.4,1986.0,1916.9,1814.4,1728.8,1642.7,1480.4,1424.7,1317.8,1252.3,1174.4,1094.0,984.5,970.6,955.7,859.6,862.1,837.0,827.5,879.9,866.5,832.6,918.2,927.5,921.1,983.4,937.7,989.3,1020.0,973.3,1002.6,1002.6,919.3,925.4,950.3,906.0,886.6,899.0,849.4,887.5,852.2,936.6,969.1,947.6,953.3,993.0,1036.1,1083.5,1070.7,1132.2,1221.7,1256.4,1259.8,1364.5,1317.4,1302.1,1377.8,1378.1,1346.5,1325.7,1370.8,1321.0,1348.3,1274.0,1193.2,1221.2,1110.4,1080.3,1028.0,930.5,856.2,800.6,776.3,757.8,644.6,610.2,564.9,515.6,451.8,427.2,416.7,360.3,330.3,302.2,306.4,269.9,275.7,255.6,262.1,228.0,234.3,231.0,233.2,216.1,222.5,208.2,194.8,169.4,209.2,211.9,164.4,182.9,183.3,170.4,192.0,159.1,168.5,168.8,191.2,155.4,176.0,168.7,168.8,178.8,198.5,146.0,162.1,154.4,178.9,156.9,180.4,182.5,206.3,180.9,168.9,184.5,187.6,172.0,154.0,175.2,170.9,157.1,148.6,155.5,155.1,182.0,165.0,188.1,162.0,172.5,172.8,181.2,186.4,168.3,172.8,180.7,176.7,168.7,172.0,200.9,172.6,203.9,170.9,159.8,185.7,182.8,181.6,188.2,192.3,177.4,197.7,176.9,194.7,200.6,184.7,192.6,184.6,182.6,197.9,162.7,195.9,193.2,181.8,190.8,194.0,203.6,205.6,192.0,215.0,172.7,194.7,185.3,211.0,190.1,194.3,209.5,192.2,224.9,217.4,199.6,213.5,194.7,213.5,210.1,203.4,191.3,194.7,191.0,202.5,210.2,203.9,187.7,187.7
1,alcohol_ether,62.8,63.1,55.6,62.4,74.0,62.4,56.0,59.1,94.5,63.1,60.0,62.7,52.4,71.3,68.9,67.3,59.6,74.4,66.0,82.4,55.7,57.1,63.9,74.7,67.0,59.5,68.2,66.2,67.3,74.6,72.0,73.0,71.8,73.3,63.6,65.8,87.5,71.5,71.3,68.1,59.7,60.8,69.8,74.7,86.7,84.3,94.5,57.8,78.2,60.7,66.1,77.4,88.2,64.5,85.3,71.4,59.4,71.9,65.8,70.0,86.1,86.2,59.4,67.8,73.6,80.5,75.2,68.8,76.4,81.1,97.5,106.8,134.3,138.9,168.7,173.0,198.7,217.0,269.1,287.0,329.6,355.4,403.5,490.0,543.2,556.5,618.7,690.0,747.5,809.2,948.6,996.3,976.2,1020.7,1062.3,1104.9,1158.7,1234.8,1198.0,1246.7,1180.1,1281.7,1277.7,1198.5,1168.6,1217.4,1141.5,1234.3,1217.7,1184.9,1352.4,1321.6,1398.9,1436.1,1549.3,1560.6,1655.6,1732.6,1799.2,1805.8,2008.3,2187.8,2247.4,2234.1,2271.4,2340.6,2414.7,2335.2,2381.0,2402.5,2299.1,2329.5,2258.0,2123.2,2140.3,1998.5,1870.1,1913.4,1655.3,1675.9,1558.9,1493.6,1434.8,1258.9,1254.1,1105.3,1055.4,1077.8,986.8,1018.5,923.8,892.5,965.6,868.0,872.8,830.7,782.2,803.7,813.8,779.2,765.5,755.5,724.1,738.1,683.5,639.8,616.8,575.7,597.1,563.5,510.9,467.9,427.5,429.5,411.2,373.9,374.2,313.8,322.4,291.0,283.6,264.4,224.2,243.8,215.1,207.2,204.7,216.4,182.0,182.3,147.9,167.9,139.3,139.4,112.8,150.1,158.6,139.8,108.7,134.4,131.2,126.5,104.4,108.6,135.7,110.0,103.3,81.2,103.0,95.9,85.4,102.5,99.8,97.9,96.6,91.8,94.8,103.2,94.5,107.3,84.0,98.0,85.4,93.9,105.0,98.6,82.5,96.3,103.1,100.8,94.2,89.5,102.8,100.4,101.7,85.6,95.9,92.4,88.4,89.3,77.1,101.2,89.3,95.4,111.2,91.8,93.7,91.7,97.9,106.2,105.1,83.0,101.0,101.8,93.7,92.4,81.6,92.3,97.0,115.1,86.1,99.0,119.3,100.9,101.0,87.8,95.5,88.9,101.7,93.3,95.2,106.4,96.2,94.2,89.4,86.5,88.3,99.6,98.4,79.7,109.2,81.0,103.8,92.7,73.6,110.7,111.4,94.7,107.6,93.4,120.7,108.0,86.0,100.8,102.2,112.6,88.6,104.9,109.6,107.8,104.8
3,carboxyl_ester,73.2,69.4,62.9,70.0,74.6,70.9,77.9,63.6,71.0,80.8,73.6,66.8,70.2,81.4,72.5,87.7,75.8,83.4,81.8,68.8,83.9,77.4,75.4,83.6,68.8,87.8,84.0,75.8,74.7,79.8,57.1,75.1,81.5,82.1,72.7,85.3,77.8,87.0,75.1,78.3,88.1,83.3,76.1,81.8,80.3,71.0,72.0,75.9,76.1,76.9,83.3,85.4,83.5,96.2,71.0,64.5,97.9,86.0,86.6,75.6,83.4,100.2,84.1,86.2,90.4,85.7,90.9,88.5,104.2,102.8,104.2,114.0,106.5,143.2,149.3,124.5,151.1,191.4,221.1,248.2,302.8,316.1,375.0,376.3,395.4,501.2,485.8,534.5,592.3,638.0,661.3,717.9,717.7,768.6,732.7,794.0,784.6,770.1,724.4,653.5,680.4,618.2,606.5,526.1,493.9,466.9,444.6,375.6,367.7,312.4,306.1,294.8,276.2,241.7,229.9,225.8,239.0,213.7,239.6,237.1,215.1,200.4,219.1,245.5,215.2,224.2,224.1,248.1,233.7,236.6,248.3,236.9,243.3,227.3,224.3,230.0,212.5,248.1,234.9,251.5,236.8,279.1,269.2,274.6,290.5,304.8,340.7,379.6,397.9,409.2,462.3,478.3,570.5,595.6,617.1,667.7,735.4,869.6,843.1,1006.2,1169.2,1191.7,1251.0,1440.5,1574.4,1796.0,1864.3,1988.6,2183.8,2219.6,2376.0,2531.2,2745.7,2778.9,2809.6,2921.4,3014.5,3070.7,2964.0,3050.2,3119.2,3087.8,3032.1,2948.8,2870.8,2683.8,2503.0,2450.0,2203.6,2103.0,1905.5,1724.6,1588.5,1517.0,1280.7,1200.1,1072.7,962.6,816.4,716.7,624.6,603.4,469.8,434.0,366.1,313.4,291.5,267.9,207.7,182.0,160.8,168.5,141.9,136.9,137.6,121.5,127.0,113.6,118.4,118.9,126.3,112.9,100.5,112.1,121.2,115.3,101.9,102.8,116.9,121.7,114.8,145.4,106.1,117.0,110.8,121.1,111.6,122.6,108.6,113.0,127.9,108.8,123.6,121.8,97.3,128.6,112.7,115.1,124.5,126.7,125.3,122.4,138.2,121.3,122.7,126.9,123.6,117.6,114.1,126.8,112.5,123.5,121.4,98.7,123.5,108.4,111.5,141.3,116.2,128.7,118.8,118.0,128.6,134.1,130.7,117.4,124.8,114.8,118.6,105.0,135.3,126.7,116.5,107.7,132.2,107.8,109.0,135.4,120.6,118.2,121.5,119.1,140.6,115.2,126.9,120.5,128.1,110.8,135.6,123.9,120.3
2,carbonyl,79.0,76.3,51.4,72.6,76.9,85.5,71.1,78.6,77.1,63.2,76.0,69.1,80.4,60.2,76.9,79.1,63.1,70.0,76.0,98.1,73.7,74.4,75.4,85.7,78.2,85.2,76.9,76.6,72.7,74.6,74.5,71.5,63.7,78.8,73.2,90.3,90.4,82.8,81.1,86.4,86.1,82.6,85.4,77.0,81.5,69.3,70.0,85.8,89.5,89.1,72.2,71.8,89.3,81.1,69.8,87.3,75.8,92.9,90.6,72.5,66.6,99.0,90.6,105.1,93.3,92.2,95.2,101.4,135.6,124.7,137.8,177.2,183.0,197.9,216.4,270.7,335.9,418.1,417.3,487.8,594.7,674.0,730.3,827.6,925.1,1078.1,1156.3,1304.9,1467.1,1514.9,1640.2,1702.7,1759.8,1834.3,1913.3,1930.0,1913.5,1848.0,1822.7,1759.2,1694.1,1599.4,1517.0,1515.1,1321.9,1277.6,1181.0,1059.4,1000.6,874.5,803.5,753.7,655.5,685.7,548.1,566.4,489.3,489.4,491.6,479.0,444.8,435.5,454.3,489.2,519.9,465.6,442.3,417.4,472.0,464.2,447.7,394.6,436.0,465.6,407.0,385.7,410.2,385.4,369.9,353.0,360.4,393.9,391.7,349.5,378.8,412.4,390.9,435.4,445.8,462.7,456.4,470.3,498.6,548.6,575.7,626.6,624.6,719.4,703.3,751.5,834.9,852.4,917.6,943.5,986.9,1088.9,1094.9,1182.3,1322.1,1343.2,1302.0,1491.0,1517.1,1528.9,1559.6,1563.9,1695.0,1693.2,1675.5,1694.2,1714.1,1692.3,1659.9,1641.2,1636.5,1524.7,1552.5,1437.0,1302.9,1244.3,1201.8,1150.8,1016.5,967.5,966.2,788.0,743.8,678.6,634.6,548.0,489.9,425.2,362.3,328.5,325.6,303.4,259.8,238.0,197.5,163.9,142.2,172.5,165.4,150.9,163.1,143.3,142.7,119.0,130.8,118.3,130.0,105.1,123.3,127.9,118.3,113.6,110.3,113.7,108.8,104.6,127.4,111.0,108.8,146.4,125.6,118.4,124.2,128.6,119.2,118.9,122.1,110.3,115.8,121.8,107.6,122.5,145.7,106.2,128.2,138.0,118.7,124.7,133.0,119.0,122.9,145.0,117.4,128.8,133.7,137.4,139.4,126.1,126.3,113.8,104.3,136.0,142.1,115.5,121.7,144.6,126.2,129.5,133.8,115.1,141.4,123.8,127.4,117.7,141.2,124.5,102.8,139.2,145.9,123.9,137.8,119.0,138.1,126.1,144.0,149.8,119.6,146.0,160.3,113.4,135.9,133.8,115.6,128.0,147.5,138.1,169.7
0,hydrocarbon,72.8,76.7,70.9,65.7,63.9,71.1,69.8,53.2,55.0,65.3,76.1,57.9,58.6,67.7,59.3,70.9,79.3,75.4,64.4,75.9,85.8,80.2,75.3,78.2,90.7,76.9,65.2,74.5,67.3,71.5,71.7,73.6,92.2,81.7,77.3,73.5,75.1,69.1,71.8,74.6,71.2,61.0,85.6,91.4,79.8,85.9,82.8,89.2,84.1,88.3,87.1,69.9,73.8,80.7,75.8,63.2,97.9,98.2,112.2,80.6,97.1,106.1,116.0,141.4,142.3,155.3,208.3,227.2,236.5,300.8,340.5,428.9,467.3,596.0,679.1,772.3,905.5,1087.0,1294.4,1348.0,1568.3,1749.4,1994.8,2145.8,2350.0,2579.4,2836.5,2918.6,3208.3,3387.7,3463.7,3618.6,3693.1,3767.3,3837.6,3805.1,3765.3,3798.0,3648.5,3626.3,3450.7,3235.2,3110.8,2915.9,2587.2,2480.1,2281.6,2085.5,1914.1,1709.6,1568.0,1434.9,1358.3,1144.2,1021.0,876.3,804.4,782.8,672.3,688.6,563.5,599.7,514.7,445.6,448.6,430.6,475.5,418.9,370.4,377.0,397.4,361.0,314.7,304.1,309.8,292.7,294.6,254.5,231.7,239.0,236.2,215.3,189.9,193.2,164.1,155.6,187.0,157.3,144.9,136.8,133.8,125.5,114.2,102.7,132.6,110.3,105.7,102.8,119.0,110.2,120.8,115.1,101.3,97.5,100.9,113.2,102.1,107.1,91.5,102.1,88.4,118.0,111.8,109.2,91.6,108.8,97.0,107.8,117.5,93.0,104.4,88.5,78.6,89.2,93.6,95.8,97.5,109.0,114.0,103.1,92.5,112.3,88.9,109.5,106.6,119.6,109.0,114.2,100.8,104.4,101.9,101.9,105.1,92.9,113.1,103.6,111.8,104.9,92.4,114.5,103.2,77.6,118.5,125.4,125.4,107.9,94.9,115.5,106.3,97.9,131.4,111.4,105.6,118.9,119.0,109.1,113.5,126.9,117.1,132.8,117.8,102.8,116.5,145.3,107.0,117.1,119.0,103.1,102.7,140.0,107.1,113.3,120.7,104.4,107.7,107.3,107.8,132.7,105.5,87.2,130.6,122.2,98.0,118.8,105.3,131.5,130.2,125.1,97.7,111.9,110.7,109.9,114.6,136.3,125.3,121.5,109.3,130.8,131.8,120.2,108.5,119.6,120.1,110.9,110.1,121.7,115.7,116.3,102.7,124.2,130.5,116.5,123.7,124.1,137.9,114.1,109.3,120.7,128.3,113.0,112.4,129.0,118.2,110.3,122.2,124.3,139.4,126.0,130.7,119.2,113.2
1,alcohol_ether,59.9,72.1,59.7,55.3,58.0,59.7,85.8,83.4,65.0,60.7,79.2,78.8,70.8,74.8,68.5,46.3,71.3,70.1,88.4,57.3,59.9,71.5,70.0,64.3,61.8,62.5,73.5,50.9,79.4,58.5,64.8,67.7,75.7,79.3,68.3,61.1,84.8,71.9,70.3,51.1,78.4,56.9,75.7,76.1,81.1,68.1,69.3,78.5,72.9,77.7,52.8,75.4,67.8,66.8,81.0,61.2,74.7,86.8,68.8,71.5,75.7,80.1,62.6,91.6,83.5,106.9,99.8,91.9,117.3,122.8,151.0,161.1,187.5,212.3,226.4,335.5,349.1,392.9,469.4,558.9,633.0,771.5,852.3,949.9,1149.3,1218.0,1398.4,1537.4,1606.3,1855.0,2024.4,2143.1,2247.5,2373.6,2379.1,2387.7,2433.3,2486.6,2461.4,2357.1,2416.1,2381.6,2223.0,2127.9,2079.0,1963.3,1819.0,1645.2,1539.5,1553.6,1440.0,1408.6,1339.5,1276.9,1194.7,1225.8,1203.5,1153.5,1199.0,1248.4,1222.3,1265.5,1234.9,1284.1,1323.2,1314.3,1335.2,1238.9,1234.1,1322.2,1292.4,1284.2,1159.1,1112.3,1076.6,1061.3,1006.5,958.5,859.1,817.6,687.9,618.2,572.8,539.3,509.7,501.1,455.1,392.1,354.2,337.7,339.0,330.2,312.4,293.0,320.5,279.4,304.1,277.1,302.2,284.8,291.5,286.1,305.7,347.0,322.1,331.0,345.5,368.6,341.1,371.9,398.7,358.3,384.5,428.2,435.3,384.9,425.8,429.7,431.2,392.8,408.8,409.0,398.8,450.1,393.8,393.5,391.1,391.0,374.0,353.4,300.3,294.6,298.4,311.7,240.0,289.8,249.0,218.3,223.9,189.6,203.7,191.4,173.4,144.8,155.2,131.9,131.1,142.5,116.2,108.2,140.3,109.2,116.8,112.1,98.8,109.6,95.8,110.8,96.4,88.2,87.5,84.1,95.7,102.0,102.3,116.5,91.4,104.5,95.2,94.3,114.3,96.2,105.0,104.8,117.0,98.1,107.4,113.4,104.3,100.4,110.4,99.9,94.3,108.4,97.7,108.3,90.6,118.5,91.0,99.1,93.7,114.6,94.1,115.5,108.8,110.4,106.4,133.3,108.6,97.6,105.0,114.4,110.9,94.7,94.6,109.5,100.5,113.9,104.2,105.9,97.5,79.0,105.4,84.1,103.6,117.3,112.4,98.4,94.0,115.7,109.4,104.9,90.4,104.1,114.0,120.4,122.2,123.8,93.8,111.7,113.7,127.0,121.2,139.4,93.9,116.5,121.6,118.2,142.2,105.6,136.9
0,hydrocarbon,57.2,57.8,62.7,61.4,53.6,53.1,65.5,59.7,68.8,64.2,69.7,62.2,60.0,65.8,30.3,57.4,68.1,66.2,48.6,71.4,66.0,54.8,60.8,52.5,76.3,72.0,53.2,61.5,76.6,62.0,70.5,75.6,60.1,66.2,59.7,66.6,56.2,66.7,63.4,63.9,71.4,70.9,70.2,73.4,65.9,75.1,73.0,56.3,63.8,80.2,73.1,60.7,71.5,73.0,70.9,52.6,61.9,78.0,78.8,69.1,69.5,87.9,84.4,78.6,82.1,83.7,101.7,86.0,104.2,137.9,118.9,172.0,174.4,217.6,274.9,293.1,375.6,427.7,546.6,643.1,779.8,870.1,920.4,1232.8,1376.4,1594.5,1899.3,2041.0,2279.3,2463.0,2783.9,2882.5,3206.4,3383.4,3598.1,3712.1,3891.6,3919.7,3944.4,3998.0,4078.6,3988.5,3906.7,3747.4,3658.3,3302.5,3194.8,2892.6,2821.7,2506.0,2287.5,2007.5,1835.0,1634.6,1348.8,1272.9,1055.2,906.3,796.2,657.8,550.0,471.5,426.5,332.1,313.5,285.6,219.2,232.5,172.1,164.2,170.8,190.2,163.5,142.9,132.6,154.2,134.1,132.5,133.7,142.3,116.9,119.6,119.8,119.0,110.6,113.1,112.7,111.3,109.0,114.9,82.3,95.2,114.1,93.1,113.0,105.1,84.3,108.7,90.4,100.5,90.7,106.1,106.4,114.4,113.4,99.3,90.5,102.1,93.3,93.6,115.4,96.1,105.9,106.8,115.3,97.0,98.6,97.7,91.7,103.5,99.7,94.7,95.3,88.0,118.9,86.9,88.7,109.3,106.9,97.5,124.0,91.8,114.0,109.2,103.2,124.2,104.6,89.4,105.1,99.6,102.4,111.4,127.4,105.6,120.0,129.3,91.4,123.3,107.2,118.3,129.4,98.0,103.3,95.1,115.7,105.0,104.2,120.3,108.9,94.2,124.3,98.5,133.4,102.1,105.7,118.4,136.0,108.4,110.2,102.0,105.9,129.2,97.3,121.0,112.3,120.4,109.2,110.4,115.2,122.4,124.6,111.0,107.2,106.5,131.9,119.3,130.7,139.4,107.7,117.7,111.8,112.5,114.4,126.6,116.6,124.6,110.6,113.8,123.4,126.9,134.1,126.7,118.0,112.0,123.8,129.1,128.2,122.5,98.7,118.0,136.5,110.5,127.6,124.3,155.2,116.5,135.6,128.4,122.8,111.1,127.7,140.0,109.4,122.4,109.9,130.9,118.8,139.4,128.3,112.3,140.1,140.8,129.0,121.7,118.0,110.4,146.1,146.9,133.5,139.9,139.0
2,carbonyl,96.2,101.9,109.1,119.2,109.1,105.8,98.3,109.4,119.6,130.4,91.6,114.4,107.3,102.6,140.2,119.4,108.6,114.8,106.5,89.1,113.7,103.2,113.5,113.5,100.4,106.5,114.5,112.9,114.3,117.5,110.6,135.7,136.6,111.9,105.0,109.8,136.6,97.5,133.4,99.9,114.5,116.6,112.1,106.1,116.2,89.2,120.7,124.8,111.8,122.3,111.0,121.0,121.0,108.3,124.0,109.6,115.0,126.3,136.4,123.9,114.5,135.0,135.8,156.6,137.3,130.2,136.9,154.7,147.6,160.2,198.5,188.6,197.8,205.0,262.7,323.0,313.4,363.5,435.2,502.4,581.1,657.7,729.1,802.1,941.1,1099.6,1189.0,1322.3,1397.3,1569.0,1632.7,1753.5,1818.1,1864.5,1965.4,1970.1,1921.1,2038.4,1937.0,1923.5,1889.4,1836.5,1716.6,1656.4,1592.4,1439.5,1321.2,1140.1,1142.7,960.9,875.2,837.2,698.3,687.7,582.0,597.7,531.6,521.1,511.0,498.6,461.8,475.2,496.8,457.1,492.2,475.3,537.4,505.0,491.6,541.6,529.1,564.9,591.2,611.3,644.9,690.7,708.5,770.0,852.2,897.2,912.3,985.9,1077.0,1226.1,1203.0,1347.6,1391.0,1528.6,1601.1,1662.2,1745.9,1740.8,1819.2,1831.0,1970.3,1875.4,1975.8,1959.6,2009.3,1884.8,1853.8,1782.0,1737.8,1804.0,1586.1,1494.4,1497.5,1260.3,1240.4,1124.5,1015.7,1026.4,904.3,781.1,716.9,609.8,608.6,475.3,462.2,454.5,389.2,337.2,309.0,277.9,246.8,243.2,202.9,205.4,211.0,167.6,167.1,176.5,172.1,166.9,160.6,152.1,170.3,105.0,153.3,145.9,166.0,146.9,127.1,147.4,137.6,151.9,161.0,128.8,147.5,136.8,145.0,153.7,142.1,156.4,148.3,160.2,155.4,133.8,155.9,156.6,136.5,153.4,135.4,136.1,148.3,147.0,161.2,144.2,144.4,145.5,158.9,158.5,160.7,149.9,159.5,120.2,161.9,180.3,134.8,160.0,129.9,153.5,159.9,138.2,141.7,127.8,168.9,145.5,160.6,156.7,145.1,165.0,155.3,157.3,183.5,161.3,144.2,143.0,159.4,148.4,153.6,147.2,150.5,185.2,155.2,164.6,161.2,157.6,161.5,166.7,177.8,139.6,173.7,152.7,162.9,175.7,174.9,163.3,157.5,149.5,143.7,167.7,181.1,175.0,160.2,165.8,165.4,169.1,170.5,163.5,176.3,126.1,180.0,173.0,168.0,162.5,152.9,172.8,177.0,182.0,142.2
0,hydrocarbon,76.3,89.3,89.9,90.4,88.6,81.2,93.6,89.1,71.4,66.2,82.0,80.3,93.1,92.5,87.3,87.3,77.7,83.3,76.5,88.1,88.7,93.6,79.9,87.0,92.7,96.5,99.0,100.6,89.4,96.9,102.7,99.2,97.6,83.8,88.5,74.5,99.2,92.5,86.6,84.1,100.4,93.7,78.8,100.2,91.5,111.9,101.0,91.5,104.4,103.7,113.8,92.0,117.0,91.7,109.9,89.1,120.2,113.2,108.2,124.5,133.6,97.0,113.3,124.6,118.8,144.4,160.0,162.6,166.2,172.9,235.8,266.7,372.5,393.2,490.2,575.8,699.8,788.5,970.9,1125.6,1318.6,1498.3,1655.4,1972.9,2199.7,2390.4,2696.0,2946.4,3117.6,3334.0,3661.6,3883.1,3891.0,3964.8,3997.6,4048.4,3913.1,3889.6,3790.0,3659.3,3469.2,3313.0,2995.5,2832.4,2536.0,2274.1,2123.2,1732.1,1578.3,1427.0,1255.9,1020.2,908.7,732.1,641.9,568.5,453.2,382.2,345.2,316.9,276.8,253.8,276.6,222.3,183.8,192.5,194.1,173.6,149.4,172.2,149.8,172.8,196.4,186.7,173.9,170.6,170.6,136.1,173.5,163.9,178.2,152.2,152.3,153.2,142.6,143.3,150.6,164.5,152.3,149.2,169.5,150.1,165.0,155.3,138.4,152.2,157.4,161.7,148.9,168.3,151.1,179.4,185.5,149.3,154.1,153.7,157.8,170.7,140.0,143.1,163.3,167.7,148.0,147.2,159.0,150.9,179.2,159.7,153.3,149.3,171.1,172.0,155.6,163.5,165.3,141.7,145.3,142.1,149.1,156.4,166.9,158.0,164.9,173.8,156.6,159.0,144.3,173.7,147.8,153.4,158.0,153.6,173.2,147.1,166.4,159.3,162.4,139.1,135.6,163.8,159.1,172.8,170.8,165.7,151.9,166.2,166.4,144.1,152.1,164.4,158.1,142.8,150.4,172.8,169.1,147.2,168.2,148.4,154.8,170.8,181.8,157.4,192.5,169.0,188.5,167.8,181.6,158.2,163.1,174.0,182.7,175.5,162.7,171.6,181.0,173.0,178.0,180.2,173.6,173.3,156.4,164.1,184.3,166.4,185.6,147.6,191.5,190.9,168.2,139.6,162.8,175.7,194.4,173.9,204.7,164.0,193.3,194.0,188.7,171.2,177.9,175.5,184.5,190.1,193.6,178.3,180.1,188.8,205.0,174.4,194.8,196.7,192.9,174.5,174.9,215.8,178.7,193.2,192.2,196.7,189.4,206.8,195.0,207.5,194.0,183.9,206.7,201.8,160.4,205.5,210.4
1,alcohol_ether,113.0,89.6,101.1,98.6,84.3,111.1,124.1,102.3,117.9,99.2,121.5,115.9,112.4,108.5,122.4,99.2,103.3,103.8,105.4,108.4,101.4,106.5,112.6,115.9,100.8,110.9,116.3,112.4,122.5,117.0,100.6,109.0,131.8,138.2,110.0,120.3,122.1,135.2,109.9,125.6,111.6,112.1,116.4,129.5,119.5,108.4,110.4,120.1,111.6,131.0,122.4,132.5,126.1,118.3,120.0,125.7,109.1,120.7,119.5,150.1,131.0,130.5,111.0,148.8,135.2,140.7,158.5,196.4,181.7,198.2,234.9,259.1,311.0,372.0,420.7,462.2,542.0,654.7,779.1,855.7,1011.9,1125.7,1264.0,1521.2,1662.6,1787.7,1983.3,2277.5,2454.6,2603.6,2820.6,2907.6,3037.3,3133.2,3258.3,3420.7,3320.0,3278.6,3279.9,3158.5,3068.8,3033.7,2812.6,2664.6,2532.5,2332.2,2195.3,1980.2,1774.3,1698.5,1562.1,1421.9,1192.9,1178.2,1064.1,983.2,890.8,828.7,849.9,762.2,737.1,753.9,748.8,716.9,774.6,611.5,692.5,654.7,663.4,675.3,628.1,653.7,621.9,613.3,555.6,601.8,576.4,545.0,522.9,513.3,508.6,490.8,513.1,485.6,458.0,449.9,492.7,467.8,467.9,480.2,513.6,476.0,476.9,514.2,515.4,496.0,518.0,479.5,490.2,514.9,501.3,481.8,449.9,427.1,465.3,408.1,413.0,366.4,381.7,392.0,369.5,351.6,320.3,324.7,316.3,298.5,285.0,270.5,264.2,265.1,250.4,246.8,247.4,252.6,233.9,236.8,240.2,226.1,216.3,208.7,208.7,218.6,191.0,209.0,198.1,209.0,190.8,204.8,178.5,196.6,207.7,198.3,180.8,144.3,206.0,178.4,182.2,164.9,185.2,161.9,191.4,186.5,167.3,155.8,163.0,202.4,160.4,180.4,214.3,175.1,161.9,175.4,169.7,168.1,187.5,177.1,172.1,163.7,178.7,179.7,187.8,165.7,187.6,144.3,212.2,188.5,169.2,188.3,199.0,166.1,212.8,177.1,198.3,203.3,181.8,167.5,171.7,179.2,173.1,203.2,179.9,218.2,175.9,180.2,198.9,192.6,194.4,185.1,172.1,201.7,202.1,198.1,189.3,195.2,184.8,211.3,195.9,174.2,201.5,217.7,195.7,207.7,187.5,210.6,232.6,195.1,216.7,199.7,197.3,211.7,203.2,197.1,208.1,217.3,186.8,213.7,205.1,220.4,220.1,210.9,199.4,180.2,200.5,203.3,184.1,223.4,204.8,191.2,232.6,196.9,185.7
2,carbonyl,95.0,118.3,113.2,114.8,104.1,117.2,124.1,117.4,102.7,130.9,133.1,108.2,105.1,120.8,113.0,131.0,139.0,109.5,135.8,94.6,111.1,107.4,122.1,127.2,121.9,111.2,123.9,139.3,109.7,116.5,164.0,121.9,132.3,126.0,126.6,127.2,123.4,122.0,111.4,124.7,133.8,131.3,134.9,101.1,133.4,125.2,137.0,137.1,134.1,148.1,130.9,141.0,144.6,110.3,126.6,121.4,136.9,126.2,155.6,136.1,130.8,119.3,135.8,132.6,157.7,166.4,172.0,170.5,179.0,192.1,239.2,246.6,261.7,301.8,376.6,435.7,427.7,567.4,602.7,706.2,826.2,959.4,1023.1,1138.4,1304.5,1521.2,1605.5,1736.9,1895.7,1969.9,2076.7,2222.5,2362.3,2319.3,2458.0,2544.6,2376.8,2412.0,2357.2,2252.3,2203.0,2110.5,2102.9,1973.2,1866.3,1779.2,1642.8,1569.3,1446.1,1388.9,1262.3,1226.6,1211.8,1182.6,1128.7,1094.1,1210.6,1076.2,1117.7,1179.4,1156.8,1205.5,1262.1,1168.7,1193.5,1250.4,1184.5,1238.0,1126.1,1123.0,1212.4,1129.6,1100.2,1061.2,994.0,998.4,896.8,911.0,879.4,842.5,829.5,848.3,771.4,733.4,724.2,715.7,685.6,727.5,727.2,738.9,683.4,780.8,747.1,706.4,720.5,720.6,702.0,702.3,715.1,696.6,712.6,725.1,687.4,665.5,640.0,652.1,663.8,603.0,614.2,619.1,502.0,563.4,528.8,531.3,494.4,530.4,472.1,466.5,452.0,435.9,445.8,408.5,438.4,423.5,431.0,407.2,380.3,330.0,357.4,369.0,325.0,308.9,308.3,306.1,283.7,292.8,279.6,250.3,236.9,259.8,215.4,222.6,227.6,212.2,200.3,196.3,171.5,209.0,177.7,200.7,197.4,190.9,179.7,188.6,176.9,207.2,183.1,207.4,198.5,188.2,177.7,203.2,178.2,190.0,205.0,186.8,194.7,170.0,211.5,162.1,164.7,192.6,171.7,197.6,177.2,199.9,181.6,188.8,189.5,182.6,211.2,198.8,191.4,196.3,183.8,196.4,192.1,208.5,192.3,185.4,178.3,189.8,198.4,204.9,181.4,183.0,157.9,208.4,200.0,211.3,203.7,191.6,200.5,193.3,209.1,191.7,187.5,167.4,183.9,180.0,186.4,175.6,190.1,219.2,193.1,185.7,196.8,211.1,223.0,191.5,204.6,189.1,215.4,213.2,184.6,207.6,232.9,213.8,202.4,195.9,209.4,217.1,216.1,210.6,200.7,211.4,205.0,201.0,191.7,213.9,227.1
1,alcohol_ether,121.2,122.8,118.7,119.9,130.3,131.1,117.2,109.2,118.3,117.6,104.1,118.0,107.2,94.2,141.2,115.8,134.6,94.1,135.2,113.4,101.1,120.4,100.9,119.1,112.8,103.3,107.0,114.9,121.4,126.7,110.8,133.4,106.1,133.8,110.2,107.3,103.1,118.4,129.7,118.1,139.9,118.8,133.7,136.2,136.5,130.7,127.0,134.2,117.5,130.3,120.1,141.7,120.9,126.0,122.0,137.0,125.0,144.6,144.6,132.9,138.5,125.8,140.8,138.4,160.2,123.0,162.6,154.9,171.7,204.2,203.7,248.6,297.1,317.3,350.6,440.7,491.0,564.2,696.5,717.3,823.8,919.4,1163.5,1308.6,1412.6,1642.1,1840.9,1967.5,2135.5,2370.0,2571.5,2651.3,2850.3,2956.4,3157.6,3138.8,3285.6,3324.5,3316.1,3380.7,3376.5,3169.0,3199.8,2911.6,2845.2,2633.8,2527.2,2377.4,2194.9,2062.6,1839.8,1690.8,1590.8,1385.9,1237.4,1195.2,1124.1,1024.9,987.0,845.2,858.3,793.3,715.7,738.1,695.5,719.8,649.3,663.1,633.0,624.2,639.7,596.1,607.4,601.3,550.1,599.9,597.0,568.0,544.9,567.9,518.4,546.6,520.8,521.9,506.8,484.8,517.2,488.7,525.3,523.8,527.1,522.0,549.4,550.1,517.1,537.2,544.7,516.2,519.2,552.4,506.1,503.3,502.3,498.2,510.2,486.5,487.6,425.6,429.5,421.4,455.7,380.1,376.6,373.5,360.6,358.6,342.9,296.2,290.9,308.4,243.2,256.0,269.1,263.4,245.5,222.2,217.7,225.9,208.3,241.8,195.3,201.7,197.5,190.4,212.6,183.4,156.4,173.9,194.6,186.2,204.4,193.0,192.0,180.0,181.3,195.9,204.7,151.7,181.3,192.7,184.0,197.1,177.8,215.7,156.0,185.0,161.1,192.3,178.2,181.8,178.8,171.8,192.7,167.0,175.9,188.3,188.1,173.4,162.0,196.2,198.3,185.3,184.9,181.6,181.9,192.7,201.2,176.6,183.4,193.4,219.2,175.0,196.3,173.4,172.1,186.3,213.8,201.3,194.4,202.1,201.5,190.3,178.7,188.8,184.2,189.1,204.5,192.9,211.1,176.9,181.3,193.2,187.6,192.1,210.8,193.5,203.4,211.2,187.6,198.1,184.7,186.9,178.0,208.4,180.6,200.1,188.4,200.1,215.1,200.1,235.9,207.2,187.4,191.7,200.8,207.4,225.7,201.0,213.2,188.6,204.3,185.3,225.7,207.3,217.4,210.5,205.0,203.6,215.7,187.0,204.8
3,carboxyl_ester,65.3,72.2,61.4,69.5,65.4,86.3,74.4,75.3,79.8,77.7,91.5,79.9,66.6,75.9,78.0,69.3,75.5,92.2,65.2,77.6,69.6,84.3,68.6,76.2,64.3,72.4,70.4,64.9,100.3,76.6,82.7,67.4,74.0,73.1,94.9,72.3,77.5,86.4,100.6,83.3,71.2,78.6,68.4,88.1,83.7,84.3,73.1,82.1,76.8,93.7,88.8,68.7,91.8,72.9,87.8,94.9,84.2,85.5,96.3,80.1,76.2,73.3,94.4,85.3,85.3,82.7,94.8,95.8,115.2,97.0,113.2,118.4,125.4,120.6,136.9,138.8,178.3,177.4,185.4,265.4,239.5,295.4,313.9,371.8,390.3,444.4,477.3,485.2,560.5,553.3,659.8,616.1,687.9,741.6,778.2,755.4,809.4,781.7,820.5,838.6,842.8,822.4,718.9,801.9,787.3,764.5,730.5,723.1,747.9,743.4,704.1,729.0,716.9,698.4,748.9,801.0,820.3,874.4,863.4,911.3,975.0,978.9,1006.3,995.6,1104.9,1085.8,1094.5,1023.5,1088.9,1057.0,1005.4,954.3,1047.4,944.1,912.1,882.1,859.8,785.0,736.5,660.6,629.7,585.1,524.4,502.2,453.7,424.0,394.6,380.0,403.4,362.7,373.1,377.6,404.4,388.8,385.9,462.3,498.9,536.5,590.7,654.8,683.9,837.4,869.1,935.7,1088.2,1116.3,1238.1,1390.2,1538.6,1644.4,1779.8,1763.5,1937.8,1994.4,2083.0,2127.4,2221.9,2302.8,2414.4,2251.9,2428.2,2446.0,2336.2,2380.9,2360.8,2221.1,2274.9,2131.8,2009.4,2013.1,1880.5,1738.2,1670.3,1614.2,1465.9,1369.9,1234.3,1157.9,1071.7,937.8,846.4,786.4,684.1,587.7,556.8,499.0,406.1,366.1,351.9,316.4,262.0,231.4,225.1,212.7,193.5,182.5,173.9,144.8,137.8,156.5,119.3,128.4,115.5,125.6,130.4,134.4,112.7,127.1,140.7,122.2,126.8,136.3,117.4,110.8,124.6,117.0,116.9,128.5,129.3,122.8,115.9,125.0,137.4,135.5,124.3,117.9,131.0,112.4,140.6,140.1,132.8,130.1,130.6,113.5,117.3,118.3,147.1,112.9,121.7,109.9,126.9,119.7,119.3,113.6,113.1,129.4,117.7,106.4,145.1,106.8,127.9,119.0,133.1,149.6,126.5,120.9,118.8,140.8,121.4,121.2,112.1,156.2,130.7,130.2,107.2,120.4,132.8,139.9,119.9,111.8,138.8,129.2,138.9,131.2,124.6,121.4,109.0,128.3,123.1,117.4,131.2
2,carbonyl,50.8,38.8,35.6,45.4,42.7,43.4,53.7,55.9,34.3,48.0,41.9,35.5,49.6,55.8,47.2,48.5,49.7,47.0,47.9,44.2,38.3,61.2,50.5,43.6,47.1,45.9,62.3,42.5,51.0,45.0,41.7,33.2,41.1,60.3,60.0,48.7,55.1,46.6,48.7,49.8,66.6,48.3,54.7,54.9,46.7,41.9,50.5,45.7,50.2,52.3,49.3,63.4,57.0,44.8,49.3,57.3,65.3,62.9,52.5,68.6,64.0,55.8,67.7,77.9,73.7,65.8,104.1,90.0,99.0,130.0,141.2,154.0,146.7,193.2,214.9,241.0,304.3,301.6,337.0,380.2,368.5,452.5,516.7,528.0,555.5,601.1,679.6,617.8,761.4,755.2,781.7,885.4,828.0,855.7,875.6,925.5,845.7,855.5,919.9,790.7,824.2,804.9,814.1,760.3,734.8,756.3,734.9,710.4,651.2,725.6,617.4,687.0,679.4,705.6,667.6,659.8,628.9,688.8,698.6,768.0,709.3,717.9,816.9,831.5,828.0,863.5,936.1,927.9,988.3,1037.8,1104.2,1197.6,1196.7,1337.2,1412.8,1416.3,1440.6,1549.8,1649.8,1729.1,1942.6,1934.8,1997.3,2133.2,2206.7,2267.0,2394.0,2435.8,2484.2,2609.2,2558.6,2700.7,2676.1,2793.8,2779.8,2777.5,2729.3,2731.5,2724.1,2605.9,2429.3,2445.8,2367.6,2299.0,2152.7,2032.8,1947.3,1853.8,1744.4,1637.5,1481.4,1388.6,1245.3,1100.3,1013.7,930.7,825.5,778.8,713.1,584.7,564.2,464.4,425.2,386.4,347.3,314.7,269.8,263.8,185.7,176.5,183.3,153.0,141.8,122.8,104.5,120.8,106.3,87.7,95.5,77.0,95.8,85.4,81.4,66.9,77.5,80.8,64.5,75.9,75.2,57.4,76.3,62.1,61.1,56.6,73.7,72.9,66.8,73.1,65.6,63.6,87.0,56.5,70.1,86.8,72.0,72.8,79.1,58.8,80.4,76.5,66.1,77.5,58.7,55.0,74.3,78.8,75.9,77.3,68.5,69.6,49.8,102.7,76.9,86.2,76.7,72.3,72.7,77.0,77.4,61.8,81.0,78.6,67.2,56.7,69.8,82.0,71.2,90.6,70.8,74.0,74.6,88.0,70.5,73.8,70.0,70.0,83.6,70.2,71.2,74.2,81.1,66.6,81.7,88.8,96.4,93.5,99.6,83.7,71.8,72.2,78.9,91.1,72.1,73.6,88.3,69.6,85.0,70.5,90.3,69.7,96.4,82.4,59.8,74.7,92.2,75.9,81.6,105.3,69.3,68.7,90.4
0,hydrocarbon,110.5,112.4,126.6,108.5,118.6,106.3,99.7,123.4,121.5,123.9,121.3,120.8,122.3,128.0,123.4,117.1,117.4,117.4,121.1,120.5,120.1,126.8,123.3,114.7,109.3,130.4,133.3,149.4,128.9,120.1,120.2,125.6,144.4,119.2,128.4,133.5,114.7,138.5,142.0,140.1,117.3,125.6,131.2,141.8,137.0,150.2,165.4,135.5,141.9,136.1,129.5,136.1,146.4,135.1,134.8,124.2,135.5,122.9,132.7,143.5,146.8,155.7,120.2,154.7,155.5,165.0,159.7,210.4,206.0,227.9,240.8,260.6,348.8,376.7,403.8,484.3,557.0,664.0,835.9,951.6,1022.9,1282.2,1402.8,1688.9,1833.6,2071.1,2334.6,2499.2,2873.3,2940.7,3194.2,3294.4,3714.2,3757.7,3899.8,4127.5,3974.6,4177.9,4092.3,4003.3,3990.2,3773.7,3564.4,3430.1,3281.0,3059.4,2724.0,2513.2,2308.6,2113.8,1871.8,1603.6,1391.4,1203.8,1084.0,902.4,736.5,658.0,566.1,496.2,400.9,341.3,333.0,283.9,279.9,213.0,220.0,201.1,185.0,173.8,185.4,142.6,181.8,173.5,177.5,143.1,161.0,171.4,176.4,177.6,176.2,172.3,178.9,183.2,171.1,188.5,184.8,181.4,160.8,174.5,168.4,147.4,173.5,161.6,184.2,158.7,153.1,183.0,190.4,161.6,168.4,177.9,173.4,165.2,159.3,161.3,163.2,165.7,161.1,176.1,171.8,188.7,183.3,189.2,180.7,183.0,206.1,184.9,172.7,168.7,184.1,158.7,176.7,196.7,167.8,174.0,180.4,191.5,202.9,184.1,175.3,184.1,174.4,196.9,168.5,189.1,181.2,170.5,180.9,176.8,184.3,164.2,185.4,182.6,178.1,168.5,177.7,192.2,165.8,186.7,179.0,187.1,193.0,185.7,171.0,209.9,186.5,199.5,174.3,196.9,181.2,200.3,185.2,176.4,196.4,179.6,195.7,185.5,187.1,191.0,210.7,200.5,197.8,188.9,180.9,190.0,220.6,190.7,189.5,190.1,200.5,209.5,219.8,208.9,212.0,199.1,216.2,203.0,192.7,199.2,206.6,221.5,205.5,183.9,178.3,190.9,221.1,193.0,202.3,196.8,201.2,200.1,205.3,185.0,187.5,180.8,203.9,195.9,192.7,187.5,180.9,184.7,180.4,201.9,192.2,188.2,207.2,217.1,185.1,225.8,213.7,209.4,194.4,210.9,220.7,210.6,216.3,207.8,238.2,205.2,190.9,209.2,201.5,210.4,205.9,210.0,206.2,217.5,199.6,245.1,196.1
0,hydrocarbon,73.1,85.1,72.8,84.6,69.7,64.2,57.4,74.7,63.7,77.5,76.1,75.1,77.2,86.2,79.0,65.7,68.9,89.1,89.8,89.1,76.0,67.9,74.8,93.3,74.9,73.2,101.3,77.2,103.8,73.9,80.6,79.4,77.4,71.0,84.6,76.6,102.6,78.6,101.6,83.3,72.6,85.0,75.9,63.1,87.4,107.5,70.7,77.2,78.2,90.0,89.9,77.0,74.3,92.0,83.3,89.2,85.7,99.2,90.9,79.1,103.9,95.7,113.7,102.3,93.2,131.9,126.8,136.5,159.9,207.7,237.3,236.6,279.8,359.7,426.7,512.5,654.2,729.8,852.3,902.5,1074.4,1285.8,1509.7,1709.2,1912.7,2056.6,2214.2,2393.9,2665.0,2683.2,2860.4,2912.2,3107.7,3157.3,3161.1,3182.0,3110.3,3120.8,2916.4,2861.5,2637.1,2534.1,2345.0,2188.7,1952.1,1894.7,1641.6,1503.0,1361.7,1215.7,1076.0,1004.6,898.3,804.0,708.0,687.9,665.8,646.5,640.8,653.3,536.8,580.7,620.2,584.1,614.2,563.9,577.3,555.3,536.4,558.9,547.4,505.5,495.0,499.7,533.1,470.8,467.7,541.4,499.2,499.6,476.9,525.2,527.2,536.8,520.0,559.9,546.6,601.6,557.8,627.9,629.7,633.2,629.4,678.2,630.5,601.5,617.7,648.7,588.7,585.6,554.1,545.4,534.4,497.2,457.0,495.3,406.8,427.0,364.9,349.7,290.0,277.1,269.9,252.3,261.7,237.4,218.9,195.1,189.1,179.3,149.8,155.2,144.9,133.3,134.9,117.5,114.6,132.3,114.9,128.3,108.3,140.6,113.0,132.2,110.1,111.5,102.3,115.4,109.8,123.3,100.4,119.7,140.3,122.6,127.5,120.9,132.0,96.1,142.9,140.4,121.2,126.5,137.2,122.9,145.0,147.1,115.7,129.0,118.9,130.9,127.9,126.3,135.6,109.4,116.8,134.5,122.7,124.6,143.0,126.2,108.7,109.5,113.6,120.2,127.1,104.6,125.9,141.6,140.6,119.9,113.7,141.3,106.9,120.4,134.3,124.6,122.0,145.5,130.9,147.7,138.8,130.5,144.4,128.4,141.0,121.6,128.5,120.4,145.3,130.8,130.6,123.6,121.7,135.8,134.9,146.4,140.7,153.7,128.4,135.9,124.4,143.0,149.5,133.0,134.2,150.3,122.7,136.5,130.4,121.8,149.1,140.5,138.1,145.8,129.5,129.5,139.1,152.2,137.7,153.1,143.5,164.6,136.7,155.8,154.7,112.1,130.7,144.5,146.6,147.1,147.0
0,hydrocarbon,78.0,72.4,75.5,85.0,79.1,75.6,56.8,81.9,96.6,75.0,85.0,65.1,67.7,79.3,85.7,79.6,69.6,106.9,78.4,68.4,95.4,83.7,72.5,91.2,83.2,69.7,74.7,80.7,92.2,90.9,82.6,94.4,95.2,89.2,90.3,90.2,96.5,71.9,88.6,80.7,88.6,92.4,95.5,87.3,91.2,82.8,81.0,85.1,81.1,89.0,91.2,87.1,88.1,86.7,81.3,92.6,93.1,88.1,83.6,97.2,105.3,99.2,92.8,109.9,107.0,96.9,98.9,119.8,123.3,132.7,156.6,171.8,207.8,223.3,297.1,337.5,389.5,512.3,584.5,701.0,791.8,957.0,1127.8,1333.4,1568.5,1677.0,1849.7,2240.8,2449.0,2794.5,3016.7,3291.5,3643.3,3794.9,3846.2,3952.4,3933.4,3987.7,4163.7,3930.7,3862.3,3900.1,3619.9,3441.5,3274.9,2979.1,2751.2,2525.4,2264.6,1996.6,1791.3,1517.1,1261.0,1165.2,1007.0,830.3,676.7,603.4,474.5,382.9,363.8,292.3,229.9,224.6,196.3,173.7,159.3,140.2,141.1,146.0,113.8,139.4,102.2,122.9,123.0,121.4,132.0,136.3,116.5,108.2,116.1,120.8,128.6,118.6,120.2,130.6,116.7,112.6,127.7,127.3,123.3,119.8,124.4,116.7,136.3,106.8,133.8,127.1,135.0,132.6,96.3,138.1,147.7,135.1,117.4,144.0,128.6,135.2,141.7,136.2,123.0,107.4,150.0,133.6,126.4,141.0,127.5,153.3,153.4,131.6,147.0,171.6,151.2,151.5,157.2,161.6,156.5,157.0,146.3,134.6,129.7,146.6,149.0,135.8,156.2,126.0,138.4,155.6,113.8,143.1,140.6,129.7,146.8,119.8,104.1,131.0,138.3,121.5,120.0,144.2,146.7,135.2,140.2,144.1,131.0,155.6,137.5,137.4,121.4,123.8,114.1,137.5,134.3,163.3,124.5,125.3,139.5,132.1,143.4,161.4,146.5,152.3,154.5,142.2,134.0,145.7,126.2,129.5,151.3,132.2,136.1,162.1,138.6,128.6,147.8,149.0,142.4,148.8,133.7,134.2,147.2,135.5,151.9,153.0,137.2,135.7,149.6,143.4,164.0,137.9,167.5,167.3,139.3,146.3,148.9,144.2,153.2,160.8,143.7,150.6,162.1,167.4,138.5,144.2,158.7,155.9,171.8,155.0,159.2,168.3,154.4,127.6,159.4,131.3,164.1,153.3,158.3,157.8,173.6,155.9,152.8,134.7,159.4,151.3,169.2,179.9,146.5,149.3,164.4,157.7,151.5
2,carbonyl,66.1,65.0,71.1,61.9,72.2,81.9,64.4,58.3,86.1,77.3,88.8,74.1,81.9,66.0,75.9,69.9,71.4,72.0,59.8,83.7,76.8,67.3,69.9,78.9,84.7,69.6,62.4,84.5,67.1,71.1,77.4,78.1,80.7,57.2,78.7,78.6,83.2,88.2,70.4,74.3,69.5,89.6,72.8,69.1,75.3,75.9,75.0,88.9,89.1,82.8,72.1,78.6,80.6,79.3,86.3,90.9,81.8,93.2,89.0,89.0,104.4,83.5,96.7,91.7,88.5,95.9,99.3,91.7,111.8,119.5,145.4,162.9,206.7,208.3,283.1,329.6,326.3,450.0,535.6,635.0,696.0,816.7,958.8,1155.7,1239.2,1468.9,1658.0,1842.0,2060.3,2269.0,2372.4,2451.2,2580.5,2736.4,2692.5,2859.7,2882.3,2810.1,2683.7,2735.8,2441.0,2381.2,2317.7,2067.6,1942.0,1690.7,1630.2,1390.9,1315.4,1204.1,1079.5,1105.4,1001.8,981.4,978.0,956.2,1022.2,947.4,1017.6,1060.9,1034.3,1128.0,1106.9,1138.7,1128.3,1240.6,1221.5,1102.0,1159.6,1129.7,1113.9,1016.6,964.3,887.3,870.9,841.2,780.0,711.7,632.1,607.9,568.5,521.8,487.2,485.4,429.2,437.7,422.7,391.3,409.9,349.6,408.2,365.2,369.7,410.2,371.6,382.7,367.0,354.5,318.2,345.5,331.1,342.4,350.5,302.4,297.2,276.4,272.0,270.5,226.1,224.9,206.4,234.4,200.1,166.3,178.5,178.9,173.8,155.3,173.7,166.2,151.1,152.7,161.8,116.2,141.6,154.4,140.7,146.8,123.8,143.8,135.5,150.7,133.6,130.1,128.7,140.4,124.2,148.4,142.0,137.6,142.3,147.6,138.3,129.3,133.5,124.2,123.9,131.9,129.8,151.8,138.1,145.7,118.5,144.8,124.9,138.5,115.9,130.1,140.1,136.1,164.0,115.4,131.8,153.5,148.7,142.0,136.3,133.6,150.0,146.8,148.3,145.0,149.5,145.8,145.9,150.5,144.6,133.3,164.2,152.7,169.7,148.2,161.3,157.9,147.7,146.4,146.2,147.4,174.7,149.4,154.4,170.8,133.1,146.8,142.5,149.9,143.1,132.7,151.8,126.8,157.4,144.3,155.9,171.9,113.0,156.5,155.5,139.2,118.8,173.6,166.7,149.4,147.1,161.9,165.1,168.6,154.2,156.0,168.6,171.5,176.9,159.6,151.1,162.0,154.6,158.3,172.3,166.1,173.5,156.6,157.7,177.3,170.6,163.4,140.9,174.1,164.6,161.6,164.8,163.0,162.5
1,alcohol_ether,79.5,78.3,89.2,95.7,78.2,69.8,87.4,94.9,95.8,74.2,87.3,94.5,71.7,103.0,84.5,79.7,80.9,76.9,84.2,63.1,99.8,81.4,96.0,91.5,94.1,98.0,91.8,93.4,90.4,87.1,90.2,100.8,87.6,97.8,102.4,84.6,103.2,102.3,82.3,85.4,96.8,93.9,97.0,77.9,101.6,107.4,99.5,106.8,91.6,95.6,107.5,99.7,103.2,95.2,97.2,111.4,106.5,122.6,106.8,90.5,112.3,110.0,132.0,97.8,98.0,143.2,120.1,177.5,173.9,183.2,204.9,229.3,259.7,307.2,322.9,377.6,422.3,476.4,550.4,631.2,737.3,819.6,840.8,975.9,1070.9,1174.6,1296.8,1385.0,1445.4,1458.1,1616.9,1650.5,1688.1,1703.7,1754.0,1770.8,1857.4,1829.2,1762.4,1748.9,1698.5,1749.6,1658.6,1631.9,1557.5,1628.5,1558.2,1584.7,1637.9,1517.8,1587.2,1607.5,1623.7,1625.6,1745.3,1736.7,1845.5,1920.0,1887.0,2008.4,1975.0,2055.5,2113.6,2066.1,2195.7,2114.2,2122.4,2104.1,2134.4,1982.6,1913.1,1836.4,1887.5,1720.9,1639.5,1657.8,1554.5,1401.5,1280.4,1230.0,1195.9,1072.4,1049.1,982.6,857.3,803.6,797.4,794.6,735.3,642.1,612.4,641.1,582.4,646.9,590.0,563.3,535.2,530.4,472.6,501.2,513.4,538.6,476.4,465.2,423.3,429.5,436.3,413.6,356.6,355.4,325.6,338.1,336.1,304.5,293.9,281.2,301.9,280.5,284.9,263.3,242.7,240.9,217.3,208.9,216.2,208.4,193.8,192.9,220.8,203.7,180.0,195.4,196.2,148.9,162.6,161.2,179.6,148.7,137.0,159.2,137.2,151.0,157.1,142.5,148.8,146.4,142.3,158.3,134.5,114.0,142.4,125.3,131.8,138.4,117.1,133.6,157.4,156.1,128.7,138.4,121.2,135.5,127.4,142.5,133.4,146.6,118.1,141.6,134.4,147.6,137.9,146.6,144.5,148.3,147.0,136.3,127.2,147.6,156.8,153.3,118.7,127.0,155.7,124.3,127.8,137.4,147.1,101.9,138.7,136.7,122.2,148.4,136.7,143.9,159.2,149.9,125.6,153.6,166.4,159.1,150.8,143.1,135.5,136.8,134.0,145.9,127.2,134.8,118.7,150.3,164.6,143.3,153.6,144.7,132.6,135.2,153.9,143.6,140.4,147.3,150.2,151.8,132.5,153.6,160.6,159.4,152.4,152.6,177.3,131.2,126.7,152.7,158.8,143.8,153.0,155.0,147.3,153.1,168.1,146.3,148.3
3,carboxyl_ester,57.2,83.6,81.7,88.6,80.4,87.9,84.8,95.8,80.2,74.4,86.8,71.7,87.6,74.1,83.3,101.9,92.9,81.3,71.2,86.0,80.0,76.9,85.7,86.1,89.4,87.4,91.5,69.2,98.2,92.7,83.7,103.8,94.8,105.4,75.4,99.7,87.5,79.1,84.1,90.7,103.3,79.0,85.1,86.8,87.2,78.7,92.8,102.6,90.3,88.2,95.1,89.3,83.0,108.7,112.3,105.8,99.3,104.7,101.5,83.9,104.7,107.3,119.6,112.9,135.3,128.7,120.1,148.9,146.3,183.0,164.3,191.3,212.8,270.1,280.4,314.1,348.8,424.6,446.0,513.8,634.1,659.8,813.8,901.3,861.6,1038.0,1156.3,1305.0,1355.4,1420.5,1613.4,1622.3,1817.3,1845.8,1829.5,1877.4,1900.3,1990.1,1861.4,1832.4,1909.9,1771.4,1776.5,1722.6,1586.1,1529.0,1420.3,1379.9,1260.3,1148.6,1068.3,963.6,876.3,771.3,724.6,683.8,624.5,541.1,497.4,494.2,446.4,466.0,422.7,395.7,366.2,361.4,340.1,347.6,342.1,300.9,321.1,352.9,295.7,308.3,343.5,340.0,309.0,350.2,339.3,340.0,338.1,355.2,337.5,386.1,397.8,391.9,450.8,404.8,461.7,437.5,533.9,517.7,545.6,546.2,592.5,668.0,715.9,728.6,753.9,895.5,867.3,901.7,1013.3,1125.7,1105.8,1181.2,1315.7,1371.6,1431.4,1476.6,1541.6,1598.7,1642.0,1709.5,1815.6,1774.7,1871.5,1913.0,1984.4,1975.7,1914.9,1992.8,1985.8,1999.5,1883.7,1853.3,1803.9,1791.6,1657.9,1723.8,1686.4,1516.4,1483.9,1370.7,1317.0,1162.7,1081.6,999.1,999.8,882.0,828.8,776.2,693.2,608.8,568.8,508.4,459.6,419.5,354.0,366.4,307.5,300.8,259.9,277.8,249.0,226.4,200.1,198.7,190.4,191.3,188.7,163.7,166.6,165.0,165.7,182.9,174.0,141.6,166.6,181.4,169.3,158.9,182.2,156.9,171.4,161.8,191.2,142.0,183.2,166.9,174.5,181.2,186.2,190.7,167.6,173.4,167.3,163.0,198.9,160.9,199.7,181.4,217.3,179.1,185.7,160.3,174.5,196.7,171.8,192.2,186.1,190.0,168.2,207.0,183.0,206.3,172.2,201.6,196.3,193.9,186.7,189.8,174.4,164.1,173.5,182.5,175.8,185.6,211.4,191.7,211.7,207.2,208.1,183.3,183.8,186.0,188.3,166.9,186.5,195.3,188.5,178.9,202.3,188.4,196.0,190.2,208.0,195.6,219.2,186.2,175.9
0,hydrocarbon,50.7,62.8,62.2,54.9,49.6,68.4,44.3,50.4,64.1,52.8,47.5,56.6,81.5,42.3,67.7,58.2,59.4,45.8,59.3,53.9,49.1,64.1,53.1,73.5,44.3,61.8,51.5,55.7,63.5,48.6,58.5,66.0,73.9,47.8,62.4,43.2,51.6,59.9,57.6,47.1,53.9,62.7,69.9,65.0,58.6,44.7,56.3,56.2,53.3,52.9,52.4,57.2,49.0,43.6,60.3,51.7,49.9,56.0,53.8,70.6,71.8,71.8,85.3,88.5,99.7,103.2,103.7,114.1,140.7,153.5,170.8,222.0,252.2,324.3,359.2,496.7,547.2,652.0,754.4,846.6,1035.6,1250.5,1447.8,1611.7,1867.5,2019.1,2216.2,2576.0,2652.4,2841.1,2906.2,3210.5,3526.8,3490.4,3565.2,3792.2,3646.4,3695.4,3594.5,3522.0,3378.1,3118.0,3010.0,2879.7,2761.7,2515.3,2208.2,2122.1,1820.7,1714.7,1396.8,1287.6,1071.9,959.2,799.3,704.6,629.9,513.9,421.6,373.7,305.6,266.7,257.6,217.0,190.3,149.0,163.0,156.4,139.9,129.1,138.8,131.2,127.4,131.2,105.8,121.8,97.5,105.7,108.3,82.5,91.4,92.2,81.5,111.0,96.7,93.6,71.4,101.5,86.5,96.8,106.2,113.1,80.9,96.8,133.0,139.5,131.1,119.8,136.6,176.2,144.7,181.7,185.9,198.9,224.4,237.8,271.8,274.4,253.5,298.8,303.3,302.9,305.3,340.7,362.5,392.0,401.7,405.5,385.9,389.4,407.9,382.6,399.9,374.4,359.3,365.3,334.8,349.6,340.3,311.8,303.4,296.2,296.2,252.9,250.7,241.0,206.1,186.8,195.0,185.3,156.2,150.8,131.2,133.6,133.8,104.2,100.4,95.7,109.6,79.5,100.8,85.4,97.8,89.4,86.3,88.9,74.6,83.2,86.0,78.8,85.5,80.7,73.0,75.1,72.9,62.6,87.1,75.7,87.4,71.7,75.5,75.3,79.0,71.1,76.9,88.4,78.4,78.9,74.0,77.4,79.2,86.8,84.2,75.1,75.5,72.4,63.9,88.7,78.8,83.2,81.5,84.7,74.8,87.6,97.8,74.4,71.6,83.2,78.3,91.4,85.5,77.4,71.0,78.8,91.1,75.3,78.8,79.0,82.6,90.5,95.3,93.9,71.7,85.6,86.4,104.4,79.1,88.2,84.6,83.5,106.9,96.7,93.6,90.0,90.5,90.7,99.2,71.2,88.2,74.7,73.7,86.6,81.0,95.6,96.7,87.0,84.8,81.5,77.0,92.9,95.1
3,carboxyl_ester,58.8,70.9,82.1,51.3,48.6,68.9,56.7,61.9,62.7,68.8,68.4,68.7,81.8,73.9,61.5,62.8,80.5,72.0,79.3,73.4,52.2,81.1,70.5,56.6,67.2,63.6,71.9,68.6,65.8,71.2,75.3,68.9,80.4,64.6,66.4,74.8,75.9,87.4,76.1,83.1,92.2,84.7,88.7,77.1,80.4,72.4,86.5,93.3,70.3,70.8,84.1,79.8,83.6,72.9,74.6,72.0,93.6,75.6,103.5,92.3,92.4,88.7,70.2,85.9,90.7,72.1,99.8,91.7,94.0,111.6,107.2,121.7,140.2,128.2,138.8,130.8,193.5,176.9,182.2,236.7,254.5,278.7,366.2,360.2,423.8,503.7,549.4,614.2,637.7,717.7,762.5,856.6,877.6,980.8,939.5,1018.2,1054.0,1134.2,1120.6,1102.8,1106.3,1101.3,1123.6,1069.7,1049.0,1064.1,1050.7,1067.2,1055.4,1033.9,1126.7,1067.5,1178.0,1218.2,1200.0,1343.7,1464.4,1570.8,1588.5,1789.6,1933.1,1954.4,1960.8,2085.5,2205.0,2202.5,2288.7,2220.7,2384.9,2399.6,2142.2,2175.5,2173.8,2098.4,1951.0,1821.8,1810.8,1696.0,1559.4,1430.0,1367.7,1220.3,1165.4,1056.6,941.1,900.8,737.6,671.4,602.4,580.5,503.5,490.7,440.5,475.1,435.8,414.0,344.0,387.9,405.7,382.6,420.1,412.4,466.3,475.1,444.3,493.5,523.8,566.1,609.2,619.5,679.6,679.0,669.5,705.6,787.4,782.2,869.2,803.0,836.2,865.3,875.4,899.2,849.0,860.8,827.8,833.5,797.6,883.3,772.9,789.4,739.5,677.8,682.1,610.5,538.4,579.5,519.9,490.2,449.6,387.0,393.0,365.7,286.2,286.3,283.5,243.8,237.3,221.6,208.5,220.9,198.5,195.8,175.7,179.2,155.3,155.7,166.7,141.8,147.4,152.8,154.8,136.0,141.6,153.0,140.1,166.9,152.9,157.9,154.9,143.5,156.4,142.2,168.3,142.8,153.8,154.3,149.9,144.1,162.7,167.0,157.2,146.8,159.0,139.4,161.5,156.4,159.5,160.5,138.2,157.7,146.2,155.5,173.2,155.9,163.5,144.7,174.1,178.4,161.5,189.3,168.0,150.0,156.7,162.9,162.2,162.0,151.5,161.5,166.1,188.9,172.0,147.2,159.7,151.2,169.0,159.6,169.3,143.5,177.0,179.3,167.3,189.9,187.7,176.9,163.3,169.3,151.3,177.0,184.7,159.0,166.9,169.3,163.4,180.4,189.8,165.5,192.0,155.3,181.5,195.4,185.2
0,hydrocarbon,45.2,43.1,50.5,40.5,45.1,52.0,40.4,43.6,55.0,45.1,33.8,47.7,46.3,39.8,37.2,45.0,54.7,51.8,56.5,56.7,56.1,53.8,44.3,38.8,53.7,53.6,50.3,60.5,50.7,50.6,55.4,43.9,44.3,46.4,50.3,59.9,48.1,61.1,45.5,47.8,55.1,52.9,50.0,52.0,56.3,52.8,50.2,56.8,58.0,67.4,61.7,59.1,63.8,66.2,63.2,49.8,67.7,69.9,82.5,72.4,86.5,95.7,92.5,100.7,129.6,149.3,165.5,183.1,212.5,248.3,330.5,355.7,411.3,540.0,614.6,728.8,820.3,959.5,1117.9,1316.6,1409.6,1569.6,1764.3,2021.3,2212.8,2440.3,2618.8,2803.6,2980.8,3188.5,3413.9,3626.5,3752.8,3777.4,3893.7,3898.5,4024.7,4014.3,3980.0,3799.9,3694.4,3681.2,3475.9,3387.0,3132.5,2931.3,2750.1,2502.0,2357.5,2144.4,1978.5,1735.6,1538.6,1405.4,1229.7,1070.1,888.3,790.1,676.1,604.0,484.7,408.9,362.1,293.9,280.6,253.3,197.8,178.2,152.6,139.6,120.4,109.6,110.7,84.4,109.1,96.4,84.6,102.8,90.6,84.5,103.7,99.2,83.5,88.2,89.5,106.3,77.0,89.2,107.0,123.5,117.5,121.0,92.2,111.7,137.2,114.1,104.1,109.4,122.6,126.7,126.1,149.5,147.7,135.3,168.8,137.7,161.6,160.4,174.8,155.6,191.4,172.9,190.3,193.5,188.3,205.7,192.9,189.3,192.3,196.8,183.3,184.2,186.7,195.5,209.9,181.1,194.0,179.5,177.4,146.4,174.9,134.3,131.4,164.7,151.6,135.7,154.4,131.0,168.3,124.4,138.3,130.1,132.8,119.5,121.3,129.6,93.0,130.8,90.6,105.5,118.3,115.7,127.3,106.0,111.8,103.6,102.0,95.5,115.0,90.4,95.6,81.2,96.6,114.4,86.3,86.6,85.3,78.1,101.6,101.0,105.5,79.8,90.9,103.6,98.2,89.6,99.5,104.6,107.5,111.6,88.5,104.6,95.7,105.1,103.2,94.8,82.1,124.3,104.1,114.2,100.0,101.9,109.7,121.9,96.8,120.4,83.4,119.1,108.1,120.1,96.7,115.2,87.2,113.7,130.5,120.8,102.1,102.7,91.3,107.8,106.8,109.3,129.3,103.8,120.3,121.3,108.3,111.0,99.9,106.8,108.5,121.4,120.1,92.4,115.6,109.4,105.0,107.1,108.0,120.6,132.9,113.6,117.2,111.3,130.8,120.3,114.4,118.6,98.6,120.6,130.5
0,hydrocarbon,118.8,121.7,126.1,125.8,106.7,115.0,124.4,111.9,114.2,115.0,112.6,126.9,93.0,111.3,132.9,118.0,117.8,133.3,99.8,123.2,111.0,118.6,119.4,111.9,123.8,123.4,147.8,133.5,117.0,124.5,111.7,111.9,126.7,138.2,112.9,123.1,137.5,100.4,152.8,126.8,139.8,119.6,130.3,129.9,117.7,124.7,129.5,111.5,125.0,122.8,133.3,127.5,144.2,135.5,129.0,129.5,135.6,125.7,133.9,149.3,147.4,154.9,182.8,184.7,224.0,209.2,256.2,275.8,319.9,354.9,402.3,468.4,550.7,624.8,778.7,857.2,926.0,1111.2,1204.2,1430.9,1577.9,1757.7,1983.7,2176.9,2386.6,2613.9,2727.1,2922.3,3142.9,3252.6,3363.9,3630.4,3716.2,3894.8,3942.6,3869.4,3918.9,3810.6,3776.6,3622.6,3527.4,3504.8,3218.0,3059.6,2876.1,2720.7,2500.2,2272.7,2202.4,1893.2,1683.5,1506.8,1426.2,1240.3,1059.9,946.9,777.7,699.9,577.1,603.7,475.8,446.6,375.1,342.6,308.4,293.1,245.1,247.1,236.0,218.4,173.0,187.1,172.4,170.4,178.6,156.5,165.9,178.6,153.6,176.7,178.0,150.8,176.5,169.7,173.1,176.0,195.0,167.7,197.4,173.2,186.0,205.6,174.4,200.5,221.8,204.1,225.3,216.3,215.9,238.0,278.8,229.0,263.0,273.4,303.6,281.7,303.2,342.7,317.8,351.9,357.2,357.8,383.9,394.1,403.0,423.3,375.7,399.2,389.2,381.0,379.9,401.9,386.1,403.1,373.0,365.3,381.8,377.5,366.9,352.0,327.9,363.3,280.4,318.6,318.6,294.3,256.6,268.0,241.9,270.0,241.1,220.5,226.2,232.3,238.1,202.8,211.0,211.4,191.1,210.7,178.8,179.3,179.9,175.9,194.3,179.4,197.3,188.6,186.3,153.4,176.1,172.1,164.8,141.8,175.0,188.4,177.0,191.8,179.6,180.3,180.0,203.1,171.3,198.5,189.6,150.7,191.0,174.7,170.3,177.5,169.1,196.1,192.1,157.4,176.4,211.8,187.4,181.0,181.8,202.0,204.2,184.8,183.5,180.7,185.7,181.3,181.7,172.4,175.1,179.0,179.5,176.3,182.7,199.3,212.6,192.4,180.5,169.2,188.2,190.7,191.4,189.9,180.9,172.0,213.6,185.4,161.5,189.3,170.2,208.4,180.4,187.4,190.1,203.5,202.0,180.3,179.9,180.3,200.0,184.1,198.2,181.0,194.8,214.5,181.4,186.5,188.8,181.4,204.3,206.8,190.3
1,alcohol_ether,123.8,113.7,105.3,119.5,112.9,114.3,111.2,111.8,116.5,115.9,102.3,115.3,119.2,113.4,150.9,100.2,129.1,128.2,109.2,113.7,124.8,121.5,140.4,100.4,115.7,128.4,126.6,107.3,130.4,124.2,107.6,103.4,126.9,110.3,123.3,129.6,109.3,131.7,112.7,139.8,124.1,116.8,102.1,145.3,129.2,131.3,149.8,138.4,128.4,138.7,132.5,133.2,169.4,142.6,126.7,123.8,125.4,137.4,134.4,106.0,113.8,164.3,146.0,157.2,170.9,169.2,179.2,195.9,211.7,225.9,250.0,290.9,290.5,355.4,420.6,508.9,525.1,622.6,642.6,838.7,892.9,1090.1,1173.6,1351.7,1410.7,1546.0,1756.2,1810.5,2010.8,2093.5,2146.1,2372.0,2558.3,2584.9,2594.4,2749.2,2625.5,2726.9,2666.6,2643.8,2558.7,2624.4,2537.4,2355.6,2255.6,2193.7,2101.2,2041.6,1985.5,1829.1,1818.1,1660.8,1606.2,1593.5,1507.3,1489.4,1453.1,1439.4,1438.3,1476.3,1489.1,1440.6,1445.9,1520.2,1491.4,1452.8,1424.3,1435.3,1442.2,1375.3,1411.3,1322.3,1338.9,1277.6,1203.3,1193.4,1088.8,1072.2,994.9,938.3,919.3,861.9,823.4,783.9,716.4,628.5,652.0,654.1,555.6,542.6,537.7,538.7,477.4,524.4,493.2,440.5,449.3,472.7,413.6,436.2,396.1,421.1,400.8,393.5,379.1,355.8,342.5,322.6,341.1,294.6,322.5,263.4,278.1,283.3,278.0,267.2,262.2,226.4,263.1,223.8,229.4,231.3,235.1,217.7,207.4,239.7,214.8,208.1,180.6,188.7,168.2,187.9,195.5,196.7,198.9,194.0,195.2,179.4,175.2,202.2,183.3,204.4,184.2,160.4,184.3,155.0,187.4,163.6,185.9,194.9,155.6,166.6,206.8,189.9,172.5,185.6,205.9,218.6,206.9,196.6,168.1,189.6,167.0,173.1,199.2,190.6,202.1,193.5,176.3,185.4,188.5,168.5,191.6,186.7,191.5,218.2,186.0,179.0,201.9,193.6,175.2,169.6,194.2,205.4,183.8,191.7,188.4,208.1,193.3,189.5,192.5,180.8,198.3,195.3,203.4,187.8,200.9,207.6,212.5,196.7,192.5,196.7,236.0,193.3,171.8,208.2,183.5,161.6,204.9,189.0,197.8,204.9,202.5,210.3,214.3,217.4,195.6,226.5,189.9,200.7,180.2,200.5,201.5,208.4,196.7,230.8,210.0,203.0,223.3,207.2,200.4,228.1,223.7,187.3,198.3,201.6,235.3,202.9,211.6,224.9,189.7
2,carbonyl,103.3,107.4,91.9,104.1,94.7,87.9,106.5,89.2,105.9,97.7,100.7,99.7,87.8,105.7,101.1,96.9,105.4,104.3,90.6,100.9,106.6,94.4,97.1,106.7,94.6,102.8,88.7,91.5,103.8,96.3,104.9,100.0,97.8,109.5,108.8,94.2,106.7,99.6,74.1,113.7,105.6,107.4,101.1,106.3,109.8,125.5,114.0,107.3,87.5,121.3,111.7,104.9,103.3,106.6,93.7,113.5,109.4,99.7,126.1,118.4,113.2,115.6,111.5,102.8,108.4,119.8,106.0,123.8,101.6,110.4,129.0,126.2,119.2,132.5,141.0,151.5,165.4,154.5,185.5,191.9,197.0,255.0,265.0,298.6,306.6,328.6,368.1,383.9,464.0,469.4,502.3,554.1,612.2,569.5,648.8,730.2,650.9,686.3,710.2,753.3,699.0,676.6,696.9,648.4,586.4,593.4,561.6,616.9,643.3,620.5,609.3,643.8,621.8,677.7,686.3,786.8,772.5,832.6,845.8,922.9,949.9,1047.4,1106.4,1070.3,1145.0,1188.3,1201.9,1172.7,1225.4,1331.7,1263.2,1206.4,1239.9,1304.3,1260.7,1298.1,1284.0,1319.2,1316.0,1316.7,1356.1,1379.8,1446.5,1553.7,1606.3,1688.6,1739.6,1820.2,1952.5,2034.3,2037.7,2227.5,2186.8,2383.9,2540.2,2551.6,2542.2,2472.6,2525.3,2485.6,2390.8,2374.8,2314.1,2267.5,2098.2,1976.3,1923.9,1760.1,1625.9,1527.0,1397.4,1251.7,1165.2,1019.4,903.4,830.9,738.4,638.6,591.9,460.2,401.4,404.0,325.3,334.5,259.7,255.1,241.6,234.5,237.5,204.7,163.3,150.6,155.3,151.1,157.8,146.2,146.4,156.6,149.3,179.9,125.7,129.9,136.5,135.1,121.5,119.2,149.9,126.7,124.1,132.0,149.5,134.1,139.4,136.4,131.1,139.7,146.0,158.3,141.4,152.3,142.0,126.6,106.1,133.1,136.7,134.7,162.1,159.5,141.0,146.0,135.0,139.4,111.5,149.9,130.0,133.9,135.7,151.7,134.0,147.9,137.7,139.8,180.6,135.1,135.6,143.0,143.4,164.7,142.1,174.1,127.5,139.8,118.5,153.9,145.6,148.4,164.9,128.4,152.7,143.4,152.3,133.0,146.2,149.2,117.6,155.7,130.1,159.5,152.0,152.3,142.2,150.1,169.6,158.4,134.3,151.6,164.2,133.6,169.6,156.6,151.5,144.8,150.4,155.3,156.9,136.7,134.5,149.0,175.6,154.7,170.3,159.7,136.5,167.3,156.3,147.0,159.3,152.8,152.5,154.2,157.3
0,hydrocarbon,95.8,96.6,97.0,82.5,74.2,93.5,83.6,95.9,101.7,118.4,92.6,106.5,96.8,107.3,90.1,83.1,86.1,112.0,109.2,102.2,100.4,104.6,101.3,90.9,99.9,102.9,93.2,94.2,102.1,101.1,121.3,98.1,102.0,92.0,108.7,95.3,101.6,91.4,111.9,100.3,117.6,102.9,109.3,98.2,112.6,113.7,115.5,104.2,100.7,120.8,102.2,100.7,112.0,110.7,132.4,114.5,111.6,127.6,115.7,141.4,131.3,150.6,147.8,147.8,182.4,190.3,219.4,217.1,261.3,277.8,357.8,388.7,518.8,565.9,679.8,733.4,870.7,959.7,1147.6,1383.4,1470.6,1771.7,1919.3,2201.0,2290.2,2560.6,2887.0,3142.2,3271.5,3465.9,3577.8,3745.9,3916.2,4024.9,4089.0,4114.1,4208.2,4047.0,4051.1,3973.8,3773.3,3675.7,3483.1,3126.9,3096.7,2761.0,2589.7,2252.9,2107.3,1954.8,1772.7,1528.7,1331.7,1237.3,1009.5,913.1,747.9,715.9,513.2,507.7,430.0,396.0,306.1,281.6,245.6,210.8,211.5,181.4,160.3,147.8,162.8,172.2,146.3,153.6,162.7,158.5,141.9,138.7,163.1,150.7,151.9,145.8,190.2,153.1,155.7,141.3,140.4,159.0,137.6,137.6,156.7,137.1,158.4,128.1,155.0,153.4,143.4,155.9,161.8,144.0,188.5,156.8,144.0,151.8,153.8,155.3,168.9,144.3,157.2,155.1,161.0,195.3,160.3,161.4,179.6,152.9,155.6,152.5,164.9,152.7,165.0,178.6,156.6,184.9,144.0,178.8,198.3,195.5,182.2,171.5,174.1,160.0,168.3,180.4,178.5,173.2,162.2,167.8,149.1,189.7,153.8,192.2,165.7,163.1,163.0,148.2,159.7,180.1,149.7,170.6,163.0,151.4,184.3,195.7,169.7,191.5,176.4,178.6,176.7,185.3,187.0,188.1,181.0,193.7,174.1,190.7,194.4,171.2,179.0,173.5,197.2,168.4,152.2,174.8,204.2,183.8,157.9,192.7,205.7,175.9,203.8,207.1,182.9,183.3,177.3,179.6,198.1,206.5,205.4,196.2,215.2,190.2,199.4,169.5,189.0,175.3,186.7,194.7,178.8,201.6,184.3,206.6,176.4,166.8,211.3,201.5,192.4,212.6,206.7,200.0,210.9,190.7,199.4,201.0,178.7,204.7,204.4,201.9,183.0,206.7,216.7,205.8,187.4,197.8,227.6,226.7,226.5,235.1,193.5,220.0,187.2,200.3,214.6,208.8,189.7,213.1,201.2,192.2,219.7,213.7,224.2
3,carboxyl_ester,81.3,86.7,81.8,83.6,96.5,97.9,65.1,93.1,94.3,98.7,86.2,87.2,74.7,96.1,89.7,79.4,79.4,92.9,87.8,78.8,80.5,92.7,92.2,102.8,92.7,92.3,106.4,108.8,88.1,95.4,86.3,97.7,97.4,87.7,86.8,87.4,84.9,91.5,98.1,99.2,118.9,106.6,102.8,105.6,100.8,110.7,99.6,106.7,109.9,96.9,99.3,124.0,118.4,113.9,107.6,110.1,129.5,118.1,104.0,113.6,98.5,98.3,105.8,114.1,105.5,133.2,123.4,123.2,112.4,141.3,133.3,172.9,187.5,209.0,199.3,249.4,318.0,323.3,423.2,436.0,452.1,569.2,611.9,637.1,723.9,796.4,872.2,956.1,1000.5,1013.1,1045.6,1161.5,1224.4,1211.0,1271.8,1281.6,1243.9,1264.5,1290.7,1375.0,1291.7,1228.9,1286.3,1209.4,1119.6,1142.8,1123.5,1018.3,1064.4,991.0,924.7,907.4,892.0,902.3,908.2,915.9,922.0,946.5,921.8,962.0,1004.3,971.0,969.4,1007.4,1027.6,1005.6,1011.3,1080.3,952.8,918.0,962.0,911.3,872.6,929.2,805.3,796.5,775.1,765.4,724.5,645.2,600.8,578.3,553.7,478.5,469.0,435.3,414.3,420.0,383.5,381.5,399.0,439.2,451.5,450.8,503.3,506.8,507.7,597.3,629.3,718.2,736.8,840.9,907.6,982.2,1080.4,1157.5,1233.6,1345.7,1465.5,1509.0,1607.7,1687.2,1798.0,1776.7,1910.4,1898.0,1931.9,2061.9,1978.6,2073.6,2146.4,2032.9,2070.8,2092.5,1995.3,1921.6,1920.4,1867.6,1896.3,1769.3,1620.8,1558.6,1538.3,1421.8,1290.3,1177.9,1085.5,1063.9,984.3,859.0,812.8,720.3,666.7,596.7,575.4,499.6,473.2,459.3,392.7,338.0,305.7,302.9,263.4,241.1,230.1,233.4,209.5,183.3,196.3,150.4,190.9,169.0,185.5,163.7,172.1,157.3,139.8,186.4,151.3,172.3,145.4,154.6,155.7,170.4,150.7,154.5,177.6,138.5,149.6,151.9,158.0,153.3,148.9,168.8,140.1,144.7,173.8,159.2,166.8,160.4,187.8,152.1,171.2,138.1,148.9,174.7,164.0,166.9,193.7,181.5,167.7,183.7,180.2,153.7,174.3,160.7,175.1,169.0,177.3,151.7,176.4,180.5,159.0,162.7,176.8,164.7,183.6,185.0,151.6,165.1,183.6,164.1,185.4,161.8,157.5,154.1,159.3,186.8,166.1,170.4,175.7,176.2,169.7,195.3,172.7,164.7,156.1,178.7,171.6,169.2,171.2
3,carboxyl_ester,58.1,43.9,57.9,60.1,55.5,52.6,75.1,70.2,40.1,53.7,72.0,70.4,53.7,50.4,64.0,65.4,64.3,68.8,52.5,72.6,72.9,78.5,55.9,65.8,75.3,58.2,65.2,68.8,72.7,60.9,76.4,56.7,75.4,80.1,73.4,72.9,74.5,70.3,66.9,79.3,66.0,69.5,68.8,69.4,77.8,76.0,62.0,57.9,61.6,75.4,77.6,83.7,77.1,87.1,81.8,67.0,73.2,76.1,72.5,86.4,76.2,87.7,71.0,76.6,80.7,99.7,93.6,108.3,111.1,138.9,124.5,133.6,166.4,202.2,231.6,261.1,296.7,317.5,376.2,456.3,535.6,618.9,661.5,770.7,876.8,992.0,1015.3,1117.0,1257.9,1323.6,1416.3,1509.7,1584.0,1653.3,1603.8,1658.2,1658.2,1755.0,1610.4,1682.1,1562.4,1593.8,1411.1,1397.0,1376.6,1344.8,1151.0,1086.3,943.2,915.7,858.4,829.7,713.6,739.9,667.9,638.2,610.1,630.5,590.5,600.1,618.5,616.8,591.4,600.0,596.4,609.0,585.6,568.6,573.6,593.8,579.5,541.2,509.0,525.3,473.0,461.3,400.8,411.9,356.7,416.4,322.7,339.5,310.0,279.4,261.3,296.5,291.4,239.8,234.7,264.5,268.3,294.5,305.1,312.9,367.8,384.5,419.5,481.5,551.8,583.6,651.4,764.0,823.7,843.8,982.0,1072.8,1170.2,1252.6,1332.6,1444.2,1555.3,1688.6,1710.9,1819.6,1855.2,1914.3,1962.8,1970.4,1988.5,2070.3,2106.0,1945.9,1986.0,2003.9,1882.8,1889.5,1885.9,1733.9,1726.2,1629.9,1517.6,1434.2,1378.8,1265.5,1161.5,1003.9,1031.3,846.1,797.1,688.8,669.4,593.6,515.9,486.4,434.1,420.4,338.3,302.2,284.3,235.8,235.2,230.2,187.2,195.1,204.3,165.3,158.1,158.0,138.9,124.2,137.0,126.6,141.5,141.5,131.4,141.0,132.5,123.5,158.3,131.5,112.1,111.7,135.3,132.3,129.9,133.3,132.7,132.1,126.8,144.2,125.9,141.7,117.7,126.4,134.1,148.9,142.4,127.7,126.5,143.8,135.8,157.4,126.5,133.5,136.9,148.5,123.7,146.3,129.2,130.0,139.0,127.4,132.2,161.5,166.0,143.1,131.2,122.4,144.8,135.8,158.9,136.4,142.9,147.3,138.6,132.2,128.7,135.1,181.1,135.3,148.2,141.9,152.5,151.0,164.7,157.2,149.5,158.2,163.5,157.0,170.0,143.0,147.1,148.0,142.5,124.1,165.6,145.1,120.8,152.1,139.1
0,hydrocarbon,46.4,65.3,50.1,55.3,46.0,59.3,55.1,68.3,57.7,57.8,57.8,51.5,56.6,56.7,62.6,60.1,39.2,64.4,64.0,46.7,50.2,58.0,64.8,59.8,51.8,52.8,69.3,62.6,63.2,63.1,67.0,66.2,76.4,64.6,55.3,69.2,78.7,64.5,57.6,56.8,72.1,63.8,70.1,70.1,66.5,60.2,66.9,79.9,82.4,83.6,76.0,84.5,79.8,81.0,83.2,81.1,76.9,86.9,94.9,77.8,88.7,72.9,79.6,90.0,101.3,121.6,125.5,149.5,164.3,171.7,225.6,243.0,280.4,340.4,425.2,478.3,553.2,692.9,763.2,884.9,1110.8,1160.3,1392.9,1614.3,1906.6,1976.0,2223.8,2399.0,2551.1,2845.1,3051.2,3182.4,3415.9,3498.4,3700.5,3807.1,3849.2,3868.1,3882.4,3800.3,3757.8,3565.8,3522.2,3407.4,3107.2,3010.5,2892.5,2565.5,2411.5,2233.0,1975.3,1751.4,1651.7,1328.4,1228.9,1124.0,981.9,813.4,756.8,645.2,557.0,490.7,422.0,446.6,356.5,314.8,313.3,286.2,273.2,270.0,235.6,247.7,234.2,239.6,212.3,246.1,202.9,217.6,202.2,181.1,195.4,200.0,183.5,199.6,193.8,173.8,179.4,203.6,196.8,191.2,177.9,191.2,162.9,191.6,184.7,182.6,193.4,192.8,200.2,180.8,207.9,164.4,180.0,205.5,202.4,189.3,177.0,171.3,172.8,164.5,178.1,185.1,179.9,169.6,171.5,154.2,172.4,161.5,143.3,177.4,160.7,180.4,175.4,171.2,151.9,175.8,157.4,138.9,146.6,157.1,158.5,155.5,147.7,143.1,148.3,160.7,147.3,126.3,147.0,124.3,142.7,123.9,144.2,127.6,119.3,142.2,125.5,125.5,140.5,138.8,118.1,108.3,112.7,130.7,148.5,111.7,131.8,115.4,121.7,152.0,139.5,137.3,126.9,135.0,154.5,143.1,123.8,151.8,115.1,130.1,113.2,123.7,124.6,115.3,130.3,133.2,137.2,132.0,138.6,112.2,136.9,124.5,127.3,121.9,144.2,145.2,135.1,128.4,141.2,149.0,140.9,140.4,145.0,140.9,138.9,138.1,148.5,147.8,133.9,157.6,128.0,157.2,141.4,148.7,142.9,156.5,125.6,154.2,123.0,122.7,133.7,153.7,158.3,145.8,140.2,145.5,134.3,159.1,170.1,150.5,127.9,160.3,139.6,149.1,157.7,151.0,164.8,151.9,153.9,152.3,165.8,167.9,171.1,155.6,155.9,169.8,132.7,143.7,141.1,158.5,146.5
2,carbonyl,46.6,46.3,45.3,43.2,46.4,49.6,45.0,44.7,55.4,55.9,51.0,36.6,50.7,50.1,57.2,45.0,46.1,49.9,52.2,42.7,59.8,49.8,34.4,62.8,47.1,48.5,57.3,56.0,50.7,51.6,60.2,57.7,53.4,57.2,48.7,51.8,60.0,44.5,66.0,46.0,60.2,41.2,65.4,52.6,53.7,44.9,67.4,41.3,52.5,55.7,55.6,50.5,52.2,51.5,54.6,41.7,39.5,62.6,64.7,51.2,62.2,63.3,60.0,76.6,73.5,99.2,105.3,143.1,130.3,135.4,184.3,209.6,214.6,269.8,300.9,364.9,366.6,487.1,600.9,660.8,739.6,848.7,914.1,997.1,1248.2,1348.6,1510.7,1564.3,1728.3,1982.7,2068.1,2157.3,2294.0,2411.5,2417.4,2604.8,2657.6,2657.8,2758.8,2721.8,2782.1,2662.3,2656.0,2629.3,2567.4,2480.9,2345.0,2278.1,2105.4,2001.8,1947.4,1753.6,1671.0,1578.9,1421.5,1356.8,1188.0,1164.3,1037.4,1009.3,956.1,921.5,838.1,808.0,810.6,715.1,737.7,747.0,738.3,674.1,771.3,636.0,681.3,688.3,698.2,732.7,651.7,694.5,757.3,664.0,730.7,678.5,667.9,675.8,766.9,755.1,737.7,804.2,818.4,807.9,793.4,844.7,825.2,865.7,878.8,904.7,866.9,895.7,817.8,863.3,898.7,913.5,830.6,853.6,853.3,828.0,814.1,759.8,745.9,691.0,701.8,651.4,652.6,608.4,640.4,523.9,539.3,507.8,557.8,504.2,467.7,408.9,408.1,396.8,357.4,351.9,351.7,299.5,288.0,260.5,238.3,221.7,220.3,225.1,196.7,179.1,161.4,169.6,160.4,167.9,142.9,142.1,143.0,114.0,123.7,131.8,111.8,105.6,107.0,109.4,117.2,107.4,90.7,72.5,91.1,72.9,93.3,82.5,90.4,83.7,80.0,76.1,70.2,87.2,80.1,90.4,82.9,79.8,77.1,82.3,75.5,84.9,93.0,74.9,86.6,81.5,79.1,76.8,88.2,93.2,78.2,67.4,82.2,77.1,99.0,86.9,80.2,80.5,80.2,80.4,78.0,83.0,80.3,84.8,87.1,88.9,71.9,105.6,81.5,80.5,81.5,80.0,84.3,89.6,72.4,88.3,100.7,81.0,86.4,89.2,80.3,88.0,91.3,90.7,72.2,70.2,84.8,87.3,65.8,93.3,84.0,78.6,79.6,86.1,75.0,89.7,90.4,92.2,88.9,95.4,96.1,82.9,96.0,81.2,95.2,86.4,99.5,83.0,72.4,91.2,83.8
2,carbonyl,111.8,99.7,106.0,106.0,91.9,98.6,120.3,99.8,100.7,117.2,98.8,99.2,105.7,121.4,99.3,117.8,132.2,99.6,116.5,130.1,115.4,113.6,124.9,109.4,100.4,129.7,111.2,111.4,130.3,119.4,125.8,119.6,96.8,112.1,103.6,113.2,129.3,113.3,105.6,118.3,116.6,103.5,117.0,123.3,131.1,98.5,113.2,120.8,115.6,109.8,126.0,121.5,119.9,106.6,122.3,88.1,131.2,125.9,126.7,105.4,101.5,125.1,113.3,119.4,123.7,117.6,132.5,122.6,124.1,127.2,140.8,166.0,138.5,147.6,167.1,169.9,184.0,232.1,216.0,256.5,239.4,318.8,317.5,355.3,425.5,446.0,465.7,520.2,571.1,644.0,730.6,710.9,732.0,728.1,757.5,788.7,803.5,785.6,785.0,771.8,764.8,690.4,736.1,675.6,643.2,568.0,571.6,511.0,461.3,437.9,423.9,502.1,390.7,418.7,386.9,361.3,415.4,388.0,388.2,411.5,404.3,440.9,471.7,459.6,467.1,487.5,507.4,477.5,554.4,566.8,611.4,633.1,738.5,762.8,807.3,883.7,991.7,1054.0,1168.4,1309.1,1328.2,1530.2,1603.4,1766.1,1954.0,2079.1,2270.9,2403.8,2599.0,2726.1,2706.4,2932.2,3035.8,3101.1,3115.9,3228.5,3220.6,3122.5,3269.6,3085.2,3048.2,2989.6,2809.1,2717.3,2727.0,2463.9,2354.5,2263.3,2025.8,1902.7,1687.4,1546.4,1341.7,1254.9,1143.9,963.5,914.7,777.5,704.9,619.3,577.8,455.9,442.0,347.3,317.0,288.0,243.0,253.1,200.8,209.2,182.9,189.2,194.6,157.3,148.6,186.9,158.6,141.0,147.6,148.0,126.0,158.7,150.2,137.6,152.4,151.6,151.2,142.5,151.8,161.5,167.1,144.7,129.8,178.6,137.8,148.6,137.2,130.8,154.5,167.8,154.1,144.4,141.5,158.0,162.9,159.8,157.5,130.4,161.0,151.3,155.3,145.4,143.4,138.7,154.5,166.5,164.8,165.4,169.4,128.4,158.5,157.4,156.8,160.7,168.3,142.7,149.0,156.8,148.4,144.8,141.0,150.9,168.7,148.0,151.7,143.6,173.2,142.4,158.4,164.1,158.5,160.7,160.2,148.2,163.1,154.8,154.1,162.0,156.1,145.9,166.8,164.6,143.7,183.6,150.9,172.3,146.9,150.4,151.0,165.8,175.0,162.2,153.1,152.1,201.5,169.5,163.6,166.4,171.2,145.1,160.9,172.3,173.6,154.1,154.7,163.0,163.0,172.4,155.2,147.1,165.2
0,hydrocarbon,70.6,58.7,63.3,65.8,83.2,59.2,72.2,65.7,60.7,85.4,59.4,67.4,81.3,79.5,59.1,62.2,75.8,75.7,70.4,68.3,77.2,79.4,73.4,62.2,84.0,71.1,59.3,63.9,68.5,66.8,74.2,68.9,78.7,69.8,67.0,80.8,84.2,72.9,65.4,99.1,67.8,74.6,75.3,83.3,69.5,82.2,73.8,81.0,83.8,68.5,86.4,75.4,74.8,72.5,78.6,69.2,72.5,86.4,78.0,75.6,88.4,81.5,89.0,81.0,110.4,90.9,128.4,123.7,129.8,162.7,182.0,208.3,240.1,296.8,365.6,394.0,483.8,611.2,710.5,821.2,1011.3,1135.0,1326.2,1476.5,1604.8,1913.6,2073.6,2346.2,2530.7,2783.5,2935.2,3154.5,3361.1,3435.0,3624.7,3587.8,3715.3,3690.8,3586.1,3614.1,3393.3,3374.3,3072.7,2923.9,2876.1,2567.4,2408.4,2117.2,1958.4,1610.6,1540.9,1392.0,1148.3,1030.1,847.6,787.7,599.5,542.0,436.3,413.6,343.1,332.0,278.5,241.7,237.0,234.2,196.6,198.9,208.4,186.3,171.3,186.1,183.5,208.5,198.6,210.9,204.3,228.4,227.2,230.8,272.5,291.8,283.4,312.9,302.8,291.0,347.7,359.4,381.6,395.5,424.4,418.4,427.9,427.4,459.6,484.4,477.2,459.8,458.1,452.3,442.5,444.7,448.8,401.8,414.7,344.2,378.0,312.3,296.0,277.5,287.2,289.2,239.5,260.3,219.2,182.5,201.0,181.3,170.9,165.9,139.0,160.5,131.1,125.3,123.1,127.2,113.6,126.9,109.8,114.5,102.8,106.8,134.0,110.6,103.9,115.7,122.6,99.2,112.6,104.4,117.7,102.5,99.1,111.2,100.3,113.3,96.8,102.9,82.0,109.9,102.9,122.3,86.6,101.2,99.8,131.7,117.1,104.2,101.1,110.4,75.8,104.6,129.3,127.2,96.1,97.1,111.3,101.9,98.7,108.1,100.2,96.2,100.7,123.7,120.3,98.5,105.2,114.2,120.2,109.3,89.6,115.5,107.2,103.9,108.3,116.8,126.4,103.4,140.1,122.4,118.7,120.4,114.4,106.2,122.7,107.8,91.5,117.7,123.2,107.5,115.9,111.8,123.3,136.4,124.6,113.3,128.6,100.4,129.2,103.5,109.3,97.9,107.3,124.6,107.1,123.1,97.9,123.7,121.5,147.6,118.6,147.5,125.9,134.5,136.5,105.5,127.4,108.9,122.1,125.3,134.8,122.9,106.7,124.5,119.2,136.0,115.5,104.4,111.2,114.5,123.7
0,hydrocarbon,70.2,67.5,62.8,64.5,66.0,81.2,65.6,64.5,87.2,70.1,78.1,86.8,75.5,69.7,63.7,71.1,71.5,81.6,63.5,70.1,57.2,56.1,74.7,68.2,63.0,66.4,71.7,77.6,64.2,62.5,68.8,70.3,61.6,67.6,63.5,64.0,69.9,44.0,66.8,73.8,65.5,76.7,77.9,63.2,72.3,58.5,87.4,72.6,70.9,73.3,73.4,78.1,66.8,71.7,61.2,86.4,81.4,75.6,90.1,79.1,88.1,73.9,91.2,111.5,129.3,130.6,158.7,160.2,198.0,266.6,313.5,379.0,393.5,485.0,601.6,708.6,802.8,974.1,1119.5,1206.4,1479.3,1673.2,1861.7,2111.8,2288.4,2468.4,2784.3,3000.5,3115.0,3420.6,3651.2,3809.0,3883.4,3927.7,3922.1,4108.3,4087.5,3999.7,3824.2,3813.4,3670.9,3496.1,3435.1,3110.7,2879.3,2653.0,2477.9,2289.2,1954.0,1778.0,1601.1,1358.8,1198.4,1051.7,933.2,778.6,667.5,550.3,479.7,393.6,317.1,292.7,216.3,192.8,187.8,164.2,147.5,128.3,123.0,115.5,103.0,121.6,78.3,89.6,85.4,94.5,92.7,84.3,87.7,80.1,73.9,99.8,91.7,97.1,75.5,81.0,87.9,85.9,84.1,71.7,68.5,98.8,74.5,78.1,68.6,75.0,82.9,74.4,93.6,100.9,96.3,86.6,94.4,93.0,83.1,95.3,85.1,82.3,91.9,77.4,87.6,80.0,80.6,84.9,92.1,80.8,89.4,81.7,87.2,103.1,96.0,79.3,92.0,60.9,65.1,93.5,96.8,79.6,95.5,87.6,79.8,93.5,96.2,80.1,95.6,104.6,85.7,82.6,83.3,75.1,96.9,82.3,93.7,94.9,70.0,79.6,99.2,93.7,102.3,87.8,100.3,96.9,93.4,91.1,94.1,83.1,101.3,87.0,112.9,83.5,102.4,84.4,86.0,85.7,93.8,96.4,96.7,97.1,100.3,106.6,91.9,104.6,89.8,94.8,91.1,98.6,87.5,100.0,95.3,102.3,105.7,78.3,91.7,88.8,82.3,89.1,94.9,88.8,86.5,83.3,78.1,114.0,95.7,92.0,90.6,86.3,107.4,102.9,93.0,91.4,103.9,86.4,101.8,93.6,86.1,99.1,90.0,93.1,73.4,90.8,95.6,85.8,98.7,85.8,103.8,96.1,94.1,96.0,109.0,88.2,61.8,109.2,89.5,88.0,118.5,90.4,96.6,99.2,117.8,97.9,93.5,88.4,99.8,116.7,106.3,100.2,91.1,80.0,96.5,91.1,107.2
3,carboxyl_ester,132.0,106.3,106.1,113.0,114.1,106.4,105.4,127.4,119.9,111.0,104.3,100.4,112.7,110.2,110.8,137.8,103.5,121.6,112.7,108.7,103.0,120.7,119.2,112.6,117.0,118.1,90.7,111.5,130.4,90.3,116.3,113.8,109.1,116.0,116.4,128.3,115.0,118.5,119.1,121.2,121.3,94.0,127.7,120.9,121.9,117.3,109.7,115.3,125.6,123.6,105.8,114.9,113.5,118.2,111.5,92.3,130.1,105.7,82.7,76.0,102.6,114.5,116.7,131.8,109.2,107.3,137.6,132.3,116.4,137.6,134.1,167.4,148.3,149.0,179.7,210.7,227.5,282.3,302.6,342.9,360.3,465.6,531.5,616.0,721.0,767.0,815.8,905.3,1016.3,1163.6,1214.7,1285.0,1427.5,1433.2,1356.2,1460.9,1459.3,1420.1,1342.3,1291.2,1303.9,1191.8,1186.1,1046.9,992.2,999.9,854.5,792.7,712.8,721.3,712.5,685.9,649.0,745.9,712.6,754.9,814.7,812.8,834.8,897.5,1007.4,1030.3,1009.6,1025.9,1108.3,1042.5,1090.4,1107.5,1020.1,1049.4,996.9,952.8,915.1,902.9,896.3,828.6,759.9,710.2,677.1,722.4,683.1,734.8,688.7,697.9,717.7,677.7,773.6,746.8,796.2,843.7,878.3,916.1,951.3,954.9,964.5,976.6,956.6,972.6,989.3,997.4,1002.4,1020.8,1065.3,949.3,1006.4,1038.9,1028.1,952.5,1010.0,1049.2,1074.3,1104.9,1092.6,1079.2,1124.0,1162.9,1163.8,1120.1,1167.8,1097.7,1117.6,1098.6,1092.4,1011.0,1056.9,979.1,869.6,860.7,837.0,793.8,714.4,650.0,617.0,569.6,475.2,442.8,438.5,351.5,344.9,317.3,272.6,242.9,222.3,193.6,211.7,191.5,183.0,152.2,142.8,135.7,140.3,142.9,125.1,151.0,128.8,142.0,129.8,133.6,132.6,131.1,126.1,136.8,147.8,148.2,149.0,138.2,128.3,125.7,141.3,140.1,155.8,135.3,138.0,132.9,131.3,136.7,138.2,152.0,142.2,119.6,125.9,154.6,142.5,134.4,131.2,136.0,127.7,143.5,155.0,132.9,157.1,122.7,155.9,135.4,128.0,145.7,94.7,154.5,132.4,119.8,151.9,148.9,132.0,142.6,143.6,114.4,146.5,141.9,158.3,117.3,156.0,147.0,129.2,121.8,135.3,140.2,152.7,125.0,146.9,144.2,149.7,140.3,146.4,138.6,158.2,134.8,131.7,129.6,158.6,142.3,151.1,148.8,139.3,143.6,144.4,151.4,141.7,145.8,113.0,142.1,142.7
0,hydrocarbon,98.3,79.9,115.3,92.7,119.9,87.3,107.5,101.0,87.5,114.9,107.8,106.6,100.6,102.6,101.7,89.7,106.8,99.0,91.6,103.6,114.7,102.4,98.1,96.7,106.1,99.2,105.9,110.5,116.9,116.8,97.9,87.9,90.8,95.0,99.4,109.2,99.3,105.7,115.8,96.3,90.8,113.0,113.5,98.4,117.7,113.4,101.3,92.1,105.4,100.3,112.2,102.3,108.7,131.0,112.7,114.9,106.9,110.4,117.8,99.9,108.2,127.4,109.4,93.2,111.7,124.5,120.0,154.6,135.4,148.6,179.3,187.3,226.7,268.5,315.0,326.1,416.4,480.5,535.4,717.5,852.0,955.8,1043.6,1265.5,1482.5,1604.3,1782.0,1954.4,2110.1,2281.0,2569.8,2715.8,2852.2,2949.2,3094.2,3151.8,3256.5,3049.1,3206.4,3132.6,2970.9,2816.5,2709.8,2606.7,2441.0,2279.5,2067.0,1914.8,1826.3,1643.2,1509.9,1436.5,1301.2,1165.8,1143.6,1130.7,1011.3,1037.6,1047.2,1033.3,1028.5,1119.4,1028.5,1080.5,1044.5,1086.8,1021.9,1024.6,1043.2,1050.1,1009.8,965.6,966.9,829.3,848.8,837.7,740.3,702.6,683.4,628.4,515.0,509.8,443.3,424.7,381.6,337.6,325.2,297.2,287.8,288.4,249.0,231.0,231.3,248.0,225.9,189.6,214.6,195.7,195.4,205.1,190.5,181.0,175.7,178.9,162.4,183.9,158.1,177.2,148.2,168.1,135.7,152.4,146.3,118.9,131.8,121.1,131.3,127.1,116.9,149.4,144.9,123.7,124.6,112.6,112.6,102.3,133.0,130.8,114.3,121.4,137.7,114.0,109.7,107.5,119.9,111.3,120.3,106.2,124.3,121.3,127.5,112.8,110.4,138.5,111.3,113.0,124.1,106.5,122.0,127.1,100.9,131.6,111.4,105.2,161.9,120.8,116.7,109.3,114.9,114.8,131.2,149.0,106.9,109.5,109.9,130.7,112.9,143.1,119.4,126.5,126.9,116.7,117.2,111.2,116.8,147.2,122.9,113.2,114.1,88.7,101.7,100.0,109.0,113.1,127.0,124.7,120.3,137.6,123.1,108.3,126.8,142.5,112.8,139.3,125.2,145.7,112.3,132.1,122.5,110.4,121.0,111.8,143.4,124.5,133.2,123.5,124.5,118.1,122.7,114.6,133.6,133.9,117.7,145.6,124.9,142.5,136.0,125.2,122.8,139.0,119.4,134.3,104.4,145.5,117.9,129.3,127.1,99.5,117.8,122.1,142.9,146.6,119.8,132.5,123.5,138.8,133.1,113.1,148.4,125.7,108.1
2,carbonyl,63.9,65.1,69.9,57.4,51.2,72.5,80.7,73.5,65.1,84.2,90.7,75.4,87.8,82.2,71.7,89.2,70.5,81.8,81.2,99.2,72.8,81.4,88.1,68.9,84.7,81.1,71.8,84.5,80.3,80.7,74.8,78.0,81.9,80.9,91.1,80.7,81.3,92.2,76.6,94.4,85.6,81.2,86.3,96.2,105.4,92.2,76.9,85.2,78.8,87.0,90.4,76.6,92.0,89.1,85.6,84.5,87.6,85.3,98.8,91.5,103.4,103.2,116.1,118.0,100.6,118.6,118.7,130.9,136.3,147.6,158.4,217.6,222.1,266.8,294.2,390.2,436.4,553.5,659.3,752.2,882.3,1058.7,1238.5,1333.6,1621.5,1650.3,1951.0,2172.3,2348.1,2552.0,2808.0,2973.7,2988.1,3275.1,3235.2,3354.0,3360.8,3230.7,3229.8,3003.9,2971.4,2691.2,2574.6,2436.9,2274.7,2093.7,1796.8,1641.4,1472.9,1336.7,1126.7,1024.7,868.1,818.9,705.0,566.8,519.2,472.9,399.7,402.7,380.4,392.4,338.8,344.7,362.8,348.6,332.5,367.2,319.2,348.0,292.9,376.5,339.4,333.1,327.7,379.8,386.1,380.3,408.0,408.3,449.9,455.8,477.7,487.5,529.6,547.9,563.5,634.9,613.7,679.8,677.5,719.8,696.4,706.3,725.8,758.6,746.4,719.4,736.4,772.7,757.3,699.2,674.3,619.1,579.0,585.4,530.1,534.2,474.4,464.2,438.5,410.2,338.4,361.6,304.8,282.2,256.4,253.6,225.7,215.9,223.3,202.2,172.3,182.1,177.3,157.9,151.5,165.4,164.5,153.2,173.6,147.6,162.2,163.2,157.1,157.0,168.6,149.4,144.0,171.1,156.6,162.6,166.7,139.7,157.9,161.8,149.5,151.0,166.4,151.0,145.4,156.0,153.2,173.5,163.4,147.5,166.4,161.6,149.9,151.8,163.1,188.9,154.7,130.9,159.2,130.6,152.5,178.7,160.7,151.5,138.1,156.8,168.5,162.7,167.3,146.0,159.6,176.4,132.3,170.2,152.7,161.3,164.3,133.8,161.0,170.1,171.1,154.7,164.7,167.9,178.2,178.3,157.1,170.3,154.3,170.2,201.0,149.2,184.7,151.3,175.6,182.5,189.3,154.3,174.7,161.2,146.8,147.3,169.8,160.2,178.1,163.6,168.2,165.3,175.8,170.7,186.7,170.8,186.6,169.2,170.6,191.0,165.7,201.3,201.8,210.9,203.2,164.0,161.9,164.2,194.1,170.2,185.2,178.0,197.6,174.7,187.6,198.9,171.3,184.5,199.8
3,carboxyl_ester,66.4,62.9,72.5,77.9,73.3,73.5,84.6,74.9,60.2,61.2,65.7,77.6,72.2,75.8,74.4,68.3,69.2,68.0,60.2,69.9,61.2,65.8,67.9,84.8,86.2,68.9,83.1,73.5,81.3,82.5,93.2,72.2,74.9,92.7,73.2,68.1,90.0,88.5,82.6,80.7,79.6,80.3,92.1,70.8,93.1,73.8,73.8,98.5,73.1,100.3,68.7,78.0,83.1,82.4,83.9,75.2,106.0,90.7,95.0,82.7,112.9,103.3,88.6,96.6,123.3,139.1,149.2,186.0,215.6,234.4,254.8,258.9,327.0,369.8,465.0,494.8,580.7,653.4,732.1,863.7,975.5,1136.2,1228.1,1430.1,1449.1,1635.2,1691.3,1817.3,1966.1,2021.1,2140.7,2299.4,2320.6,2474.7,2451.0,2545.4,2410.9,2593.7,2309.0,2341.6,2288.3,2219.6,2217.1,2083.2,1847.8,1796.0,1654.0,1581.2,1445.9,1341.3,1316.4,1201.3,1075.7,1003.7,955.0,886.6,830.9,800.1,739.5,737.3,691.6,692.3,671.8,694.7,654.3,625.8,601.9,660.6,618.1,544.4,552.8,549.4,523.4,520.9,492.6,471.1,440.3,454.3,413.3,435.2,388.0,351.1,386.4,387.3,400.9,370.3,361.0,387.2,358.7,339.0,314.6,402.6,394.0,409.7,441.0,444.5,501.9,545.1,597.3,597.3,633.1,667.0,772.6,686.4,798.3,745.0,805.4,900.2,980.2,960.1,1063.1,1037.4,1053.0,1125.0,1097.8,1186.0,1145.4,1198.2,1242.9,1174.2,1169.9,1154.4,1218.0,1161.5,1166.4,1129.2,1116.9,981.4,1007.0,1012.6,911.1,845.5,813.6,751.7,785.4,684.0,638.5,581.5,554.0,518.7,468.7,402.2,433.4,360.0,340.9,301.0,281.7,292.7,240.1,232.1,206.3,201.0,176.9,177.2,183.9,184.3,173.2,144.8,141.0,137.5,154.0,167.3,145.9,146.9,150.8,154.2,128.4,135.6,151.0,130.8,134.7,120.0,129.5,111.4,122.6,138.9,148.0,145.9,130.8,136.0,166.9,135.6,151.1,141.4,136.9,138.8,148.0,156.6,147.0,144.3,143.9,159.1,135.6,136.9,140.0,134.7,140.9,125.5,148.1,141.3,125.8,143.0,161.7,141.5,141.2,139.6,138.1,152.7,148.9,153.3,132.3,139.4,157.1,149.5,147.8,142.8,145.2,146.8,174.0,168.2,143.9,160.1,147.0,153.7,148.4,148.5,135.6,150.6,162.7,130.9,149.6,147.4,163.6,157.5,162.5,149.8,159.4,154.9,129.2,157.3,161.2
2,carbonyl,87.8,101.8,79.7,108.6,91.4,81.0,96.7,100.7,98.4,91.2,93.6,99.1,83.5,81.1,100.4,90.1,88.2,87.2,93.0,89.2,96.6,94.9,83.0,85.3,91.5,80.2,94.1,78.0,102.4,86.4,89.7,95.6,105.1,88.5,94.9,104.8,95.7,87.1,89.6,109.2,96.1,92.9,81.3,106.2,117.0,87.8,90.6,90.4,100.9,90.9,91.9,97.3,92.0,88.0,99.1,97.7,87.7,106.6,97.3,113.2,89.2,123.6,113.3,113.0,112.6,113.0,137.4,145.9,116.4,163.1,170.3,203.8,260.8,275.7,307.8,374.9,366.1,419.5,510.2,597.4,710.1,768.7,857.9,973.8,1132.1,1212.8,1408.1,1566.5,1642.6,1707.3,1810.8,1904.5,1964.3,2059.7,2219.9,2107.0,2158.8,2100.8,2133.3,1998.2,2030.2,1979.4,1918.6,1834.9,1716.0,1589.9,1571.0,1491.3,1388.7,1256.6,1269.0,1204.5,1134.7,1039.2,965.1,990.3,934.1,968.4,917.1,948.4,925.2,988.7,953.2,993.7,982.5,965.3,982.6,1047.2,1074.6,1008.3,987.9,1063.8,1026.2,988.8,968.0,946.9,941.1,945.9,952.6,935.7,993.3,961.3,995.6,985.5,1062.3,1060.0,1067.6,1088.2,1201.6,1106.4,1144.2,1168.0,1209.4,1270.3,1248.3,1304.5,1231.3,1278.8,1214.5,1188.9,1187.2,1182.9,1054.5,1059.1,1010.5,957.7,967.7,874.5,794.5,792.9,702.8,633.5,557.0,556.2,520.6,463.5,433.0,409.4,325.0,306.2,310.5,268.1,248.1,226.1,220.8,185.8,201.7,166.2,174.5,171.2,125.5,182.7,136.3,129.6,127.9,124.8,150.2,106.2,170.6,126.5,138.6,114.3,120.0,137.7,110.1,126.4,152.6,123.1,102.2,135.3,121.2,94.0,123.0,126.7,110.6,124.2,122.2,124.2,120.2,133.7,118.6,122.1,128.4,95.7,117.1,124.9,116.6,137.3,129.4,138.1,119.7,125.2,128.9,111.9,138.0,116.8,123.3,107.8,136.6,107.7,104.0,135.6,118.5,121.5,130.0,141.4,125.5,126.1,135.8,130.2,142.6,113.7,137.6,137.8,135.0,124.8,106.5,128.1,123.6,111.1,116.7,134.1,137.5,138.3,132.4,119.3,126.4,107.2,144.5,128.7,107.2,148.0,111.5,132.2,125.9,136.2,137.7,122.8,130.3,134.8,145.4,132.9,150.4,142.0,120.7,118.7,150.1,108.2,134.8,134.4,135.4,113.2,115.5,132.7,127.7,133.9,128.1,152.4,125.1,120.8,151.9
1,alcohol_ether,78.6,91.2,92.3,97.6,85.1,100.3,94.3,91.6,92.8,79.9,108.3,71.0,96.3,102.9,77.7,86.2,96.4,100.1,84.0,99.6,85.5,90.7,87.4,90.8,84.9,100.2,108.2,85.1,88.6,99.4,75.4,92.8,90.2,88.1,119.4,93.9,92.9,96.0,93.2,94.7,94.8,100.7,80.4,103.2,94.3,105.3,99.5,115.9,85.0,106.7,100.2,111.9,99.7,100.1,97.2,111.9,107.9,94.1,92.6,95.0,81.0,109.4,98.8,112.2,121.5,95.2,129.0,125.5,120.3,137.5,159.2,157.8,206.9,221.7,216.4,275.0,352.6,385.8,484.4,567.7,616.7,783.9,977.1,1064.8,1219.5,1380.5,1498.6,1753.5,1939.8,2046.8,2171.0,2440.1,2515.7,2621.1,2743.5,2783.7,2791.4,2798.0,2878.6,2655.6,2565.4,2546.5,2339.6,2259.5,2070.1,1835.9,1792.3,1613.8,1501.3,1367.4,1245.5,1259.6,1097.1,1056.7,1042.7,970.2,1015.2,978.8,1116.2,1106.4,1117.3,1171.2,1113.1,1175.3,1190.5,1179.9,1163.3,1184.1,1120.0,1107.6,1140.1,1026.1,1008.8,967.1,873.4,897.5,862.4,775.2,690.5,676.9,576.5,517.3,545.1,515.3,457.8,480.4,456.6,413.7,382.4,385.6,370.2,396.3,406.8,370.2,333.1,344.6,373.7,345.0,350.1,366.7,331.9,337.8,342.8,279.4,342.1,246.2,259.2,282.6,274.6,271.7,237.0,231.7,217.8,206.8,224.9,169.3,191.0,170.9,160.3,163.6,160.3,138.8,162.7,152.3,152.8,145.2,143.2,139.9,136.5,156.4,134.2,148.3,134.8,149.2,123.5,129.9,145.5,135.8,138.8,139.9,147.8,147.0,120.0,125.6,142.8,126.0,135.0,126.3,121.3,123.9,137.9,141.8,125.0,155.9,128.8,135.7,116.1,124.3,134.9,142.2,136.3,116.8,118.2,151.0,142.2,126.7,129.7,139.1,143.0,138.6,128.6,124.4,147.7,141.7,139.9,133.2,135.4,132.2,163.3,140.0,127.2,147.6,130.7,164.0,129.8,134.3,165.8,117.7,142.0,136.3,151.4,140.1,161.1,143.8,156.6,145.3,148.1,135.3,133.0,146.0,139.9,125.8,154.0,171.7,126.7,140.6,128.6,161.7,153.4,133.3,155.1,148.1,130.8,158.4,125.3,154.8,141.8,127.0,166.5,159.3,145.5,137.1,157.6,126.3,120.7,135.9,147.1,175.1,144.5,160.8,154.4,142.7,141.7,155.0,150.7,147.2,152.2,142.9,151.8,139.0,146.0
3,carboxyl_ester,90.9,97.3,109.9,98.8,113.5,111.4,107.1,96.3,92.7,119.3,101.6,94.5,114.3,93.0,114.7,112.8,106.4,109.7,92.6,121.9,103.7,109.2,107.9,106.7,112.8,92.7,107.6,89.1,108.4,95.0,107.1,106.8,106.3,99.0,93.7,104.6,107.7,106.0,110.5,104.6,103.2,104.3,130.7,96.2,100.9,100.9,103.5,92.8,104.4,117.7,126.3,98.7,117.7,112.0,106.2,105.5,84.9,111.3,87.2,102.7,117.4,97.2,106.6,108.8,117.3,119.6,90.8,133.0,126.0,136.6,154.4,154.1,175.3,183.0,207.5,242.9,293.8,290.4,386.2,446.7,483.0,613.4,736.4,903.8,990.5,1140.2,1334.6,1452.4,1681.5,1809.8,1966.4,2244.5,2286.8,2485.0,2676.4,2939.7,2993.0,3023.1,2974.8,2973.3,2966.3,2941.3,2902.9,2735.8,2519.5,2422.1,2271.4,2079.6,1894.7,1643.2,1596.2,1354.6,1178.6,1043.6,891.6,811.2,695.6,598.6,548.7,494.7,423.2,412.8,359.1,333.3,345.6,310.5,289.1,314.4,278.1,274.4,288.3,309.3,265.3,291.3,266.4,266.5,289.1,267.0,254.8,223.9,270.3,242.7,247.5,252.3,251.3,254.1,269.6,288.7,293.9,297.7,287.7,325.0,342.9,349.4,335.3,329.2,377.7,368.7,427.8,431.2,439.8,450.3,458.4,492.1,540.4,483.0,510.4,594.3,614.9,635.1,722.1,704.8,738.1,767.4,751.6,843.8,797.9,870.2,870.6,917.8,924.7,930.1,941.5,934.4,909.3,897.2,919.9,845.5,834.7,772.1,781.5,752.8,676.8,637.0,619.5,534.8,541.6,493.9,463.1,434.0,419.9,360.1,328.3,292.6,294.4,271.4,241.5,179.1,188.7,203.7,176.7,154.0,185.2,149.8,162.6,143.7,162.6,156.3,169.3,129.6,130.1,151.7,143.5,145.0,151.9,132.7,145.8,154.0,155.2,135.7,153.4,142.0,143.0,141.4,132.0,168.6,142.4,167.1,153.3,126.3,148.4,139.4,149.7,154.9,146.5,147.2,132.5,128.9,151.0,131.4,151.4,154.4,154.0,141.3,140.1,143.2,134.2,147.7,147.0,155.1,183.5,156.8,157.2,154.6,150.7,173.9,149.7,155.6,166.6,153.5,162.3,167.9,148.2,151.1,163.5,164.6,152.6,165.6,165.3,152.5,153.1,141.5,152.7,161.0,151.5,155.6,144.0,130.4,158.4,165.0,139.6,150.2,173.8,178.7,147.2,148.7,189.0,158.8,147.5,156.2,176.0
3,carboxyl_ester,87.8,80.9,106.6,89.0,105.6,95.9,113.6,94.4,117.5,102.7,99.2,90.7,85.2,106.0,111.1,86.3,83.3,104.7,98.5,91.8,88.5,92.1,87.4,109.0,100.5,113.9,99.1,115.4,111.2,91.1,100.4,94.3,124.5,84.1,92.6,92.0,97.9,97.8,107.0,83.9,100.0,113.7,107.4,93.2,114.2,96.5,123.2,132.4,99.1,110.1,92.9,103.4,100.4,102.8,108.1,119.7,106.5,95.8,96.6,116.2,105.8,95.0,131.5,106.0,126.1,142.3,120.0,154.8,156.8,159.5,197.1,173.4,217.4,261.0,268.7,279.2,361.7,321.5,382.3,466.0,500.7,533.5,652.7,654.3,738.0,743.2,848.3,880.8,968.0,1020.4,1033.8,1131.4,1114.6,1181.8,1164.2,1236.4,1283.7,1265.7,1256.3,1228.1,1284.3,1216.1,1177.7,1150.3,1130.6,1089.0,986.7,926.0,1008.0,904.6,858.2,819.6,811.0,730.8,751.2,721.9,738.1,691.2,664.0,705.8,719.0,629.1,739.7,714.0,711.9,713.1,741.5,737.3,763.0,799.4,794.6,824.2,850.6,911.4,929.2,955.2,1018.2,1100.7,1050.6,1113.9,1161.5,1187.4,1256.6,1318.0,1390.4,1443.7,1436.6,1503.6,1700.3,1686.1,1658.2,1796.3,1820.4,1825.4,1899.0,1910.7,1936.1,1973.0,1929.0,1991.8,1983.8,1889.6,1965.8,1924.9,1863.6,1896.7,1819.1,1739.5,1723.3,1778.7,1733.6,1649.5,1618.6,1549.3,1516.1,1526.6,1421.2,1373.2,1406.0,1296.5,1288.3,1226.3,1236.0,1179.8,1083.1,1065.2,1032.0,922.6,892.4,887.5,818.4,807.1,695.1,688.4,665.4,637.5,596.9,516.8,521.4,473.1,436.8,383.2,369.0,334.1,347.1,278.6,297.4,247.7,232.8,249.8,215.7,200.7,193.4,167.9,181.7,183.0,155.7,144.7,158.5,156.1,148.8,157.9,131.1,146.8,159.3,126.5,131.6,127.0,135.3,128.9,129.3,132.7,142.0,138.9,131.4,131.9,138.9,155.4,150.1,121.0,129.8,135.3,141.0,128.2,148.5,131.4,141.7,106.4,146.3,146.0,131.7,108.7,135.4,142.2,143.4,151.8,131.4,127.4,138.0,153.0,146.8,125.1,131.1,149.3,133.5,151.6,153.5,169.1,140.9,124.7,145.6,149.1,129.1,174.8,158.0,147.7,146.2,119.3,161.3,146.7,145.8,157.6,132.4,161.8,138.5,147.1,124.4,122.8,147.2,159.8,169.4,128.8,136.1,150.1,162.6,148.1,151.3,128.6,150.6,155.4,156.1
3,carboxyl_ester,53.1,43.2,54.5,57.6,48.1,39.4,49.8,42.3,52.0,51.3,33.6,47.4,51.3,45.8,50.7,42.3,52.0,41.7,52.7,43.1,53.9,55.1,44.2,59.7,59.2,47.2,56.7,60.5,62.4,47.9,44.1,53.1,55.2,49.5,49.0,67.2,44.6,53.9,57.2,55.2,56.1,52.0,67.5,37.4,49.5,55.8,52.4,55.3,58.8,61.8,63.3,70.0,51.3,51.4,66.5,60.2,70.3,51.8,56.1,51.2,73.6,72.0,85.1,84.0,81.3,104.1,87.9,133.2,115.3,143.6,167.4,186.8,264.2,251.1,337.4,350.6,432.4,469.4,581.7,683.9,681.0,807.9,904.4,1017.1,1120.3,1204.5,1307.1,1430.0,1515.5,1647.1,1592.8,1758.0,1797.9,1777.4,1892.8,1814.5,1869.8,1860.9,1771.1,1735.0,1591.1,1549.1,1422.9,1471.6,1296.3,1187.3,1097.3,1054.1,950.3,860.9,811.8,741.5,736.5,665.2,596.4,590.4,554.3,509.2,522.0,483.1,461.7,475.5,489.1,496.7,498.9,497.0,520.5,480.1,462.3,533.6,510.6,466.7,480.1,458.1,421.5,446.9,469.9,504.9,490.0,470.0,517.5,557.5,522.9,589.4,595.8,603.6,634.1,644.7,694.1,736.8,735.3,790.2,793.7,819.4,831.8,972.4,892.5,966.0,967.6,1056.3,1003.4,1095.2,1166.6,1171.5,1278.0,1231.9,1260.1,1377.7,1354.4,1417.8,1450.5,1435.2,1498.3,1505.2,1453.8,1485.7,1561.6,1571.8,1542.3,1507.7,1488.4,1531.7,1357.7,1429.3,1371.1,1272.4,1273.5,1164.7,1121.7,1072.9,972.1,909.8,871.9,839.1,738.0,785.0,658.6,584.6,555.0,455.7,431.4,384.1,351.9,330.1,292.4,226.6,224.2,202.6,184.3,165.8,168.7,164.2,151.4,137.5,136.4,112.7,125.4,99.5,93.8,116.1,103.7,80.2,84.5,91.2,86.4,105.4,100.0,85.9,80.8,95.0,99.6,115.5,98.6,99.1,86.8,97.7,97.1,97.0,101.2,80.5,99.1,110.2,100.5,103.1,98.6,96.1,108.9,83.0,94.0,91.1,100.3,102.5,110.2,101.9,76.9,108.3,108.4,93.1,87.8,97.0,119.5,106.2,98.5,93.4,90.5,120.9,118.9,93.1,121.9,108.4,109.0,96.0,82.9,122.5,114.7,121.0,99.1,112.8,106.7,122.8,96.7,118.7,111.6,86.9,122.5,115.6,125.1,107.5,117.1,91.5,95.5,120.9,105.5,97.8,90.4,112.9,95.5,108.7,121.7,111.3,126.1
1,alcohol_ether,53.5,70.1,64.3,68.4,75.7,70.1,62.0,73.3,62.9,63.1,64.8,74.1,81.2,69.5,62.9,59.8,60.5,78.7,69.3,62.7,86.6,90.3,64.8,72.3,71.1,87.0,76.1,78.7,76.4,73.7,73.6,68.3,78.4,75.3,66.7,80.7,88.4,85.3,78.8,92.4,75.4,79.1,85.6,77.4,90.3,65.1,95.5,80.1,97.9,84.8,68.1,66.3,80.4,88.5,79.4,90.5,101.8,69.7,87.2,95.5,84.6,100.8,81.4,116.3,103.4,120.4,128.7,140.3,147.3,147.7,200.4,235.5,256.3,329.7,346.1,401.0,470.2,541.0,600.0,763.0,794.3,859.0,1046.1,1106.2,1244.9,1362.5,1560.6,1597.0,1767.5,2008.2,2040.3,2199.8,2199.1,2346.8,2410.3,2534.2,2524.0,2470.3,2517.4,2562.6,2465.1,2507.3,2276.1,2312.3,2256.5,2119.9,2094.3,2007.3,1898.3,1810.0,1774.5,1628.2,1624.0,1468.2,1542.7,1502.6,1460.8,1467.0,1479.1,1480.5,1483.9,1457.0,1499.5,1496.8,1472.6,1551.3,1523.0,1473.0,1564.3,1443.7,1391.9,1448.1,1379.6,1396.6,1281.8,1271.1,1211.9,1160.1,1079.5,1047.2,927.1,839.8,828.4,759.7,752.5,693.2,679.4,655.7,594.4,498.0,515.4,473.1,478.0,463.1,405.8,408.5,402.9,391.9,381.8,392.7,383.6,332.7,373.2,365.0,315.6,316.3,312.7,321.1,282.5,314.2,312.0,304.9,285.7,286.2,284.8,281.2,300.9,246.5,283.8,290.7,282.6,270.4,243.4,244.2,242.4,235.1,239.1,221.7,232.7,233.8,197.2,199.0,203.0,212.9,184.4,192.1,195.7,197.2,159.3,177.5,159.7,182.1,161.6,161.7,173.6,150.1,143.9,147.3,148.0,163.2,142.4,133.4,151.7,163.9,152.0,124.0,156.3,145.2,162.8,143.8,141.2,127.6,151.1,126.9,171.6,133.0,148.5,158.8,158.7,136.2,166.7,140.8,160.9,148.8,160.2,159.3,152.3,160.4,168.1,198.8,168.3,176.4,153.2,165.9,183.5,173.9,144.8,161.8,144.5,166.0,166.2,138.9,157.1,134.9,157.3,172.5,144.7,187.4,158.5,168.4,182.3,144.8,160.2,161.3,162.5,177.1,176.9,175.9,199.3,188.5,170.5,163.5,183.1,167.6,167.8,168.5,157.2,169.3,208.6,173.0,195.9,171.9,190.3,175.4,209.2,166.9,183.3,197.3,172.9,185.2,178.7,182.7,181.7,199.1,184.1,183.5,163.3,201.9,180.9,164.8,197.9
3,carboxyl_ester,90.5,71.5,100.7,64.6,94.4,80.5,71.8,88.9,77.1,97.4,98.8,74.8,75.4,81.6,79.4,90.3,90.9,96.3,73.5,92.3,85.1,92.7,75.2,80.1,95.4,89.8,74.2,76.6,72.5,95.7,77.9,92.0,92.1,92.7,97.0,85.5,93.4,70.1,89.1,114.9,93.8,89.2,99.1,96.2,104.1,89.6,101.2,83.4,87.6,91.9,86.0,110.3,97.9,95.5,101.9,103.3,103.2,94.2,106.2,84.2,116.0,83.8,107.0,116.0,99.0,101.9,103.8,105.2,114.9,129.3,129.0,136.4,123.1,159.2,162.6,184.5,162.9,194.8,240.0,255.3,260.6,303.3,334.5,356.9,396.4,426.7,442.1,490.9,557.8,536.6,571.7,623.7,614.7,620.0,624.7,649.5,678.6,612.5,635.6,705.4,704.5,688.2,722.5,696.1,725.0,839.6,765.8,838.6,915.2,934.3,990.6,1039.2,1101.0,1258.0,1295.1,1429.0,1466.0,1470.8,1612.3,1629.0,1802.5,1814.0,1797.4,1826.1,1889.5,1900.0,1870.5,1849.1,1804.7,1691.2,1652.3,1675.9,1525.9,1525.7,1378.9,1331.4,1206.0,1131.2,1054.0,960.1,924.9,894.3,763.9,711.0,659.0,615.0,561.1,570.2,522.3,549.0,535.7,520.6,558.5,621.7,576.2,646.2,670.6,718.7,741.2,745.2,793.4,848.8,933.4,986.1,1104.0,1192.9,1218.5,1222.9,1392.0,1426.2,1480.8,1584.3,1514.7,1590.6,1743.0,1748.7,1738.2,1724.4,1718.4,1796.7,1651.5,1658.1,1652.9,1666.0,1599.2,1585.3,1627.3,1428.8,1439.2,1332.7,1134.9,1103.7,1004.4,973.4,894.8,842.2,765.5,697.1,639.6,557.9,543.5,532.2,378.4,376.8,365.8,291.2,292.5,278.9,259.5,215.2,234.6,195.0,201.9,192.4,171.7,144.8,173.2,167.8,155.1,153.8,168.2,163.7,170.0,172.8,172.7,173.3,152.3,163.9,167.6,143.4,151.4,164.1,140.0,165.9,184.9,165.3,171.9,151.6,180.2,152.8,145.1,170.7,167.2,162.2,172.0,165.4,153.6,162.7,165.6,146.7,157.0,171.9,177.7,172.9,173.2,155.8,152.4,162.5,178.4,194.3,155.6,168.3,180.1,170.5,182.5,151.3,172.0,169.4,156.0,172.0,161.6,185.6,180.5,191.4,128.9,178.7,162.1,183.0,179.5,182.6,178.1,180.2,173.3,176.1,188.7,170.8,168.9,163.2,134.0,182.8,193.4,178.4,178.6,191.2,179.1,188.0,172.6,205.8,211.5,180.1,165.5
1,alcohol_ether,47.2,39.4,47.5,52.5,47.8,53.0,48.3,50.0,51.2,42.8,47.8,39.6,40.7,41.9,46.3,52.0,47.5,41.7,63.0,58.4,58.9,38.5,68.4,58.1,58.5,46.0,60.8,39.3,44.4,61.1,59.5,50.6,49.0,41.7,51.6,56.8,60.1,51.2,67.5,59.1,64.4,68.0,58.5,60.3,59.7,64.7,59.8,53.4,71.5,63.4,56.5,65.7,68.2,59.8,83.3,73.8,59.7,57.9,67.6,69.5,57.2,78.7,79.4,82.5,78.4,78.3,91.8,93.0,107.3,135.1,151.9,192.6,207.4,224.3,287.2,298.6,422.8,462.5,563.6,665.9,763.4,898.7,1085.8,1243.3,1512.6,1584.8,1736.7,2057.6,2333.4,2578.3,2665.2,2870.4,3049.3,3131.2,3210.0,3317.9,3332.1,3406.6,3332.8,3435.1,3280.5,3154.6,2988.3,2936.2,2638.8,2439.9,2299.0,2187.3,1909.8,1755.9,1640.7,1397.4,1239.5,1148.1,1079.7,926.9,855.6,842.3,831.2,757.6,703.5,709.1,671.4,665.5,723.7,652.5,657.5,687.8,656.7,641.7,603.1,567.9,577.0,602.6,576.9,505.6,435.5,479.1,435.5,369.2,348.1,347.8,318.8,315.9,274.7,254.0,226.4,206.2,220.5,212.4,198.5,213.9,197.9,177.6,204.6,168.9,163.5,179.5,175.7,180.0,185.5,194.5,144.1,196.0,142.7,177.6,170.1,192.0,175.2,174.2,178.9,193.6,148.0,179.6,194.1,190.6,181.1,174.7,167.0,185.7,198.0,182.6,198.1,202.9,179.9,207.4,186.0,184.1,185.3,191.1,187.0,181.3,167.0,167.3,162.1,160.1,167.0,157.8,125.2,144.7,137.9,156.2,125.8,127.1,104.9,138.0,119.1,113.7,118.9,127.2,127.6,126.5,112.5,115.1,145.1,134.1,121.9,140.1,122.6,115.6,119.0,122.3,130.7,113.7,134.0,118.7,127.2,151.6,147.8,146.7,121.9,129.1,118.0,119.0,129.7,131.8,140.4,139.6,119.6,153.1,143.6,151.5,140.4,119.3,151.2,150.2,155.8,134.2,144.5,143.7,144.6,135.9,138.4,120.6,127.6,148.7,124.4,129.1,135.1,173.0,140.4,149.6,153.3,152.1,182.6,143.0,150.5,118.3,142.6,136.9,132.8,145.6,148.2,128.8,137.4,152.6,159.8,163.6,145.5,131.7,137.0,170.2,159.1,149.5,156.0,141.0,165.0,150.2,165.0,122.9,143.4,136.1,153.8,156.6,179.6,173.5,163.8,164.8,158.2,148.9,138.4
1,alcohol_ether,73.7,93.9,94.4,99.2,86.3,86.9,92.7,98.8,105.1,90.3,91.1,105.7,83.9,87.3,93.3,93.8,98.5,109.9,96.5,94.1,96.8,98.3,99.3,103.4,113.6,102.2,93.2,105.7,95.4,95.9,105.1,101.2,99.6,94.1,106.0,106.3,100.2,95.9,72.5,105.2,93.7,108.5,109.6,95.5,93.6,85.5,90.6,93.3,92.3,98.2,91.6,103.2,109.9,94.3,113.6,99.1,108.1,104.1,108.1,107.1,95.6,112.8,100.3,107.4,104.3,119.9,116.2,128.8,129.1,123.5,140.1,159.7,199.1,205.5,212.6,268.7,365.0,417.2,521.4,589.7,696.6,720.4,884.7,1070.6,1320.0,1428.9,1662.9,1751.4,1991.4,2165.4,2436.1,2499.9,2848.6,3070.1,3158.3,3099.9,3261.8,3272.9,3268.5,3229.1,3208.2,3021.9,3012.5,2848.6,2647.0,2436.8,2317.1,2118.6,1871.1,1730.9,1500.6,1332.2,1170.5,1058.1,945.4,893.4,780.9,753.0,704.0,614.0,633.0,563.9,537.3,593.8,560.5,574.2,594.9,542.4,514.8,544.9,538.5,523.6,533.6,474.0,529.0,488.7,488.7,449.9,486.9,436.7,454.0,434.3,417.8,437.4,412.7,415.3,447.1,443.0,460.9,490.0,462.6,525.0,443.6,496.7,519.1,484.8,550.0,504.1,534.8,527.0,520.5,514.4,514.0,467.2,499.8,480.7,407.7,407.5,373.7,388.3,371.3,345.9,355.4,324.4,339.6,297.5,306.8,291.4,245.4,253.5,261.9,224.0,240.6,269.2,220.3,217.3,210.2,228.7,186.1,178.3,203.2,187.9,159.9,188.4,184.5,182.0,173.6,150.9,174.2,141.4,161.3,155.6,153.7,161.1,160.3,153.0,164.7,176.0,156.5,162.9,155.4,161.2,137.9,146.3,181.8,141.5,147.1,156.1,144.6,147.8,143.2,157.4,135.1,149.7,155.9,140.4,132.6,142.6,180.6,162.6,153.1,144.8,156.4,151.0,156.6,141.9,137.7,167.2,139.4,153.7,155.2,141.2,142.8,154.6,144.4,162.9,159.1,138.4,145.8,159.8,161.3,183.5,148.6,151.4,154.8,151.8,175.0,147.6,149.5,165.8,180.9,141.1,143.8,175.7,148.9,161.4,172.9,161.9,151.9,168.6,133.1,145.9,187.1,172.5,174.4,180.8,169.5,161.8,186.0,159.6,148.9,161.2,166.5,200.3,163.6,179.5,156.9,165.0,170.3,175.3,175.3,164.9,181.6,173.3,148.9,166.3,177.1,190.9,168.5,158.8,170.3
0,hydrocarbon,43.9,44.3,34.8,49.3,44.2,48.7,42.8,39.6,43.2,50.1,48.7,46.9,43.7,54.2,52.5,42.5,42.6,40.7,51.4,49.6,50.0,62.0,38.7,49.4,45.9,51.4,49.9,49.9,46.5,47.2,55.3,58.2,58.6,65.2,53.5,47.8,41.0,57.7,47.3,55.1,55.1,62.7,55.9,41.8,62.9,61.1,64.4,65.0,56.4,51.2,60.0,58.8,75.6,60.7,64.5,68.9,53.5,70.3,66.5,68.1,69.8,50.1,70.1,72.2,74.0,64.7,75.9,93.4,78.5,101.1,98.0,114.9,131.8,141.9,178.2,228.0,270.6,309.8,386.0,418.4,482.0,578.7,667.2,798.7,845.1,966.7,1114.7,1208.5,1327.4,1395.8,1500.8,1552.3,1647.4,1770.2,1841.4,1779.7,1841.0,1861.7,1751.7,1775.8,1686.0,1658.2,1558.2,1438.6,1391.4,1335.4,1327.3,1363.5,1251.6,1147.3,1212.5,1165.9,1137.6,1122.8,1195.0,1256.3,1321.2,1318.0,1417.1,1483.8,1544.6,1567.0,1583.3,1662.7,1717.9,1814.7,1703.6,1657.4,1678.0,1632.5,1587.3,1507.7,1496.2,1446.5,1323.6,1312.1,1218.7,1194.2,1088.5,1100.1,1022.5,950.0,912.3,923.5,856.6,851.7,837.4,841.3,818.8,804.5,849.5,849.6,829.8,879.2,824.0,823.2,836.3,791.9,801.6,735.5,805.5,809.2,738.5,696.1,648.4,594.8,604.7,536.2,508.2,483.0,440.8,419.8,361.1,309.9,326.8,267.5,237.4,252.6,198.6,198.3,180.0,179.1,152.9,146.2,154.3,118.8,149.8,122.8,117.2,126.4,124.0,123.9,130.3,113.0,122.0,103.9,112.8,139.2,107.7,130.8,117.6,119.4,104.0,124.1,130.2,113.0,118.3,113.2,119.9,115.9,124.1,101.9,111.5,108.1,92.4,121.0,123.8,120.0,109.6,130.6,112.3,130.2,134.3,135.9,134.3,131.9,127.1,105.6,120.4,112.5,128.6,126.7,121.4,123.0,125.7,115.3,109.9,140.6,130.5,132.1,130.7,125.3,139.5,121.0,113.7,142.3,132.1,137.8,160.1,133.2,149.5,139.4,146.0,111.2,131.6,150.2,138.3,149.1,131.6,125.0,144.6,119.3,143.0,143.2,125.8,154.9,126.9,144.8,143.6,147.8,163.1,132.6,148.0,128.9,151.1,136.1,139.7,166.3,147.4,120.3,150.5,142.4,152.2,154.0,132.0,162.8,139.1,141.0,144.0,151.9,125.8,167.8,145.7,151.3,154.7,156.2,142.7,141.5,141.2,159.2,145.2
3,carboxyl_ester,127.9,117.1,101.7,119.9,106.2,91.3,107.2,139.3,106.4,108.9,123.6,99.4,102.0,96.6,90.6,120.3,102.7,93.3,115.6,118.6,109.1,107.6,127.5,115.4,107.0,119.0,116.0,99.8,118.4,113.3,112.6,116.9,110.9,101.3,99.8,104.5,120.7,110.6,114.3,98.7,97.3,117.5,115.7,123.9,121.6,112.3,109.6,115.4,95.7,129.3,105.4,104.5,114.7,133.8,99.0,125.3,109.4,123.5,112.9,109.1,108.6,121.9,103.4,125.2,118.7,124.6,128.8,131.8,139.9,164.7,144.1,173.9,148.7,194.5,200.8,261.5,242.1,327.9,356.8,386.0,417.3,473.1,509.2,620.4,713.2,808.9,830.9,982.8,1009.4,1091.5,1229.8,1229.4,1270.8,1345.9,1383.2,1517.1,1513.5,1423.1,1479.9,1460.2,1434.0,1356.5,1251.0,1285.7,1144.8,1064.5,1009.0,890.4,826.2,769.1,703.0,599.5,548.1,510.1,468.3,435.3,397.9,361.3,381.9,295.9,329.4,307.2,297.9,285.5,281.3,270.7,258.1,281.4,284.4,248.4,266.8,269.3,240.5,231.5,237.1,199.5,212.5,225.1,228.7,198.3,197.3,192.4,201.7,217.1,186.9,184.5,234.3,210.7,220.4,257.0,247.7,293.2,309.7,341.5,386.0,413.2,451.4,534.5,605.0,685.2,768.4,819.1,917.9,1010.9,1147.8,1241.1,1304.4,1451.8,1613.4,1719.7,1856.0,1991.4,2141.1,2196.4,2285.2,2326.7,2449.3,2576.0,2574.4,2588.9,2599.0,2721.7,2640.5,2614.5,2480.2,2499.2,2414.1,2280.0,2340.2,2170.1,2023.9,1871.4,1785.5,1710.7,1541.0,1468.8,1293.2,1208.9,1077.1,946.8,895.1,802.8,671.5,598.3,547.2,464.8,471.1,389.7,346.1,311.1,278.5,241.2,255.2,198.8,190.3,181.0,178.2,182.9,189.8,175.1,138.5,174.6,167.0,149.7,148.8,160.2,131.2,158.6,155.1,147.2,150.3,145.4,151.2,155.6,153.0,152.1,136.5,137.1,142.5,128.4,138.4,153.1,147.5,149.5,153.3,144.0,147.5,157.3,142.9,150.0,164.3,165.6,146.9,142.8,145.8,169.7,145.9,148.1,150.1,136.1,150.1,171.6,147.8,164.0,164.9,168.3,158.5,145.1,169.9,149.9,166.7,165.9,168.1,151.9,159.7,157.8,169.4,139.2,146.4,168.9,148.4,154.0,165.8,152.9,163.2,146.2,160.3,172.1,175.3,166.5,153.6,167.5,156.0,129.1,154.1,160.3,144.1,180.5,155.9,159.8,173.5
2,carbonyl,73.4,60.2,76.5,59.9,54.7,62.2,52.1,73.4,59.5,73.1,62.8,68.5,71.0,70.1,62.6,70.2,68.8,77.3,89.7,65.3,62.0,62.0,56.0,55.9,82.1,54.6,69.8,65.6,82.3,75.5,69.0,78.2,91.0,47.4,87.3,66.5,51.5,63.3,86.8,57.2,72.8,65.4,76.9,80.4,73.3,65.7,59.1,68.1,73.9,83.0,74.4,90.3,76.1,65.8,70.3,70.8,68.3,81.3,76.9,70.8,69.2,74.1,67.1,76.1,92.1,70.9,87.3,98.1,109.5,105.7,117.4,145.3,163.7,204.4,232.2,264.9,303.8,358.7,463.7,525.5,665.6,726.0,856.0,993.0,1179.9,1311.4,1522.0,1553.0,1774.6,2016.7,2229.5,2324.1,2526.0,2619.6,2757.3,2836.2,2987.7,3043.4,2990.3,2839.2,2832.0,2848.1,2713.0,2646.0,2543.4,2285.5,2230.0,2007.5,1795.0,1665.3,1581.3,1331.0,1211.6,1070.8,1013.3,862.6,771.7,683.1,641.7,589.3,554.3,515.1,456.8,542.7,470.7,468.8,461.5,467.3,522.4,477.8,449.1,425.3,501.1,442.2,483.0,469.6,460.5,447.7,519.3,478.8,482.4,512.7,543.7,530.0,547.1,595.7,650.6,634.7,723.0,699.3,772.6,737.7,796.2,861.3,814.6,869.3,859.2,881.7,882.9,913.4,845.9,788.9,824.1,801.3,776.2,757.9,745.3,692.7,641.3,580.2,589.9,532.7,500.1,496.1,471.3,422.8,365.7,328.5,332.7,317.7,287.3,281.6,277.7,259.9,237.3,196.3,223.7,216.5,187.6,160.2,174.5,145.1,161.5,162.4,136.4,162.7,149.9,142.0,147.7,117.8,102.1,115.8,127.0,105.9,104.7,113.9,84.4,88.8,108.7,115.3,93.8,109.4,100.3,117.6,94.7,92.8,104.0,103.9,96.8,98.7,86.3,106.0,105.4,74.3,89.9,100.7,100.2,89.5,96.4,98.8,83.3,97.7,102.1,94.9,99.4,119.7,107.1,106.6,110.1,100.8,99.5,96.9,100.7,68.8,77.9,90.0,128.7,88.0,90.1,98.5,84.4,114.6,120.7,90.3,93.6,95.8,112.1,90.9,107.3,121.7,108.9,105.1,92.8,93.1,90.2,90.0,69.3,101.5,101.1,100.9,98.9,96.6,103.2,112.1,95.0,95.5,108.1,98.2,87.3,114.5,105.2,103.0,104.6,97.2,96.0,107.3,115.3,110.9,105.2,108.9,103.5,108.5,100.9,122.5,88.8,100.1,104.8,134.8,110.3,101.1,99.5
3,carboxyl_ester,53.1,58.0,44.0,51.8,55.2,50.6,54.2,59.0,54.6,41.8,58.1,43.5,47.2,57.9,35.7,48.7,61.3,62.6,40.2,50.3,52.7,37.7,65.4,57.1,53.1,49.4,57.9,46.2,60.3,58.3,58.2,64.1,37.7,44.7,57.9,57.4,50.0,56.6,54.0,56.6,51.0,47.3,52.1,54.5,58.3,56.0,52.5,43.9,58.1,63.4,42.7,59.7,56.0,62.7,69.9,55.1,50.4,47.7,62.1,53.0,55.3,57.6,81.8,68.9,71.7,88.1,84.8,94.9,111.1,115.9,138.5,162.6,169.0,194.9,215.2,264.8,307.1,380.6,380.8,483.6,575.9,677.3,719.3,793.2,841.2,991.2,1034.3,1107.2,1146.5,1283.2,1323.2,1353.1,1452.0,1428.2,1471.7,1460.3,1588.1,1446.4,1475.3,1467.8,1377.9,1429.1,1331.7,1320.4,1291.0,1214.0,1175.2,1135.0,1108.8,1144.8,1114.1,1081.3,1105.2,1126.7,1155.6,1142.3,1222.5,1264.2,1310.7,1329.4,1292.4,1350.3,1385.0,1383.1,1373.5,1384.6,1407.4,1361.6,1293.0,1342.2,1321.2,1244.1,1161.8,1115.5,1104.9,1027.0,937.0,930.1,834.3,832.1,771.8,745.9,678.3,676.9,649.9,641.4,521.6,561.7,548.5,554.6,505.8,499.3,502.8,501.0,520.4,529.9,550.5,593.8,630.0,615.1,688.6,721.1,775.9,800.5,800.4,829.9,869.8,902.4,1039.2,1028.8,1067.3,1062.6,1092.8,1158.0,1164.8,1193.8,1211.3,1185.1,1133.5,1158.8,1127.1,1146.4,1133.3,1068.3,1054.4,1013.3,948.2,943.6,908.2,916.9,813.8,760.4,754.3,674.0,666.7,567.2,529.8,504.1,465.3,439.4,358.1,336.9,309.4,222.6,252.0,185.5,213.9,173.8,159.7,147.2,134.5,140.7,115.6,118.8,116.7,87.8,91.1,108.8,92.3,66.0,82.0,90.2,70.9,87.3,73.8,66.7,82.6,76.0,73.1,87.3,64.5,72.4,81.3,75.9,66.6,67.4,76.2,76.9,64.0,64.9,49.3,84.5,102.4,74.0,76.6,76.9,66.2,87.5,70.3,76.6,74.3,93.2,62.9,78.0,71.2,86.9,75.4,71.4,92.7,89.4,94.6,79.2,82.7,90.4,96.1,81.6,73.0,85.4,74.4,81.6,76.5,83.9,94.8,73.0,72.2,67.9,72.9,87.9,89.3,83.4,82.2,80.0,69.8,83.8,68.5,77.2,80.4,83.4,70.0,78.1,76.8,91.8,73.7,92.1,80.1,84.1,68.6,84.7,102.9,75.9,79.8
2,carbonyl,94.2,98.6,74.7,93.3,90.5,103.1,107.6,103.4,92.3,96.8,85.5,110.5,85.4,83.8,92.8,99.2,99.9,113.6,96.8,93.1,87.6,110.1,104.9,117.5,94.1,92.9,102.3,113.4,111.1,97.7,108.4,103.7,94.7,105.8,101.6,94.1,90.5,87.3,112.2,92.1,108.8,92.5,105.9,107.6,122.1,112.6,101.9,107.7,94.6,111.9,115.3,109.7,122.2,117.5,116.0,124.5,103.9,128.9,107.9,126.6,113.4,117.0,128.5,106.8,123.3,119.1,126.3,145.1,121.5,130.2,149.6,157.7,144.9,171.0,175.5,197.3,216.5,247.7,237.4,276.1,274.9,314.1,348.9,386.8,424.8,459.3,477.2,549.4,560.6,574.8,618.9,710.0,772.9,740.3,769.2,791.4,781.8,837.5,769.1,780.2,724.3,738.7,697.8,685.9,668.0,648.1,564.9,608.0,633.6,559.9,542.2,548.7,519.0,533.5,524.4,477.3,503.5,464.3,515.5,555.9,507.0,565.3,564.8,590.6,661.5,634.3,655.4,679.6,747.5,786.9,795.7,806.7,865.7,921.3,1016.4,1059.6,1138.0,1156.5,1319.4,1401.7,1427.5,1638.8,1712.2,1860.2,1981.3,2131.3,2225.8,2363.9,2493.9,2564.9,2674.8,2764.5,2748.4,2914.7,2831.3,3108.7,3032.5,2974.3,2890.3,2908.0,2847.9,2907.3,2773.3,2573.4,2582.8,2438.5,2336.7,2120.0,2151.5,1960.0,1826.4,1681.2,1544.3,1496.9,1355.5,1276.5,1107.2,1086.2,934.6,896.7,857.4,729.2,698.2,635.8,590.3,514.7,509.4,456.0,408.4,348.7,388.1,336.8,362.1,282.6,264.6,266.8,274.8,266.7,242.6,242.3,244.2,222.3,205.8,223.8,209.2,187.6,195.2,186.2,173.4,177.4,201.1,152.1,148.6,161.0,193.8,164.7,170.5,167.3,159.4,183.8,146.4,167.1,162.5,168.6,180.6,163.4,172.1,162.4,175.9,162.7,169.2,170.6,150.1,182.1,150.8,166.8,174.8,162.9,168.8,149.1,169.6,160.5,163.4,181.8,182.8,180.0,158.1,186.3,164.3,170.7,161.9,185.0,178.2,152.9,166.9,166.4,154.8,189.7,151.4,166.0,186.1,173.8,167.7,156.5,188.8,181.6,167.8,178.5,181.6,174.4,171.2,181.6,178.5,175.1,191.3,189.7,183.2,200.8,196.2,174.8,169.7,184.4,167.7,188.4,203.3,172.7,183.9,175.5,155.7,175.0,208.5,195.5,163.1,190.0,176.7,180.2,194.4,178.6,185.2,180.7,216.2
1,alcohol_ether,41.9,30.6,50.5,43.9,49.4,51.3,56.0,41.5,32.1,48.3,55.0,52.3,31.7,47.2,44.6,51.0,42.6,50.5,38.5,53.5,51.1,38.2,51.3,43.9,37.3,40.2,51.3,41.8,52.3,54.0,41.7,49.0,47.9,49.4,59.3,56.4,35.7,52.1,62.3,46.9,37.0,48.2,45.2,49.8,47.1,56.0,47.0,46.8,57.4,45.6,49.5,48.9,45.6,55.2,51.7,56.4,55.5,54.3,50.2,57.4,54.5,69.4,51.3,66.4,66.0,61.7,81.4,84.8,81.2,109.2,133.1,165.0,161.6,209.7,224.7,304.6,310.3,355.2,430.7,546.7,577.0,667.3,767.0,880.1,989.1,1032.4,1155.3,1205.9,1285.2,1402.3,1479.1,1664.0,1655.9,1725.4,1704.5,1822.9,1825.2,1844.5,1789.2,1820.1,1743.5,1731.1,1734.8,1660.3,1639.3,1647.1,1573.6,1590.7,1516.0,1588.0,1613.2,1647.9,1701.9,1673.6,1766.2,1805.2,1871.2,1972.9,2055.8,2148.2,2151.5,2343.7,2362.2,2338.5,2299.4,2306.6,2340.7,2307.3,2258.0,2261.7,2272.8,2109.7,2054.2,1973.1,1803.1,1712.7,1578.6,1459.1,1342.8,1259.0,1117.7,980.1,921.0,759.5,710.8,672.4,557.2,490.7,420.6,317.7,328.2,267.6,225.0,175.4,193.9,158.4,149.7,97.7,106.3,102.1,95.1,81.5,95.7,83.8,72.1,86.4,80.6,90.8,81.7,88.1,100.8,85.4,84.0,102.8,93.2,96.8,94.4,110.9,94.4,98.4,91.6,104.5,87.5,118.2,103.6,97.9,119.8,95.1,98.9,102.1,108.0,99.4,83.9,76.4,77.5,78.0,77.3,83.8,74.0,77.4,70.6,84.5,85.2,86.3,69.6,68.0,70.9,58.7,77.3,64.1,66.0,80.5,76.4,56.4,78.1,56.4,68.3,66.2,61.4,73.6,70.6,60.1,63.9,73.1,49.8,67.9,74.4,66.1,78.2,66.5,61.5,70.7,72.1,60.3,61.2,59.7,52.6,60.0,58.4,62.2,68.0,66.6,63.2,79.1,76.7,68.0,73.1,75.0,67.1,73.3,76.7,72.3,61.0,64.2,82.7,63.1,76.4,59.0,43.5,69.2,73.7,74.8,58.9,83.3,80.3,69.0,56.9,76.1,76.3,73.0,64.7,65.7,72.5,78.1,72.2,76.2,69.4,83.2,80.4,58.4,67.6,75.2,66.5,72.2,71.0,90.6,66.0,65.2,66.2,82.3,72.7,64.1,71.0,72.5,72.7,73.4,65.5,82.8,74.5,78.2,86.5
0,hydrocarbon,66.9,67.6,68.5,68.6,76.4,65.8,77.4,72.9,95.4,85.5,65.9,74.4,81.4,68.7,74.1,72.5,84.5,70.6,86.5,90.4,71.4,74.3,80.6,79.5,84.8,75.7,79.1,51.5,75.2,71.8,77.9,66.9,51.8,81.0,85.7,91.1,90.0,67.8,78.7,81.2,70.0,87.1,79.8,72.2,85.8,75.2,88.2,84.3,90.9,75.8,75.2,62.1,101.2,85.6,68.5,85.2,76.6,74.8,79.1,92.2,102.7,98.5,77.6,108.5,123.5,132.1,122.4,158.0,169.7,204.7,259.0,303.7,341.1,403.7,435.3,602.1,681.4,799.2,877.1,1052.4,1162.7,1388.6,1554.8,1806.0,2032.2,2193.9,2337.7,2690.8,2828.0,3111.4,3405.4,3609.0,3663.5,3790.7,3975.1,3942.0,4003.4,4104.9,4038.2,3954.0,3780.4,3748.8,3574.5,3459.2,3155.3,3161.8,2706.3,2492.8,2374.8,2053.2,1901.0,1745.8,1466.8,1311.2,1090.8,1012.5,849.5,679.5,623.4,537.5,448.8,406.1,307.0,300.9,246.5,192.0,172.7,162.5,152.7,130.8,121.9,92.2,95.6,104.2,113.9,97.3,111.8,107.7,94.3,100.2,122.5,96.5,101.0,94.6,111.4,82.4,86.3,106.4,93.4,108.7,81.6,95.4,103.3,101.3,113.6,110.4,107.8,88.4,95.4,121.4,98.6,112.1,76.5,126.8,105.7,115.7,94.4,106.3,121.4,113.9,118.2,122.7,110.0,101.1,115.8,117.7,95.5,111.1,130.1,134.9,115.4,117.1,123.6,106.8,119.7,121.7,107.8,117.8,134.3,128.0,94.6,115.4,117.5,101.2,119.0,109.7,123.6,110.9,115.5,101.6,101.0,137.2,94.0,104.8,108.3,109.6,105.0,112.3,113.5,104.0,108.1,120.1,128.0,96.5,119.3,113.2,107.2,98.3,122.0,126.5,98.0,105.0,108.3,85.6,100.1,104.0,114.8,125.3,86.2,108.8,101.5,114.6,114.7,97.4,117.7,109.5,123.9,111.6,115.5,118.8,115.8,103.1,120.2,104.0,109.4,120.3,112.7,127.6,114.6,93.3,113.3,121.0,132.1,123.6,125.1,105.5,113.8,104.3,110.5,100.8,113.7,96.8,114.4,125.6,112.7,97.7,94.6,110.4,123.0,101.2,112.9,114.2,135.2,118.7,107.2,105.5,127.5,101.3,122.8,101.2,119.1,115.4,130.3,131.3,98.9,113.3,126.6,122.5,116.2,134.8,100.2,111.0,123.9,122.4,114.1,113.2,115.2,124.4,118.4,109.7,98.6
0,hydrocarbon,57.9,46.3,60.2,46.7,59.8,43.6,47.6,49.4,61.0,51.8,56.1,58.7,44.9,61.1,45.2,52.8,55.4,52.1,60.6,46.9,57.1,54.9,67.2,53.8,40.8,71.0,53.5,60.1,50.0,54.7,42.2,53.4,54.9,58.6,48.4,62.3,60.0,75.3,43.6,55.7,77.4,53.9,60.1,48.9,59.1,60.8,60.2,48.0,51.7,52.8,53.7,56.9,58.2,65.3,54.9,62.0,62.6,73.0,71.8,57.7,83.2,62.3,64.4,83.8,69.1,101.8,98.3,102.0,142.1,135.5,183.9,215.0,234.8,306.7,316.3,441.4,490.4,586.7,690.5,854.9,932.5,1123.0,1312.7,1485.2,1675.8,1890.6,2097.2,2254.9,2492.1,2713.4,2949.4,3102.5,3234.0,3339.1,3480.5,3448.0,3652.6,3555.3,3543.0,3427.6,3365.7,3225.2,3041.7,2964.7,2783.2,2544.2,2334.8,2134.7,1989.3,1722.9,1448.8,1333.6,1225.9,1004.8,857.5,705.7,638.7,528.5,487.1,407.5,299.8,273.4,249.5,207.9,192.6,177.1,149.0,140.4,149.8,142.0,133.2,162.9,143.5,166.5,196.6,180.7,209.9,210.8,237.6,238.0,255.9,294.2,342.5,374.5,398.1,387.7,442.0,446.2,461.1,489.2,505.7,519.5,541.2,550.0,572.1,583.5,585.8,561.7,570.0,524.3,542.5,555.5,543.1,500.1,448.8,465.4,430.9,399.7,391.1,367.7,348.8,325.5,280.1,267.6,230.1,258.2,205.0,184.0,180.3,171.0,156.5,147.7,145.2,119.9,106.7,138.6,100.2,104.5,90.7,93.5,91.0,81.0,77.5,91.3,81.3,78.5,79.1,82.4,81.5,76.1,72.7,67.8,82.0,80.4,80.0,60.3,80.6,61.3,86.7,58.8,76.9,93.0,87.2,69.9,58.6,91.3,77.9,70.6,73.6,80.7,70.9,59.7,90.4,89.1,86.8,90.5,88.1,84.4,71.8,89.4,82.5,71.9,78.9,93.5,91.0,78.2,74.9,87.8,84.3,87.3,86.8,62.6,72.1,77.8,92.7,95.8,107.8,85.3,67.8,83.9,88.3,87.5,82.4,88.7,82.8,92.0,80.1,83.7,81.9,97.3,80.2,91.1,92.8,78.1,71.5,75.7,88.9,76.9,82.1,93.6,94.0,83.5,85.1,103.2,79.8,79.2,76.0,81.5,94.1,91.6,88.8,105.1,88.1,81.7,92.8,92.1,83.5,86.5,82.1,92.8,91.5,76.9,92.6,90.3,88.2,71.9,88.0,71.3,94.3,94.4,85.2
2,carbonyl,89.3,80.8,69.5,81.4,71.6,99.5,63.4,69.6,92.3,84.6,88.4,80.7,80.9,72.8,59.2,100.5,80.1,68.9,74.6,76.7,82.1,88.2,89.0,74.2,68.0,83.4,96.6,80.7,76.8,82.2,74.8,95.5,79.1,84.7,66.3,97.4,76.8,84.8,81.6,91.8,101.5,99.2,88.6,93.1,79.8,94.8,81.8,84.0,85.9,89.5,84.4,85.8,87.0,91.4,88.5,86.7,98.8,96.8,103.6,80.1,93.2,88.8,99.6,108.7,90.6,98.2,112.2,104.2,96.4,107.2,126.8,121.0,140.6,144.7,158.3,172.9,188.6,206.4,258.5,348.0,399.9,389.7,472.3,571.5,617.6,694.5,834.3,949.0,1027.2,1159.9,1291.1,1322.2,1485.5,1627.3,1665.8,1707.5,1863.7,1784.4,1783.4,1880.0,1759.5,1753.5,1753.9,1654.9,1552.6,1509.1,1418.7,1311.4,1236.4,1139.2,1035.4,940.0,902.4,889.3,796.5,738.7,776.2,653.0,724.0,737.9,706.5,729.1,678.7,749.7,702.0,773.9,852.4,841.3,800.9,842.1,814.4,871.1,899.3,816.8,845.6,902.7,845.5,857.5,853.3,868.9,872.2,935.6,1042.2,1044.2,1053.9,1070.9,1208.0,1337.7,1328.0,1396.6,1455.3,1490.7,1500.6,1540.7,1657.9,1654.6,1718.9,1755.7,1721.5,1700.2,1657.0,1660.5,1688.4,1631.9,1537.6,1467.8,1447.9,1383.4,1262.7,1193.1,1161.3,1043.6,917.9,846.5,757.8,739.3,669.0,543.1,518.0,472.3,454.3,348.6,390.5,317.9,318.6,304.7,273.8,279.7,236.9,212.3,202.7,186.8,188.0,188.1,159.0,172.9,162.1,148.8,143.2,144.3,148.5,140.4,146.7,132.3,139.1,143.1,141.3,147.6,146.3,148.5,130.4,137.2,153.4,151.1,130.3,142.1,145.4,152.0,133.2,145.7,134.5,164.5,146.9,159.8,142.3,134.7,145.1,143.3,133.3,159.0,131.2,153.3,137.3,135.3,133.2,128.6,125.1,122.6,146.7,163.0,150.0,146.9,144.0,154.3,157.9,156.8,152.9,182.1,168.5,177.9,139.4,161.0,165.6,145.2,161.0,151.1,143.2,145.4,154.7,155.6,135.1,158.5,146.8,162.0,161.2,176.2,145.0,138.0,156.6,160.2,152.1,161.8,153.7,150.0,166.4,165.2,156.7,173.3,128.7,146.6,148.2,164.7,142.9,155.3,151.4,175.9,164.8,162.3,153.2,133.9,158.9,179.7,169.7,161.5,161.7,179.5,169.2,156.1,161.4,155.3,157.3
2,carbonyl,106.2,114.0,113.9,94.0,109.1,104.4,112.0,116.9,117.4,102.9,120.4,96.0,121.1,104.1,110.7,131.8,115.4,128.7,104.3,110.1,128.5,148.0,97.2,112.6,111.9,129.4,125.6,129.0,118.6,112.1,118.7,118.2,114.5,114.6,114.8,115.4,112.7,120.2,100.6,109.8,121.3,111.3,112.7,124.5,115.9,142.6,122.3,119.6,122.7,115.2,112.9,112.1,132.7,135.6,134.0,124.1,128.9,130.7,126.4,125.1,119.5,135.7,138.6,119.1,144.9,158.1,153.0,146.9,152.5,174.5,189.5,188.9,231.6,260.1,319.1,334.5,387.7,486.1,478.9,552.6,697.1,796.7,883.9,989.9,1068.5,1211.6,1350.8,1423.0,1457.0,1539.3,1603.6,1714.2,1764.1,1816.9,1829.0,1855.8,1715.0,1710.6,1618.7,1611.6,1496.9,1441.0,1358.9,1225.3,1102.1,1070.9,939.5,850.2,694.4,727.3,650.6,554.8,560.1,536.2,503.6,541.9,518.3,447.3,500.5,447.7,494.6,473.5,494.0,509.5,546.3,516.6,521.9,529.4,592.1,586.7,566.1,655.8,660.0,674.4,717.3,776.2,895.8,880.2,969.9,1028.8,1101.5,1206.5,1272.7,1396.4,1436.1,1584.3,1669.7,1748.6,1745.0,1875.5,1930.8,1976.4,1989.1,2082.3,1917.7,2071.1,2009.7,1995.9,1832.0,1886.7,1809.7,1687.2,1614.1,1583.5,1483.9,1332.5,1318.3,1219.4,1079.0,1075.3,905.7,871.7,840.3,757.1,693.4,665.7,555.1,579.3,536.3,538.3,461.6,402.0,383.0,383.5,383.4,321.1,333.6,295.5,293.1,272.9,240.5,265.4,261.0,238.6,251.9,217.3,205.2,198.1,190.2,207.5,207.0,179.6,196.9,182.1,178.7,190.9,172.1,196.2,162.9,141.4,184.4,169.2,172.6,168.6,183.7,194.9,164.4,177.1,184.6,193.4,180.7,179.6,195.1,191.7,171.3,199.4,188.8,148.9,182.8,142.5,171.6,189.3,189.2,203.6,177.9,165.1,199.6,183.7,172.3,176.2,176.1,184.0,198.0,185.6,181.2,183.5,180.9,179.4,169.7,172.7,190.1,166.2,195.0,178.7,178.5,182.6,180.6,190.1,194.9,190.9,189.1,175.0,190.4,178.4,187.5,183.4,199.9,185.2,165.7,216.9,196.9,162.3,191.8,187.4,179.2,181.3,204.2,207.8,185.4,192.9,182.6,204.4,183.1,200.1,185.6,205.6,243.8,197.8,196.4,218.6,185.0,197.2,194.6,212.7,191.9,179.4,187.5,190.6,201.1,196.3,202.4
1,alcohol_ether,77.0,72.7,69.8,70.3,68.1,69.8,63.5,73.7,56.4,62.3,75.0,78.4,76.5,75.8,69.7,70.3,71.5,82.3,78.7,67.3,76.4,78.6,90.5,54.3,87.0,76.4,79.5,84.0,76.8,76.1,88.0,80.1,64.7,57.4,64.8,79.5,89.0,76.0,80.6,87.0,90.4,67.6,66.9,84.3,78.1,70.4,70.9,92.5,83.4,68.5,84.4,70.8,85.2,81.2,82.7,81.0,81.5,87.7,81.0,99.6,77.9,91.1,79.6,78.7,106.2,126.9,119.3,155.4,137.4,147.1,168.4,223.9,234.9,313.2,389.1,419.5,463.5,528.8,616.3,725.4,814.5,885.4,1033.0,1172.4,1299.2,1425.3,1620.3,1782.4,1897.4,2121.1,2154.4,2298.5,2399.0,2543.8,2697.5,2726.2,2675.0,2782.5,2761.0,2677.3,2597.8,2485.2,2438.8,2483.4,2366.8,2222.3,1993.7,1934.7,1862.8,1654.6,1648.4,1505.5,1448.3,1343.5,1246.7,1252.2,1185.4,1120.6,1118.7,1033.1,1107.7,1000.1,1036.9,978.3,976.9,998.8,938.0,943.1,954.0,969.0,972.3,843.9,868.9,833.3,786.1,766.3,742.3,721.3,645.1,666.3,613.9,534.4,559.2,481.9,482.6,426.1,423.8,413.2,361.0,360.7,307.0,322.9,326.9,316.5,328.2,321.3,347.3,311.6,348.0,360.3,352.6,407.7,380.2,414.0,433.4,483.1,494.1,484.1,522.7,562.1,563.0,595.7,580.2,620.9,636.0,658.9,686.8,702.5,684.6,697.3,670.1,677.8,676.1,656.2,645.7,610.7,598.3,553.6,599.7,596.9,550.9,511.3,505.5,472.7,491.5,393.3,406.3,406.6,344.1,343.5,322.6,307.1,269.5,238.2,239.4,248.4,193.9,220.0,191.7,197.9,162.4,164.6,160.2,156.2,138.6,169.6,122.6,152.5,143.6,133.5,126.9,153.6,126.3,135.4,134.3,118.3,126.2,116.5,148.4,114.6,115.5,135.0,106.3,123.9,129.7,149.6,137.2,114.5,116.3,126.7,152.3,105.6,145.8,131.6,132.4,147.8,119.9,112.2,129.5,154.2,126.0,138.8,136.0,146.6,132.0,111.9,138.6,143.9,130.2,143.7,144.4,135.7,146.7,138.8,146.0,158.7,150.7,135.7,138.7,121.2,140.1,142.6,145.8,139.2,131.2,138.1,136.9,145.6,132.3,139.2,147.2,158.4,142.3,146.2,148.1,125.7,173.4,143.6,156.5,164.0,149.7,148.8,141.9,151.6,149.9,134.1,149.6,140.6,168.6,153.1,136.2
2,carbonyl,124.1,108.4,112.1,126.2,107.9,107.6,121.6,115.1,115.8,131.1,112.4,107.6,119.3,122.7,123.2,110.3,119.0,90.1,119.5,98.5,129.4,125.0,122.5,125.5,116.0,119.8,137.1,98.8,105.4,106.8,123.0,109.1,115.2,114.9,113.9,119.6,111.5,99.1,108.4,116.2,137.9,98.1,126.1,120.7,134.3,89.1,119.8,129.9,141.0,158.2,130.8,107.5,127.6,125.5,128.6,111.2,139.2,118.3,124.9,126.6,130.9,126.0,144.6,122.4,135.6,153.1,133.3,139.9,151.4,152.3,165.8,220.6,213.5,258.1,270.5,302.7,356.6,389.0,405.8,497.7,539.2,601.8,704.6,771.1,869.9,963.4,1034.7,1104.7,1177.3,1275.1,1337.3,1364.1,1514.3,1482.6,1574.8,1670.5,1634.5,1643.4,1627.0,1646.0,1612.7,1582.7,1579.2,1594.6,1535.1,1460.5,1416.5,1357.3,1367.5,1319.0,1315.4,1293.0,1232.1,1268.6,1258.3,1277.7,1361.2,1367.0,1313.6,1442.0,1431.4,1473.2,1416.2,1412.8,1546.4,1475.0,1537.4,1610.5,1597.0,1614.3,1562.8,1511.6,1565.6,1461.2,1472.3,1498.0,1393.4,1409.8,1332.3,1326.5,1358.6,1318.0,1324.2,1299.5,1296.8,1250.4,1235.5,1266.0,1218.8,1244.9,1357.2,1341.1,1347.0,1313.2,1321.3,1308.2,1304.1,1354.1,1354.5,1308.8,1293.5,1171.7,1191.7,1091.5,1202.0,1080.8,1025.2,977.3,896.1,848.7,836.1,780.9,717.7,713.3,633.2,620.2,544.1,531.9,486.7,445.9,415.6,349.0,385.7,341.0,320.4,311.8,290.3,273.5,246.5,261.4,245.9,238.1,209.7,218.8,206.3,203.8,182.2,212.4,204.4,189.2,183.8,172.2,151.5,167.7,157.8,163.8,152.0,166.8,140.7,155.9,160.3,165.5,155.2,154.5,158.5,163.2,149.0,152.7,129.8,156.7,142.6,120.0,129.9,176.7,146.5,129.9,148.6,143.0,144.6,163.7,164.4,150.9,145.3,153.5,162.1,141.5,153.9,148.3,169.9,155.9,154.8,142.2,153.8,175.4,163.8,141.7,164.5,140.5,146.6,159.6,143.2,149.7,144.5,158.1,154.2,140.2,170.3,159.5,161.7,146.3,182.1,164.8,181.4,153.5,141.8,163.7,157.9,171.8,162.6,155.0,147.1,153.8,183.7,163.5,148.1,170.0,154.9,158.1,160.4,170.5,172.5,180.8,141.2,165.9,145.4,165.0,157.3,173.2,163.8,161.0,161.8,164.4,139.8,157.2,175.2,167.7,165.2,145.4,147.2,167.6,135.2
3,carboxyl_ester,85.3,79.3,66.2,77.0,90.7,89.1,93.6,77.5,70.2,78.9,96.9,81.1,94.2,79.8,76.5,85.2,79.2,87.3,85.9,88.2,72.5,65.4,90.7,89.5,81.5,108.4,94.9,86.4,84.4,90.2,77.6,64.0,76.4,97.4,90.1,96.8,91.1,98.0,85.2,82.4,92.2,88.1,89.2,95.3,104.9,78.0,95.3,81.4,86.5,98.4,95.0,97.9,81.4,99.7,90.1,88.4,96.5,92.4,95.3,95.0,97.4,102.1,118.8,119.4,128.7,104.5,138.3,143.1,166.6,162.2,243.1,217.8,273.8,296.4,326.8,427.6,517.5,546.0,631.9,682.5,812.4,920.6,1010.9,1243.2,1322.8,1356.5,1543.1,1685.7,1755.1,1844.4,1976.9,2125.0,2151.0,2179.4,2222.4,2244.7,2278.1,2248.2,2185.5,2191.3,2030.7,2047.4,1959.7,1804.4,1598.8,1563.7,1351.5,1319.6,1141.0,999.2,961.6,866.2,719.0,638.1,570.9,503.9,418.5,394.2,339.3,320.6,291.7,223.1,243.8,202.4,194.4,207.4,166.3,182.6,162.9,170.3,188.3,158.9,160.2,154.8,140.6,200.5,200.9,168.4,196.2,165.4,206.7,179.2,235.5,196.6,207.9,244.6,264.2,305.3,306.5,323.6,351.8,392.3,387.7,436.9,491.6,557.5,567.2,642.9,660.1,748.9,735.0,794.5,899.6,966.4,1063.8,1098.5,1133.8,1198.7,1331.4,1433.8,1420.8,1522.9,1550.7,1639.4,1618.9,1737.3,1755.2,1747.8,1746.5,1872.7,1812.7,1799.3,1792.3,1783.8,1663.9,1605.1,1610.5,1539.1,1453.8,1351.2,1290.4,1190.5,1190.2,1041.8,1050.0,906.5,862.6,779.4,727.0,699.2,527.0,503.4,487.2,405.7,411.1,356.9,327.3,273.3,261.2,247.1,219.1,170.2,192.2,173.5,167.2,133.0,132.7,161.8,153.8,133.7,153.4,125.9,142.4,116.9,133.9,125.9,113.9,128.2,133.7,107.6,112.6,125.0,123.8,130.8,124.7,119.5,114.1,127.7,117.0,99.4,100.8,132.5,111.9,115.3,115.9,119.2,121.4,131.6,123.0,139.7,152.8,106.6,126.8,113.0,117.0,118.6,140.4,113.4,124.5,129.7,137.4,123.8,123.5,127.4,111.6,138.2,126.4,138.2,134.5,142.8,127.3,128.9,130.2,125.6,131.3,134.9,120.0,135.4,131.0,110.0,138.1,121.9,123.1,143.5,131.2,143.3,142.7,131.9,111.3,140.8,132.3,125.3,138.6,159.2,118.1,106.4,125.4,138.6,128.1,157.1,154.2
3,carboxyl_ester,70.2,60.6,51.1,56.7,69.9,69.7,52.4,68.3,63.7,57.4,66.0,73.5,49.1,58.0,45.9,76.3,61.5,46.8,66.3,66.7,73.2,69.8,71.2,61.2,68.5,64.3,60.0,67.1,72.2,61.2,63.7,72.3,72.5,72.0,78.5,74.4,70.0,62.6,77.1,56.5,87.1,82.0,73.7,67.7,74.8,68.3,72.5,70.9,71.9,73.1,67.3,76.6,69.5,78.2,59.3,73.5,71.2,78.5,56.1,80.7,69.8,94.2,71.3,82.1,80.9,89.2,88.6,95.7,109.4,119.0,119.4,167.2,170.9,199.9,205.7,237.5,280.0,348.1,407.6,438.0,586.7,633.7,814.1,898.2,1036.4,1166.1,1362.5,1487.5,1756.6,1863.5,1995.0,2158.0,2439.4,2542.0,2577.5,2790.6,2931.0,3001.3,3211.4,3035.7,3139.2,3116.6,3032.9,2983.5,2969.8,2855.3,2736.0,2579.1,2301.7,2183.4,2074.4,1865.9,1720.5,1508.2,1385.8,1255.4,1133.9,1053.5,883.6,788.4,741.8,658.1,577.1,541.1,509.5,420.2,385.4,380.8,385.3,317.8,332.0,331.7,321.9,349.6,326.7,310.3,329.8,313.7,331.0,320.2,334.6,324.1,320.7,321.9,379.6,366.3,391.4,429.0,406.9,400.9,428.7,452.8,478.2,500.8,468.4,490.3,507.7,529.5,551.5,563.3,619.7,544.5,540.3,584.9,618.0,603.6,594.3,607.8,623.0,630.6,620.3,573.2,650.7,572.2,587.0,596.0,613.0,628.1,582.9,581.0,601.1,615.8,542.7,607.9,580.9,506.3,552.0,496.2,493.8,515.4,448.7,490.2,437.3,435.8,405.3,402.7,386.7,379.1,334.0,306.5,282.1,269.1,284.2,235.3,237.6,236.6,187.5,172.8,168.0,180.9,153.6,144.4,120.5,136.1,137.9,132.1,139.3,129.2,116.4,119.0,128.2,110.0,99.6,93.0,111.2,125.6,131.7,113.0,100.1,120.4,111.2,108.9,105.3,108.9,114.9,96.6,103.3,96.8,127.1,114.3,110.2,115.1,115.5,95.7,127.8,118.9,105.1,90.8,122.4,115.4,111.5,107.4,114.2,121.7,102.1,121.9,135.1,108.6,113.4,104.4,117.9,118.6,103.0,117.3,111.6,124.4,107.8,119.0,122.8,114.9,107.8,92.2,110.3,129.1,104.2,116.7,120.2,113.4,126.4,99.0,123.6,129.1,108.3,99.2,130.8,112.7,124.7,125.2,118.1,119.8,126.9,139.0,128.3,128.2,89.3,138.0,108.5,109.4,126.7,134.7,126.3
1,alcohol_ether,56.2,68.6,57.9,61.4,56.4,53.5,50.7,57.5,64.5,50.0,43.5,57.0,62.8,64.3,61.4,44.9,47.5,63.3,63.3,63.9,61.2,59.1,63.1,49.2,66.9,54.4,69.5,59.1,72.6,56.4,40.4,51.7,58.7,88.3,60.2,59.0,67.5,61.8,64.2,69.4,51.5,56.7,73.3,65.6,66.8,77.3,56.2,65.5,53.6,56.1,76.6,72.0,60.0,58.3,67.2,65.2,63.3,64.8,71.8,57.6,88.1,76.1,77.8,95.8,90.1,100.1,108.2,122.5,116.2,138.3,171.1,191.6,206.8,247.4,243.8,294.2,339.8,367.7,454.1,447.7,562.9,592.1,687.5,735.4,838.0,856.2,957.5,1023.1,1089.5,1172.1,1183.5,1224.8,1304.5,1362.3,1360.9,1373.2,1390.9,1474.7,1432.6,1430.4,1356.4,1333.6,1310.2,1345.9,1318.5,1278.7,1209.9,1185.3,1122.3,1135.8,1132.2,1087.4,1032.7,1099.6,1073.5,1100.8,1082.8,1154.8,1116.6,1154.9,1143.2,1237.8,1241.3,1219.2,1230.7,1273.6,1304.2,1347.8,1326.5,1347.9,1365.1,1346.7,1337.2,1358.9,1409.0,1363.0,1441.8,1390.0,1416.9,1374.6,1516.6,1426.2,1534.2,1571.4,1545.9,1583.1,1573.6,1665.0,1740.0,1691.8,1736.2,1834.1,1761.0,1753.8,1854.0,1752.8,1862.9,1821.6,1763.9,1755.7,1673.1,1600.2,1506.4,1538.6,1551.1,1448.8,1272.2,1231.7,1180.8,1145.8,1038.4,971.5,853.9,820.7,778.3,718.4,610.1,610.2,551.5,490.3,423.1,384.4,352.7,334.3,293.2,266.8,233.4,199.3,208.0,187.1,133.7,144.1,143.1,143.5,120.0,107.1,113.6,101.4,93.0,119.4,105.1,100.5,112.8,109.2,93.5,92.9,108.5,79.2,94.5,95.0,111.7,81.6,98.6,94.1,94.5,99.9,94.0,93.2,97.9,107.1,105.1,99.8,96.8,93.1,89.4,91.9,105.8,92.1,106.7,109.6,90.3,100.8,97.8,99.4,106.9,107.1,96.6,100.2,101.4,101.0,95.3,106.0,113.5,106.0,98.7,100.9,105.9,109.6,92.6,112.2,99.2,124.0,115.6,105.0,111.0,97.8,98.6,109.7,104.3,100.0,106.1,92.9,88.9,101.3,93.1,103.2,106.2,104.6,109.2,103.7,133.2,126.4,120.0,126.4,94.9,105.0,112.8,104.0,114.2,116.0,103.3,93.8,127.9,106.1,110.2,122.9,116.1,101.0,107.3,122.8,100.3,107.1,93.8,114.4,106.6,128.6,96.6,108.1,99.0,111.4,118.4
1,alcohol_ether,41.7,27.5,42.4,45.0,40.1,42.6,50.0,33.0,39.3,48.6,57.5,39.0,53.9,38.3,48.4,31.2,54.8,41.1,52.5,62.2,56.1,55.4,43.2,49.1,32.4,45.0,38.0,44.3,51.9,48.3,48.8,50.0,63.0,51.7,59.7,52.5,63.5,50.2,49.0,50.6,36.0,59.5,57.0,70.3,57.1,48.2,48.1,53.0,70.6,44.8,57.3,41.5,58.1,62.9,62.6,60.7,50.9,65.4,60.1,79.7,81.2,77.0,80.4,89.4,106.8,126.7,116.8,155.4,160.6,175.6,216.5,275.8,325.6,366.3,437.4,497.6,611.0,693.7,773.3,879.5,1143.1,1196.6,1291.2,1466.8,1646.5,1703.7,1923.3,1966.7,2096.0,2333.0,2371.9,2537.5,2659.4,2697.3,2786.8,2775.0,2836.2,2822.3,2638.6,2674.8,2605.6,2540.2,2365.1,2264.1,2158.8,2182.5,2004.3,1986.5,1768.9,1786.3,1711.7,1565.4,1532.8,1545.1,1481.7,1402.7,1426.9,1460.6,1490.6,1376.0,1411.3,1366.1,1361.9,1384.4,1377.9,1378.3,1375.7,1312.1,1401.8,1363.2,1282.7,1271.2,1194.6,1089.8,1075.1,1060.3,995.0,900.0,871.9,768.8,791.2,662.3,654.8,573.7,477.0,500.0,470.4,442.1,418.6,371.8,339.9,300.2,279.6,284.2,280.6,270.4,276.4,238.1,233.5,213.6,222.9,196.4,202.0,210.0,178.1,197.1,183.1,208.1,153.4,172.6,159.3,162.6,149.2,140.1,140.4,140.6,119.8,106.8,142.5,121.8,113.6,110.0,105.7,114.5,110.2,116.7,121.5,99.2,99.5,114.2,108.8,100.0,102.1,94.7,102.9,111.0,118.6,101.0,103.9,111.8,106.9,94.7,87.0,101.4,124.1,113.2,127.0,104.0,124.9,109.0,108.0,110.3,120.5,114.7,113.5,105.6,126.7,98.8,126.4,134.0,123.0,125.2,102.2,106.3,123.1,107.1,125.2,129.2,114.5,113.2,121.3,120.8,124.2,108.1,127.9,127.0,112.6,119.7,110.5,137.3,132.0,126.4,121.2,118.5,124.6,107.0,115.3,116.0,127.1,115.4,121.1,139.4,134.5,139.3,142.8,138.3,148.6,135.0,129.7,153.9,146.7,136.7,116.9,126.5,138.1,139.3,122.9,162.1,120.9,143.5,119.7,118.3,137.3,131.6,142.6,118.8,147.4,140.8,122.9,145.3,125.6,132.3,125.5,154.0,137.3,128.7,141.8,127.1,140.0,129.6,134.1,144.3,155.4,144.1,139.2,153.6,116.8,150.6,138.7,142.5,108.6
2,carbonyl,65.3,67.7,63.7,76.1,93.2,80.2,60.3,87.2,91.9,89.6,66.3,85.2,88.9,88.8,76.7,60.6,71.0,80.7,78.8,97.1,78.3,83.3,80.0,75.4,84.0,85.5,82.4,92.1,68.6,77.9,99.5,94.3,89.0,85.6,91.0,86.1,83.5,82.8,91.5,75.7,90.9,93.2,100.7,90.0,102.1,87.3,85.0,78.0,96.4,81.0,103.9,90.9,98.7,108.9,87.9,113.7,86.2,107.1,97.1,113.8,103.1,113.8,104.4,130.0,142.1,133.6,133.4,138.8,154.5,184.9,195.0,221.2,238.5,265.2,295.5,300.3,328.9,419.1,405.4,422.3,538.0,553.5,596.0,650.4,749.0,726.5,761.9,812.2,864.5,921.6,990.2,936.3,975.8,986.1,1043.0,1097.9,1010.3,1063.0,1032.4,1008.3,1116.3,1004.2,971.3,1102.0,1005.8,1032.0,1019.6,1013.4,1049.9,1008.9,1092.2,1053.6,1068.0,1124.3,1172.3,1179.1,1239.3,1236.1,1282.9,1249.3,1418.2,1395.7,1381.9,1496.3,1417.9,1407.3,1485.5,1464.2,1462.5,1508.7,1523.9,1619.0,1606.8,1597.6,1634.6,1670.1,1698.8,1716.8,1656.7,1748.2,1792.4,1881.1,1890.5,1923.8,1970.7,1986.8,1976.9,2066.4,2060.6,2247.5,2186.3,2073.6,2270.0,2190.4,2165.7,2195.5,2144.7,2118.3,2109.6,2093.2,1995.2,1914.0,1768.2,1704.3,1738.5,1612.9,1514.7,1452.2,1439.5,1290.0,1218.4,1034.3,1061.6,927.3,895.2,817.5,735.1,731.4,627.8,591.2,499.9,552.0,474.1,438.5,435.5,357.6,326.8,281.1,302.2,273.9,260.0,241.5,258.8,203.3,233.8,181.8,195.4,204.4,170.7,166.5,183.1,172.4,165.4,171.1,178.8,164.4,148.2,174.7,160.6,167.0,152.7,151.0,172.8,160.7,153.3,154.1,163.8,136.6,144.7,134.9,163.4,158.0,175.4,129.3,172.1,153.5,176.1,167.4,159.0,162.6,151.6,153.3,157.7,133.0,157.8,171.9,166.1,162.0,178.7,161.3,163.3,146.6,169.1,161.4,161.4,181.9,148.2,174.8,161.5,165.0,176.0,141.5,171.7,177.2,168.0,162.3,187.8,180.8,184.1,183.5,139.9,161.4,180.9,176.8,138.9,155.5,169.5,189.1,191.8,165.6,166.7,183.7,146.6,191.5,142.4,189.5,156.2,170.2,188.9,210.6,172.3,150.9,179.7,167.2,204.1,168.7,162.3,188.9,169.7,170.5,171.3,187.1,203.2,188.6,189.6,193.0,159.5,157.3,184.8,174.8,187.5
1,alcohol_ether,65.9,82.6,68.4,66.3,75.6,80.4,61.6,83.4,99.5,90.3,70.1,92.7,87.4,79.1,93.5,78.8,81.5,78.0,79.8,86.1,87.9,82.8,77.8,87.2,81.4,105.9,83.2,90.0,81.4,98.1,97.3,94.7,68.9,77.3,86.4,73.6,86.9,88.6,94.5,94.4,83.8,93.4,90.7,76.5,89.9,98.6,82.8,77.7,86.9,82.2,90.8,79.2,97.8,108.2,104.4,105.9,101.3,112.3,96.8,125.7,103.3,118.9,102.1,115.3,108.5,112.2,132.6,109.1,134.7,147.2,169.1,221.6,210.3,256.4,282.0,312.9,338.1,448.8,454.2,471.3,551.6,630.9,732.8,757.2,795.7,877.9,880.1,909.9,1013.5,1066.4,1083.4,1080.3,1206.1,1158.4,1162.7,1205.1,1240.5,1200.7,1191.8,1168.7,1088.3,1126.1,1145.4,1105.9,1130.5,1130.7,1180.1,1271.0,1248.8,1313.4,1410.3,1514.9,1529.0,1679.3,1720.3,1875.5,1942.8,1937.0,1989.4,2112.1,2185.0,2205.9,2200.5,2204.2,2256.8,2294.6,2191.9,1983.8,1944.7,2017.9,1827.7,1841.2,1714.5,1600.0,1573.4,1457.8,1394.4,1268.8,1248.7,1226.1,1093.6,1039.4,996.5,955.7,963.6,905.2,897.3,863.6,895.6,870.1,879.6,869.3,866.3,862.5,894.4,824.1,880.1,839.7,830.1,763.9,806.1,781.5,706.5,748.0,716.6,710.4,659.7,671.1,606.2,639.4,594.5,605.3,558.3,568.9,542.9,518.4,503.7,549.1,480.2,460.6,440.7,433.5,417.5,412.0,398.7,382.5,336.7,359.0,354.6,321.6,287.8,277.5,270.9,259.1,243.7,236.3,222.2,241.4,213.7,185.7,209.5,181.4,158.3,194.5,164.8,165.5,164.7,152.9,160.8,150.9,149.1,135.0,162.0,148.3,146.2,165.6,151.4,155.2,174.7,143.6,144.6,133.0,161.5,140.4,138.8,152.7,129.2,147.1,168.1,167.7,147.7,146.4,164.3,153.2,149.2,162.7,143.9,134.2,103.8,150.0,185.9,136.7,138.5,164.7,131.4,165.6,151.1,162.1,139.0,157.5,149.3,170.1,153.5,171.1,164.7,168.9,145.5,164.0,159.2,145.6,165.2,154.6,166.7,131.4,160.8,170.1,171.0,169.9,153.5,151.2,134.3,147.6,160.3,130.1,155.7,163.1,178.1,178.7,152.7,160.1,148.8,132.5,140.9,169.7,162.5,173.8,149.7,171.9,184.0,181.1,171.6,186.0,154.4,161.6,193.7,168.3,150.7,180.2,181.3,163.8,181.4
3,carboxyl_ester,65.4,49.2,56.8,58.1,55.4,67.4,48.3,48.8,57.2,69.2,60.8,68.2,73.4,53.9,58.2,64.8,58.0,66.5,62.4,56.8,68.3,65.7,64.4,66.9,62.2,73.5,68.0,62.6,62.8,73.3,59.1,72.1,65.4,58.1,70.0,64.3,67.3,65.4,71.7,77.0,71.0,54.7,56.6,77.3,65.1,72.2,66.9,55.2,74.3,69.1,84.4,62.2,88.9,67.8,69.9,89.5,60.3,80.0,69.2,80.7,72.7,82.9,77.8,104.4,89.9,88.8,93.5,90.4,102.3,120.4,145.0,127.2,161.8,187.8,217.9,224.2,248.9,306.3,307.0,356.1,432.3,463.0,502.4,563.4,603.2,672.6,723.3,751.5,791.6,869.1,916.8,948.7,1010.0,1034.0,1028.2,1078.8,1062.4,1116.6,1099.1,1243.6,1199.9,1115.2,1168.2,1220.4,1243.6,1275.5,1362.1,1360.6,1455.1,1570.7,1605.7,1664.8,1795.4,1862.0,1896.5,2086.7,2029.5,2197.6,2397.6,2510.1,2540.8,2625.4,2718.2,2738.0,2732.5,2640.9,2714.7,2601.4,2685.7,2603.6,2475.7,2297.1,2228.0,2255.0,2062.4,1871.9,1787.1,1614.5,1456.5,1314.5,1195.3,1126.8,986.4,937.3,819.0,706.9,630.6,570.5,534.2,459.1,426.7,384.7,334.8,344.1,324.6,304.4,259.5,311.1,273.2,280.6,324.8,317.0,347.8,322.2,393.9,407.9,390.3,445.9,431.1,466.3,507.1,508.6,488.7,524.9,521.1,548.8,559.8,565.6,589.6,570.6,590.2,582.8,574.3,538.3,514.9,519.0,452.8,487.0,437.5,453.1,445.7,431.8,403.6,345.1,337.1,337.3,267.3,269.6,267.5,214.3,219.2,229.5,183.7,167.8,161.8,166.6,150.0,144.4,152.8,114.5,122.0,112.1,116.5,125.1,125.2,108.8,112.2,102.3,105.8,106.7,113.1,121.3,118.9,106.8,119.8,97.4,125.9,117.2,104.2,95.0,116.2,128.2,119.5,89.7,99.3,94.6,99.3,106.0,97.0,116.9,118.3,123.0,88.9,115.2,88.0,106.2,115.2,121.7,101.2,103.8,113.6,118.3,105.7,111.2,112.7,119.7,119.5,109.6,113.5,115.6,117.0,105.1,100.7,110.5,103.3,117.5,116.9,116.2,111.7,118.1,135.1,100.6,120.0,104.4,95.9,104.5,96.2,119.4,105.9,91.6,125.3,113.6,111.2,105.1,104.9,108.2,115.7,114.0,114.7,116.4,106.7,108.2,120.1,135.1,110.1,116.2,84.2,98.9,130.4,125.4,123.7
3,carboxyl_ester,85.8,82.8,77.9,71.8,72.1,72.9,75.0,70.4,81.5,70.0,70.5,77.5,73.2,68.7,64.2,89.0,78.7,84.3,72.4,86.6,69.9,76.7,87.1,80.0,76.2,78.1,63.8,88.2,86.4,80.3,87.2,83.2,64.9,80.3,77.2,84.5,85.2,94.0,73.0,92.1,72.6,63.6,84.0,87.2,96.6,92.7,96.4,74.7,66.3,92.9,93.0,84.4,68.8,80.3,82.5,88.0,84.7,96.0,92.8,94.8,105.0,102.3,103.6,126.9,137.3,125.7,144.4,159.7,195.2,181.4,225.6,257.2,321.6,316.0,356.5,447.5,501.1,611.4,619.9,706.4,825.8,899.2,1027.2,1130.3,1167.2,1303.3,1382.0,1371.8,1595.3,1675.8,1771.0,1803.0,1896.2,1923.6,1921.5,1941.0,1928.4,1940.7,1914.2,1879.7,1778.9,1738.2,1557.7,1622.0,1456.3,1307.1,1257.6,1146.0,1072.5,977.2,944.0,803.0,726.2,607.4,523.0,477.9,430.0,389.5,364.7,284.7,264.5,247.6,218.1,212.2,177.7,189.2,146.1,141.6,156.5,148.0,148.4,130.3,142.6,152.6,124.6,159.0,148.1,158.3,157.0,158.0,169.9,161.1,186.6,188.8,208.5,238.5,292.9,284.6,298.7,370.6,354.4,403.1,476.7,516.7,578.9,557.3,723.6,708.4,788.8,901.1,894.5,1116.7,1147.0,1219.1,1304.1,1449.3,1565.3,1544.2,1675.9,1751.1,1783.0,1924.8,1830.4,1981.3,2099.3,2109.3,2153.2,2165.2,2203.4,2239.8,2183.3,2257.6,2176.4,2202.3,2148.9,2050.4,1963.1,1964.5,1897.4,1789.7,1604.1,1631.1,1527.5,1412.4,1280.6,1219.0,1159.8,1083.0,1057.1,842.3,814.9,770.0,646.5,593.8,523.3,529.5,507.9,453.8,374.7,346.8,315.9,257.7,232.3,243.1,236.0,198.3,193.7,149.2,173.5,173.8,155.4,140.1,148.4,132.3,150.1,133.4,127.7,137.9,129.4,123.1,101.5,151.7,144.8,151.4,151.7,108.5,118.4,116.2,129.1,129.0,121.8,135.5,115.6,130.6,134.4,147.2,153.4,139.6,142.4,123.0,121.7,148.6,156.6,127.8,136.3,150.4,138.1,134.7,139.8,134.6,113.1,142.0,134.3,151.3,146.5,136.0,114.7,122.7,134.9,139.4,135.0,120.2,134.5,128.0,145.6,143.0,144.0,141.0,155.5,161.0,151.8,116.1,137.0,160.1,133.5,123.8,159.3,144.8,130.9,145.3,135.5,144.4,122.5,140.4,135.1,126.0,136.4,120.8,130.8,143.6,148.4
0,hydrocarbon,55.7,62.6,55.7,41.5,57.0,43.4,46.4,52.9,59.4,50.6,53.4,63.9,63.8,58.8,52.9,58.9,51.3,51.5,46.3,56.7,56.3,52.1,59.0,54.3,60.9,75.8,49.5,60.3,46.8,60.3,70.6,60.0,61.7,61.3,71.8,62.1,66.3,61.6,64.8,65.3,57.4,47.9,61.0,50.3,64.8,61.0,48.9,44.8,73.7,61.8,60.9,64.9,61.6,65.4,65.5,64.6,54.6,58.8,50.5,63.4,52.1,70.6,72.9,78.1,76.3,81.3,102.9,92.0,116.9,155.9,148.4,210.7,236.6,277.8,346.7,405.2,522.1,564.2,720.8,859.5,1077.2,1206.3,1325.0,1575.0,1789.3,1953.5,2219.9,2465.2,2757.5,2962.9,3168.0,3469.1,3512.9,3794.8,3798.2,3879.4,3893.9,3858.2,3893.8,3851.5,3725.2,3543.8,3405.5,3167.8,2963.0,2848.1,2512.8,2263.6,2125.8,1792.2,1595.1,1446.1,1267.9,1053.7,960.5,775.8,725.0,654.2,519.6,449.9,415.1,355.5,354.9,272.4,290.8,239.2,261.7,240.4,239.9,212.8,212.7,199.7,202.7,190.3,182.8,170.5,165.6,171.5,176.7,164.4,148.8,131.3,137.1,112.8,133.6,124.7,103.8,85.4,101.6,112.6,85.5,93.0,78.8,94.3,99.4,95.4,83.7,80.7,101.0,75.4,77.4,73.0,87.9,80.0,73.3,92.2,84.5,82.5,88.1,82.2,77.8,94.9,88.5,88.1,96.1,85.0,84.7,74.5,85.4,69.3,100.2,92.3,72.4,83.3,81.8,86.2,90.0,86.2,81.2,87.4,96.9,78.4,105.2,80.5,98.2,64.6,107.4,76.9,85.7,90.0,102.3,97.5,76.6,84.8,81.4,91.7,82.4,85.8,83.3,96.2,92.4,104.8,80.5,88.2,75.2,102.4,93.6,104.9,102.8,104.3,95.4,93.0,106.1,86.1,94.7,97.6,93.3,83.1,103.4,86.2,108.6,82.0,82.8,97.4,106.1,102.3,96.8,108.8,83.1,95.3,103.4,91.1,92.6,105.9,95.1,95.0,91.0,89.6,80.5,88.8,91.2,90.4,90.7,111.8,92.9,86.9,87.6,105.2,102.3,103.0,102.3,105.3,106.1,103.0,92.0,95.6,95.3,102.4,100.5,105.3,97.3,111.0,97.5,106.0,92.2,100.8,94.6,85.8,105.2,111.6,90.4,122.5,104.5,101.3,107.8,104.4,96.7,97.2,112.4,102.0,95.2,108.8,103.2,122.0,96.2,112.3,120.5,109.5,121.7,97.4,102.0
1,alcohol_ether,115.6,110.6,115.7,109.7,115.0,116.2,114.4,122.2,90.5,87.0,97.3,105.1,97.0,94.4,90.8,131.7,107.5,129.2,94.7,115.7,105.8,104.0,109.0,124.5,116.9,109.3,121.1,107.5,117.9,103.1,97.8,94.0,132.5,114.2,110.4,101.0,118.7,123.8,99.9,101.7,116.1,114.0,112.8,107.4,116.5,121.7,107.4,98.1,111.2,101.1,111.9,115.2,99.8,125.1,119.2,147.0,113.0,112.8,110.4,110.6,130.9,100.6,129.7,136.3,133.3,150.1,172.2,162.8,162.9,196.4,223.0,230.7,251.1,278.6,345.4,365.6,395.7,485.1,546.0,554.4,651.4,730.5,811.7,801.1,930.7,1007.0,1103.4,1197.2,1154.5,1263.5,1376.7,1393.4,1481.7,1489.6,1555.7,1548.8,1617.1,1542.3,1606.8,1663.3,1562.1,1616.8,1587.8,1609.8,1588.9,1558.4,1605.4,1627.3,1605.1,1649.1,1636.5,1778.1,1783.0,1944.6,2013.1,1984.1,2061.4,2140.7,2177.3,2341.7,2298.0,2365.5,2455.6,2418.0,2447.8,2450.5,2439.2,2396.0,2353.3,2311.0,2198.8,2242.1,2085.8,1946.8,1881.6,1681.7,1644.2,1569.7,1485.8,1324.9,1253.0,1125.8,1049.6,925.5,827.9,761.0,684.2,607.8,589.4,522.5,487.2,426.0,455.9,364.0,368.2,340.8,345.7,336.3,311.0,303.5,339.7,323.3,336.8,329.8,357.5,372.1,342.9,402.8,365.2,406.2,391.5,411.7,439.5,451.9,437.9,443.8,420.7,401.2,499.4,470.6,432.5,445.7,421.7,436.2,465.3,405.7,434.3,400.3,377.3,410.9,366.0,346.1,353.0,308.8,305.4,308.0,255.9,276.1,260.1,257.5,245.1,226.3,226.1,205.2,195.2,172.0,157.7,167.5,164.2,165.1,186.0,135.5,155.2,142.4,154.7,129.3,140.9,157.1,150.3,153.3,141.9,125.5,141.1,115.2,150.1,141.9,140.5,135.4,126.8,155.5,149.7,149.5,129.0,140.7,130.0,130.7,124.8,149.3,147.9,149.1,133.5,156.8,145.8,133.5,130.1,144.6,109.7,130.5,141.6,128.5,125.5,151.6,131.6,132.7,123.0,129.4,143.9,124.1,132.2,125.2,115.0,165.9,141.4,132.3,141.1,161.8,128.1,151.7,151.8,166.1,144.3,136.5,136.5,136.5,118.2,133.1,125.6,120.1,137.0,146.2,144.1,138.2,130.4,149.6,129.3,147.9,119.1,168.7,135.2,162.0,144.8,141.7,138.0,146.4,144.8,146.7,137.9,129.5,133.5,131.3,142.4
3,carboxyl_ester,63.2,54.0,64.3,54.8,57.2,59.1,62.2,65.2,60.1,50.0,58.0,63.3,73.3,62.2,64.6,53.0,64.3,74.4,74.4,79.0,65.9,63.9,63.0,71.1,58.1,70.5,71.2,59.0,65.2,45.1,75.0,66.1,61.5,55.3,73.9,62.0,50.4,65.6,81.2,71.0,67.3,55.7,53.7,61.4,73.3,63.7,73.1,74.5,73.2,67.9,73.7,64.8,70.8,66.1,74.2,82.4,72.7,86.8,63.6,81.5,61.7,80.1,67.0,77.3,59.4,59.6,80.1,79.2,83.6,94.5,98.8,103.6,109.0,144.0,175.7,213.3,247.5,264.2,316.3,383.7,494.4,577.4,596.0,792.0,853.7,1003.8,1132.3,1303.4,1422.9,1575.5,1737.0,1841.0,1909.7,2095.9,2202.5,2352.1,2377.9,2470.3,2444.0,2417.0,2466.4,2403.7,2317.7,2259.7,2106.8,2033.0,1957.7,1724.6,1639.2,1490.4,1448.0,1343.5,1344.3,1244.1,1153.1,1134.9,1101.0,1148.1,1081.5,1202.8,1205.6,1277.2,1250.3,1278.8,1358.2,1348.7,1393.1,1287.0,1345.1,1291.4,1330.3,1306.6,1269.0,1190.5,1134.6,1176.4,1099.7,1012.5,927.4,832.1,806.1,724.0,698.5,667.8,587.5,551.2,485.7,440.5,402.2,364.6,407.1,324.0,333.1,318.8,300.9,292.9,263.4,286.8,272.1,278.1,285.6,267.9,275.4,299.4,301.0,311.3,319.2,312.0,307.8,307.3,278.8,307.3,324.5,335.9,300.9,327.3,326.6,320.7,316.5,332.7,331.0,355.7,347.9,299.2,340.8,331.0,319.1,303.1,281.6,271.6,235.1,249.6,247.2,265.7,217.9,214.0,231.6,191.4,193.4,177.8,145.3,153.5,145.2,145.6,108.1,122.7,116.3,102.3,102.9,118.4,107.5,109.2,102.1,97.4,106.3,88.7,90.1,93.5,98.8,89.4,91.0,94.8,100.6,107.6,84.4,87.1,107.6,97.4,83.7,82.4,97.3,96.8,73.5,84.6,93.0,94.7,76.2,90.1,99.1,108.5,72.1,96.7,93.2,92.8,96.2,85.3,94.4,104.9,98.2,83.4,111.8,99.5,87.4,103.1,87.6,84.4,93.7,92.0,103.5,101.6,94.1,101.5,83.6,95.2,91.0,99.1,101.6,108.6,89.3,102.2,85.7,118.1,115.2,101.9,97.3,103.0,100.3,97.9,109.5,105.0,91.9,91.2,81.2,92.5,102.0,81.6,101.2,103.7,93.7,110.8,93.2,109.3,119.5,109.9,105.1,99.9,115.4,101.2,105.6,92.8,92.2
3,carboxyl_ester,70.7,55.9,58.6,52.3,72.5,61.8,68.4,54.0,78.2,47.8,50.0,54.4,66.3,53.4,59.2,49.5,63.8,54.6,65.5,56.4,65.2,71.7,59.1,55.0,59.1,49.2,63.2,61.2,79.3,70.9,52.9,60.9,55.9,56.8,60.3,67.4,53.0,67.1,57.6,71.6,59.3,61.2,54.2,61.4,60.5,69.8,69.9,58.2,72.7,63.9,69.5,72.7,66.7,61.5,68.0,56.1,61.8,83.5,57.4,62.5,74.0,73.6,62.5,74.3,78.9,74.0,69.4,73.9,79.0,76.3,104.5,101.9,151.4,127.8,136.6,160.7,202.2,242.8,281.7,296.9,353.9,415.2,462.7,512.3,556.5,688.0,770.0,860.7,922.4,1043.7,1108.5,1184.8,1285.7,1351.9,1365.5,1407.4,1429.8,1411.6,1386.6,1476.8,1485.1,1396.1,1372.6,1248.8,1235.5,1176.8,1142.1,1024.7,985.5,901.6,782.3,699.1,678.9,578.9,515.3,480.0,390.8,401.4,385.0,324.7,313.9,263.4,274.1,268.3,244.9,225.8,231.2,228.5,197.8,220.0,211.1,202.5,193.3,199.6,193.1,195.2,158.8,172.5,181.6,165.7,181.4,187.6,186.2,164.7,169.0,162.0,173.9,177.5,188.3,210.1,218.5,235.0,272.6,302.2,326.1,357.3,405.8,429.3,506.7,537.2,693.7,665.8,815.9,833.4,986.5,1175.1,1207.1,1331.5,1396.4,1518.9,1670.0,1815.7,1874.8,1982.1,2137.4,2107.0,2313.2,2361.4,2425.8,2580.4,2537.8,2634.7,2648.8,2449.6,2529.7,2475.6,2449.3,2337.2,2228.9,2117.7,2128.3,1971.3,1932.6,1769.8,1649.3,1501.4,1391.6,1298.4,1246.2,1084.1,953.9,885.9,792.8,703.7,604.6,561.9,523.3,431.2,390.7,350.7,290.6,259.1,211.4,209.1,179.9,161.3,150.7,130.7,120.3,121.7,114.5,120.5,122.9,107.2,116.5,92.2,103.6,90.8,101.9,83.9,107.4,82.0,87.4,82.4,97.0,95.5,88.8,85.7,95.9,90.9,91.0,83.6,91.7,73.9,106.1,106.0,106.6,83.1,103.7,80.3,92.6,89.9,103.7,90.0,99.3,103.9,96.2,104.8,79.7,108.0,100.0,96.0,100.6,119.3,81.6,116.5,109.4,108.1,89.5,106.0,99.1,121.4,110.5,92.9,107.5,110.7,84.3,100.7,107.9,121.0,94.6,101.9,110.5,112.5,104.1,96.5,111.2,101.7,106.3,109.6,114.0,107.4,105.2,89.5,96.3,112.8,101.4,119.3,113.1,126.4,111.7
0,hydrocarbon,64.0,53.1,57.1,67.8,76.5,60.0,70.7,63.4,54.1,70.5,73.5,65.3,52.6,55.8,72.8,67.6,88.5,67.1,61.7,64.3,69.4,57.9,64.3,67.3,69.3,74.7,59.3,77.2,71.9,71.0,73.9,64.2,78.3,79.1,67.1,71.2,69.3,77.7,73.8,73.6,80.1,79.4,85.9,79.9,73.9,73.9,88.6,73.2,70.0,92.5,90.6,77.5,91.6,69.2,83.7,92.0,79.0,107.8,99.7,81.2,96.8,113.1,106.5,106.2,111.5,146.6,161.6,183.9,231.6,229.1,268.6,320.4,349.3,414.6,548.9,589.7,686.2,804.6,1002.0,1129.9,1284.2,1459.7,1684.6,1742.3,2063.8,2234.2,2512.6,2718.4,3000.7,3109.6,3315.0,3600.0,3740.7,3866.0,3992.2,3935.5,4088.9,4051.6,3976.9,3994.4,3903.4,3758.3,3699.2,3493.4,3211.7,3021.7,2800.8,2602.1,2345.2,2191.1,1935.6,1741.8,1596.6,1414.3,1287.4,1087.9,901.0,794.8,719.2,633.6,516.3,431.7,401.2,327.2,292.1,277.9,228.1,231.0,194.4,190.0,178.8,164.9,155.1,155.5,140.9,109.4,150.1,166.0,149.2,139.0,131.0,145.4,138.7,136.7,153.3,130.7,125.1,114.4,134.3,111.8,107.4,128.4,133.1,120.9,115.6,131.1,131.1,131.0,120.2,143.8,117.4,150.6,133.7,132.4,114.1,123.0,127.6,137.0,140.7,131.3,125.2,143.3,133.7,140.1,142.0,138.6,146.7,129.9,157.9,145.2,142.5,131.3,129.5,160.1,158.2,148.8,146.5,145.3,142.8,167.6,132.4,160.4,115.6,132.0,136.2,170.5,143.9,143.6,148.2,152.6,133.5,152.7,157.9,156.0,155.4,154.9,115.5,158.8,156.3,156.1,148.9,132.6,149.2,140.0,140.2,148.1,141.7,159.1,117.2,136.7,148.7,147.2,151.1,127.9,159.6,152.4,157.4,147.2,132.9,129.6,152.4,149.5,140.8,160.9,155.9,163.0,161.5,170.3,154.3,154.4,144.0,141.4,148.8,162.1,160.9,165.8,165.2,178.1,166.6,169.3,202.9,145.4,157.4,155.0,133.5,176.3,150.6,168.7,156.9,180.5,159.5,142.3,134.8,154.9,164.0,169.4,155.4,152.7,144.0,179.1,180.3,167.3,193.8,162.7,169.7,159.9,174.9,155.7,149.6,186.4,198.6,146.2,154.4,162.3,176.5,188.2,167.9,171.5,163.1,155.8,150.6,195.7,144.3,170.2,170.9,179.1,188.6,155.3,185.6,175.2,201.6
0,hydrocarbon,80.9,90.8,86.6,88.5,110.4,111.8,107.1,97.6,105.7,98.6,98.1,87.2,83.9,112.7,98.3,90.2,95.8,90.2,91.9,104.8,94.8,96.1,96.4,102.3,95.7,102.1,100.2,98.4,97.4,74.0,123.5,95.8,97.4,116.5,115.3,84.7,99.3,91.1,103.6,100.4,103.8,106.7,94.6,94.8,100.3,121.5,116.2,115.8,119.3,101.0,109.3,95.0,101.6,109.2,124.9,111.4,111.9,102.9,89.9,102.1,119.1,128.7,151.4,127.4,129.1,115.4,153.5,179.7,192.1,233.7,240.7,283.6,318.7,379.0,466.8,523.0,673.5,775.4,835.5,980.2,1155.0,1340.4,1503.8,1711.0,1897.9,2130.1,2452.1,2622.8,2737.6,3006.3,3279.7,3488.4,3711.5,3778.9,3908.0,3900.4,3961.4,3979.1,3949.0,3930.9,3748.6,3610.3,3288.0,3391.9,3112.0,2979.5,2585.6,2419.7,2245.2,2086.6,1831.9,1612.6,1441.5,1166.6,1085.0,1001.1,860.8,682.3,666.4,641.0,457.7,456.2,461.8,366.6,390.8,328.7,325.1,331.1,292.1,300.0,269.1,290.2,268.3,269.9,246.1,236.2,245.4,238.8,212.3,199.2,187.4,190.6,179.7,177.2,192.3,170.4,189.2,166.6,167.6,179.6,173.4,155.1,147.0,134.6,170.4,157.2,160.3,167.6,148.0,137.8,155.1,150.1,155.3,135.7,137.8,165.5,150.7,147.0,132.6,133.3,155.5,153.4,160.0,154.6,139.5,147.2,119.0,134.8,153.5,139.2,136.6,138.2,146.5,156.6,122.4,134.3,130.3,152.0,142.3,154.1,157.4,141.8,136.9,162.8,141.3,135.9,125.8,170.9,135.9,138.4,146.3,155.9,148.4,144.7,137.3,165.4,135.9,149.1,159.3,143.8,152.8,150.9,175.1,162.2,144.9,133.8,124.2,163.7,152.1,151.3,150.0,150.3,142.9,160.5,162.2,166.4,135.5,139.3,155.1,160.4,156.8,142.3,152.9,136.1,145.9,159.5,154.7,157.5,148.0,146.1,157.0,153.6,152.9,181.0,176.0,167.3,140.3,152.2,158.6,150.7,164.1,151.1,150.4,175.3,177.4,180.6,170.7,155.5,152.9,147.7,163.3,183.6,161.9,157.0,148.9,172.8,160.2,164.0,160.5,142.4,152.4,165.8,159.3,169.1,163.5,162.9,176.9,166.6,153.4,154.3,177.6,164.5,167.1,194.5,174.7,166.7,162.3,152.5,180.1,145.3,160.8,160.9,157.0,150.2,157.3,173.5,182.4,164.3,180.2,158.5,187.1
2,carbonyl,110.0,99.0,99.8,102.6,96.1,95.1,93.9,91.4,101.8,100.4,91.2,91.2,104.4,104.7,113.3,101.5,99.7,112.8,97.8,104.7,102.8,91.8,103.5,96.8,104.9,98.5,114.3,99.5,115.2,95.4,111.5,111.9,128.9,109.8,113.9,117.4,111.9,110.5,103.7,136.1,103.2,104.6,115.3,108.3,111.6,110.8,96.4,121.1,109.1,114.7,127.5,99.1,103.3,118.7,128.8,126.7,109.4,122.3,97.2,122.3,137.8,111.6,97.7,130.9,140.3,141.5,161.1,158.5,140.7,199.5,214.1,219.8,232.0,251.1,274.9,334.5,365.2,393.0,504.5,510.4,596.7,640.5,705.1,782.7,885.8,940.2,936.7,1102.2,1208.6,1207.3,1287.5,1389.5,1384.0,1392.8,1410.8,1521.0,1481.0,1438.5,1434.2,1423.4,1386.7,1369.7,1229.6,1120.4,1070.6,976.6,954.6,840.2,773.7,736.7,631.3,586.1,512.9,451.1,403.1,355.4,343.4,339.4,330.2,282.8,298.7,263.0,287.3,308.6,282.8,306.7,335.3,419.5,431.8,459.3,522.6,594.3,660.5,723.5,818.1,841.6,929.2,1051.3,1158.5,1271.7,1432.7,1483.6,1638.3,1777.3,1955.5,2021.9,2138.3,2308.0,2355.5,2533.1,2571.5,2706.4,2725.7,2669.8,2788.0,2761.9,2789.3,2680.3,2759.9,2648.3,2612.1,2555.5,2395.2,2336.1,2224.0,2075.6,1966.7,1907.7,1764.4,1555.8,1486.3,1412.4,1261.9,1159.7,1004.2,876.3,831.3,742.6,647.1,639.3,575.4,478.4,430.8,392.0,370.1,311.8,315.5,260.7,272.1,229.5,217.5,184.9,191.3,189.0,173.1,174.7,205.0,155.7,157.4,174.4,154.6,164.6,150.5,158.3,161.4,175.9,157.3,157.6,155.9,156.0,154.6,126.3,136.5,155.4,159.5,166.8,145.2,187.9,159.6,166.9,143.9,159.6,167.1,141.2,177.3,149.4,139.4,144.8,160.4,166.1,190.0,152.2,154.5,158.0,166.7,154.6,168.4,126.9,173.3,153.2,188.1,177.1,166.8,176.2,160.3,176.3,174.4,147.4,153.5,174.1,152.7,163.4,157.9,174.9,167.9,155.5,158.1,177.3,154.4,167.2,173.4,189.6,187.5,176.7,185.2,163.2,192.9,166.6,153.6,172.9,182.0,168.2,198.3,167.8,185.4,164.5,170.3,180.7,174.9,182.0,191.7,169.3,184.6,172.1,191.1,191.4,184.3,142.5,165.7,179.6,183.5,165.1,197.7,177.5,173.3,167.4,184.6,184.2,162.5,169.2,174.8
2,carbonyl,87.2,81.8,85.2,85.5,99.0,95.9,82.1,88.7,80.6,90.7,84.1,100.9,80.4,77.3,105.5,82.9,91.2,80.8,97.7,103.0,85.9,99.4,103.5,104.3,83.3,104.5,83.6,95.0,93.5,101.0,98.5,102.9,102.6,92.4,90.8,80.7,97.6,100.6,96.0,105.9,109.5,100.0,83.2,103.2,99.5,116.3,96.1,124.4,103.8,118.1,107.5,100.6,125.6,97.6,119.4,106.9,101.6,112.0,110.3,107.1,122.0,122.2,106.6,102.0,105.5,116.2,128.1,133.1,154.1,170.3,161.8,190.0,214.2,234.4,265.4,311.2,359.6,464.3,489.6,574.7,668.5,823.0,849.7,1102.3,1209.8,1353.1,1524.7,1771.2,1817.0,2028.8,2163.1,2421.3,2536.2,2647.7,2735.0,2793.4,2897.3,2890.1,2881.9,2823.6,2765.6,2646.8,2555.1,2418.9,2220.6,2035.7,1894.6,1805.5,1765.0,1516.8,1363.1,1331.8,1165.2,1015.1,975.5,939.8,896.6,906.1,900.6,906.3,885.1,938.8,859.5,925.3,941.8,937.2,930.3,957.9,944.7,923.3,923.8,933.5,910.4,858.1,820.1,750.2,737.9,717.6,697.2,622.9,658.9,633.2,596.5,634.1,539.1,527.1,564.2,530.9,520.6,567.5,590.4,565.2,562.3,553.0,581.7,585.0,583.9,637.1,607.3,582.4,576.3,546.0,548.8,571.6,524.8,503.0,512.3,471.5,433.6,432.8,419.4,403.6,364.7,367.5,381.2,337.3,312.8,316.8,300.8,266.7,277.2,231.5,265.4,260.2,246.1,246.7,234.2,197.6,219.2,218.8,185.6,218.0,187.3,183.0,193.1,177.4,157.8,186.4,172.5,173.6,193.4,187.2,165.5,179.8,197.1,166.7,157.5,177.9,176.4,162.1,175.5,156.0,142.6,174.0,155.4,163.8,161.6,157.3,163.1,180.2,178.9,164.3,171.6,160.0,154.9,160.8,162.2,171.5,181.3,157.4,178.2,156.9,175.4,164.4,158.8,181.7,184.3,173.1,169.6,161.9,152.3,174.9,163.7,193.3,140.4,171.1,173.5,156.2,173.9,186.4,181.4,157.4,202.5,201.1,180.5,179.9,190.9,156.1,196.1,169.7,177.0,176.3,168.8,188.0,162.9,191.7,194.9,187.7,191.7,156.2,182.9,176.0,151.6,169.1,188.4,173.0,175.3,194.2,180.3,192.5,178.1,195.8,189.3,193.6,200.8,179.3,195.9,185.1,185.4,177.8,176.5,207.0,172.7,176.3,214.5,173.1,218.3,188.0,186.3,189.9,222.5
0,hydrocarbon,91.7,88.9,85.0,84.7,110.0,95.2,98.8,91.1,96.6,90.5,86.0,103.1,106.7,92.5,101.5,86.5,129.3,95.7,94.8,93.0,91.1,94.9,97.9,92.0,96.9,105.3,87.1,106.7,115.5,100.6,99.2,98.6,97.6,97.4,95.6,106.2,91.6,99.5,99.7,93.8,88.2,116.1,109.6,116.4,109.6,95.9,106.9,96.1,116.1,112.3,97.4,84.8,108.1,104.8,113.8,116.4,102.3,100.3,109.1,119.0,115.6,140.0,143.1,158.2,176.6,194.3,242.3,225.5,340.7,369.1,429.7,512.5,621.1,709.0,773.5,954.4,1051.2,1176.6,1444.4,1577.7,1804.1,2052.8,2278.0,2479.0,2736.8,2962.9,3024.5,3255.6,3506.4,3721.3,3802.4,4014.1,3972.5,4036.3,4126.2,4090.3,3897.9,4056.4,3979.1,3738.1,3631.9,3416.8,3148.4,2943.3,2665.3,2498.7,2260.4,2101.5,1866.2,1639.7,1435.9,1241.5,1134.8,953.6,826.2,664.5,620.2,557.3,469.5,370.8,342.6,294.4,259.5,246.2,201.8,194.6,147.4,141.9,153.1,150.9,144.2,121.8,133.2,131.4,111.3,122.4,120.2,110.1,111.5,106.0,127.6,105.1,120.0,122.2,126.0,126.8,122.4,120.7,103.1,119.3,118.9,99.8,101.6,119.5,122.0,130.4,123.0,126.7,94.2,110.8,121.9,133.5,113.8,113.6,92.0,118.1,125.9,136.8,101.3,102.8,125.1,134.1,112.1,109.0,112.3,127.5,98.9,132.5,135.2,118.0,124.1,120.8,128.5,111.1,97.7,118.5,139.2,122.7,115.8,90.3,112.8,121.4,122.8,113.3,133.8,118.9,132.9,129.8,113.1,118.0,117.6,129.2,104.3,131.4,127.5,125.8,120.6,140.1,127.2,110.9,124.6,118.1,112.7,114.2,117.0,109.8,120.7,120.6,122.7,116.3,123.3,126.5,95.6,137.1,131.5,110.2,127.2,140.5,125.2,126.3,123.1,137.0,137.7,136.9,120.2,110.0,123.9,129.7,129.5,130.7,121.4,112.8,139.1,121.5,112.4,116.7,138.6,126.4,135.5,131.3,128.0,135.2,134.4,120.6,118.8,127.9,128.9,133.2,102.4,130.9,125.5,142.1,119.9,123.5,123.9,145.5,120.4,137.0,122.6,145.3,130.2,147.6,128.7,124.7,143.4,134.9,141.6,132.7,126.3,116.2,147.1,118.1,123.7,141.6,138.2,120.6,149.6,144.5,129.9,134.1,155.2,109.0,120.0,138.2,129.6,120.8,133.9,150.8,134.3,140.9,139.3
2,carbonyl,106.1,116.4,134.5,107.5,110.7,113.0,106.8,115.3,107.2,98.1,101.5,130.4,118.5,105.2,105.8,110.7,120.5,90.0,122.0,134.7,131.0,119.3,123.8,118.7,148.9,130.0,145.1,136.5,101.2,136.3,115.8,134.5,119.3,144.0,148.0,137.2,125.2,110.7,124.6,110.3,138.0,119.4,132.6,118.9,116.3,149.7,127.1,129.8,146.0,124.3,118.3,134.3,129.2,155.9,143.1,122.1,132.2,142.7,132.1,143.3,129.3,136.6,168.5,151.1,177.8,166.2,195.3,226.7,213.6,235.1,284.0,303.8,347.7,393.7,438.0,485.8,541.9,641.6,675.7,759.3,841.2,909.5,1025.2,1079.9,1231.5,1288.8,1404.8,1384.1,1595.8,1588.2,1625.3,1741.2,1683.6,1760.1,1723.4,1763.2,1715.1,1699.6,1618.4,1590.2,1569.5,1478.3,1403.6,1292.1,1275.0,1128.1,1085.0,982.8,918.9,873.1,778.2,740.8,687.3,674.0,609.2,595.8,569.9,551.2,555.2,520.5,530.9,486.7,544.6,503.4,555.0,561.3,589.8,559.5,572.5,600.8,695.7,624.3,635.9,667.6,722.6,768.1,851.1,957.2,897.6,963.1,1003.4,1070.6,1136.7,1134.1,1262.3,1333.9,1321.8,1465.8,1370.4,1452.6,1615.6,1576.8,1630.8,1668.8,1742.8,1678.1,1753.3,1743.4,1649.4,1725.4,1643.2,1680.2,1679.2,1661.1,1607.7,1570.4,1588.5,1540.3,1526.5,1456.7,1508.8,1470.3,1395.4,1378.9,1390.7,1296.3,1294.9,1302.1,1190.1,1199.6,1172.5,1105.0,1096.3,1030.5,974.6,905.2,869.0,835.0,820.9,758.3,743.1,699.3,699.4,626.9,563.5,532.3,548.1,448.1,452.8,419.1,406.6,380.7,361.3,337.8,272.8,301.0,267.5,260.0,242.2,248.3,249.5,208.3,196.2,169.0,188.4,195.1,196.8,184.4,201.7,203.9,163.8,219.5,181.1,183.6,186.6,189.9,193.2,200.4,213.8,188.4,194.4,192.6,182.2,213.5,209.1,186.7,182.6,210.4,184.0,179.0,186.4,190.1,215.8,196.9,207.6,216.1,186.0,180.5,212.0,202.0,203.4,198.6,206.4,196.5,223.8,197.0,175.1,224.3,188.5,186.2,214.2,165.6,211.6,214.0,188.8,212.7,226.9,197.8,205.4,185.9,218.2,207.1,219.3,173.3,224.0,217.5,192.8,209.7,214.2,197.3,224.0,189.9,238.4,234.4,233.5,216.5,196.3,185.0,205.6,207.4,223.7,204.9,216.2,238.0,200.2,221.2,222.1,209.5,209.5,235.2,212.4
1,alcohol_ether,103.0,112.9,106.4,95.5,113.4,90.7,115.1,101.5,118.9,93.7,97.9,99.8,109.0,97.0,85.5,104.7,109.4,112.0,123.4,100.3,104.8,103.7,104.2,94.9,99.3,105.4,114.8,102.6,115.3,128.8,99.1,99.9,117.7,114.9,98.3,110.5,101.2,108.5,135.5,114.7,131.1,110.1,102.3,118.3,105.2,109.9,116.7,106.8,110.1,107.0,120.2,114.8,108.2,126.7,121.4,109.9,122.5,111.3,102.3,130.1,96.1,112.4,126.0,129.8,117.7,131.9,151.6,162.4,134.4,171.3,164.2,192.5,236.3,244.6,321.3,364.2,375.6,437.0,504.9,602.1,691.5,765.1,863.8,1005.5,1129.7,1221.9,1346.0,1438.7,1613.9,1770.1,1857.3,2067.7,2156.1,2076.4,2361.7,2339.3,2508.3,2340.5,2412.8,2324.5,2386.5,2349.1,2248.4,2178.1,2060.6,1936.7,1854.1,1702.7,1497.6,1340.2,1265.8,1268.0,1167.1,986.9,935.9,877.6,731.5,723.1,754.8,684.8,603.5,628.6,608.4,543.4,549.6,610.0,594.3,568.3,618.8,581.4,592.9,578.4,616.0,594.7,692.8,675.5,637.7,631.7,741.1,802.7,790.0,852.0,904.7,888.1,995.5,1077.5,1065.6,1192.3,1238.4,1262.0,1360.5,1325.3,1414.8,1411.6,1428.9,1503.0,1451.8,1499.9,1461.2,1516.8,1437.9,1404.2,1301.8,1375.7,1381.5,1313.1,1232.2,1156.7,1161.0,1043.2,930.8,868.1,843.5,731.1,671.5,646.9,552.4,519.5,489.3,454.7,373.0,358.4,338.1,304.9,280.6,249.6,238.4,221.3,202.0,205.5,178.0,160.3,184.8,157.1,162.3,146.8,170.1,133.3,142.2,133.6,152.9,159.9,124.8,136.6,120.1,130.1,126.2,126.9,133.8,133.3,141.6,156.5,167.2,121.7,145.4,126.3,127.7,162.8,136.1,140.5,152.3,133.3,150.1,126.7,142.1,148.6,139.5,139.6,142.3,138.9,169.1,155.6,141.9,137.1,163.2,127.4,152.6,147.1,131.1,148.2,137.5,140.7,145.4,153.1,133.6,159.4,143.6,132.3,140.0,149.5,156.3,145.6,143.7,148.1,136.6,136.1,161.5,167.9,171.9,140.8,173.0,144.2,126.1,143.9,136.9,152.6,168.0,140.7,145.4,177.4,145.3,165.5,148.9,156.4,157.1,162.1,141.2,141.7,146.8,155.0,160.0,155.8,152.8,162.9,150.1,140.2,173.5,154.9,145.1,146.2,168.9,165.2,163.1,168.7,137.9,151.0,171.0,141.2,153.8,151.4,143.2
0,hydrocarbon,98.9,95.0,76.9,98.0,90.9,84.2,91.6,107.4,105.1,101.3,107.1,92.4,100.8,103.3,110.4,100.7,113.0,88.9,100.1,97.5,107.2,101.7,110.7,104.0,82.6,103.1,117.8,98.5,111.9,102.0,105.2,96.0,100.1,124.8,105.8,103.6,110.8,97.4,101.0,106.0,109.6,74.9,128.2,116.4,123.8,108.6,110.3,126.5,114.1,96.9,123.9,124.7,100.8,96.9,107.1,112.3,125.1,124.1,122.9,111.2,118.9,134.9,124.1,117.6,112.8,139.1,163.7,134.3,158.9,183.5,183.9,223.6,272.5,280.6,351.7,452.0,535.2,565.3,681.3,826.5,885.8,1110.7,1293.1,1575.8,1744.0,1881.4,2060.9,2288.5,2528.2,2688.8,2950.0,3017.2,3152.5,3195.8,3262.6,3266.8,3282.0,3274.9,3140.5,2944.3,2876.9,2611.0,2445.5,2322.9,2051.2,1871.7,1783.5,1546.2,1337.2,1291.4,1126.5,1026.5,954.5,896.8,827.2,771.7,739.5,722.0,666.9,628.0,739.0,713.1,704.0,709.4,749.8,789.8,740.2,748.8,706.6,685.1,653.2,585.8,603.4,597.0,589.0,550.1,471.6,510.7,451.7,465.9,410.8,400.3,411.6,386.6,392.5,352.6,368.2,399.1,414.7,396.4,350.1,339.9,381.9,390.2,361.2,400.1,359.1,405.4,357.8,389.3,373.8,376.0,370.0,320.3,310.5,321.9,301.6,308.0,266.9,295.4,275.3,234.8,222.7,247.1,243.9,207.6,248.6,192.3,204.7,185.5,212.8,215.3,209.4,205.1,181.2,203.7,187.0,198.3,209.0,186.9,178.8,172.7,178.4,179.4,177.1,174.8,180.3,159.6,161.5,177.2,161.6,177.2,158.6,161.5,163.6,147.9,142.5,197.6,152.4,171.3,163.0,144.1,146.4,136.7,153.6,151.3,160.1,146.8,161.7,152.0,146.3,145.4,164.1,140.0,159.6,161.4,152.4,157.7,162.0,144.7,182.9,178.4,162.9,175.9,149.5,179.9,158.8,170.5,175.4,174.9,181.4,194.3,192.9,185.2,175.3,172.2,168.0,160.0,160.4,179.5,191.6,146.1,170.3,154.1,200.5,163.3,188.0,181.2,170.9,182.5,173.2,161.2,198.4,191.6,190.5,175.5,202.6,171.7,190.6,161.5,195.8,184.3,141.9,184.8,175.3,143.3,188.5,191.4,180.5,178.5,179.9,197.9,181.6,191.0,185.7,193.8,200.0,174.7,200.4,156.2,161.6,161.9,178.5,195.5,185.3,188.9,189.0,206.7,194.4,166.8,184.9
3,carboxyl_ester,75.6,95.5,89.7,112.1,99.0,94.5,91.6,100.8,87.9,97.6,93.1,87.1,97.5,81.4,104.9,104.3,90.8,92.3,84.1,84.9,85.8,91.9,103.1,90.5,88.2,94.7,79.2,87.4,85.5,82.6,81.5,94.0,109.4,96.3,83.7,104.5,84.5,76.9,88.1,94.3,93.0,92.6,92.5,89.9,85.9,99.7,81.1,83.0,98.1,86.2,92.9,96.3,94.2,98.6,87.2,118.5,76.3,119.7,86.4,95.9,99.4,96.2,102.2,120.5,112.1,124.0,130.4,141.3,132.5,140.9,180.7,231.0,193.6,286.8,299.0,392.3,431.6,518.1,589.6,670.1,829.0,947.0,1035.9,1199.2,1364.1,1515.2,1694.3,1843.4,2109.3,2189.7,2505.0,2575.5,2821.8,2915.1,3086.0,3048.1,3230.9,3310.0,3308.9,3371.6,3338.7,3173.9,3175.9,3105.2,2957.1,2794.0,2673.8,2589.8,2398.8,2161.3,1988.7,1949.5,1746.9,1464.4,1379.6,1246.2,1142.1,1042.5,926.6,855.5,803.7,769.1,732.7,689.7,681.3,639.0,615.1,581.3,502.7,550.9,537.6,469.1,468.4,464.9,452.2,485.5,442.6,420.9,405.7,418.2,358.6,389.2,339.7,310.7,310.4,277.6,296.7,269.8,280.3,243.7,262.9,272.5,261.7,223.8,236.8,233.3,272.9,254.8,246.5,269.7,281.9,284.1,281.5,297.0,288.8,289.8,333.5,315.8,340.6,346.2,344.5,373.3,417.1,372.7,373.9,422.7,414.6,437.0,436.4,444.4,475.7,442.8,464.0,440.8,431.2,441.3,462.7,436.8,425.4,441.4,358.4,388.4,357.9,360.7,352.1,349.6,277.2,287.6,290.3,260.5,253.2,227.1,229.8,198.4,225.1,190.8,174.4,150.8,152.8,162.5,144.8,147.5,127.5,150.4,137.6,132.1,118.9,135.7,117.1,134.9,143.0,135.5,115.9,124.3,116.5,112.1,124.6,130.2,131.7,102.5,118.6,127.2,139.0,114.0,129.9,106.1,109.1,137.2,110.7,115.7,127.4,123.2,133.3,126.2,119.5,112.3,120.2,119.6,113.9,110.5,123.4,129.7,125.5,136.0,108.1,122.4,122.3,113.9,124.7,138.8,130.0,111.3,139.5,142.0,133.5,119.7,137.7,130.2,130.7,137.9,155.7,133.7,139.2,130.0,127.7,96.0,134.2,127.4,131.3,125.4,117.6,153.8,119.0,133.4,121.3,132.8,123.5,141.8,125.5,129.6,137.3,144.7,145.1,132.9,124.3,141.6,123.0,125.0,121.3,115.5,121.5
0,hydrocarbon,90.6,92.3,86.5,94.9,83.0,89.6,102.8,94.2,86.7,89.9,101.3,88.6,106.0,88.4,90.8,108.1,91.5,98.0,102.9,90.5,101.4,97.0,81.0,98.9,94.8,113.1,85.1,109.2,99.4,85.6,108.2,90.6,81.7,80.1,94.3,99.0,94.4,103.8,133.3,103.3,113.0,109.5,103.9,107.6,114.7,125.0,95.8,113.7,103.8,96.8,97.9,103.4,109.9,114.5,116.4,119.3,113.5,113.3,129.3,137.1,109.7,118.5,125.2,150.9,140.3,132.5,173.5,210.9,208.8,251.6,269.5,322.7,373.8,438.8,563.2,646.4,713.8,832.8,987.8,1128.7,1216.5,1495.8,1690.7,1873.0,2015.7,2235.1,2456.6,2564.5,2806.0,2883.4,3092.5,3157.3,3249.0,3354.6,3366.8,3462.9,3322.4,3404.5,3264.2,3197.3,2960.1,2764.5,2651.0,2523.0,2280.9,2122.9,1856.8,1864.3,1642.2,1549.1,1391.6,1278.1,1172.6,1157.1,1005.4,1027.9,927.2,930.7,869.7,906.0,820.5,858.6,865.4,843.6,815.2,816.3,781.9,800.4,751.2,730.5,735.4,697.5,659.1,622.2,574.4,573.1,581.4,564.7,495.0,508.2,416.9,466.0,386.7,368.1,358.7,317.4,337.1,320.1,317.5,277.5,293.8,290.8,276.4,245.4,271.9,247.2,269.8,236.2,246.0,262.2,260.1,250.2,270.0,215.5,238.5,226.7,247.6,239.1,234.0,194.7,188.0,206.0,228.1,191.5,188.4,199.3,194.4,191.8,196.9,199.0,169.2,183.6,166.0,189.8,193.9,169.8,180.5,158.7,175.7,164.2,169.1,154.0,172.6,158.7,177.1,167.5,146.1,167.7,145.6,136.1,139.9,155.3,155.5,133.6,161.9,149.3,153.7,147.4,148.6,159.6,143.1,153.9,158.2,156.4,140.6,158.0,156.8,160.8,147.6,135.1,147.2,164.2,135.9,172.6,156.8,155.4,137.8,176.5,108.2,129.9,155.9,153.0,156.4,142.9,156.0,162.9,158.2,151.4,159.5,157.7,166.3,164.4,160.7,168.7,165.5,154.6,167.3,159.5,167.0,162.4,149.5,144.1,160.3,159.2,183.7,161.6,144.2,181.6,164.8,160.4,187.6,161.4,145.9,175.4,161.2,154.6,150.9,158.0,181.3,152.5,145.8,160.3,156.9,164.6,148.3,166.5,165.4,170.7,160.2,150.5,154.7,136.4,161.8,197.0,197.4,152.0,155.3,185.2,163.2,174.1,162.5,175.6,170.3,157.1,159.4,154.4,176.5,173.6,165.7,164.7,173.5
2,carbonyl,62.3,69.1,76.1,79.2,77.8,65.0,76.1,67.0,60.9,84.4,62.5,65.9,63.9,76.8,90.7,74.1,62.9,75.5,84.9,73.9,78.9,66.5,85.9,65.3,82.5,72.5,61.5,88.3,73.1,96.3,98.7,78.5,73.9,69.9,70.0,78.7,66.1,64.8,71.4,81.8,72.9,82.8,74.5,76.1,77.0,75.2,74.5,85.5,94.2,80.2,68.5,100.8,78.8,81.3,78.3,80.1,96.5,75.2,77.3,93.0,81.9,64.7,89.6,88.1,85.5,94.3,78.5,78.5,64.5,100.9,87.0,97.2,96.0,122.6,98.9,113.7,116.1,118.0,126.6,139.5,136.3,182.4,164.3,164.9,170.6,237.2,206.4,284.9,253.9,267.8,294.8,284.8,308.3,306.4,352.8,304.6,379.0,348.7,378.1,405.7,364.4,379.1,417.0,395.2,396.0,379.8,390.3,383.0,334.6,324.8,373.1,374.4,368.5,412.3,407.5,390.9,389.2,488.4,460.0,481.4,501.3,552.2,527.2,528.3,566.0,630.0,633.9,625.4,717.3,718.4,782.6,837.8,883.1,920.4,944.6,1025.1,1050.5,1201.5,1281.7,1325.1,1438.9,1550.7,1613.2,1773.1,1918.0,2013.8,2230.6,2311.1,2466.2,2565.3,2699.9,2761.9,2969.2,2911.2,3150.1,3111.3,3233.7,3146.7,3281.6,3234.6,3189.5,3211.4,3197.1,3096.4,3012.8,2920.3,2902.2,2606.1,2601.2,2426.5,2391.1,2199.8,2140.3,1907.7,1853.3,1646.0,1550.8,1478.9,1341.1,1183.6,1082.1,1022.5,940.4,894.7,754.5,732.1,641.8,594.6,520.8,503.9,507.6,421.4,403.4,382.2,328.0,345.3,330.6,273.6,268.3,223.3,247.8,194.7,192.9,193.0,179.6,196.5,162.9,166.5,169.0,161.6,140.3,133.7,137.2,142.7,138.4,130.1,114.1,134.3,128.4,132.2,127.7,151.3,126.1,161.0,122.9,130.0,116.9,135.2,138.7,134.2,135.4,110.3,112.4,141.4,123.5,128.1,149.7,120.7,128.9,107.5,129.4,136.5,132.3,111.4,116.3,113.6,124.7,131.7,133.8,134.9,139.4,120.4,121.4,134.7,106.8,129.1,126.6,131.7,137.2,120.1,161.3,132.6,111.7,142.7,150.8,147.3,135.6,149.0,150.8,143.5,131.1,150.5,162.5,140.3,135.1,142.2,141.4,127.9,123.3,137.9,130.4,138.7,135.1,133.6,126.7,129.8,152.6,132.3,149.0,131.4,160.8,123.6,140.1,130.0,115.2,130.3,139.7,149.2,146.4,170.7,138.1
3,carboxyl_ester,65.5,66.1,58.3,62.2,52.9,45.0,64.4,84.2,63.8,56.9,63.3,86.2,52.4,61.4,58.3,60.8,59.3,59.7,59.8,70.8,56.7,53.6,51.3,70.4,60.6,59.1,66.5,76.6,52.4,53.9,62.0,71.0,72.7,62.9,65.4,70.1,60.5,65.7,71.2,72.9,70.6,70.8,56.2,59.8,62.9,51.2,82.5,64.7,55.9,73.0,58.6,74.7,59.9,56.1,62.0,62.9,78.8,90.1,75.6,82.8,85.4,70.0,79.6,84.4,87.7,104.7,90.7,106.8,128.0,139.6,139.6,168.6,171.1,198.7,244.6,267.2,274.0,313.7,366.1,421.6,480.3,515.2,583.8,621.1,654.7,754.1,826.2,888.2,911.6,976.2,1096.3,1068.5,1147.3,1143.5,1200.5,1297.2,1230.6,1205.0,1254.6,1273.8,1288.1,1298.9,1222.6,1239.8,1223.6,1247.8,1205.2,1242.3,1217.8,1259.3,1241.7,1261.9,1344.9,1376.6,1397.1,1476.9,1519.3,1514.6,1561.9,1620.2,1586.9,1700.9,1752.5,1766.4,1758.1,1781.6,1801.9,1833.1,1790.7,1685.2,1730.7,1720.9,1628.1,1666.0,1514.1,1460.4,1508.2,1393.9,1352.8,1280.3,1224.5,1174.5,1165.0,1072.3,1068.3,1066.9,1067.5,973.9,965.1,939.6,960.0,990.6,915.0,1033.7,1008.7,1013.5,947.2,937.0,1021.8,936.8,965.7,979.0,901.8,977.1,938.7,951.9,933.6,951.1,889.9,979.7,845.8,957.3,906.1,905.1,928.9,900.5,873.9,881.0,854.8,867.6,822.8,846.5,788.8,787.8,758.4,716.2,718.6,678.2,669.5,600.0,594.6,576.6,535.0,444.4,468.2,447.3,396.7,386.6,358.2,359.7,303.8,270.1,252.7,263.1,246.4,198.9,209.0,182.9,136.8,164.2,164.3,159.8,146.6,139.0,144.8,122.1,123.8,113.1,119.7,114.3,111.5,94.9,111.0,115.6,104.1,119.9,122.3,98.9,107.9,120.1,104.9,96.1,104.6,116.5,98.0,105.9,103.8,103.6,122.3,122.0,110.2,121.0,111.3,109.5,89.1,115.5,108.6,110.5,115.4,123.4,121.0,91.1,91.5,121.0,93.3,102.9,115.7,104.5,132.1,111.4,103.4,96.6,120.9,115.0,119.3,113.4,112.9,113.9,95.6,116.0,118.7,113.6,112.0,121.7,102.5,104.8,132.3,103.2,135.7,94.9,126.3,131.8,125.8,125.4,125.6,141.8,116.9,115.2,109.0,120.4,123.4,109.0,121.4,130.9,129.8,115.8,138.4,142.6,110.4,108.3,112.0
2,carbonyl,42.0,43.9,40.6,47.6,48.3,34.5,45.0,52.1,56.6,30.6,57.2,32.4,48.8,50.9,56.3,47.9,39.5,51.4,52.6,49.6,48.4,42.2,61.3,36.8,50.5,50.6,51.1,64.0,53.7,49.3,34.4,65.6,50.0,59.9,60.8,53.9,40.5,41.5,66.0,53.9,56.4,61.7,53.8,58.1,48.6,54.8,50.6,49.5,53.4,43.5,53.1,46.8,54.2,63.7,59.4,60.0,42.7,61.8,52.8,60.5,63.0,62.6,67.8,81.8,68.5,67.7,77.5,89.8,79.3,84.8,95.3,109.8,132.3,154.8,171.2,193.1,234.8,296.4,346.9,371.4,465.3,487.4,653.3,675.5,786.4,904.1,960.7,1038.5,1177.7,1346.4,1421.7,1561.8,1663.0,1812.4,1844.0,1902.4,1889.3,2035.8,2024.0,2078.3,2009.7,2018.7,1986.5,2005.2,1796.9,1698.3,1706.3,1607.4,1462.8,1451.1,1314.8,1144.4,1146.9,1070.7,1051.0,971.0,832.8,893.7,836.7,810.1,810.5,774.1,773.7,701.8,732.0,760.8,777.3,765.8,800.3,775.9,761.8,788.6,812.9,834.0,846.8,829.1,777.3,803.2,830.3,784.8,905.3,891.9,932.8,970.6,959.9,983.5,1021.6,1031.9,1108.5,1143.8,1189.1,1238.4,1314.6,1310.5,1381.0,1421.6,1380.3,1364.1,1427.6,1453.8,1429.4,1368.3,1390.3,1404.0,1362.9,1273.1,1328.6,1241.1,1171.8,1142.3,1088.9,1023.9,1014.4,883.9,847.4,832.6,762.2,672.2,685.3,650.0,611.9,591.2,561.0,548.8,489.9,427.5,423.5,394.2,366.0,312.7,317.5,343.0,285.6,287.2,286.5,263.9,219.8,250.7,238.5,200.4,189.4,169.5,128.4,141.1,140.1,145.7,137.3,110.6,115.5,113.8,101.6,101.2,114.5,110.0,93.4,102.1,99.3,104.6,90.8,82.2,104.3,105.6,110.3,81.4,85.0,91.5,90.7,106.1,83.1,97.7,93.6,80.2,100.9,93.3,87.4,101.4,87.7,81.0,88.1,82.1,92.8,115.4,81.9,91.1,96.2,87.6,91.6,83.5,97.8,94.0,105.2,106.5,102.6,103.0,95.5,92.4,96.5,102.2,96.1,93.8,105.0,106.8,110.9,108.6,101.0,105.4,96.8,103.1,84.9,91.8,104.1,110.3,98.7,94.6,101.9,96.3,96.5,124.1,95.7,86.2,100.1,109.3,116.5,123.4,123.8,92.3,122.1,98.0,114.7,117.3,111.0,107.8,98.2,113.9,105.2,109.2,94.9,104.8,110.8,112.4,126.5
3,carboxyl_ester,119.2,121.1,133.4,111.4,111.8,95.4,112.5,134.6,97.4,108.2,125.2,114.2,111.3,99.6,126.1,118.8,113.0,134.5,130.4,139.1,110.3,111.3,141.3,134.7,125.0,95.0,145.9,115.5,120.0,131.5,114.7,111.9,133.9,121.7,134.5,144.1,117.5,131.3,130.2,132.3,139.3,140.5,128.5,131.9,130.8,126.6,118.9,134.4,147.9,130.3,131.4,140.7,120.9,109.6,126.7,117.5,150.9,130.0,159.5,157.8,149.6,157.6,159.8,154.8,142.4,172.0,153.8,174.7,183.8,205.9,232.4,247.9,271.9,302.8,349.2,406.6,501.6,569.7,663.1,762.0,871.2,954.7,1075.8,1195.7,1389.1,1520.1,1713.9,1833.8,2008.5,2051.3,2240.5,2342.0,2409.0,2581.4,2662.3,2630.5,2750.8,2650.6,2691.7,2636.2,2449.5,2422.6,2377.5,2150.5,2077.3,1949.5,1745.1,1518.3,1502.7,1374.5,1300.9,1189.3,1032.9,967.9,922.3,813.1,729.4,759.1,730.4,677.3,661.5,585.1,569.4,564.1,572.9,599.7,533.0,582.9,551.6,540.3,565.2,534.5,534.1,522.3,504.1,523.1,465.0,433.4,518.0,485.1,462.1,421.0,453.8,419.0,453.1,418.7,423.0,492.0,482.3,459.4,493.5,482.4,504.3,496.3,528.7,486.3,553.7,584.1,596.9,609.7,641.8,705.1,658.0,681.6,712.7,762.0,761.8,784.1,845.2,849.1,860.4,866.3,863.9,949.0,952.2,960.4,964.4,1023.7,950.9,940.6,1008.2,1030.1,958.3,972.7,927.9,903.0,925.8,834.5,867.9,785.9,740.2,723.2,659.7,590.8,618.1,547.1,536.7,483.6,466.7,441.3,405.6,355.6,335.6,299.8,289.8,266.4,269.4,252.3,246.3,248.4,225.1,220.7,185.3,225.7,197.1,201.8,185.7,190.5,192.3,193.2,209.9,197.4,184.5,189.6,173.6,184.3,203.7,177.2,175.2,178.1,206.8,195.3,179.1,176.0,211.0,168.1,188.0,180.9,172.3,186.7,196.5,185.0,204.7,191.5,200.3,176.1,191.0,176.6,186.0,199.8,209.9,186.8,172.8,187.9,180.5,194.9,175.1,182.7,217.4,174.3,187.8,208.4,199.3,200.1,190.8,171.8,197.4,202.3,220.7,181.2,156.3,200.6,204.2,188.4,183.4,201.3,216.6,190.5,206.7,192.8,187.6,185.1,205.6,190.3,186.9,204.7,220.8,216.2,214.0,189.7,188.1,204.8,212.6,177.4,188.3,207.6,205.1,219.6,203.2,216.3,169.8
2,carbonyl,108.7,100.5,125.9,93.5,103.8,104.2,123.3,126.7,102.2,135.7,102.4,102.7,110.8,105.3,124.3,91.5,113.7,113.6,108.0,112.3,117.2,106.0,122.8,144.6,105.5,109.1,116.9,88.7,95.1,104.7,123.5,128.9,99.2,126.8,126.1,113.6,129.0,119.0,106.7,121.0,112.7,127.5,103.5,120.3,116.4,95.4,110.9,140.6,89.9,119.3,119.4,132.8,114.0,129.4,114.4,131.7,104.3,111.5,113.0,120.4,111.0,133.0,102.3,131.8,119.1,143.5,129.8,144.2,150.2,133.3,151.7,164.0,186.4,200.4,222.6,246.9,242.3,297.2,327.9,359.4,403.0,487.1,493.2,568.0,620.6,669.8,685.3,807.3,838.0,888.6,912.4,994.9,1044.3,1109.9,1100.2,1101.6,1138.2,1130.4,1087.9,1145.6,1056.6,1100.7,1129.9,1065.9,1082.2,1084.7,1091.1,1099.5,1140.9,1135.6,1184.2,1222.1,1248.4,1311.0,1376.0,1472.1,1534.8,1645.3,1736.1,1769.5,1887.6,1961.6,1993.3,1954.8,2072.1,2064.0,2032.7,2156.0,1996.8,1963.4,2048.4,1900.8,1917.4,1832.4,1745.8,1746.7,1636.8,1566.1,1525.3,1467.6,1441.4,1429.6,1325.1,1379.4,1373.2,1321.3,1361.7,1360.6,1427.2,1476.0,1430.1,1400.3,1401.3,1417.8,1352.5,1393.3,1435.9,1357.0,1289.7,1256.2,1319.5,1229.0,1216.3,1117.2,1124.5,1022.0,903.7,895.5,868.8,794.9,770.5,644.1,631.7,547.8,531.9,471.1,448.9,402.2,360.5,320.3,317.6,271.3,273.5,222.6,237.6,222.0,215.9,216.1,198.4,182.0,174.5,176.1,202.8,166.5,191.1,172.2,163.8,161.9,177.0,144.1,148.5,185.3,156.0,168.8,168.1,166.8,175.5,154.7,168.1,145.6,193.9,152.9,163.1,165.9,160.3,147.7,166.6,168.7,165.1,172.0,164.5,162.8,164.7,155.2,169.6,175.7,145.8,186.3,185.7,169.0,163.7,167.1,181.6,168.6,166.8,142.9,172.0,185.8,168.1,177.0,170.7,164.6,158.3,171.5,147.6,169.1,163.3,161.4,150.3,191.8,180.3,168.2,162.7,167.0,178.9,173.3,173.2,157.3,187.3,191.5,170.7,167.2,166.9,185.3,173.1,187.4,164.3,188.5,153.1,175.1,178.2,191.9,208.1,180.1,190.2,161.5,189.6,191.0,177.6,175.9,155.6,181.7,177.6,178.9,174.0,164.7,197.6,191.0,186.4,183.7,181.1,186.9,197.0,168.0,190.6,195.8,186.4,171.4,205.0,182.6,177.1
3,carboxyl_ester,120.9,112.2,116.5,108.7,109.0,127.6,122.4,113.7,133.5,114.1,105.1,111.0,111.0,101.7,113.6,130.0,122.6,120.4,117.3,112.5,130.8,130.7,130.0,116.5,126.5,113.1,117.8,126.4,127.9,93.9,106.9,100.1,111.3,127.2,120.3,110.2,123.2,128.0,119.1,132.4,105.1,121.3,130.7,120.7,130.7,107.2,111.6,121.0,113.9,127.3,143.7,113.3,121.9,133.1,116.3,118.1,118.3,126.7,114.9,134.9,118.3,139.0,127.4,126.1,126.3,145.6,145.3,142.4,164.3,143.2,158.1,183.1,229.4,217.6,249.4,277.3,350.7,386.2,431.8,471.2,602.1,671.1,687.9,822.7,942.2,1034.4,1173.6,1260.4,1386.1,1405.6,1516.6,1656.1,1713.8,1714.6,1826.3,1861.8,1789.8,1869.7,1763.9,1680.1,1663.3,1607.8,1554.2,1440.5,1351.7,1225.3,1199.4,1055.8,999.5,943.0,839.9,741.7,689.8,676.4,644.3,641.6,582.8,565.4,511.3,545.8,497.3,530.1,516.0,518.4,540.8,559.3,498.9,540.6,483.1,494.0,509.3,493.6,462.5,493.5,453.1,431.1,455.6,419.4,416.8,419.9,412.1,408.4,366.6,425.9,448.9,393.0,451.3,435.7,472.8,427.2,514.4,493.3,506.5,519.8,610.7,620.3,659.8,647.5,721.0,764.9,785.8,893.9,974.9,990.6,1021.2,1171.1,1222.9,1300.4,1292.5,1293.4,1480.9,1585.0,1620.1,1625.0,1751.6,1798.4,1742.8,1794.4,1848.6,1769.3,1870.6,1894.7,1855.0,1839.5,1678.5,1646.2,1615.4,1497.8,1418.5,1451.9,1288.3,1255.7,1177.6,1083.2,1002.0,896.4,826.0,770.6,684.2,627.1,541.4,492.3,432.8,412.6,394.0,348.8,313.6,270.7,260.9,269.2,221.1,223.9,197.6,195.4,196.9,163.8,175.0,155.2,133.2,170.6,148.7,158.7,142.0,139.6,132.2,168.9,132.0,141.6,145.7,165.0,150.8,151.2,159.9,126.7,127.1,184.4,143.1,168.9,149.0,162.7,153.8,149.1,166.9,156.8,168.1,153.4,139.8,157.2,144.3,144.3,167.3,154.5,148.5,160.8,160.2,168.3,143.1,152.0,181.3,145.3,157.8,154.8,145.8,159.4,144.9,151.8,161.3,149.8,167.2,128.4,163.3,131.3,166.9,176.6,133.5,131.1,151.1,158.1,178.8,158.5,137.1,140.4,173.2,177.6,153.2,164.4,168.2,174.6,162.5,171.5,159.4,162.1,174.3,146.3,186.4,125.9,156.5,149.2,159.5,153.3,150.3
1,alcohol_ether,37.4,43.0,33.1,62.2,44.5,44.7,43.3,39.3,34.7,33.6,31.4,42.5,41.8,40.9,35.7,44.9,38.4,58.8,40.7,51.5,52.0,51.3,44.0,50.8,43.1,47.3,48.6,56.4,38.8,58.6,41.0,55.4,50.9,41.6,58.9,52.3,40.2,47.1,58.0,58.8,73.8,46.3,44.1,53.9,45.8,44.3,52.2,61.1,60.6,58.9,66.0,61.7,64.6,56.1,44.4,47.1,63.2,56.6,69.3,58.5,54.2,58.0,51.5,72.7,63.2,69.0,83.9,80.7,87.1,109.7,97.1,120.5,150.1,174.1,198.3,231.0,269.0,331.0,383.9,426.4,492.8,560.1,607.6,703.1,803.1,843.3,947.5,1018.8,1134.4,1156.9,1274.2,1317.6,1332.3,1321.2,1356.0,1430.7,1506.0,1417.1,1514.0,1434.5,1459.9,1500.9,1437.7,1433.0,1403.6,1418.6,1363.9,1489.6,1451.9,1509.5,1543.3,1639.5,1747.0,1826.8,1930.0,2003.9,2158.3,2252.4,2320.4,2387.1,2467.7,2615.1,2546.3,2610.7,2601.8,2680.0,2671.6,2740.7,2528.6,2499.0,2415.9,2323.3,2223.4,2069.3,1941.9,1792.3,1650.2,1588.3,1421.4,1295.9,1139.3,1050.1,986.9,848.3,775.1,641.6,583.5,484.3,430.4,367.5,353.5,272.8,247.0,232.8,204.2,193.3,161.2,177.0,165.5,153.1,170.9,160.8,146.5,132.5,156.6,149.8,162.5,169.3,159.6,166.7,189.0,206.3,188.0,200.3,206.8,206.2,197.1,209.1,212.2,178.9,208.0,226.6,195.6,211.7,232.3,190.9,189.9,174.2,187.5,183.0,185.1,177.4,174.9,183.7,152.8,131.7,113.3,124.5,140.0,133.9,125.2,123.3,120.8,121.9,93.0,119.1,97.3,122.7,108.6,105.9,92.4,101.9,106.7,102.9,106.0,82.4,90.5,104.0,86.0,101.7,107.3,109.0,82.2,92.5,119.0,90.0,95.0,89.2,114.0,107.5,107.2,113.4,100.5,96.3,88.9,101.0,116.1,102.3,88.9,94.6,103.3,107.3,94.0,102.9,96.0,113.4,112.4,111.6,104.8,114.4,117.4,112.3,115.6,95.5,124.3,102.0,87.3,98.5,80.3,123.1,110.5,105.7,93.9,114.1,105.7,117.6,124.9,118.3,112.7,113.2,112.3,109.5,98.8,96.3,108.6,103.7,116.4,85.7,132.6,123.3,92.2,119.5,115.3,112.0,104.2,123.7,125.0,107.3,117.0,131.3,122.6,121.4,106.5,111.7,137.4,114.2,107.8,100.1,128.2,126.0,119.8
1,alcohol_ether,77.9,92.6,78.2,71.2,77.7,89.7,97.9,94.5,96.4,96.9,89.9,78.8,91.2,90.0,86.3,93.0,86.4,90.9,95.9,100.0,96.9,87.5,85.1,93.2,93.2,98.5,95.0,106.7,108.1,97.2,80.8,93.3,95.9,86.2,85.4,97.9,106.2,91.7,91.2,93.3,103.8,100.0,111.2,93.9,91.4,71.9,105.5,114.1,98.8,92.6,90.8,101.1,116.6,96.9,100.5,105.2,91.8,92.4,96.4,93.4,100.6,107.7,102.4,122.3,100.3,114.7,128.7,102.6,128.5,149.2,142.9,174.8,153.2,220.3,209.8,278.7,302.3,437.5,466.8,504.1,635.3,718.5,847.4,962.9,1096.8,1221.0,1312.8,1496.0,1651.9,1823.6,1902.9,2070.1,2142.5,2236.4,2372.8,2379.5,2340.8,2371.3,2294.5,2270.5,2172.6,2105.3,2155.3,1954.9,1860.3,1654.4,1640.6,1581.3,1509.0,1389.4,1345.8,1309.3,1388.8,1380.0,1353.7,1373.1,1387.9,1463.6,1563.7,1600.6,1714.8,1722.5,1763.3,1833.7,1843.6,1875.7,1907.0,1792.0,1773.5,1752.3,1778.0,1709.9,1627.6,1510.0,1407.8,1360.5,1257.0,1141.9,1067.7,863.2,820.1,816.2,707.8,599.9,559.4,459.5,434.5,378.0,344.0,314.8,271.8,244.3,245.3,202.0,193.8,155.2,181.4,170.9,163.3,147.0,147.2,170.6,167.8,152.6,162.0,138.1,166.2,136.0,121.7,136.8,133.7,129.6,144.1,122.5,141.8,142.0,124.5,113.5,90.4,115.9,105.6,128.7,131.8,131.1,129.0,128.4,137.9,133.7,135.0,121.7,140.4,125.5,119.6,128.7,137.0,129.0,136.1,133.0,125.1,145.7,134.2,126.5,136.3,117.1,137.3,119.1,141.6,126.4,133.0,114.7,125.3,139.8,118.6,137.5,111.1,141.4,130.1,146.0,127.0,140.7,118.2,125.6,157.9,114.9,116.4,123.8,137.9,135.2,116.1,136.6,122.1,139.1,132.8,146.5,145.5,144.4,144.5,137.7,139.6,139.7,122.7,133.8,130.3,131.1,130.0,131.3,121.2,121.5,138.8,142.7,129.1,120.8,145.3,137.4,171.5,141.6,129.6,149.9,113.4,140.5,129.8,134.1,150.7,122.8,138.0,134.0,128.7,129.8,144.0,143.4,127.5,140.6,148.5,165.6,134.1,130.0,143.9,146.5,131.4,146.5,138.5,148.5,149.8,153.6,137.7,146.8,161.4,127.6,146.2,149.0,151.5,133.0,127.1,145.8,151.5,136.3,127.1,148.7,136.0,135.3,125.4
0,hydrocarbon,107.2,96.8,85.1,97.6,79.5,96.0,96.5,108.2,95.7,94.0,104.2,97.0,89.8,124.1,99.3,76.0,110.8,94.5,105.0,95.7,87.3,98.6,114.4,94.9,105.0,110.2,89.5,100.7,90.6,95.7,92.5,96.7,80.6,92.2,115.9,103.4,83.6,101.1,108.6,101.1,100.9,88.2,74.4,92.6,108.7,97.5,115.0,75.7,127.6,101.1,92.3,114.2,113.5,97.0,106.7,104.4,112.7,109.0,132.4,114.4,102.3,100.2,114.0,113.9,132.2,136.5,134.7,158.5,172.4,208.3,265.7,307.7,352.7,428.9,528.0,550.4,713.8,834.4,998.4,1137.0,1358.4,1510.0,1828.0,1920.9,2249.0,2415.8,2722.3,2941.1,3124.9,3198.3,3537.6,3586.9,3757.5,3889.5,3804.0,3783.5,3762.4,3770.9,3698.1,3379.8,3191.2,3042.1,2825.8,2581.3,2300.8,2123.1,1919.9,1682.5,1503.9,1282.7,1102.8,954.5,817.5,723.1,582.3,500.3,422.4,353.9,313.9,266.4,231.6,188.7,170.3,141.8,140.4,123.9,125.3,131.2,120.5,132.8,145.0,112.6,123.1,107.1,116.2,111.3,125.7,95.4,137.3,116.1,131.4,118.2,99.4,97.3,130.9,126.2,130.8,133.5,134.5,128.8,119.9,150.1,128.0,150.2,138.6,148.1,157.0,171.7,168.5,202.0,192.4,213.6,221.1,225.5,226.1,243.5,257.9,256.4,294.7,307.6,305.4,339.5,295.1,308.6,356.3,344.6,360.3,351.4,345.4,361.7,347.3,338.9,343.7,360.6,343.7,337.9,324.8,320.5,282.4,303.0,311.1,254.0,266.1,256.4,227.9,221.3,240.0,208.2,189.4,177.0,168.0,171.0,146.4,179.4,145.9,145.1,149.9,149.4,123.0,124.5,136.5,143.5,142.9,159.7,153.2,117.6,136.7,118.3,147.3,123.7,135.4,122.3,160.4,120.2,120.3,127.9,152.4,114.5,128.8,126.9,141.5,127.6,115.4,132.7,125.1,137.0,145.5,127.4,130.2,135.4,143.8,140.7,130.4,138.5,155.2,123.3,146.5,151.5,120.9,129.3,114.3,131.7,150.6,129.5,125.8,136.5,127.5,140.5,136.9,139.0,139.0,132.4,136.7,154.0,147.1,149.5,141.8,124.1,128.0,139.1,140.9,141.8,147.0,134.3,135.8,152.9,144.4,145.6,145.3,142.8,130.8,126.5,147.1,147.7,148.4,130.4,156.1,135.5,133.5,152.3,128.6,157.8,153.0,138.8,132.3,139.7,149.8,152.3,128.9,143.6,141.1
2,carbonyl,114.5,124.7,121.0,118.6,136.6,107.5,110.9,110.3,103.2,106.1,106.3,132.6,127.1,126.2,89.1,101.7,117.8,129.5,117.6,112.8,103.6,114.5,104.8,151.3,129.9,126.8,120.9,119.6,113.4,121.7,133.3,124.6,126.1,130.7,133.3,110.8,120.6,111.5,127.7,127.2,129.6,129.8,118.9,129.1,122.6,131.4,143.5,115.6,126.3,124.6,153.8,130.2,127.8,123.2,117.5,138.1,118.1,137.6,141.7,141.1,124.9,127.3,124.3,136.0,125.0,134.2,132.8,152.5,144.2,157.1,179.5,184.9,187.3,216.7,249.0,270.0,276.6,382.4,427.9,471.8,535.3,607.8,691.7,818.9,918.0,1000.7,1118.2,1210.1,1235.7,1412.7,1538.2,1627.7,1743.9,1806.3,1803.7,1902.3,1907.6,1857.5,1892.3,1816.0,1761.0,1739.4,1588.7,1430.5,1378.5,1354.1,1232.4,1110.2,1033.7,973.8,893.2,805.5,802.7,741.8,748.0,701.1,648.4,655.6,700.6,721.0,728.4,708.1,706.3,738.6,746.4,748.0,722.2,788.6,788.2,815.5,775.9,784.0,805.0,816.0,836.6,822.9,929.2,900.7,932.1,959.6,993.3,1059.5,1133.9,1133.1,1310.5,1341.8,1463.6,1540.6,1523.3,1611.8,1714.4,1739.5,1849.8,1759.6,1833.6,1828.0,1936.2,1815.7,1810.5,1825.5,1758.7,1682.1,1653.1,1618.0,1458.2,1422.5,1283.6,1177.4,1170.2,1054.8,1015.5,888.1,783.0,698.8,651.5,606.8,532.7,467.3,402.3,390.8,349.7,321.8,295.5,288.2,252.6,218.4,208.5,218.6,175.6,196.8,155.4,173.0,168.6,163.0,163.3,181.4,167.3,143.4,153.2,166.8,140.6,155.9,191.6,160.6,160.6,165.1,154.8,168.3,159.2,170.1,151.5,141.9,152.8,183.6,140.0,143.1,178.7,147.9,160.5,159.8,161.8,174.6,160.7,165.1,166.6,176.6,149.9,161.2,148.0,179.5,180.3,172.9,149.2,181.7,175.0,146.2,159.3,147.8,162.8,160.8,165.9,152.7,164.6,166.1,183.8,176.3,150.2,153.2,161.8,161.4,163.3,176.4,158.2,148.9,183.3,184.5,173.4,173.9,189.9,161.9,188.5,161.0,180.6,157.5,187.3,171.5,177.2,174.8,159.0,180.1,164.1,158.5,157.3,154.8,191.5,175.0,161.4,158.1,183.5,179.4,179.7,181.6,179.0,193.6,180.8,170.0,180.8,171.4,158.6,177.1,168.2,180.2,162.3,184.5,180.5,188.4,202.5,185.5,180.3,178.7,185.3
0,hydrocarbon,107.0,106.7,103.1,109.5,101.1,106.0,116.8,119.4,98.9,94.6,111.0,95.3,111.4,113.6,114.2,105.8,124.8,129.5,112.6,108.3,104.7,107.5,115.7,104.2,103.4,111.5,101.1,120.9,110.6,113.4,118.4,114.6,125.6,109.2,115.6,127.0,127.0,110.2,124.5,122.5,98.5,127.4,124.9,116.7,112.8,129.1,125.3,130.7,137.8,128.8,112.4,127.1,138.8,111.5,140.5,133.6,127.6,130.2,135.1,149.6,142.4,177.6,172.5,209.4,201.6,250.4,280.3,346.1,340.8,407.9,494.4,568.8,631.4,762.2,861.0,1021.7,1231.0,1379.3,1555.5,1862.5,2003.9,2157.0,2469.2,2686.2,2990.6,3146.1,3289.3,3510.2,3697.1,3828.3,3944.4,4071.9,4194.6,4090.9,4043.3,4071.9,4012.3,3809.4,3635.2,3608.9,3374.1,3224.8,2838.9,2734.4,2444.8,2220.5,2113.4,1813.7,1600.5,1514.5,1265.2,1104.6,1014.6,834.1,698.7,624.1,491.4,475.4,430.7,367.4,308.2,288.8,219.0,239.0,201.5,215.9,192.4,135.3,184.7,160.5,160.8,156.6,154.7,142.1,155.0,139.0,156.0,141.8,139.7,162.9,153.8,150.7,149.2,158.1,168.6,152.4,128.1,161.4,134.7,151.0,139.2,161.4,141.0,159.7,126.1,149.1,150.3,147.2,149.8,162.2,153.9,130.2,160.1,151.0,144.7,153.5,165.8,141.2,178.0,190.0,153.0,147.6,170.8,152.9,141.2,146.2,168.2,137.1,188.9,166.0,168.3,162.0,152.2,149.5,156.8,183.8,165.4,158.9,168.7,176.3,175.7,184.0,156.5,157.6,149.2,156.9,155.7,162.2,175.8,191.5,157.4,190.5,156.6,154.7,156.4,144.2,165.4,175.0,178.4,171.2,172.4,173.2,161.6,170.4,164.4,176.9,193.1,171.8,202.7,174.4,173.2,171.5,166.5,175.3,156.2,161.2,164.6,164.1,149.4,187.6,164.3,176.0,158.4,173.3,172.5,184.4,162.5,170.5,196.2,175.1,191.0,150.0,141.5,190.0,174.4,154.2,171.0,165.1,203.4,180.9,188.2,186.7,160.7,168.2,182.8,196.1,196.3,195.9,180.5,175.7,182.9,187.7,178.4,155.5,189.3,180.0,177.9,179.5,182.7,183.8,217.2,183.3,219.2,181.6,197.0,183.4,201.4,209.0,189.3,178.0,201.1,180.9,167.5,189.3,161.5,185.2,189.6,185.5,184.0,201.2,221.6,200.5,179.8,187.9,160.8,197.7,193.6,179.8,194.4,211.8,187.5
2,carbonyl,68.6,71.5,78.4,64.3,74.7,74.9,66.0,50.7,63.5,83.8,70.0,87.3,79.3,97.9,77.2,48.3,65.7,72.0,72.1,72.1,82.4,84.2,71.1,62.6,64.7,95.1,79.9,84.0,100.8,80.2,79.9,82.9,75.0,82.1,86.4,89.2,66.1,91.3,76.0,80.4,68.8,76.1,72.5,79.0,86.9,81.3,79.8,72.6,100.0,98.3,76.8,87.5,93.5,97.9,93.0,99.4,81.7,118.9,84.2,114.3,125.6,124.0,131.8,136.6,176.9,210.8,244.9,258.2,296.2,326.3,370.8,463.7,563.9,695.6,767.0,914.6,976.2,1107.1,1301.3,1492.8,1677.2,1850.4,1935.4,2151.9,2322.4,2536.8,2604.1,2770.9,2889.2,3127.2,3112.0,3177.5,3270.1,3175.0,3066.0,3058.5,3008.4,2901.7,2865.2,2687.0,2540.1,2339.1,2123.9,2060.6,1826.0,1663.2,1574.6,1365.8,1247.2,1176.1,981.0,840.7,749.4,656.3,592.0,527.0,489.7,446.1,376.9,347.4,380.1,357.8,359.0,333.0,323.6,325.9,307.2,368.8,342.9,397.6,385.1,395.6,436.8,450.0,495.2,506.9,469.8,538.8,629.4,617.5,669.8,641.9,679.8,678.9,703.9,785.7,797.1,844.0,890.0,895.6,932.6,799.9,899.5,940.5,888.5,893.0,843.0,832.5,783.3,834.6,841.7,742.4,694.1,639.1,620.2,630.4,592.3,553.2,513.0,520.7,425.1,434.0,412.9,336.0,299.8,306.6,294.6,270.8,256.3,243.4,212.6,220.1,202.6,175.7,171.4,200.5,172.1,158.3,169.8,146.4,161.5,155.5,134.6,129.5,146.2,126.3,148.0,135.0,136.3,164.6,143.3,168.9,142.1,140.9,151.0,109.0,143.0,136.2,150.3,137.9,135.6,136.1,161.8,133.6,147.0,132.5,172.0,142.4,140.3,126.0,142.3,173.1,142.0,138.5,139.2,170.8,150.6,137.5,130.2,144.7,161.3,137.9,137.9,151.4,167.8,143.4,180.9,170.4,151.5,146.3,152.1,165.3,147.8,159.3,162.9,135.6,163.3,159.9,148.2,139.0,148.6,140.8,140.2,166.2,138.6,156.8,162.8,165.5,160.1,161.6,152.6,162.2,158.4,154.9,160.9,185.1,150.5,163.5,163.0,175.3,143.9,179.8,176.1,160.7,141.9,150.7,157.5,174.7,180.7,169.2,166.9,148.8,168.8,184.9,160.7,166.1,176.8,167.2,178.6,179.2,181.4,156.3,164.1,180.0,172.9,193.9,169.9,169.5,173.5,167.1,194.7
0,hydrocarbon,63.7,84.4,70.0,60.7,78.7,64.3,70.1,68.9,66.5,75.6,72.1,79.0,84.7,83.9,70.7,63.4,75.2,70.9,78.6,93.4,70.1,69.8,81.7,78.8,86.0,83.7,83.0,82.8,76.1,92.1,87.0,65.9,95.6,76.6,90.6,78.2,88.3,94.8,103.5,86.6,99.2,83.9,96.7,80.5,102.3,92.5,99.7,77.7,93.5,88.1,88.1,73.0,104.7,92.8,87.8,110.1,97.4,97.0,119.6,115.7,115.8,131.5,150.9,160.5,176.7,194.4,204.7,266.5,316.6,354.6,440.1,507.1,586.6,676.1,819.4,897.8,1025.0,1095.7,1345.1,1451.5,1685.4,1855.9,2064.6,2296.1,2467.7,2737.8,2917.4,3106.4,3199.6,3493.9,3507.7,3760.8,3747.0,3819.2,3934.2,3816.7,3945.7,3756.7,3707.7,3698.5,3458.5,3267.2,3175.0,2978.6,2846.9,2604.2,2399.3,2174.2,1992.0,1827.7,1605.9,1525.7,1409.0,1149.9,1101.2,914.8,845.6,801.9,735.6,700.8,609.1,533.3,494.5,471.5,428.8,392.4,420.4,382.9,365.5,350.2,353.4,348.3,344.1,306.6,292.1,305.4,275.1,243.7,247.5,219.9,232.1,240.1,201.5,211.0,194.5,181.2,180.8,180.4,137.6,145.7,173.8,170.4,151.0,129.0,140.0,136.1,148.1,131.0,142.4,148.9,120.8,143.4,130.1,149.2,144.5,132.0,140.3,136.8,144.7,148.9,140.3,137.1,129.9,139.1,125.2,156.6,129.7,133.4,120.8,144.3,150.5,142.9,149.6,130.2,139.8,122.0,172.0,134.6,146.1,133.2,135.2,146.0,132.8,128.4,158.0,137.1,144.9,157.3,165.7,154.5,143.2,142.4,148.8,140.3,174.4,165.7,155.2,172.7,145.1,121.5,162.4,155.5,169.4,145.1,167.6,167.2,147.4,154.8,164.3,153.7,159.3,181.0,168.2,163.4,158.9,134.6,161.4,164.0,166.1,176.9,160.7,156.8,130.5,158.3,150.5,178.6,155.3,152.7,173.2,149.1,178.3,199.5,165.6,155.3,170.3,177.4,181.1,166.4,168.8,145.2,174.7,145.9,159.9,180.3,184.1,164.9,173.3,172.1,175.9,175.0,169.3,176.1,176.1,192.0,176.9,170.8,176.5,167.5,201.3,170.7,177.5,176.2,142.4,187.1,162.5,197.5,175.3,187.0,181.6,181.6,166.1,184.9,169.1,161.5,205.8,164.2,199.6,159.6,195.9,175.0,183.5,165.8,203.2,173.8,192.6,174.0,186.4,205.3,184.8,195.2,187.7
3,carboxyl_ester,134.6,115.9,108.8,126.2,119.2,107.0,117.5,117.5,98.9,137.7,100.9,120.5,127.3,151.6,133.2,114.2,123.0,131.1,149.1,115.3,127.9,130.2,134.6,123.4,111.6,135.0,154.0,126.9,137.3,99.5,114.2,135.7,129.8,109.8,118.4,122.2,137.5,139.3,150.5,131.2,143.4,133.8,143.6,149.7,126.9,137.0,137.0,133.2,124.8,133.4,149.5,146.8,142.9,122.7,140.4,153.6,116.6,138.7,160.4,140.8,150.1,160.2,142.0,149.8,139.2,147.0,174.5,152.6,161.3,167.9,165.4,189.9,216.4,209.3,249.1,272.7,302.6,358.9,364.1,368.8,444.1,505.4,564.1,622.6,684.8,752.8,818.7,882.3,971.1,1027.4,1081.5,1082.8,1188.1,1191.6,1203.2,1244.1,1263.0,1242.6,1259.5,1261.5,1211.3,1150.1,1139.5,1029.8,1003.6,934.4,857.3,866.0,800.8,701.2,703.9,590.9,581.2,573.1,588.3,459.5,478.3,456.9,363.0,451.2,404.3,439.4,445.7,432.3,369.2,464.0,439.9,432.9,430.0,427.0,433.5,399.7,402.5,419.8,385.4,358.6,388.0,407.0,353.2,396.3,395.5,397.8,380.5,377.8,435.6,439.2,420.4,471.4,498.4,490.7,560.4,562.6,611.7,641.9,672.3,733.2,766.5,882.0,889.8,949.3,1043.3,1142.8,1248.3,1320.2,1371.8,1528.8,1613.2,1709.5,1793.9,1946.8,2005.8,2054.9,2268.2,2251.3,2457.4,2426.3,2500.6,2471.2,2503.0,2555.8,2635.8,2617.7,2579.7,2479.4,2465.9,2423.1,2316.7,2221.3,2139.3,2011.9,1958.5,1851.1,1761.1,1598.8,1443.5,1367.0,1228.5,1160.7,1017.9,944.2,858.5,776.9,693.4,627.1,530.1,544.2,448.0,396.8,382.2,356.5,340.4,300.8,293.3,265.1,232.4,227.1,233.6,187.2,197.6,224.3,198.6,184.3,201.3,172.9,190.3,185.4,207.9,183.2,171.0,152.7,206.2,173.4,177.4,188.1,181.4,159.8,165.5,205.5,166.3,185.4,190.2,200.0,186.4,174.5,177.1,201.0,183.0,200.5,182.2,200.5,188.2,179.5,200.1,198.3,178.7,170.3,207.5,197.4,183.0,197.5,179.1,198.0,175.2,185.9,198.6,171.6,196.2,189.3,186.5,201.7,187.5,186.3,176.7,207.2,181.7,190.5,178.7,224.2,194.5,188.2,191.9,203.4,186.1,183.7,202.1,212.5,220.2,186.7,167.8,194.5,188.0,215.2,196.2,194.6,196.3,201.9,172.6,198.9,210.9,194.3,195.8
1,alcohol_ether,93.7,94.0,83.1,99.9,85.1,90.8,104.0,81.0,77.8,86.2,85.6,87.2,70.5,91.2,98.6,90.6,91.8,80.7,73.5,95.0,104.7,102.7,92.7,96.5,97.9,106.7,90.1,91.9,95.6,79.6,96.8,104.0,99.2,90.1,80.4,87.2,100.3,95.4,79.1,88.6,90.6,88.2,100.3,96.5,105.9,89.7,104.6,88.6,86.3,97.0,91.9,110.4,111.1,98.6,95.9,88.3,99.3,105.8,100.6,88.2,90.6,99.4,111.7,99.5,95.1,97.8,119.2,137.7,145.1,166.6,172.9,220.4,226.0,263.5,328.5,378.2,474.8,490.7,628.5,797.2,914.7,1041.8,1143.6,1346.8,1583.0,1644.6,1985.9,2164.0,2315.5,2603.1,2670.6,2892.0,2904.7,3066.6,3135.0,3145.7,3182.0,3102.4,3085.2,2893.8,2762.6,2708.6,2357.0,2333.0,2098.6,1898.1,1729.1,1572.7,1466.4,1267.3,1053.4,989.9,859.6,727.5,698.2,633.2,557.7,512.6,450.8,487.6,461.6,450.8,446.3,437.5,435.3,474.6,444.3,421.1,404.3,423.1,369.9,389.8,355.7,354.0,338.0,305.2,306.5,303.5,246.3,243.9,231.2,227.2,218.3,173.1,182.1,184.0,173.8,142.7,180.6,165.1,163.1,168.0,168.3,177.1,198.5,211.0,206.2,240.7,256.0,236.8,285.0,311.3,301.4,316.2,397.4,434.3,421.8,457.1,568.8,526.3,570.0,628.3,697.6,645.0,765.7,752.3,728.9,755.4,750.0,773.6,754.7,787.3,770.1,726.0,671.4,640.8,675.3,611.3,612.7,614.1,514.4,494.3,442.4,460.5,456.5,399.7,354.4,309.2,266.0,266.3,256.2,251.0,234.7,202.2,209.2,181.7,140.4,157.9,171.4,147.0,148.1,141.7,136.0,126.5,135.7,132.6,127.0,130.1,113.1,129.1,122.6,116.7,132.0,146.4,131.9,134.8,132.2,145.0,141.8,152.4,122.8,152.7,135.9,124.3,136.9,131.8,141.4,151.2,139.2,134.1,133.7,121.5,151.2,147.5,119.4,143.1,136.2,130.8,125.4,110.6,143.9,122.7,144.3,158.7,130.2,135.8,148.2,134.5,131.5,126.2,141.6,118.4,148.3,134.8,153.6,158.6,138.6,136.6,141.2,137.9,135.1,148.6,144.2,140.8,149.4,139.2,146.1,140.0,139.5,155.0,144.7,145.5,158.5,136.6,145.7,160.8,139.2,142.3,157.4,128.6,136.7,160.9,159.7,143.8,146.7,157.5,131.6,142.1,140.4,144.8,157.9
1,alcohol_ether,46.7,36.4,34.2,43.1,42.1,46.2,45.9,48.7,27.0,45.3,47.6,46.6,46.1,44.4,38.8,40.2,35.9,45.9,45.5,48.3,44.8,42.8,50.2,60.8,35.2,38.1,52.0,50.2,44.1,53.4,59.4,53.5,47.2,51.0,61.8,41.5,50.3,60.9,52.7,53.7,65.2,62.4,69.3,49.9,56.0,51.9,47.8,43.4,51.9,54.3,52.2,50.6,48.7,65.2,57.4,47.7,36.5,51.0,71.7,69.7,66.7,86.0,82.3,85.5,99.4,123.5,118.9,147.9,205.5,199.6,288.7,305.4,406.0,445.9,539.6,612.2,704.1,805.2,909.8,1102.2,1374.6,1424.7,1582.1,1759.5,1978.9,2158.8,2488.5,2525.6,2611.6,2873.7,3038.5,3157.1,3184.5,3285.3,3435.3,3598.0,3483.9,3445.6,3398.0,3350.3,3184.5,3027.1,2919.1,2728.7,2633.6,2517.0,2319.4,2117.4,1929.7,1778.3,1584.0,1455.6,1395.0,1316.3,1216.7,1027.4,1077.1,978.8,913.9,860.2,796.3,849.4,729.0,790.1,760.3,707.9,686.9,745.0,680.7,655.8,630.2,606.2,594.5,566.8,522.9,512.1,508.2,431.9,413.4,386.0,318.2,320.6,298.9,278.2,259.1,228.0,207.5,193.4,190.5,139.2,176.6,133.8,143.5,111.2,145.4,107.3,97.7,103.0,98.9,86.2,77.5,66.7,78.4,94.3,93.4,91.5,85.4,76.3,74.4,88.7,81.3,91.1,93.0,104.0,75.3,71.7,104.1,81.8,94.6,85.2,83.8,90.5,77.5,103.2,89.6,87.9,81.1,99.1,82.1,84.5,76.9,87.8,87.1,82.1,90.9,75.8,88.7,87.1,84.7,84.5,91.6,76.1,103.6,73.5,87.0,79.7,74.3,84.2,73.4,90.8,79.2,83.4,75.8,69.1,86.9,85.5,82.3,91.2,91.8,76.4,86.8,87.7,90.5,84.8,65.4,85.8,105.4,99.2,79.2,96.1,104.2,75.5,79.6,71.1,89.4,86.1,94.6,84.6,91.0,93.0,99.5,95.9,92.4,77.5,82.3,77.9,90.2,99.7,91.2,105.1,89.0,94.3,94.8,111.3,79.0,85.4,99.1,83.1,70.9,88.3,106.5,93.4,94.3,106.0,102.9,71.7,87.6,92.0,97.1,83.6,90.2,85.9,105.3,119.2,79.3,89.3,83.7,117.5,87.3,102.8,98.9,99.9,87.7,94.9,92.6,90.7,91.3,108.2,105.3,104.8,89.9,112.4,88.9,92.3,123.1,94.8,88.3,110.2,97.5,89.5,113.2
3,carboxyl_ester,43.7,45.6,47.9,33.8,45.5,45.0,55.9,37.9,57.1,51.0,50.2,38.4,51.9,38.9,23.9,42.8,54.5,54.8,50.1,50.1,50.6,43.9,34.0,53.1,54.1,52.3,64.6,57.3,47.2,46.9,54.0,47.6,47.9,57.6,53.8,59.9,60.5,52.3,61.8,56.9,62.2,53.3,63.3,63.9,51.8,66.3,67.7,38.7,49.6,60.3,53.0,65.1,55.2,63.2,53.9,59.9,58.2,58.4,70.3,56.5,75.8,40.2,54.3,53.4,77.5,73.2,62.1,80.1,76.2,76.9,83.9,109.4,107.2,120.8,121.4,139.8,192.2,198.5,225.0,269.6,323.2,355.5,388.7,435.1,495.9,582.2,670.6,744.5,809.2,880.5,960.1,1057.8,1162.4,1216.9,1211.0,1289.7,1263.8,1336.9,1351.5,1325.0,1367.5,1309.9,1234.1,1154.2,1082.6,1048.5,926.3,871.4,802.2,734.7,657.1,581.4,559.9,434.0,413.0,336.7,307.5,267.5,230.5,216.7,178.5,143.2,123.1,119.5,118.7,120.9,117.1,110.0,108.8,126.0,111.4,102.2,96.8,109.6,119.7,128.4,139.7,136.8,148.9,185.7,194.9,204.1,234.6,237.9,253.3,300.1,270.1,327.2,380.2,358.2,428.2,420.3,484.4,471.3,539.9,584.7,679.0,697.6,729.3,824.9,888.1,914.9,1047.0,1104.5,1107.8,1318.0,1371.3,1504.0,1570.7,1693.0,1766.1,1849.0,1964.5,2083.6,2139.8,2264.8,2250.3,2319.5,2473.3,2499.6,2526.2,2515.9,2523.2,2590.5,2467.2,2445.5,2356.7,2315.1,2196.8,2168.3,2100.3,1882.7,1819.8,1683.2,1582.4,1434.9,1266.7,1137.9,1058.2,986.7,861.4,754.1,649.2,589.2,545.3,460.2,407.6,372.3,333.6,275.7,288.3,232.2,209.4,201.6,192.8,156.4,155.1,142.8,109.4,130.1,118.9,116.6,118.3,103.9,109.8,124.6,99.7,107.8,126.3,103.6,107.9,101.1,111.1,96.1,107.5,131.6,116.2,107.7,104.2,109.2,136.4,100.3,112.8,101.9,120.9,125.3,101.6,99.7,109.1,100.0,104.3,96.6,101.8,116.4,128.3,89.9,108.7,113.4,93.2,113.3,119.4,106.3,117.3,104.0,95.6,108.4,137.1,105.2,122.1,128.4,140.4,112.6,104.7,114.7,113.1,102.8,127.9,107.8,113.3,118.8,122.6,132.5,119.9,99.6,130.1,113.8,128.4,116.9,143.7,135.7,127.9,119.2,119.3,122.5,110.5,125.1,131.4,122.2,131.9,145.4,145.7
2,carbonyl,47.9,58.9,43.4,46.4,64.0,43.6,41.1,37.4,57.6,52.7,41.6,56.0,44.9,51.8,50.1,53.8,55.0,50.2,69.3,53.8,52.9,54.4,66.8,55.4,70.0,58.4,49.6,57.4,38.0,46.9,43.2,40.0,51.0,45.3,60.4,67.7,57.1,65.2,53.3,63.2,46.2,52.9,52.6,44.6,42.1,60.2,50.5,47.3,62.6,57.4,42.9,50.7,61.1,48.7,59.2,48.5,66.3,55.5,60.7,72.8,54.2,70.5,74.3,56.0,65.1,80.3,67.2,69.8,77.9,93.1,93.9,120.6,117.2,126.2,157.6,177.9,197.1,247.4,285.6,340.5,337.4,416.7,427.6,573.4,605.1,658.5,741.4,861.9,920.0,951.9,1066.3,1065.4,1162.4,1284.7,1208.6,1274.7,1258.0,1268.1,1269.8,1234.3,1144.0,1124.5,1092.3,937.4,874.3,875.0,745.3,675.4,678.0,606.3,503.5,423.0,381.3,331.7,285.0,220.3,231.4,202.0,186.7,193.4,170.2,148.0,169.0,187.6,173.8,179.6,236.0,224.7,270.9,311.0,356.3,378.6,447.0,438.6,576.6,671.0,675.9,871.2,916.1,1097.5,1205.1,1332.8,1399.6,1534.3,1749.6,1820.0,2100.4,2103.5,2253.4,2464.6,2515.8,2682.1,2724.4,2790.4,2801.8,2956.7,2751.4,2845.8,2789.6,2792.4,2749.3,2572.2,2511.4,2475.9,2253.7,2114.3,1889.6,1833.4,1734.0,1623.4,1419.7,1287.7,1144.1,1049.5,874.2,848.8,726.3,614.6,549.2,464.8,403.0,327.0,334.4,271.6,249.1,213.2,188.9,166.4,145.3,133.9,113.0,117.8,115.0,101.1,110.0,91.9,72.2,91.7,77.5,82.9,85.0,89.3,101.8,92.4,83.7,96.0,81.1,95.0,89.7,95.1,99.1,104.7,97.1,82.7,93.4,87.4,99.6,97.8,95.9,78.8,93.1,68.6,93.3,78.8,92.7,92.8,95.5,91.5,70.3,80.4,100.5,86.0,83.6,81.4,86.7,82.9,99.6,85.3,88.6,82.4,85.6,98.4,81.9,97.7,94.5,100.7,99.8,81.8,99.6,86.7,103.4,95.9,80.7,94.5,110.3,103.9,84.5,106.7,95.6,101.6,93.2,99.9,93.0,112.3,102.1,113.0,112.3,96.0,109.3,89.8,101.0,90.8,103.6,114.2,109.7,80.2,84.9,102.3,115.8,113.8,100.6,82.4,105.4,94.6,94.1,112.5,103.7,105.7,114.6,120.0,114.0,113.7,94.5,87.9,68.5,112.2,104.9,104.8,105.4,115.2,98.5
1,alcohol_ether,46.6,45.6,51.8,55.0,51.2,57.6,41.2,59.8,51.7,68.8,65.0,62.6,70.5,58.0,45.7,62.1,65.2,64.4,73.3,64.3,63.4,65.1,69.5,56.5,56.8,67.9,61.7,61.9,42.0,68.2,74.5,65.7,68.4,54.7,51.6,62.9,59.6,76.1,60.1,68.5,57.1,71.3,71.8,79.0,76.2,73.8,69.7,66.3,74.9,86.5,66.9,74.0,71.5,74.9,71.0,63.6,73.0,52.8,72.3,78.7,71.2,86.3,76.1,81.2,84.5,74.4,88.1,81.4,101.2,107.2,137.0,137.3,133.9,156.9,171.6,189.7,238.4,289.5,355.8,361.5,424.4,490.8,548.1,648.9,758.0,886.9,979.6,1130.2,1285.3,1325.4,1385.1,1551.2,1757.5,1774.3,1865.6,2016.2,2010.2,2107.7,2054.2,2236.0,2179.5,2125.8,2114.7,1965.7,1941.1,1868.1,1843.5,1836.9,1700.8,1683.0,1598.1,1520.6,1605.6,1457.6,1508.5,1521.1,1536.7,1552.4,1510.8,1550.5,1663.6,1672.2,1751.5,1748.3,1791.7,1869.0,1797.7,1927.0,1929.8,1886.6,1860.6,1839.0,1868.8,1865.2,1728.3,1647.5,1580.2,1468.3,1316.3,1330.2,1246.5,1159.6,1049.9,910.0,846.8,759.4,717.6,623.9,527.7,500.8,480.1,428.6,402.5,345.6,319.6,316.2,277.5,275.7,258.7,200.1,227.6,211.1,262.2,236.6,227.0,237.9,246.6,270.4,229.7,261.1,248.4,254.1,250.8,293.4,289.8,307.9,284.1,302.9,286.3,310.5,278.1,305.1,309.2,295.4,296.8,289.1,319.4,282.9,281.8,286.8,297.1,277.8,243.6,233.2,259.8,215.6,234.6,200.5,238.5,208.2,196.5,183.5,168.5,187.5,160.9,157.3,167.0,154.4,156.2,139.9,119.9,140.0,142.2,156.7,137.8,139.0,118.3,131.1,141.4,127.4,137.5,156.5,125.8,132.2,150.5,142.4,160.7,124.5,134.6,144.9,134.6,143.6,116.0,121.6,169.4,146.3,110.9,169.3,148.0,142.5,152.2,141.9,139.4,159.8,140.0,169.7,169.4,176.1,175.8,147.2,182.9,141.1,175.2,149.0,153.1,149.8,139.9,141.4,124.4,120.4,159.9,133.5,150.0,136.3,144.9,164.3,163.6,147.6,170.2,175.7,176.6,158.0,158.7,164.5,169.5,153.6,176.1,152.0,149.4,180.6,157.8,186.6,168.6,150.7,159.2,158.7,146.4,172.9,157.8,175.1,160.9,148.1,163.4,171.4,194.2,168.2,175.8,168.8,157.9,161.5,161.2
3,carboxyl_ester,57.6,54.2,52.1,59.6,59.5,43.1,57.8,59.6,59.3,44.9,57.6,59.0,49.5,45.3,52.1,58.9,45.5,60.6,61.7,55.7,53.2,67.5,49.6,66.8,52.0,37.5,39.3,51.5,65.4,48.0,46.3,62.9,51.7,67.7,55.4,68.9,50.2,73.5,63.8,54.3,63.0,56.0,51.0,51.2,49.0,72.4,54.3,49.4,69.3,59.1,54.8,60.3,65.0,64.7,65.8,65.0,48.9,66.5,63.6,70.9,66.7,64.5,66.3,80.7,76.4,48.8,86.1,85.9,115.9,123.1,133.6,182.4,226.0,234.0,243.0,314.3,372.1,458.4,534.8,619.9,719.9,838.4,939.2,1063.6,1180.2,1351.0,1428.6,1559.5,1668.7,1749.8,1894.8,2013.0,1963.8,2073.1,2069.5,2215.4,2013.0,1966.6,1928.8,1879.7,1746.1,1587.0,1498.2,1377.0,1361.7,1146.3,1119.4,905.9,824.8,740.7,637.6,571.4,486.3,379.2,348.2,292.5,274.7,227.7,219.2,198.8,147.9,160.4,142.5,145.7,169.0,153.7,163.5,164.8,182.1,213.5,232.1,249.0,249.9,288.4,324.1,366.5,370.9,409.7,465.4,460.8,522.3,594.3,665.3,661.9,753.6,804.1,897.6,919.6,1024.4,964.6,1068.6,1073.5,1140.7,1140.2,1138.9,1208.5,1159.6,1229.3,1246.3,1237.8,1254.6,1190.8,1233.6,1239.9,1184.1,1290.3,1212.6,1278.6,1245.1,1267.4,1194.5,1259.1,1271.5,1255.5,1297.0,1174.8,1260.1,1250.4,1103.3,1180.9,1115.8,1124.0,1075.8,1029.2,955.1,933.2,836.5,855.6,851.8,763.9,701.3,657.7,613.8,542.1,526.9,465.2,441.4,344.5,350.1,310.2,289.6,247.4,219.5,200.2,188.3,192.3,142.5,161.4,136.9,139.4,105.9,115.5,131.6,98.0,103.9,95.6,105.5,87.1,92.6,89.0,76.5,90.5,96.9,100.4,90.1,105.9,84.5,103.0,97.1,69.8,94.2,91.5,89.7,88.0,95.3,121.1,90.3,102.1,99.8,102.4,122.9,104.8,99.9,82.2,93.3,107.8,112.3,101.4,73.0,99.4,88.0,105.7,103.1,103.3,89.4,93.3,86.7,89.8,106.4,112.5,95.6,106.5,100.1,89.6,103.4,99.5,121.0,115.6,107.4,98.1,95.4,102.3,95.5,90.4,107.2,105.1,87.9,87.1,112.7,94.7,98.1,83.4,97.1,95.9,95.2,108.3,81.8,89.1,97.0,110.2,82.2,109.2,96.8,101.9,118.5,98.8,107.4,115.8,97.0,106.6,105.7
2,carbonyl,47.1,55.4,39.8,57.5,52.1,51.4,50.1,52.5,58.8,43.2,43.4,52.7,49.0,65.3,53.4,57.6,49.4,53.4,42.8,50.5,49.6,62.6,65.4,57.5,50.3,41.4,35.5,46.7,69.8,71.2,54.0,51.6,59.8,57.7,58.8,65.3,74.8,66.4,69.8,62.3,61.1,71.2,53.2,74.4,71.7,67.5,68.5,68.7,75.3,65.9,63.4,74.6,61.3,70.0,60.7,63.2,67.5,73.0,76.6,66.1,67.7,69.9,58.2,86.9,81.1,86.1,93.2,83.1,93.8,111.1,114.6,122.4,103.9,151.0,194.7,198.4,241.8,268.6,318.7,358.7,422.1,494.0,529.6,637.9,697.0,757.2,939.2,1033.0,1139.0,1206.7,1318.9,1332.5,1405.2,1485.5,1505.2,1556.0,1513.3,1513.3,1522.9,1462.1,1405.7,1294.6,1279.7,1159.6,1224.4,1096.7,980.1,930.7,922.5,870.4,835.9,772.2,838.2,807.1,750.3,793.5,822.8,887.1,909.5,922.9,986.1,1013.2,1045.1,1038.2,1045.5,1078.2,1086.0,1094.7,1098.3,1083.5,1094.9,1099.4,1051.5,1028.0,1066.1,1046.4,1035.8,1042.3,996.6,1060.7,1092.0,1137.8,1171.4,1131.8,1212.0,1242.7,1405.9,1395.0,1512.3,1534.3,1601.7,1555.4,1622.1,1719.9,1677.3,1726.3,1771.2,1599.5,1714.7,1666.2,1658.8,1545.1,1507.0,1407.1,1299.6,1320.3,1152.8,1060.5,970.8,880.4,843.2,746.8,676.0,567.5,549.8,512.2,443.2,401.3,364.7,345.0,304.9,276.0,235.2,227.7,208.8,178.1,186.6,178.6,161.8,134.5,159.7,137.0,150.5,142.9,136.1,129.7,131.4,120.0,126.4,132.9,133.9,114.5,108.9,129.3,145.7,148.3,144.9,123.3,118.4,116.6,154.9,115.5,113.3,140.0,130.6,126.2,117.1,139.0,134.5,147.6,117.5,146.5,129.7,128.8,136.3,132.6,122.4,115.6,133.7,114.8,110.7,123.5,131.5,124.3,131.0,120.0,135.8,135.1,121.4,150.1,151.8,126.5,131.6,140.4,151.7,127.1,138.3,141.2,143.8,138.3,143.1,126.4,149.3,152.5,137.0,146.3,145.4,146.9,143.4,129.3,145.1,133.3,141.4,137.9,137.5,148.5,158.3,153.1,143.5,162.0,134.5,161.0,147.0,129.6,150.9,147.0,149.0,155.6,147.7,139.8,150.9,187.3,145.2,137.5,145.4,144.6,137.5,153.2,166.2,159.0,170.6,141.5,151.3,138.8,167.6,165.2,149.0,159.7,159.4,176.6,156.5
1,alcohol_ether,34.7,40.8,44.9,47.9,39.5,41.7,35.2,45.4,44.5,45.7,52.9,49.4,53.8,40.9,46.8,37.5,46.8,48.1,48.4,49.1,45.3,46.6,50.8,45.0,45.1,39.8,63.2,58.0,57.0,49.6,50.7,57.9,49.3,61.4,49.0,50.9,72.4,62.7,48.1,61.7,59.6,57.3,54.7,60.5,44.8,68.4,65.1,58.5,64.4,64.9,58.3,49.5,66.5,54.0,63.4,59.8,61.2,63.3,59.3,54.5,64.2,53.9,77.2,83.0,83.0,70.7,73.3,80.3,76.3,97.9,104.2,97.2,124.5,145.7,163.3,158.9,182.1,270.6,300.4,304.2,399.0,416.5,514.4,559.8,654.0,703.3,845.6,879.7,1047.3,1150.2,1169.8,1253.9,1331.5,1474.2,1458.1,1496.9,1597.8,1582.5,1576.0,1699.8,1610.5,1574.2,1529.7,1506.0,1567.1,1530.1,1504.7,1381.9,1394.3,1374.3,1367.7,1413.7,1360.8,1419.7,1555.6,1565.7,1732.6,1769.2,1865.9,1994.8,1969.9,2096.1,2185.9,2235.4,2353.1,2424.0,2353.2,2365.2,2460.9,2374.8,2382.8,2311.8,2271.1,2179.0,2042.3,1933.6,1820.7,1726.4,1619.6,1467.7,1324.5,1198.8,1152.8,1072.6,882.0,843.5,786.0,747.2,595.9,576.5,547.3,515.7,476.3,422.9,410.1,407.8,402.1,369.6,342.5,343.7,294.2,336.0,276.8,315.7,303.5,287.5,287.8,279.9,244.4,256.0,246.4,237.8,242.4,235.1,229.8,195.4,185.3,230.9,191.3,194.4,190.9,194.5,192.3,165.0,173.0,164.1,166.3,157.2,178.4,170.1,168.8,140.6,150.9,135.0,145.5,166.4,135.4,136.8,158.5,127.3,134.8,134.4,133.2,137.2,148.6,127.9,150.2,142.4,124.8,138.7,110.8,130.7,131.6,147.3,118.0,124.1,142.0,118.3,140.2,136.7,110.4,135.6,131.5,137.1,131.2,126.9,142.3,145.2,120.8,134.6,129.6,132.4,123.1,127.2,126.9,139.6,123.0,152.6,139.0,114.4,131.7,144.2,117.6,129.4,116.9,139.1,110.6,135.1,143.3,147.0,175.7,135.1,138.4,149.3,137.2,148.8,135.8,144.4,139.6,142.9,125.5,143.9,152.6,138.8,145.8,154.0,142.0,149.4,142.0,161.9,120.1,157.2,144.2,148.7,149.4,155.0,145.0,135.1,140.4,149.9,157.1,165.0,147.7,168.5,143.2,149.8,156.7,159.4,139.3,154.5,160.2,147.0,167.5,145.3,168.4,159.0,156.1,172.9,153.1,153.5,160.5
2,carbonyl,77.1,94.3,115.5,114.9,102.9,89.8,105.2,100.2,88.5,111.3,88.4,112.8,118.3,93.3,87.7,123.8,118.4,113.2,102.2,98.5,95.4,96.2,103.8,92.4,94.0,112.4,123.1,115.2,100.7,96.1,100.1,110.9,87.5,127.4,100.6,110.7,103.2,94.5,120.0,116.5,103.2,112.3,115.0,87.3,96.9,107.3,120.1,86.1,103.7,113.0,101.0,124.3,119.3,95.7,98.0,115.5,122.0,111.7,96.6,110.7,107.3,110.3,130.3,106.0,133.1,136.2,170.1,148.5,142.0,166.7,200.0,201.1,233.4,224.0,256.3,272.8,337.5,345.0,401.7,434.9,498.3,523.4,593.6,630.7,677.8,691.2,782.0,824.4,881.2,934.9,969.6,941.2,1003.0,1061.5,1013.5,1047.2,1034.3,1057.4,977.6,991.4,915.1,940.5,922.2,863.7,760.9,735.6,673.0,670.0,627.0,567.3,544.4,518.7,418.3,454.5,385.8,365.3,335.6,360.2,346.6,325.5,337.9,338.5,362.2,396.9,417.8,460.8,475.4,498.1,576.6,623.0,710.6,789.1,833.7,970.1,1012.8,1108.3,1234.0,1411.1,1486.4,1612.3,1729.9,1832.4,2003.5,2067.4,2214.0,2341.6,2486.9,2576.1,2745.3,2851.2,2895.6,2981.6,2987.4,3130.7,3054.1,3027.7,3061.4,3041.5,2994.7,2959.4,2823.4,2730.4,2679.2,2631.2,2487.1,2398.1,2190.1,2078.3,2032.2,1871.1,1686.0,1650.3,1468.4,1384.9,1249.2,1166.7,967.8,932.3,779.8,823.2,705.1,624.8,592.7,470.7,500.0,418.9,378.1,393.8,320.5,302.0,280.1,256.4,217.9,238.5,236.6,197.3,211.9,174.7,204.1,172.8,164.8,166.9,170.3,153.0,159.5,129.1,152.0,139.1,144.7,143.7,147.0,135.4,147.8,128.9,147.5,133.8,151.0,148.6,136.1,134.6,119.9,132.5,153.5,117.0,126.2,145.8,123.7,143.5,139.3,153.1,121.5,145.0,132.2,157.6,144.9,122.4,158.3,123.5,161.3,133.4,125.0,153.5,123.4,150.5,145.1,123.1,152.0,138.7,128.2,166.8,126.5,149.7,136.9,130.5,135.3,139.0,152.6,146.6,143.5,143.1,161.5,156.1,149.2,152.0,127.9,170.6,134.3,118.8,137.6,128.4,168.5,137.3,161.3,143.7,136.8,126.9,155.5,154.1,141.6,154.4,154.6,149.8,146.5,153.2,134.6,135.3,161.4,168.5,149.9,138.9,149.7,119.6,149.7,151.0,145.1,175.8,153.8,136.1,158.1,146.2,136.2
3,carboxyl_ester,50.4,44.7,59.9,53.9,36.8,42.3,45.3,45.1,42.5,58.5,54.5,41.2,43.6,43.9,53.7,48.4,54.2,39.4,50.4,50.2,58.7,44.6,44.8,44.0,48.7,55.9,68.0,60.6,43.2,59.2,66.9,52.8,50.4,38.3,52.5,63.8,51.7,70.7,44.7,51.2,48.8,53.4,53.3,65.6,62.9,64.9,64.8,47.1,60.1,63.5,69.1,55.2,70.9,62.7,54.5,72.5,64.2,61.8,68.1,68.2,73.6,74.3,79.6,73.9,69.6,95.0,119.2,97.9,141.3,154.0,182.9,210.1,243.2,292.3,328.5,375.3,358.8,507.2,569.1,616.1,703.1,783.9,895.8,888.3,1044.4,1157.4,1255.6,1301.7,1420.8,1428.1,1488.8,1586.2,1616.8,1563.6,1610.9,1595.6,1570.8,1466.0,1482.0,1400.2,1291.8,1247.4,1152.5,1098.1,1098.5,971.1,841.8,838.8,757.4,759.4,754.5,674.4,680.6,682.3,653.9,575.5,671.9,673.2,682.9,680.6,638.1,663.2,714.7,684.5,727.7,763.8,720.3,716.5,737.3,746.9,706.4,727.3,763.8,734.3,740.5,767.0,748.3,750.4,838.7,770.7,832.8,938.4,922.4,919.2,989.3,1084.7,1124.8,1152.3,1119.3,1193.5,1251.9,1222.0,1210.4,1307.6,1346.9,1295.3,1325.8,1312.1,1283.7,1316.5,1316.9,1404.1,1316.1,1317.3,1214.1,1305.6,1194.5,1278.3,1243.5,1232.1,1189.6,1151.9,1196.0,1116.0,1218.4,1141.2,1098.5,1102.3,1061.0,1115.6,1000.8,1009.7,973.8,911.8,862.0,867.9,809.4,788.4,676.7,687.4,605.0,580.3,564.2,498.8,429.3,402.7,369.3,336.1,347.5,274.1,252.1,219.1,200.0,207.0,192.5,179.8,149.8,142.3,130.9,150.2,99.3,119.7,109.7,115.0,111.4,106.1,105.2,90.3,89.0,105.8,96.4,106.5,111.1,101.2,81.8,89.4,111.6,112.9,97.5,97.1,107.6,101.6,101.6,94.3,95.9,114.4,93.5,107.8,113.5,122.3,112.9,111.6,124.2,108.1,103.5,84.7,84.2,117.3,108.7,97.1,118.4,107.3,110.7,106.4,116.8,97.2,124.2,113.7,103.0,127.4,110.8,106.0,106.5,85.2,109.7,111.0,119.5,114.3,102.6,116.2,132.8,113.1,103.1,121.5,123.4,105.7,112.4,111.4,112.4,102.9,114.6,111.1,105.9,112.5,108.0,125.5,120.8,91.9,116.2,108.2,122.5,111.3,102.9,118.4,105.9,103.9,120.2,128.6,101.5,117.5,126.3
3,carboxyl_ester,113.8,119.2,129.3,122.6,122.5,100.5,121.1,104.9,103.9,105.2,112.1,135.2,99.3,127.7,131.7,102.9,121.1,115.9,93.4,109.9,95.6,96.3,113.4,106.3,125.6,142.9,116.8,133.1,102.3,110.8,105.7,131.4,117.7,119.6,113.3,118.5,120.3,110.2,124.4,101.1,116.7,132.4,113.6,124.8,119.2,102.6,135.8,116.2,107.9,134.1,112.9,109.4,131.7,127.5,137.6,127.8,115.0,110.1,139.5,134.7,121.8,114.1,144.3,129.5,127.4,151.3,145.4,139.1,148.8,162.2,172.8,171.7,200.5,206.0,204.3,240.8,295.6,349.9,351.8,417.8,449.2,555.2,624.2,643.7,723.9,765.5,887.2,1002.2,1060.8,1145.5,1192.1,1227.6,1287.9,1402.6,1379.1,1429.1,1459.2,1490.8,1497.7,1444.6,1408.8,1485.0,1411.8,1360.3,1330.3,1315.2,1336.5,1268.9,1270.3,1359.5,1417.7,1444.6,1443.4,1532.9,1653.6,1726.0,1771.2,1900.8,2018.8,2047.3,2220.3,2375.4,2402.3,2418.2,2388.8,2415.8,2511.0,2420.1,2393.2,2428.6,2315.6,2125.6,2070.5,2051.2,1840.1,1756.9,1667.3,1516.3,1416.7,1234.9,1193.1,1056.8,913.3,799.9,734.1,640.1,569.5,524.2,481.8,438.2,359.7,313.8,343.1,289.5,293.6,291.6,296.3,249.1,271.5,294.3,304.5,309.6,315.8,336.7,320.7,328.3,351.1,397.9,397.9,426.4,472.5,458.1,414.0,499.0,502.2,507.1,511.4,484.2,536.6,585.4,563.0,516.3,569.3,528.7,531.7,533.6,506.2,495.0,438.4,430.0,402.9,409.1,409.2,363.3,344.7,308.4,316.0,297.9,286.2,252.2,232.2,257.4,232.9,220.1,224.1,224.6,210.7,197.3,191.4,213.3,174.8,180.7,168.3,170.4,173.9,183.9,154.5,171.7,209.7,188.7,159.6,164.7,175.3,172.3,177.0,185.6,160.6,158.8,179.0,182.4,191.6,200.9,173.0,154.6,163.3,183.7,182.0,144.5,165.4,179.3,165.6,197.4,172.6,169.5,204.4,193.0,177.9,173.5,195.0,169.1,181.6,191.8,188.3,193.8,189.1,178.8,175.0,176.4,177.5,180.7,190.5,183.8,187.6,180.2,177.8,196.8,184.5,185.8,199.4,212.8,194.9,199.3,203.9,184.2,168.2,186.6,193.2,193.3,185.4,207.2,190.2,165.7,199.6,204.1,216.1,207.9,203.6,188.0,194.1,181.3,195.8,189.7,199.5,197.5,190.0,201.3,223.7,180.2,225.1,187.8,196.8
1,alcohol_ether,91.6,83.5,105.3,77.2,69.7,99.3,102.8,105.0,88.5,100.7,88.1,83.9,87.1,97.3,97.0,92.0,94.8,95.7,96.8,89.0,92.3,87.8,89.6,93.2,87.4,76.1,90.3,112.9,87.9,93.4,104.7,95.6,95.9,107.5,100.4,107.6,90.8,102.8,82.3,107.5,106.2,90.4,108.7,97.1,97.7,93.0,104.8,102.3,94.7,114.5,113.9,111.8,115.7,90.2,105.5,109.6,115.0,103.6,82.7,104.9,112.4,112.5,100.2,98.7,116.0,132.4,134.6,116.0,124.5,140.4,147.7,154.5,194.1,196.4,221.8,221.2,263.5,305.5,361.1,379.0,441.1,534.3,559.4,644.1,773.7,837.2,912.9,1066.0,1211.3,1173.1,1304.2,1468.2,1544.9,1656.7,1617.9,1694.3,1794.5,1781.4,1767.8,1846.3,1800.0,1760.2,1724.6,1704.4,1676.0,1589.1,1540.9,1528.8,1425.9,1379.5,1347.4,1380.7,1309.4,1300.3,1365.2,1328.8,1373.7,1420.1,1415.9,1436.7,1492.2,1618.4,1604.8,1623.9,1699.4,1785.1,1826.0,1755.5,1671.8,1742.9,1767.8,1660.3,1683.1,1661.5,1491.4,1422.7,1410.7,1306.0,1278.2,1196.4,1094.9,949.5,928.5,923.8,810.6,791.7,701.7,652.9,667.4,586.8,549.2,516.6,538.2,485.1,453.6,481.9,426.7,491.9,442.3,498.0,491.2,403.4,497.1,500.5,525.4,525.0,577.6,589.2,614.8,575.2,645.1,659.8,664.1,649.2,740.8,654.7,757.8,743.1,773.6,689.9,715.6,712.7,737.1,686.9,695.6,704.9,685.6,680.9,641.6,661.2,636.3,636.3,530.7,551.9,478.1,409.4,432.1,407.8,382.4,387.6,334.2,308.9,327.7,302.3,274.1,254.2,247.5,223.4,243.3,220.8,199.1,189.9,202.5,198.2,191.4,163.6,187.6,179.9,192.4,172.3,183.8,179.3,165.6,162.4,164.4,199.1,169.9,183.5,175.2,150.1,179.3,190.4,170.0,176.7,149.6,178.8,185.5,164.3,165.7,163.8,145.0,152.4,162.5,171.9,176.1,161.7,168.1,173.2,195.5,170.4,177.4,169.7,176.8,204.4,178.3,194.4,204.3,176.7,190.1,173.5,191.1,175.6,182.1,201.8,181.5,182.1,193.7,189.5,159.8,178.6,191.6,185.7,198.4,166.5,185.8,187.3,185.7,176.6,179.8,197.5,206.0,188.5,200.9,201.1,170.3,203.2,210.1,215.2,200.3,183.4,180.6,175.6,177.1,171.8,215.2,189.3,196.0,220.2,175.4,207.0,197.2
0,hydrocarbon,120.7,88.1,86.7,97.6,78.5,97.1,96.4,98.5,109.8,100.4,95.8,109.4,91.1,126.2,113.6,115.0,102.0,98.1,93.7,94.0,109.8,100.2,122.4,83.4,107.0,100.0,112.2,104.9,101.0,99.5,110.9,101.3,104.9,95.7,98.5,106.5,97.8,102.1,119.6,125.1,105.5,114.5,86.1,96.0,102.1,108.1,98.5,113.2,119.5,116.4,108.9,98.3,99.2,107.9,113.2,108.1,117.5,130.1,116.6,104.1,131.2,125.8,145.6,97.1,129.4,149.9,147.2,170.8,174.7,182.7,216.8,254.9,297.6,329.7,372.3,416.6,500.0,569.2,710.2,794.0,968.1,1135.4,1289.6,1476.1,1645.5,1708.4,1947.0,2178.5,2453.8,2712.0,2841.2,3010.7,3142.2,3462.7,3534.2,3770.6,3878.9,3915.9,3907.8,4012.0,4005.0,3848.2,3907.1,3687.2,3692.1,3360.3,3170.1,3069.9,2800.4,2679.0,2316.4,2282.4,1944.1,1789.5,1629.0,1469.3,1278.6,1163.0,1045.0,966.1,817.2,718.8,627.8,518.9,536.5,467.6,482.3,427.0,386.4,371.8,365.7,355.5,278.2,296.8,298.3,285.3,251.9,255.2,283.2,225.2,232.9,229.9,194.0,201.0,209.5,204.2,207.8,194.7,175.5,175.9,155.8,173.1,162.6,135.2,140.6,153.8,139.4,140.5,133.5,123.2,136.9,139.6,155.2,130.2,130.2,124.8,141.3,112.6,148.3,164.7,156.8,129.7,122.7,145.8,125.6,142.5,155.1,142.2,159.3,139.2,140.9,143.4,131.2,134.1,145.1,161.7,155.3,141.5,130.6,149.8,152.4,136.7,145.1,144.6,133.1,138.5,150.2,161.3,156.4,135.2,138.7,155.6,135.2,153.1,154.9,150.6,168.5,140.4,147.3,135.5,160.6,144.8,145.8,134.5,134.4,144.7,153.6,125.2,139.9,145.7,170.1,131.1,163.1,138.8,151.0,155.2,158.9,146.9,164.5,140.3,169.4,151.1,153.5,144.2,153.3,162.4,168.2,160.3,154.7,153.0,184.6,159.9,171.3,141.1,159.1,163.5,168.5,142.6,162.2,153.8,158.6,175.7,164.0,151.9,157.8,156.6,174.1,145.1,183.7,150.2,175.2,143.2,160.2,166.3,150.0,185.6,172.3,153.2,168.7,160.8,140.7,164.6,163.7,153.7,153.5,169.0,170.6,177.0,161.9,178.6,160.8,159.3,170.5,169.6,164.0,163.0,166.5,151.6,164.8,182.1,187.2,140.2,175.3,166.7,180.0,159.5,158.2,164.6,151.2,171.2,142.5
3,carboxyl_ester,78.4,93.4,70.0,88.3,79.5,74.2,70.2,102.1,94.3,70.1,82.5,98.8,98.1,69.4,76.2,82.8,68.6,80.3,80.3,79.1,79.4,87.0,90.7,99.7,89.6,117.7,107.0,98.3,91.0,86.2,110.8,88.5,109.2,106.0,85.1,91.8,81.7,81.0,91.5,81.7,95.3,99.9,97.8,103.2,90.8,90.8,108.2,108.0,113.5,122.8,101.5,89.7,93.3,92.6,106.7,105.3,95.1,83.6,101.1,100.4,92.9,80.1,87.5,99.3,91.5,113.9,126.1,122.8,124.6,170.5,152.1,161.5,205.0,208.3,272.2,309.5,318.5,422.3,507.6,526.7,664.6,705.6,807.4,861.9,966.4,1061.7,1203.8,1276.9,1335.1,1429.6,1624.7,1712.3,1799.5,1783.1,1849.0,1865.2,1808.4,1785.8,1762.3,1776.3,1752.9,1584.2,1550.6,1467.4,1412.0,1326.7,1196.4,1112.6,945.3,936.9,829.7,758.8,735.5,677.2,666.3,612.2,551.3,574.5,615.3,558.7,529.7,526.8,545.9,521.9,516.5,528.3,512.4,562.8,516.6,505.3,472.5,485.0,512.5,468.4,490.8,446.3,517.1,482.5,470.5,457.7,492.7,492.5,443.4,489.7,507.5,507.5,568.6,512.6,497.6,608.3,617.9,584.0,619.8,708.5,679.8,743.5,798.2,827.2,892.1,895.1,901.0,948.0,933.1,1118.8,1118.6,1211.0,1210.6,1314.7,1224.4,1397.7,1431.3,1455.4,1543.4,1584.7,1701.7,1625.3,1653.5,1642.0,1667.8,1623.2,1724.2,1656.2,1661.9,1615.4,1571.5,1577.8,1516.0,1454.5,1295.8,1297.5,1187.8,1107.7,1016.6,945.4,913.9,816.2,792.8,671.0,633.6,548.1,545.1,450.7,445.4,364.4,358.6,300.1,284.1,261.7,231.8,219.3,211.9,202.7,207.6,162.8,156.1,170.5,154.5,161.6,162.9,162.5,134.8,125.8,146.4,127.7,151.0,138.9,133.6,152.9,127.3,134.4,164.8,136.1,135.6,134.4,157.2,137.5,138.6,146.7,149.3,118.8,130.5,146.1,148.4,144.3,149.2,119.8,142.5,137.1,140.3,145.2,139.8,149.0,149.5,144.6,167.0,148.6,149.2,141.4,141.5,141.5,148.0,138.9,124.6,138.2,127.0,136.1,131.9,145.5,157.2,148.4,137.9,156.5,154.1,168.9,170.6,175.7,147.1,147.1,148.0,152.1,154.2,130.7,149.5,159.9,172.6,164.6,154.6,140.4,125.4,152.2,151.0,137.7,161.4,147.6,140.3,131.9,146.0,152.0,153.1,147.2,139.6
0,hydrocarbon,64.6,60.6,94.4,70.4,77.8,83.2,73.6,82.3,77.5,92.5,73.5,85.2,79.2,93.2,77.7,79.2,97.2,82.5,74.9,84.7,74.2,86.7,86.7,99.2,89.0,106.5,91.7,94.0,101.6,69.4,86.3,70.5,90.3,99.6,98.4,93.2,89.9,94.8,89.7,99.8,74.2,96.0,81.1,95.5,97.5,86.3,86.0,80.8,102.4,71.9,75.1,93.6,93.4,94.4,113.4,79.6,89.0,99.3,88.3,85.5,91.7,87.1,96.5,99.3,110.8,134.1,122.6,144.3,151.8,172.8,200.5,216.7,278.0,281.9,385.2,427.1,515.6,601.1,725.3,829.7,946.4,1062.7,1336.5,1445.2,1620.5,1931.1,2020.5,2215.9,2542.4,2772.1,2881.0,3149.7,3190.4,3502.0,3500.3,3606.5,3789.8,3800.5,3731.0,3851.8,3683.4,3577.0,3426.3,3309.0,3199.1,3048.9,2727.9,2486.2,2348.4,2129.2,1843.9,1733.4,1563.2,1378.2,1194.8,1110.9,936.8,871.2,783.7,628.9,637.3,604.4,512.2,495.0,491.6,449.3,407.8,402.9,400.1,398.8,392.7,355.4,350.2,367.9,307.7,309.7,348.3,315.9,316.6,290.6,260.2,278.1,247.9,253.6,241.3,257.0,207.3,219.1,206.4,205.7,213.3,197.1,235.8,212.1,193.9,202.7,233.2,215.3,195.3,204.4,188.4,211.8,204.9,225.3,200.1,195.9,187.5,178.9,164.5,177.2,158.6,155.4,173.5,153.0,156.8,159.5,141.9,129.2,140.5,135.5,155.0,130.4,146.0,132.0,135.9,135.5,154.9,104.1,120.7,131.3,115.8,135.4,118.2,123.0,121.5,129.5,124.8,146.1,137.7,119.2,117.4,128.0,139.4,111.2,135.6,140.3,139.7,132.7,129.8,130.7,146.6,134.0,108.9,127.7,125.7,128.5,136.0,117.3,120.9,144.5,114.7,134.8,113.2,129.5,122.5,107.4,153.6,131.2,145.7,119.9,141.1,136.8,142.7,148.1,135.0,115.7,137.9,126.8,144.6,126.5,117.3,129.6,128.3,129.2,126.9,159.1,145.6,133.1,148.7,141.3,133.9,113.7,151.0,123.8,147.3,136.4,137.4,110.7,140.7,128.6,149.9,136.9,135.3,137.1,116.3,153.2,133.0,143.8,130.3,143.4,158.1,165.5,141.0,155.2,155.9,148.6,174.8,154.3,156.5,166.0,125.6,153.2,127.2,144.4,151.2,153.7,160.6,142.5,146.9,129.3,128.1,142.1,146.1,147.2,166.6,140.0,138.0,158.5,170.8,154.8,134.7
2,carbonyl,74.9,60.4,83.5,77.2,87.7,88.5,99.2,71.8,73.3,63.0,86.3,74.8,88.3,77.3,72.4,95.0,72.6,71.8,88.9,85.6,85.1,98.2,80.8,84.6,72.2,87.8,76.3,93.4,75.8,75.8,79.5,81.9,95.7,88.8,90.9,104.8,94.0,82.8,80.6,73.2,68.1,72.2,86.9,83.7,81.4,77.8,80.2,95.2,87.7,71.9,97.5,70.2,99.4,77.3,85.4,98.1,81.1,76.8,104.7,71.4,101.7,106.0,100.4,112.0,100.0,93.5,91.7,100.2,113.8,137.5,136.6,164.7,163.3,200.2,205.0,223.5,244.6,317.4,319.5,380.9,384.3,417.2,476.1,544.9,598.6,644.1,735.6,762.9,867.2,897.1,927.5,977.6,1037.0,1087.2,1057.7,1054.8,1033.3,1139.5,1080.3,1040.7,982.1,959.9,973.9,978.8,868.2,868.8,796.4,786.6,655.9,658.4,650.8,660.4,687.3,644.5,626.5,640.7,616.7,671.3,652.3,644.2,683.6,694.2,689.2,696.4,775.4,762.6,796.5,790.9,829.5,849.7,891.1,850.1,981.7,1000.3,1066.2,1139.6,1139.6,1197.8,1310.3,1377.8,1558.5,1600.0,1650.8,1675.8,1882.8,2002.6,2111.8,2136.3,2214.5,2330.8,2285.5,2457.8,2595.5,2496.6,2581.7,2572.9,2586.3,2474.8,2498.0,2496.1,2443.6,2353.5,2176.5,2194.5,2115.7,1979.4,1880.2,1709.2,1659.9,1528.7,1438.1,1285.8,1214.2,1100.7,957.3,926.4,850.8,754.4,666.6,604.4,555.4,497.4,424.1,375.7,359.9,316.5,305.3,286.8,236.2,230.9,216.7,201.3,149.7,173.3,168.7,157.2,155.9,151.5,153.1,128.4,132.3,123.5,128.6,116.5,140.7,142.9,146.8,125.9,149.2,113.3,106.5,111.9,115.3,122.3,109.8,122.2,155.3,104.8,107.5,112.7,127.3,123.9,132.7,116.6,120.0,109.8,134.0,121.4,111.1,111.5,124.2,105.7,108.9,123.8,134.2,119.0,104.0,116.3,104.1,137.3,127.0,117.2,100.5,131.6,141.4,129.4,123.6,108.1,120.2,113.2,119.9,129.7,131.4,105.8,126.2,133.8,144.2,131.4,118.4,135.5,121.3,120.1,110.6,126.1,130.6,136.4,128.8,120.2,112.7,134.7,126.1,129.9,124.4,128.5,147.1,129.8,120.7,112.6,131.1,116.7,102.0,134.6,106.4,117.7,116.7,127.1,129.3,150.2,134.7,136.1,149.6,115.0,133.7,143.1,128.9,118.9,127.2,123.3,125.5,155.2,118.9
2,carbonyl,46.7,47.9,51.2,53.6,42.0,58.0,50.7,51.6,59.5,59.6,58.0,60.7,54.6,51.4,56.0,57.1,55.2,62.8,63.9,51.5,58.9,73.9,51.6,58.6,64.6,67.3,54.7,63.3,58.2,69.6,61.5,57.7,70.5,72.0,84.0,56.2,61.0,67.0,72.4,59.1,74.4,56.5,42.4,67.9,73.4,64.5,64.9,61.7,58.3,61.0,77.7,71.8,73.3,64.7,57.4,70.0,62.7,64.4,64.1,70.3,70.8,79.9,77.6,64.8,88.2,60.8,86.5,88.7,73.7,99.8,108.3,101.1,122.2,111.7,152.0,177.7,216.5,252.5,249.2,371.9,370.6,478.6,597.5,643.2,718.9,830.9,924.6,1045.1,1161.0,1289.7,1334.5,1488.9,1564.3,1774.3,1696.6,1851.5,1781.6,1838.7,1781.9,1799.0,1742.7,1732.0,1603.7,1574.1,1404.0,1425.2,1290.4,1246.8,1222.8,1114.8,1111.3,1134.7,1077.5,1056.1,1124.3,1078.8,1137.6,1292.0,1332.9,1366.7,1409.9,1484.4,1491.7,1621.8,1691.4,1651.7,1620.8,1670.4,1606.3,1585.4,1606.5,1529.9,1449.7,1432.2,1288.9,1239.4,1158.7,1135.2,1015.4,875.0,833.6,790.5,757.1,697.7,538.0,503.3,514.1,460.6,481.3,438.7,414.6,408.1,409.6,374.8,378.1,407.5,398.1,438.2,438.1,388.9,415.9,440.9,455.4,444.7,454.3,459.9,483.8,473.0,492.2,522.1,539.6,567.7,564.9,556.2,599.5,572.8,619.3,613.0,592.8,639.1,606.7,594.2,630.5,628.9,549.6,561.4,494.0,523.9,490.1,500.8,417.6,409.2,394.6,355.2,355.7,338.0,296.2,297.6,273.0,232.2,224.2,202.5,178.9,168.2,164.3,159.6,132.4,134.1,137.5,133.4,112.0,103.4,114.3,106.0,110.2,97.5,101.7,88.0,94.1,91.7,93.3,102.1,78.9,103.0,89.4,71.1,103.7,89.3,105.3,103.3,104.8,115.7,99.6,99.5,100.2,91.0,107.6,104.6,92.0,104.6,116.6,95.8,100.6,100.4,94.8,89.0,104.1,107.5,114.7,92.2,106.9,118.9,95.1,108.7,87.5,93.1,103.4,107.4,101.5,119.1,124.3,107.2,100.7,106.4,109.5,108.9,95.9,115.4,119.6,111.7,127.9,113.6,119.2,86.5,116.9,121.4,120.8,116.6,116.5,117.2,130.9,110.9,94.1,120.2,113.8,122.6,114.9,113.4,122.9,112.2,100.1,120.0,107.8,105.1,123.6,140.8,133.8,128.9,121.6,117.7,122.1
3,carboxyl_ester,46.9,37.6,64.6,52.8,53.5,48.0,53.0,57.2,64.1,41.8,47.2,67.3,44.5,65.5,49.3,51.1,57.2,39.9,53.7,57.8,65.9,50.1,70.2,46.5,62.0,41.1,38.3,57.1,63.5,43.1,41.7,52.6,50.7,50.7,68.0,41.0,60.5,70.4,75.1,63.7,66.2,64.3,72.3,62.7,64.2,65.3,74.1,62.1,58.2,70.1,72.2,66.7,68.0,72.4,62.1,71.6,53.1,45.9,72.5,77.3,78.3,84.9,81.2,73.3,114.0,110.0,104.9,147.0,162.1,175.8,191.8,226.8,269.9,297.1,349.9,399.9,466.6,590.8,611.2,694.7,776.5,938.5,1012.6,1088.8,1223.5,1373.6,1510.2,1543.7,1718.5,1714.0,1888.4,1978.2,2006.7,2034.5,2103.0,2161.4,2062.2,2122.1,2037.0,1980.9,1885.5,1892.2,1801.8,1636.5,1617.3,1478.7,1464.6,1258.7,1301.6,1172.3,1109.7,1076.5,981.9,936.0,914.6,876.9,866.6,832.7,833.4,769.4,852.7,802.3,837.6,799.0,846.7,771.9,792.2,833.7,751.0,776.8,772.0,757.0,714.2,770.3,728.1,694.3,671.9,654.6,697.9,708.5,740.0,682.1,719.1,643.2,699.5,736.2,750.3,707.1,701.1,732.8,719.8,747.4,761.7,767.0,785.5,874.6,849.2,893.9,867.7,895.1,878.7,947.0,899.1,964.6,962.4,929.2,934.9,936.8,973.6,1008.6,968.7,983.7,992.2,1000.2,1034.8,1066.2,1020.3,1013.6,994.8,1012.2,965.1,930.2,936.2,920.4,894.9,852.6,814.6,754.2,756.3,720.0,713.0,617.3,538.0,597.1,565.0,475.5,481.3,439.7,385.6,371.4,323.6,285.8,304.6,276.6,205.9,225.2,215.8,183.1,184.5,188.8,157.0,158.0,134.2,134.2,127.6,132.1,156.6,122.1,117.4,134.9,115.2,110.9,129.4,102.2,118.1,94.2,108.8,115.3,124.3,139.4,110.4,102.1,110.2,120.9,93.3,114.1,135.0,126.6,114.2,141.0,119.0,138.6,117.7,117.3,129.0,106.6,129.4,109.5,124.3,104.7,134.4,113.6,130.6,136.8,122.2,134.3,104.4,101.1,108.6,111.1,129.0,144.8,106.3,118.0,111.6,124.2,136.0,130.0,133.4,143.7,131.9,167.5,130.3,126.1,139.7,121.0,147.8,132.2,146.7,136.0,151.9,141.5,131.4,140.1,131.2,130.2,137.5,135.6,130.5,133.6,140.7,121.6,142.0,134.4,145.5,113.5,161.6,116.0,127.9,146.3,150.4
2,carbonyl,36.7,35.7,36.7,40.9,47.3,45.9,43.6,49.8,47.9,43.0,48.9,32.9,44.5,43.4,38.9,49.1,41.8,53.0,50.3,48.9,48.1,55.5,67.6,46.5,47.2,55.6,58.4,41.3,32.1,64.0,43.9,50.7,60.1,60.1,45.7,58.7,43.8,51.7,64.2,67.9,43.4,58.3,72.7,54.0,52.2,62.6,63.6,60.7,59.2,76.1,58.4,69.4,56.7,65.7,56.8,44.8,54.6,67.0,59.0,76.1,61.0,58.7,75.0,63.9,89.6,77.4,76.3,91.7,95.6,105.4,93.7,139.6,117.1,151.4,136.5,186.2,221.2,270.5,197.6,291.8,355.0,377.7,409.7,441.1,516.2,513.6,530.9,583.7,645.6,674.4,722.6,732.2,697.1,711.5,717.6,685.1,704.8,701.5,661.0,633.2,588.4,577.6,521.7,488.5,460.0,421.2,397.6,359.9,347.3,291.6,292.9,266.4,233.7,232.7,257.1,251.7,199.4,222.1,223.4,234.2,240.3,193.5,269.9,280.5,247.1,306.5,346.4,408.4,446.6,533.8,554.8,603.5,709.5,773.1,828.8,887.6,1106.5,1139.1,1302.8,1371.3,1582.5,1687.8,1746.0,1885.9,2089.6,2249.2,2296.6,2402.7,2535.3,2590.1,2694.3,2747.3,2827.1,2876.1,2787.4,2767.7,2849.5,2885.0,2700.0,2765.2,2568.1,2456.0,2391.4,2447.1,2179.9,2218.7,2097.9,1946.3,1853.9,1820.1,1703.9,1624.0,1493.4,1499.5,1350.3,1241.4,1254.9,1207.7,1124.3,1062.8,962.3,955.4,869.9,860.3,794.1,776.6,731.9,684.6,659.4,603.8,528.1,497.2,438.8,441.6,412.4,328.5,344.3,306.4,290.4,287.0,238.0,203.7,216.2,200.4,194.6,189.9,152.0,161.2,147.9,146.0,142.3,137.3,145.7,136.2,120.4,131.9,137.6,140.6,114.7,96.7,137.4,120.8,125.6,140.9,110.9,101.6,123.8,104.3,118.1,122.9,137.7,128.1,116.8,126.3,129.6,131.6,107.2,139.4,112.2,114.4,130.0,149.1,137.8,147.0,130.4,130.8,128.8,124.0,117.8,117.8,130.8,115.9,120.3,118.8,144.4,120.2,132.5,140.4,119.5,132.3,112.8,129.1,150.0,118.0,136.6,129.7,141.2,145.5,127.5,146.5,134.5,130.5,140.6,146.4,124.9,125.5,136.1,150.6,124.4,117.5,143.9,147.0,145.1,129.3,134.6,150.9,132.1,156.4,145.5,144.4,155.9,159.6,150.0,150.8,130.3,156.2,148.8,142.6,158.8,155.5,137.1
2,carbonyl,63.1,54.5,61.7,67.0,61.2,74.6,65.2,60.1,57.9,72.6,62.5,60.4,64.4,71.0,64.8,69.4,64.0,68.9,56.2,55.8,65.3,62.7,58.7,68.5,72.6,75.4,80.6,76.4,71.9,63.6,65.6,79.3,68.1,80.8,66.9,69.6,79.1,64.7,60.8,79.7,65.9,72.1,55.2,60.4,69.8,78.3,66.1,76.2,57.9,92.6,78.1,71.0,86.3,75.7,64.8,70.9,78.0,70.8,78.9,83.6,61.7,82.9,99.1,77.7,83.5,91.0,116.9,118.0,131.6,152.8,177.4,177.5,241.7,253.6,295.2,388.0,469.5,501.2,646.2,705.7,812.4,956.1,1075.1,1210.3,1327.5,1564.7,1737.3,1925.9,1997.5,2175.1,2344.4,2419.5,2575.6,2609.5,2776.7,2787.1,2825.4,2829.7,2822.9,2750.9,2713.4,2628.6,2584.1,2383.6,2252.1,2059.1,1972.5,1671.3,1635.9,1440.6,1227.9,1101.3,1012.9,793.8,749.2,624.4,555.6,516.0,417.6,404.3,343.6,349.7,283.6,277.0,249.7,250.7,290.6,222.9,276.2,297.0,289.0,288.0,335.5,333.1,400.6,407.1,481.7,482.2,509.4,552.4,564.8,701.0,665.1,778.3,806.2,864.1,907.9,972.8,953.6,1043.9,1098.4,1092.9,1178.9,1302.3,1281.2,1241.5,1248.2,1215.3,1301.1,1135.3,1200.6,1148.9,1152.6,1113.7,1024.5,987.8,962.8,924.5,824.7,805.6,770.3,640.2,601.1,550.8,530.1,444.5,404.3,420.9,347.5,300.0,290.2,312.5,264.1,228.6,214.7,198.0,187.4,153.9,145.2,147.1,130.8,156.1,132.5,130.4,126.5,139.1,114.0,125.7,128.3,118.7,124.3,121.5,122.8,115.6,123.9,102.8,118.3,107.9,139.1,119.9,107.7,131.1,121.2,118.0,134.8,127.7,116.5,99.7,106.2,118.3,122.0,135.2,112.5,122.1,100.4,129.4,108.8,118.4,110.5,103.4,115.7,111.9,120.7,109.7,126.3,117.8,98.6,137.6,120.5,132.8,118.2,116.7,131.4,122.9,119.7,136.9,115.9,116.6,124.8,147.2,147.4,122.7,123.4,127.8,131.5,130.5,106.1,144.6,138.9,124.8,129.9,118.4,146.1,118.7,113.2,144.4,135.6,135.8,134.3,132.9,122.9,113.1,134.6,133.2,133.6,131.9,122.6,138.5,124.3,120.4,129.7,148.5,138.4,134.2,150.8,146.9,154.7,142.1,146.0,147.6,132.4,137.2,142.9,153.8,130.0,121.8,145.8,118.5,130.0,126.9,141.8
0,hydrocarbon,99.6,103.2,110.5,98.7,87.7,119.7,125.1,105.1,94.3,96.5,126.4,118.1,105.2,101.4,99.2,116.1,113.1,107.8,117.0,120.9,118.9,99.1,88.7,107.4,112.7,122.6,96.8,103.0,112.5,132.6,104.6,122.6,114.5,101.2,121.4,117.2,108.3,121.2,103.8,110.1,100.0,124.3,135.7,109.6,137.0,124.7,118.8,123.3,121.4,116.3,113.3,121.8,98.4,135.3,110.7,124.2,110.7,105.3,113.9,113.7,143.6,128.5,105.0,117.6,142.1,136.1,129.8,145.9,160.7,191.5,224.2,205.8,243.4,248.3,313.5,331.4,433.2,477.1,541.7,668.4,765.8,885.2,1053.9,1113.6,1198.4,1488.5,1553.1,1750.1,1845.4,2063.0,2251.1,2335.9,2434.6,2541.1,2737.7,2646.8,2810.6,2802.6,2823.1,2748.2,2787.8,2576.5,2478.3,2331.0,2237.7,2101.3,2023.7,1946.3,1815.0,1608.8,1518.9,1444.1,1409.4,1271.0,1263.3,1154.3,1069.0,1131.8,1101.6,1087.5,1128.7,1084.7,1162.1,1130.1,1098.9,1188.7,1178.5,1193.4,1131.0,1093.0,1079.0,1137.7,1020.4,987.6,1011.7,924.7,833.4,860.1,839.0,813.1,728.6,746.1,719.8,636.7,567.1,588.8,598.2,525.8,543.4,491.0,527.9,489.1,459.8,494.9,476.7,458.1,474.4,458.0,491.7,489.0,450.9,466.1,419.4,415.4,408.1,388.9,399.2,391.0,406.8,364.0,353.9,360.5,300.6,284.7,312.7,340.3,312.7,304.2,264.6,307.6,271.8,296.0,262.7,231.4,226.1,230.2,204.3,215.8,189.6,245.2,218.9,208.6,203.3,190.9,186.0,211.1,192.1,185.3,162.6,197.0,173.3,174.3,181.9,156.5,162.1,164.0,160.0,166.9,181.1,155.0,158.3,159.3,169.1,170.6,185.2,142.4,148.2,164.5,154.2,164.0,149.4,156.4,166.1,149.1,146.7,150.5,144.6,155.2,159.2,133.9,169.0,154.3,164.3,176.2,162.4,172.0,181.9,168.1,161.3,166.8,173.0,142.6,155.0,173.8,172.1,179.0,189.5,172.2,166.7,176.7,168.9,145.6,148.6,170.8,165.1,176.6,152.4,151.9,184.2,177.5,160.5,160.7,159.3,170.4,155.8,169.9,168.7,194.4,175.5,147.2,182.9,168.0,163.9,170.3,159.6,166.9,165.0,172.5,176.6,191.3,192.0,162.1,172.5,189.2,173.8,152.3,185.5,153.2,182.2,178.9,149.1,174.2,187.0,189.1,165.0,158.4,150.9,174.7,169.3,171.0,192.9
2,carbonyl,58.0,65.1,64.0,63.7,62.4,65.0,69.7,64.7,55.2,69.0,66.5,68.6,52.6,66.4,58.8,53.5,79.8,57.2,77.0,73.4,60.9,61.4,64.4,67.4,70.5,57.2,62.7,67.7,73.9,63.8,51.0,59.8,65.5,61.3,57.4,75.8,78.8,67.4,79.3,82.6,71.8,72.4,65.0,67.5,71.0,68.6,76.4,81.4,71.9,89.5,72.1,67.5,87.6,74.6,74.9,81.6,81.0,73.2,80.0,81.2,80.9,77.5,95.6,86.6,116.0,112.3,146.6,137.9,155.5,184.8,193.6,215.8,236.4,297.3,357.8,429.4,460.8,573.3,687.4,694.0,815.6,983.8,1022.8,1138.5,1274.3,1434.7,1494.9,1631.1,1671.3,1861.0,1767.7,1967.0,1959.7,1931.6,1945.4,2010.1,2002.4,1899.2,1928.2,1754.8,1685.1,1630.0,1515.6,1386.1,1350.3,1272.6,1160.4,1051.9,1031.4,952.0,874.3,880.0,829.3,841.3,809.8,806.4,772.3,787.8,858.2,881.9,825.4,904.1,839.9,896.9,876.6,896.8,903.1,882.8,869.6,885.3,882.5,861.9,909.3,840.2,911.0,959.2,962.1,1011.3,965.2,1038.3,1127.7,1092.7,1144.2,1204.9,1236.3,1232.5,1263.6,1367.1,1367.6,1373.8,1493.2,1443.1,1439.5,1515.7,1452.6,1493.1,1383.7,1433.3,1443.2,1427.0,1336.4,1299.1,1258.1,1108.1,1158.9,1014.3,948.4,906.5,876.4,810.9,740.8,667.3,609.5,578.7,477.4,513.4,481.6,418.6,387.3,360.8,353.8,331.2,264.0,268.7,258.2,245.0,230.5,223.7,221.7,188.6,188.0,174.3,179.8,165.5,154.1,161.2,143.8,130.1,145.0,151.9,130.4,144.2,139.3,159.0,143.6,147.2,124.4,131.8,111.8,138.7,130.8,142.0,131.6,125.8,130.0,126.6,120.9,125.8,126.5,108.3,129.2,131.9,141.0,128.4,115.2,140.7,126.7,136.2,122.8,138.5,126.1,132.3,139.3,117.8,142.9,133.1,129.7,142.6,110.8,131.1,129.0,110.4,124.2,126.6,135.7,142.6,149.6,158.3,143.7,153.9,129.3,121.7,117.5,140.4,136.7,137.5,130.1,179.3,139.9,164.5,119.5,158.1,108.4,158.6,153.8,106.9,143.7,150.0,141.3,126.1,147.6,148.9,178.1,128.5,145.1,146.8,165.3,145.0,134.3,156.6,152.7,154.6,170.0,150.7,148.5,152.4,133.0,166.0,128.8,157.4,161.2,138.5,162.5,154.3,132.5,147.5,147.0,146.3,146.6,141.2,131.0
3,carboxyl_ester,59.6,52.2,66.1,56.3,53.0,46.5,58.0,65.8,67.1,64.4,65.7,65.2,58.3,61.2,59.3,57.9,60.8,53.6,53.4,61.0,52.9,57.4,49.7,57.1,65.4,58.4,71.0,74.1,59.8,51.6,57.7,59.4,56.8,71.1,57.0,64.9,59.1,54.1,59.1,58.9,63.5,70.3,50.5,71.4,66.6,68.9,53.9,53.1,72.9,66.6,61.8,38.2,55.9,58.6,66.8,61.8,49.2,75.3,77.5,69.4,72.4,71.5,85.0,84.3,93.1,93.2,94.0,134.0,133.8,161.6,151.4,225.0,233.9,269.1,314.9,324.1,407.7,443.9,509.2,563.7,633.1,662.1,818.6,855.0,918.3,903.8,936.8,1000.2,1102.4,1163.3,1073.0,1175.6,1194.2,1198.1,1151.1,1120.1,1070.5,1003.9,952.7,957.5,881.1,773.8,738.0,774.7,647.3,632.1,556.5,529.5,465.3,470.2,400.4,345.8,385.0,331.9,313.7,350.4,300.6,276.5,296.2,309.8,315.6,330.9,325.0,292.5,336.8,332.3,339.1,359.3,390.1,394.0,403.1,445.6,445.6,481.0,502.5,553.6,601.9,638.6,681.0,691.4,715.5,805.9,866.2,910.1,959.7,1039.6,1091.8,1042.6,1127.8,1220.6,1236.0,1276.7,1405.0,1416.5,1430.5,1454.1,1477.8,1497.0,1537.0,1597.3,1736.0,1659.8,1731.7,1701.9,1829.7,1952.8,1863.3,1917.1,1907.0,2058.4,2068.2,2047.6,2057.6,1956.8,2073.0,2047.9,1975.7,2011.0,2013.3,1981.5,1817.5,1737.6,1662.6,1627.3,1481.4,1493.2,1339.4,1354.2,1245.4,1159.4,1082.2,961.1,920.8,810.0,733.5,671.7,622.0,503.4,507.6,463.7,410.9,387.0,320.8,254.9,246.6,212.4,196.8,164.8,163.3,130.9,137.7,146.4,118.2,96.3,120.9,96.8,92.4,78.3,81.6,79.2,82.5,81.2,77.3,98.2,72.2,70.7,75.6,76.7,69.8,91.0,91.5,84.9,80.1,74.1,85.9,83.9,85.0,79.1,81.7,74.0,71.1,80.7,94.8,67.6,73.7,95.7,87.5,53.6,78.5,76.7,82.7,101.6,89.9,86.8,85.2,90.8,74.1,76.6,80.3,74.2,84.9,94.9,81.8,88.9,84.1,96.8,93.2,96.1,82.3,69.5,96.9,77.0,80.6,91.9,93.2,81.1,95.4,80.1,86.6,71.3,84.8,100.3,100.9,91.8,95.3,82.0,72.4,91.4,88.8,101.2,82.8,90.5,90.6,75.0,96.0,91.7,84.4,90.8,90.9,86.4,94.5
1,alcohol_ether,71.7,63.0,91.7,82.3,93.4,91.0,67.4,86.3,62.4,69.5,74.4,70.9,88.6,98.3,88.9,83.3,75.1,87.6,84.8,63.5,77.6,82.3,101.5,76.4,83.9,80.9,73.5,80.9,86.3,83.6,75.6,73.5,75.7,88.0,81.1,80.4,85.5,98.8,90.7,89.4,83.3,88.7,103.0,90.9,69.8,82.4,84.8,81.9,99.7,78.9,83.6,106.7,81.9,92.0,113.6,88.8,87.6,83.3,76.2,109.8,86.7,97.9,94.5,95.1,124.1,102.7,124.4,138.6,149.0,147.4,170.8,185.1,199.8,234.7,272.6,304.8,341.4,392.3,445.4,513.8,570.3,660.5,741.4,803.8,900.3,953.8,1004.1,1089.4,1183.7,1280.3,1327.8,1304.7,1396.7,1503.1,1475.6,1481.0,1516.9,1477.1,1495.6,1481.2,1456.9,1346.8,1343.1,1368.8,1320.8,1383.5,1323.8,1271.9,1271.2,1311.6,1280.5,1360.0,1328.6,1323.3,1353.4,1388.6,1400.9,1451.8,1540.6,1542.3,1639.5,1731.6,1696.5,1794.5,1801.4,1735.5,1811.3,1717.4,1886.2,1736.9,1738.3,1723.2,1656.9,1530.9,1613.3,1575.9,1517.0,1562.7,1435.3,1384.9,1327.3,1347.6,1330.9,1274.8,1283.2,1335.6,1259.5,1293.0,1279.5,1297.8,1285.0,1316.4,1254.1,1283.9,1276.8,1291.9,1314.1,1202.8,1138.0,1208.1,1206.0,1134.9,1065.6,1027.2,1035.8,953.2,873.5,832.2,768.5,689.2,674.1,648.4,585.5,535.9,493.2,442.2,414.9,361.9,357.8,323.3,280.2,246.3,256.7,267.1,209.7,208.7,181.6,175.0,182.9,137.3,178.6,142.5,132.6,142.0,148.9,142.6,133.4,140.2,111.6,141.9,131.5,135.4,127.3,126.3,141.4,134.0,135.4,144.1,137.8,150.0,146.2,151.8,132.5,133.2,112.7,134.0,129.4,129.9,154.7,132.9,159.5,149.3,162.2,129.7,127.1,139.0,123.5,117.2,141.9,152.9,146.3,149.0,158.6,131.9,132.9,163.1,144.5,144.2,124.2,157.1,166.5,145.9,136.7,147.7,157.2,146.0,163.7,145.0,149.4,133.0,160.7,146.9,146.6,114.0,138.4,134.6,141.4,141.3,141.5,144.5,155.3,143.6,153.6,166.2,152.5,148.7,140.2,152.3,146.7,167.9,153.1,138.5,143.1,166.9,149.5,145.6,177.7,155.7,137.2,170.0,174.3,168.9,152.9,153.3,141.2,175.0,159.7,162.2,151.8,163.5,163.8,141.9,163.9,189.4,157.0,177.2,146.1,166.6,162.6,161.8,176.2
2,carbonyl,84.6,89.0,106.0,91.1,85.1,71.0,87.9,86.4,91.8,82.1,81.4,76.6,72.3,88.7,76.6,80.2,80.5,94.0,101.2,83.5,91.8,83.9,94.0,81.5,77.8,92.6,85.4,84.0,104.2,80.7,108.0,100.2,99.8,98.5,97.6,82.0,96.0,86.3,76.3,116.9,86.4,97.0,103.7,106.5,95.3,98.4,110.2,98.7,109.8,89.2,99.1,103.7,77.7,96.2,70.4,85.2,75.8,104.5,113.9,90.2,111.4,117.9,87.8,96.0,95.2,103.9,121.0,109.0,106.7,94.2,124.7,134.1,135.8,149.6,131.4,161.1,209.4,242.8,214.6,273.2,257.8,307.4,363.4,392.7,440.9,492.0,511.3,565.0,637.1,664.1,713.7,772.7,802.1,796.3,788.9,908.1,925.3,939.8,950.6,1052.8,1026.2,996.2,1073.5,988.9,1062.0,1048.8,1104.9,1095.5,1190.7,1281.1,1269.5,1300.4,1360.7,1533.3,1589.9,1728.1,1829.9,1894.8,2016.7,2122.9,2282.1,2342.4,2315.3,2419.6,2569.4,2598.8,2646.5,2585.0,2701.0,2666.1,2567.0,2564.1,2536.9,2392.6,2369.9,2257.7,2152.8,1977.5,1931.8,1853.7,1803.8,1661.3,1582.7,1463.5,1361.3,1357.9,1234.5,1197.9,1190.8,1106.5,1083.0,996.4,992.7,1040.8,990.7,971.6,952.5,936.8,897.4,872.6,894.1,803.2,808.5,782.5,740.8,768.9,746.8,662.0,630.3,572.8,574.4,507.3,460.6,443.9,443.5,405.1,400.7,349.1,338.4,292.9,272.8,267.0,272.3,222.7,235.2,222.9,196.0,184.0,209.5,200.1,179.3,154.7,158.8,151.2,149.5,151.1,167.4,135.4,167.6,123.6,140.2,135.6,133.1,139.3,157.2,125.1,152.1,129.3,164.1,132.1,153.8,141.7,121.6,154.1,124.6,121.6,133.9,145.7,145.6,149.8,162.5,153.4,122.6,162.0,138.6,141.9,156.9,152.1,139.5,136.4,160.9,165.3,168.1,126.2,145.7,133.1,156.7,141.0,182.1,138.6,160.2,153.8,140.0,138.3,147.4,151.9,163.6,121.7,128.3,138.1,161.1,159.3,168.3,138.2,167.8,135.0,160.7,144.6,177.3,161.8,147.1,131.2,143.7,165.8,165.7,155.6,153.1,154.5,162.7,159.6,157.4,171.2,152.9,161.2,165.7,171.0,138.1,148.4,170.6,167.5,174.1,131.3,169.8,167.2,167.9,155.3,168.5,168.7,157.8,159.8,177.6,187.9,160.3,172.2,145.9,182.7,154.6,170.5,152.9,165.5,169.7
1,alcohol_ether,108.5,110.0,119.6,105.3,112.0,95.8,125.1,126.2,109.0,110.4,117.3,108.0,110.7,90.2,115.6,120.5,105.5,101.6,112.0,119.8,124.4,112.7,100.8,126.4,122.1,103.6,108.2,112.6,122.1,127.0,113.5,111.9,110.8,136.1,106.3,117.2,119.2,110.6,137.4,111.1,106.3,100.9,114.2,107.9,97.8,116.9,101.0,107.9,114.7,132.4,117.0,129.7,117.2,114.8,117.2,139.6,127.0,113.3,122.4,107.0,124.2,115.5,114.4,122.1,122.9,106.9,132.0,118.5,111.9,157.4,123.8,144.3,113.8,199.6,187.3,180.0,208.1,216.9,273.2,301.9,293.1,361.3,357.7,417.9,483.9,474.4,557.3,565.4,625.9,711.4,753.7,799.8,836.4,786.3,852.1,848.5,912.2,876.7,874.4,902.9,944.1,904.4,869.0,865.6,893.1,832.0,830.7,861.1,928.9,1045.9,957.6,1110.6,1190.2,1192.8,1382.7,1418.2,1536.7,1647.9,1752.2,1895.2,1896.7,2014.3,2105.9,2129.6,2214.7,2175.5,2205.7,2301.5,2125.2,2181.6,2074.8,2049.7,1962.4,1925.2,1881.3,1792.4,1672.8,1595.4,1526.0,1489.8,1344.3,1415.9,1346.9,1311.3,1310.6,1319.6,1254.3,1325.6,1354.6,1425.6,1385.5,1394.8,1356.1,1394.2,1427.2,1441.4,1343.9,1401.5,1350.2,1300.5,1317.5,1273.7,1205.2,1138.8,1039.1,1026.7,962.5,883.8,840.2,757.7,735.6,670.8,616.6,535.2,454.1,470.8,410.8,361.4,349.2,275.3,290.8,255.2,254.1,208.9,205.0,188.0,176.3,177.9,180.3,177.9,184.5,161.1,154.4,154.9,147.0,168.0,146.9,159.8,147.7,143.4,140.5,142.3,143.8,160.7,144.0,140.3,165.0,147.7,146.7,171.4,117.5,141.6,141.4,128.0,133.3,158.6,130.7,172.4,141.4,154.6,135.5,150.5,150.4,143.2,150.7,149.1,133.8,167.7,148.6,141.3,150.4,155.4,166.3,144.9,167.9,149.6,140.4,178.9,149.6,151.7,143.3,164.0,166.2,151.8,161.4,141.6,180.9,156.2,149.5,155.0,179.5,167.7,170.2,142.3,167.8,150.2,131.7,156.7,165.6,151.2,166.6,170.2,145.7,144.2,133.8,166.7,165.6,179.1,151.3,169.0,167.6,158.6,158.6,147.9,152.0,184.2,168.3,173.6,151.4,132.4,168.6,169.7,167.6,147.9,179.8,139.4,158.8,151.6,183.3,149.4,170.7,176.6,183.1,183.4,155.1,173.5,164.7,170.0,155.4,166.5,173.7
1,alcohol_ether,93.9,103.0,79.7,83.1,65.0,95.3,88.0,91.3,94.8,89.6,90.3,77.6,78.6,84.3,85.4,79.6,79.2,68.5,85.4,78.1,100.7,93.3,86.1,85.9,93.5,89.6,65.5,89.4,87.9,106.3,94.1,85.4,77.4,94.2,89.5,78.6,94.6,89.2,94.2,95.9,87.0,89.9,82.9,96.5,86.9,84.8,83.3,76.2,97.2,99.7,76.1,82.4,99.7,84.7,81.4,75.7,87.8,100.5,93.7,103.9,93.4,95.0,101.9,110.9,103.1,118.5,132.0,113.4,129.8,152.4,170.5,195.1,204.0,259.1,303.8,334.0,403.1,436.4,518.5,630.6,718.7,809.1,945.4,1098.7,1284.4,1374.9,1603.9,1766.2,1882.8,1993.4,2257.3,2317.4,2487.3,2529.3,2760.8,2741.9,2876.8,2895.0,2902.3,2900.5,2794.1,2795.0,2760.5,2561.2,2556.5,2441.8,2335.7,2070.8,2039.0,1948.5,1827.0,1781.4,1665.5,1626.0,1514.2,1386.8,1389.1,1374.9,1410.5,1375.1,1329.0,1378.3,1325.8,1352.5,1352.7,1465.1,1371.7,1390.5,1360.4,1337.0,1347.5,1323.5,1199.1,1220.3,1167.2,1117.3,1036.8,1052.8,962.3,832.2,771.6,736.8,690.0,602.2,599.6,531.4,493.9,416.0,378.9,326.0,306.1,259.0,228.2,208.8,211.5,188.5,181.1,171.3,148.2,144.1,137.0,127.0,128.8,119.6,120.7,116.2,118.9,124.4,114.0,142.7,125.0,120.2,95.7,117.4,102.9,121.2,131.9,128.0,130.9,126.3,103.6,115.5,120.5,127.3,105.6,108.5,104.3,101.1,128.1,124.8,138.2,123.6,104.7,141.0,140.0,124.7,118.1,143.5,106.6,118.6,120.5,102.3,123.4,132.5,113.0,124.7,115.6,123.6,121.5,104.5,123.5,128.4,106.3,117.3,106.4,139.4,123.3,123.7,113.8,125.2,118.5,117.2,132.5,115.5,124.4,110.2,126.7,134.3,126.4,131.8,116.2,123.4,133.0,140.9,125.7,131.0,111.0,112.5,116.0,116.8,130.2,133.9,123.4,119.9,133.4,111.3,104.9,108.9,120.5,120.5,111.6,120.3,118.3,139.8,117.4,118.5,125.4,121.7,140.1,131.9,130.7,110.8,137.1,111.1,126.5,132.9,135.9,132.4,135.9,132.9,128.9,127.0,139.0,134.4,142.2,131.0,108.3,118.1,130.2,151.2,127.5,117.9,133.8,136.4,144.2,138.5,114.4,135.2,134.8,146.3,138.9,121.1,114.5,139.7,109.1,135.1,130.0,107.9,130.2,152.0,141.2
1,alcohol_ether,122.9,124.6,110.7,110.4,121.4,110.5,126.5,134.0,98.1,101.8,120.6,117.8,125.1,116.7,113.8,119.2,105.1,123.9,108.0,125.7,106.0,119.0,116.4,124.9,137.7,116.5,127.6,125.7,121.9,118.6,105.5,126.9,99.7,126.2,112.7,119.2,107.5,111.6,123.6,143.6,138.5,105.4,115.5,115.1,135.8,111.9,120.3,126.5,112.5,129.0,109.2,129.5,105.3,118.1,140.4,124.9,127.8,133.2,125.2,112.6,121.7,109.2,110.9,134.7,124.0,115.8,126.5,129.6,132.1,122.0,132.0,135.7,161.3,180.9,184.0,196.3,222.6,249.6,284.6,312.8,365.4,398.1,442.6,476.9,510.3,591.9,631.3,691.5,751.2,783.8,786.9,824.1,878.9,877.0,863.9,887.2,893.9,922.1,881.7,861.0,885.2,847.7,870.1,818.8,898.6,928.4,920.9,947.1,1006.9,1125.6,1124.5,1227.5,1297.0,1428.6,1485.1,1647.9,1749.5,1860.4,2019.9,2054.4,2171.6,2234.6,2339.1,2257.9,2372.5,2290.7,2240.7,2167.8,2226.7,2205.9,2012.1,1907.6,1889.4,1818.3,1741.8,1681.8,1559.8,1405.6,1358.3,1320.4,1222.0,1215.5,1124.5,1154.0,1176.8,1155.1,1146.5,1070.8,1123.1,1207.2,1189.3,1188.3,1173.3,1157.4,1182.4,1157.1,1161.1,1123.1,1115.7,1056.6,1049.2,1000.4,959.5,916.4,870.9,860.3,805.8,730.8,672.6,636.6,581.6,568.2,479.3,450.5,467.8,402.1,378.7,375.0,341.7,305.6,293.2,283.7,300.8,287.6,254.4,217.9,226.0,195.3,236.5,217.9,202.1,203.4,179.2,194.6,197.4,190.1,123.5,178.9,165.3,181.2,159.1,152.9,137.6,161.3,156.4,148.4,168.8,161.6,158.7,135.8,152.8,157.2,151.3,165.5,110.2,149.0,162.1,134.2,167.1,141.5,135.3,169.3,150.3,140.3,128.2,145.6,146.3,162.9,147.2,168.9,162.1,152.2,174.6,151.5,135.7,174.5,139.4,170.0,132.8,132.3,101.8,128.4,137.1,141.5,139.6,136.4,159.9,142.4,154.6,143.8,137.3,145.0,161.1,163.8,147.5,134.9,153.7,165.9,151.1,143.5,145.0,155.0,135.2,140.8,151.8,157.1,157.0,141.9,163.3,152.1,166.2,151.4,148.2,143.3,167.5,148.8,149.6,163.9,151.7,161.0,158.5,149.3,152.0,152.9,161.3,162.0,150.9,163.8,144.2,146.0,170.3,153.2,153.5,147.4,153.4,167.1,153.9,172.3,163.3,137.6,169.3
0,hydrocarbon,96.1,107.3,87.8,75.0,83.2,95.2,71.9,90.6,89.6,83.1,82.2,93.6,89.7,97.6,79.2,97.1,100.6,84.4,97.6,94.1,84.7,74.5,88.1,84.9,99.7,85.1,92.3,116.2,89.7,66.9,70.2,80.1,92.3,104.7,90.9,79.5,86.8,97.9,84.0,77.8,81.4,98.1,86.2,109.0,103.0,99.1,93.6,91.1,83.1,93.1,106.0,83.7,122.7,107.1,106.0,105.3,113.1,102.2,89.8,94.5,126.2,113.0,133.3,150.7,182.5,176.4,238.2,263.5,282.5,359.8,387.3,448.5,587.6,661.2,793.6,905.8,1050.5,1206.8,1240.4,1512.5,1677.3,1813.4,2034.8,2216.2,2326.0,2571.3,2645.0,2884.0,2930.3,3116.6,3082.2,3134.1,3171.3,3157.1,2983.7,2957.8,2946.7,2786.5,2621.3,2396.7,2345.1,2179.2,1927.4,1755.7,1585.3,1502.7,1339.9,1193.4,1037.7,890.8,829.8,726.8,640.8,608.5,522.5,444.9,450.2,418.2,388.2,392.7,328.9,349.2,371.2,338.5,352.0,370.3,360.9,377.9,380.3,344.4,357.0,380.7,441.1,439.1,480.4,466.3,530.3,574.4,621.1,569.6,637.1,656.7,715.5,706.3,739.7,768.5,800.8,785.6,854.7,825.6,799.6,836.9,859.9,945.1,912.4,827.7,866.4,789.0,795.1,748.4,707.1,716.8,703.5,667.5,570.0,590.3,550.3,501.1,467.0,469.6,439.9,364.8,396.8,347.7,331.9,336.7,358.9,301.9,254.6,257.1,251.8,259.2,219.9,235.3,247.8,225.9,202.4,206.3,196.0,180.0,152.0,155.3,181.2,156.9,161.5,159.9,143.6,154.0,149.4,150.1,163.7,135.5,114.9,123.3,121.3,123.7,114.9,106.7,132.2,138.7,144.6,146.3,132.0,131.6,116.6,123.7,137.6,129.8,115.9,125.2,123.2,138.5,111.9,115.5,124.8,119.8,106.2,117.9,123.7,124.4,133.8,124.0,138.7,131.1,139.7,121.2,143.7,106.5,116.2,134.9,136.6,119.0,158.7,121.7,140.5,128.4,141.0,158.6,121.4,143.9,124.6,130.6,128.6,128.0,149.7,128.2,136.8,127.3,119.0,137.8,128.5,151.6,155.1,135.5,153.3,134.6,139.3,130.2,130.8,149.8,123.5,144.5,148.0,116.9,146.9,124.9,136.2,132.8,145.5,124.1,137.3,120.1,126.9,135.0,151.3,140.8,126.2,112.4,122.5,130.0,135.9,144.5,142.3,114.5,142.3,142.7,129.9,181.2,139.6,148.8,133.0
2,carbonyl,84.8,70.6,64.2,81.0,72.2,73.6,63.9,65.3,76.3,71.8,76.5,88.0,76.4,73.1,68.5,74.7,81.8,75.8,84.1,74.3,83.3,77.6,70.8,86.2,78.3,84.6,80.1,77.2,89.8,80.1,88.2,77.8,73.0,70.0,72.4,94.0,77.8,64.0,66.3,86.6,67.5,90.0,74.7,78.4,77.1,91.0,85.4,78.4,99.9,84.4,92.7,94.1,90.8,87.7,99.6,90.1,88.7,77.0,103.5,115.7,89.7,101.9,110.5,118.0,130.3,122.4,157.4,182.5,201.0,204.8,222.9,283.9,322.3,401.2,478.5,540.8,580.9,756.8,853.7,928.6,1143.1,1265.9,1416.1,1556.6,1750.9,1877.3,2178.2,2187.4,2348.4,2559.0,2655.6,2812.7,3004.1,2983.3,3116.4,3081.5,3024.1,3045.0,2944.3,2843.3,2624.6,2532.0,2469.9,2277.8,2226.6,2018.3,1810.5,1666.4,1593.3,1426.9,1288.9,1123.3,1063.0,1051.9,946.5,856.3,798.9,794.1,794.8,691.2,736.6,741.9,712.8,747.6,714.2,716.5,719.8,691.6,701.8,640.1,651.6,657.5,645.1,615.7,618.6,630.0,635.7,583.7,595.2,597.0,605.5,590.4,615.5,564.5,597.6,610.0,604.8,609.8,627.1,680.5,613.6,629.3,699.9,696.1,671.9,699.1,645.0,655.7,600.0,690.5,624.3,576.6,595.5,563.6,523.3,515.2,463.4,471.1,404.1,432.1,385.5,367.3,359.4,328.1,277.2,264.9,278.1,259.3,244.4,240.7,223.8,202.9,193.4,212.4,189.6,161.0,170.3,190.4,165.2,169.3,150.0,148.1,127.9,136.1,153.9,138.0,171.8,114.2,146.6,109.8,138.4,127.9,158.1,126.0,145.0,134.6,147.8,135.7,135.9,132.7,147.0,148.1,121.9,124.1,148.3,157.8,128.5,140.6,129.2,135.8,147.8,129.1,137.1,137.2,128.2,141.3,136.5,138.4,133.9,154.0,121.1,141.6,142.9,147.2,120.1,140.5,139.4,147.4,154.4,137.1,150.3,126.2,147.0,137.3,148.2,144.8,146.4,160.6,163.2,147.8,136.0,139.7,136.0,163.6,121.1,160.9,139.8,154.3,110.3,140.6,165.7,147.2,153.0,153.1,163.6,138.8,148.1,173.4,155.6,125.6,152.8,150.1,168.3,172.2,144.3,133.2,166.5,150.1,156.2,154.2,139.7,151.3,152.5,164.4,162.9,141.7,163.9,154.6,166.3,169.1,161.2,151.3,159.0,164.1,161.3,146.2,145.3,140.9,169.0,159.1,141.8
0,hydrocarbon,98.2,111.0,109.1,107.4,117.3,71.6,116.8,90.2,89.5,98.8,109.2,111.9,100.2,92.7,118.3,103.5,86.5,82.0,98.9,107.4,107.2,111.9,118.6,104.7,96.3,114.6,101.6,100.2,103.5,119.7,105.4,110.4,125.7,119.3,98.3,117.2,107.6,119.2,103.7,116.7,99.1,101.4,96.1,98.5,108.6,100.7,109.7,98.6,111.7,93.7,116.0,104.4,99.7,107.5,108.1,119.4,100.9,100.2,121.8,98.0,103.6,115.3,101.5,100.5,134.6,130.7,138.6,157.7,157.4,194.2,221.4,224.4,282.9,340.9,389.8,440.0,536.7,606.9,670.2,768.9,951.1,1062.9,1261.6,1465.7,1663.9,1753.2,2000.7,2209.4,2416.4,2567.4,2864.0,2990.8,3335.8,3372.9,3506.4,3600.2,3644.8,3773.5,3773.6,3829.6,3582.2,3520.4,3520.3,3478.6,3222.2,3144.8,2975.3,2815.1,2537.8,2355.8,2176.3,1960.9,1786.1,1610.3,1490.7,1274.3,1212.3,1080.1,1007.0,853.1,785.5,808.0,705.2,742.6,671.6,629.3,567.0,560.3,575.1,542.2,544.9,525.5,526.6,468.7,472.6,458.1,426.3,380.2,403.9,339.5,345.2,330.1,327.9,258.6,273.2,273.5,259.0,226.9,203.3,200.6,185.9,171.9,174.8,150.8,154.1,155.5,148.5,134.9,126.5,140.0,114.7,131.1,131.3,144.0,118.7,138.9,117.5,121.0,122.4,120.9,137.8,131.0,96.0,135.5,122.5,116.8,116.0,122.4,127.4,99.6,129.5,121.9,103.9,117.3,135.2,120.7,125.6,95.2,137.6,130.6,119.5,110.2,117.1,119.3,113.1,138.4,126.2,131.2,129.3,139.7,138.0,117.1,144.7,135.7,119.3,119.8,134.8,114.3,126.5,113.1,118.6,121.0,130.8,127.1,135.6,124.6,114.8,134.5,125.7,143.6,120.4,126.2,132.8,119.1,130.1,110.7,154.4,141.5,148.5,129.6,143.0,123.8,133.3,119.5,129.7,141.3,109.4,134.5,155.3,138.8,147.5,123.1,136.3,120.9,123.4,142.4,110.3,127.2,130.1,137.7,118.5,118.7,135.9,138.1,158.6,133.0,124.6,139.1,136.2,120.5,141.4,139.5,140.1,134.7,120.9,138.8,140.9,143.1,140.4,145.9,122.5,135.0,124.6,160.9,121.6,139.7,125.6,142.9,133.3,120.2,144.4,128.1,132.8,134.5,147.4,165.5,144.2,128.8,134.5,131.7,128.5,156.7,141.5,137.5,145.4,158.7,123.8,136.4,135.0,131.0,133.2
0,hydrocarbon,98.1,85.0,94.9,86.3,93.1,111.6,85.9,112.5,97.5,94.4,113.6,124.4,93.9,100.1,103.1,93.4,115.4,112.4,87.1,120.8,118.7,125.9,102.6,121.1,134.2,105.3,107.6,111.7,119.9,114.7,114.3,110.7,116.0,124.8,114.6,130.4,108.3,117.4,118.3,124.0,92.7,103.9,106.4,110.7,109.1,109.9,116.7,135.3,116.8,109.7,101.2,119.5,127.8,120.3,124.3,95.9,123.6,123.8,87.4,126.5,135.5,128.2,153.0,151.3,181.0,185.7,222.4,205.5,248.7,317.1,329.9,385.8,467.5,542.8,623.3,727.0,843.6,1061.6,1180.0,1345.3,1455.1,1726.4,1933.5,2163.9,2292.3,2635.5,2831.2,3118.3,3423.2,3553.3,3706.6,3841.3,3891.3,4043.5,4085.6,4105.8,4142.0,4078.2,3997.1,3781.2,3712.5,3430.2,3291.7,3032.2,2868.1,2576.5,2352.5,2158.6,1927.7,1648.5,1494.2,1305.0,1147.5,1046.6,896.3,763.0,613.4,545.2,465.3,417.8,333.0,295.6,318.8,264.2,227.8,227.2,223.5,174.0,204.9,184.8,168.9,175.8,183.6,159.9,172.6,167.2,161.5,133.6,138.4,170.2,169.5,162.8,163.5,150.8,146.0,134.5,140.6,141.1,163.8,161.2,159.1,144.8,151.3,156.6,133.2,142.0,120.9,149.7,146.3,132.2,143.8,134.0,138.4,133.7,139.5,127.4,152.0,164.2,156.7,145.1,164.6,161.7,146.5,148.2,144.3,161.9,136.2,162.0,155.9,149.3,147.2,139.7,134.9,174.1,175.3,161.1,145.1,182.2,142.5,150.6,155.6,168.8,157.1,165.3,152.9,177.4,155.8,125.8,153.5,143.1,141.0,137.7,166.1,146.9,137.8,172.7,159.7,158.8,144.7,136.9,132.6,165.8,144.5,142.8,168.5,140.7,162.3,138.3,149.6,160.3,166.1,148.5,148.0,181.0,154.1,173.6,161.8,179.4,160.3,144.5,181.1,174.9,172.8,134.6,152.1,183.0,164.5,181.0,161.3,160.8,175.5,192.6,166.6,152.2,163.6,158.1,164.1,163.2,167.0,147.9,165.3,180.6,179.1,138.0,167.1,162.6,198.0,187.2,185.6,179.2,161.8,179.8,173.3,181.1,153.3,155.5,167.9,188.0,169.3,183.6,155.4,163.4,164.0,159.2,176.5,169.1,188.2,157.4,178.8,174.6,192.3,165.2,182.7,179.6,162.2,162.8,158.1,186.9,151.5,162.9,167.1,188.4,176.6,149.5,166.3,166.1,194.3,193.8,164.5,166.7,186.5
2,carbonyl,76.3,71.7,63.7,72.8,72.4,84.5,57.5,71.6,71.2,76.7,72.7,81.4,80.5,72.0,81.8,62.3,94.0,73.1,79.3,88.2,68.4,71.5,79.9,95.9,94.0,97.3,92.2,72.3,73.7,75.8,73.9,72.9,92.1,74.5,71.8,74.2,79.9,88.0,91.0,77.7,82.5,71.2,78.4,89.4,82.4,84.3,96.3,101.6,82.6,84.5,73.4,86.2,96.2,98.4,82.0,59.2,87.6,98.3,105.1,110.8,95.5,110.4,108.3,131.8,109.8,117.3,138.6,180.2,190.4,232.6,260.1,297.9,375.6,413.3,449.3,525.3,685.1,670.8,826.3,979.0,1046.1,1185.5,1301.9,1445.9,1680.5,1748.2,1981.5,2044.6,2176.0,2337.8,2630.4,2616.9,2773.2,2848.4,2959.6,2958.9,2967.7,3073.2,2975.0,2925.2,2950.2,2894.3,2776.1,2671.9,2487.4,2423.3,2257.4,2065.3,1993.3,1757.2,1641.3,1526.5,1372.6,1271.4,1082.5,1044.1,966.6,870.8,773.6,697.0,675.0,646.2,616.0,547.9,517.1,545.6,505.8,483.8,473.3,480.2,516.7,476.2,472.4,497.6,561.2,521.3,508.2,605.3,579.1,617.8,609.8,664.5,676.2,684.9,686.4,727.1,761.3,831.7,798.8,868.1,926.0,906.4,963.9,946.7,902.9,934.5,914.1,955.7,881.4,906.5,920.7,898.0,881.4,811.3,842.9,812.9,771.9,694.5,727.8,657.3,624.2,600.2,576.7,522.0,463.3,475.9,491.6,406.3,375.6,330.6,334.6,286.4,289.3,221.8,231.2,200.0,220.4,205.5,183.0,181.8,165.1,162.9,160.8,142.2,138.5,130.7,133.1,131.6,135.4,109.5,112.4,140.3,126.0,130.2,106.2,108.2,120.8,119.5,100.8,132.4,117.1,109.4,123.6,132.6,133.2,135.4,106.6,130.5,118.1,114.3,106.9,122.0,136.4,103.6,96.6,112.5,106.2,117.7,107.9,127.8,122.9,106.1,125.6,119.1,126.6,129.2,112.5,134.1,125.3,106.9,132.7,126.9,102.7,132.6,115.7,95.3,107.5,127.0,96.4,122.7,122.9,102.8,119.5,144.5,113.8,108.5,114.6,105.8,131.9,138.3,130.4,111.5,111.4,119.0,139.7,127.5,120.8,120.0,126.0,125.3,108.6,130.2,120.1,138.6,113.2,134.9,131.0,117.1,135.2,146.9,126.8,134.9,147.9,110.6,129.7,123.4,122.7,132.8,134.2,138.2,127.3,124.4,125.9,116.7,118.0,142.2,132.7,105.8,125.1,121.7,119.9
3,carboxyl_ester,80.7,99.2,89.8,83.9,99.8,99.4,87.3,82.0,88.6,100.9,100.6,104.2,114.6,103.6,95.5,101.5,104.2,94.9,95.1,78.6,102.9,106.6,102.9,116.6,99.2,105.8,103.8,93.5,104.1,99.2,96.3,101.3,113.0,100.9,93.2,110.1,104.8,101.0,93.2,95.3,103.7,104.6,111.2,98.1,107.4,119.2,100.1,102.4,110.7,104.1,91.9,112.2,103.4,121.1,108.1,101.9,123.3,120.3,106.4,109.7,125.0,97.5,100.2,98.1,97.2,125.7,134.9,135.5,159.5,158.5,195.8,215.7,233.7,231.7,306.6,378.4,393.5,464.2,518.2,598.9,691.2,799.5,857.4,984.0,1091.1,1318.4,1454.5,1488.1,1657.4,1771.6,1859.9,1943.2,2065.8,2180.5,2080.7,2141.1,2183.0,2222.4,2150.7,2075.6,2030.7,1856.2,1853.0,1622.3,1603.1,1522.4,1421.1,1317.7,1106.1,1025.0,957.9,905.1,808.5,711.8,737.3,689.2,677.6,578.6,611.3,578.0,585.0,575.5,576.9,563.3,602.7,577.7,557.9,555.2,561.7,561.7,564.0,609.1,557.7,586.8,531.6,562.2,583.7,590.5,586.2,633.7,576.5,631.1,598.1,639.8,669.1,669.6,682.3,764.2,754.3,802.4,815.9,814.2,934.2,867.7,883.1,958.6,980.8,953.4,945.4,1040.2,1038.2,990.2,1047.3,1060.5,1060.7,1018.5,1071.0,1128.3,1082.0,1074.3,1033.7,1099.8,1169.3,1206.5,1179.7,1115.5,1111.3,1161.8,1073.5,1137.2,1109.5,1023.0,1072.6,1000.3,963.0,916.7,925.2,937.9,913.6,797.8,723.2,688.5,673.8,625.0,584.5,574.8,494.9,451.7,408.9,383.9,378.5,327.1,333.2,280.4,284.5,250.2,204.2,196.6,213.3,191.1,175.8,198.2,153.8,147.9,161.7,162.5,165.0,148.2,145.1,144.5,132.1,140.0,157.4,157.9,140.8,121.0,154.0,128.7,143.8,140.1,119.5,160.6,132.6,141.5,155.8,155.4,129.0,157.8,133.5,154.2,123.8,133.4,140.0,159.3,158.3,144.0,156.4,163.1,151.3,144.4,141.5,140.2,152.2,155.0,165.2,145.5,177.2,143.3,153.1,143.6,139.6,128.0,151.7,142.6,147.1,142.1,131.1,138.7,165.9,161.3,156.7,155.3,140.9,134.6,157.8,161.0,143.0,137.8,133.7,139.0,158.8,143.1,136.5,166.3,175.1,145.8,137.2,160.7,154.5,155.3,129.4,144.1,157.6,154.7,144.9,169.1,154.8,130.4,179.1,162.8,151.8
0,hydrocarbon,50.7,67.1,61.2,60.9,46.6,61.4,52.3,49.7,62.9,61.0,59.6,70.3,60.7,69.7,54.4,74.0,61.4,67.8,55.1,61.6,62.1,79.1,56.5,70.7,59.1,58.6,58.6,72.5,55.7,61.7,58.3,62.2,55.0,63.6,51.5,65.9,69.8,69.3,64.9,67.4,86.0,55.4,71.4,64.1,83.1,84.4,59.3,79.3,74.4,60.1,80.6,68.0,62.9,83.4,90.9,63.9,81.5,86.4,90.6,84.3,93.8,97.8,82.0,106.1,100.7,116.2,157.8,162.0,200.4,197.1,260.7,263.2,334.4,441.5,482.8,546.5,613.8,750.9,869.2,955.3,1092.9,1306.5,1459.0,1580.3,1719.8,2005.1,2208.7,2490.7,2584.7,2645.9,2960.0,3081.2,3359.4,3591.1,3528.9,3689.9,3737.0,3708.7,3640.4,3726.5,3632.3,3711.8,3509.7,3351.1,3305.1,3093.8,2947.0,2780.1,2586.9,2398.3,2244.1,2088.8,1888.9,1748.1,1596.3,1467.5,1338.5,1170.9,1088.2,986.3,909.7,890.7,729.9,674.6,685.6,629.9,577.5,520.0,539.9,502.1,510.5,450.2,474.7,390.5,417.7,388.6,386.0,378.2,345.2,336.6,297.2,297.1,320.7,255.7,246.9,230.4,207.4,206.3,204.7,177.1,178.9,176.1,155.5,146.9,155.8,137.1,118.9,122.7,107.6,109.8,126.3,128.5,109.2,118.2,107.9,102.8,93.6,118.3,89.9,96.3,105.7,119.6,102.6,108.1,111.4,117.8,104.1,106.7,107.1,98.0,107.6,106.2,100.0,115.6,109.6,110.6,93.9,94.5,99.0,93.2,115.3,114.5,102.4,93.6,97.2,131.3,105.5,116.0,110.6,108.6,121.4,97.6,106.2,135.9,104.9,108.5,106.0,119.5,84.5,131.9,122.0,126.3,115.0,107.8,114.6,109.7,107.0,101.4,110.5,108.0,108.0,102.0,131.3,116.4,112.5,145.3,114.3,115.9,142.9,101.7,121.4,114.4,106.9,116.7,126.0,109.7,117.8,124.8,128.8,139.6,121.5,129.9,123.8,116.3,124.2,117.0,130.9,110.7,112.7,123.0,115.5,127.3,123.2,130.3,117.6,144.4,125.1,138.7,134.4,111.3,117.5,129.7,137.5,117.7,117.7,134.6,125.4,130.8,118.4,122.8,126.8,135.2,119.1,138.9,131.8,138.8,146.5,145.6,130.9,123.5,132.5,132.2,124.9,125.9,129.9,126.1,123.3,122.7,154.3,134.8,122.8,138.6,141.7,119.7,143.2,139.2,131.2,139.7,118.2,141.9,136.1
1,alcohol_ether,47.0,56.4,35.3,49.9,48.9,44.6,54.1,49.0,50.9,47.0,41.4,45.1,42.8,79.3,48.6,42.3,56.3,40.8,51.2,47.3,37.6,55.5,50.0,56.6,48.3,46.1,53.5,48.9,48.8,64.6,60.9,41.6,48.3,69.4,63.7,59.6,56.1,56.6,73.0,60.1,62.8,72.4,67.7,63.0,43.6,69.7,57.6,62.6,57.1,66.6,68.2,59.2,61.5,72.6,70.7,60.8,62.9,63.7,49.5,60.3,65.5,68.4,59.5,61.8,66.8,81.8,83.9,59.3,63.5,81.0,83.5,76.8,89.6,76.8,87.5,118.6,67.3,112.3,119.5,121.6,166.9,129.4,174.3,203.1,200.4,239.7,254.4,303.3,318.2,344.9,338.2,421.9,405.3,422.6,505.6,462.7,492.9,507.4,531.4,532.3,546.0,526.9,544.3,584.2,581.1,611.4,652.2,669.3,702.8,760.2,857.6,946.3,1003.8,1041.3,1107.3,1252.1,1317.0,1505.9,1553.0,1653.9,1834.4,1806.3,1905.3,1968.4,2123.5,2074.0,2198.5,2188.3,2199.4,2267.4,2233.8,2249.0,2098.3,2162.8,2090.9,2071.6,1993.7,1917.6,1823.5,1672.7,1737.0,1732.2,1679.6,1627.1,1588.9,1579.7,1571.7,1605.1,1640.7,1687.1,1644.7,1622.2,1695.9,1679.3,1711.6,1728.6,1703.7,1669.7,1712.8,1664.6,1659.7,1661.9,1605.5,1534.1,1392.0,1443.6,1330.6,1230.6,1184.3,1100.7,1027.3,968.6,879.9,803.1,747.4,676.7,622.6,575.6,482.8,453.8,411.4,401.8,345.9,307.0,305.5,236.4,232.5,192.0,161.5,157.0,161.4,160.0,152.2,123.9,125.9,117.8,143.6,152.2,132.7,108.2,126.9,112.0,113.3,99.2,122.5,108.5,109.9,120.1,102.3,92.0,106.0,119.2,105.5,90.6,136.2,117.8,109.9,105.9,101.6,136.2,125.9,114.2,120.1,116.2,114.3,121.8,112.7,118.3,116.3,109.7,105.3,93.1,127.3,111.6,107.6,138.1,113.8,134.3,128.3,112.1,120.7,120.0,131.2,134.4,140.6,116.3,114.4,119.0,139.7,118.4,104.6,111.7,110.4,127.1,118.0,134.4,126.7,133.3,121.8,139.6,125.5,137.5,132.8,141.8,142.6,115.1,138.9,146.5,117.7,124.0,122.0,143.7,125.2,130.3,145.4,133.8,135.5,125.4,131.3,143.1,151.4,129.5,139.5,141.9,140.0,128.1,127.6,126.1,166.7,134.3,146.9,127.1,114.0,130.0,139.8,139.5,155.2,134.7,134.9,124.1,134.6
3,carboxyl_ester,120.7,104.0,94.6,99.0,98.7,104.4,106.6,104.5,117.5,110.4,108.1,109.1,106.1,101.5,117.2,115.3,106.3,99.3,114.1,110.6,104.1,111.8,129.9,114.5,97.5,121.9,107.4,123.6,118.1,111.4,111.7,119.6,136.9,109.9,108.9,106.9,132.2,112.1,115.2,116.1,126.1,110.0,97.9,136.8,117.1,99.3,118.5,109.6,121.2,117.2,104.0,129.3,145.1,127.6,104.1,123.6,112.1,122.4,116.8,136.2,144.8,134.3,115.3,144.4,142.3,128.5,153.7,128.2,135.9,167.9,163.1,150.8,170.6,171.1,160.0,209.3,216.2,221.1,238.1,288.5,277.7,338.5,385.5,389.7,430.2,509.0,543.3,592.4,598.0,653.4,694.2,706.5,755.6,809.6,857.3,887.8,895.4,929.2,931.5,903.1,972.7,935.6,934.6,957.4,948.4,992.6,996.3,1025.5,1034.6,1074.5,1181.8,1202.2,1266.2,1322.1,1345.3,1421.6,1541.5,1583.2,1685.4,1771.3,1898.2,1970.7,2055.0,2144.2,2131.6,2141.8,2239.6,2286.7,2179.9,2183.5,2143.8,2128.1,2066.1,1969.9,1865.6,1875.6,1751.9,1599.4,1510.4,1437.6,1337.9,1153.0,1079.3,1044.3,946.0,853.2,826.0,777.0,693.3,695.8,636.6,600.3,575.5,570.0,548.3,562.9,567.5,530.8,540.8,578.7,614.2,647.3,672.8,627.3,766.4,772.3,769.9,834.8,896.7,955.0,937.3,946.7,985.2,1047.6,1134.8,1174.7,1152.9,1194.1,1284.6,1235.9,1231.7,1272.7,1245.0,1226.9,1231.6,1156.4,1144.7,1117.8,1055.0,1054.3,1016.7,970.0,912.3,830.0,837.0,753.2,712.9,676.0,596.8,560.5,519.0,456.1,476.1,430.5,360.2,363.8,351.4,329.8,248.8,280.8,291.1,225.4,244.0,237.1,204.8,216.8,208.4,212.7,206.5,180.0,198.2,181.6,183.9,196.4,183.3,194.1,182.0,198.9,186.7,183.7,214.9,194.2,161.6,175.4,169.5,197.8,211.5,216.0,193.6,191.7,174.6,187.0,196.9,193.2,207.2,182.5,179.6,188.9,225.7,189.8,174.7,188.2,178.3,211.6,193.3,182.0,189.5,193.4,202.8,193.8,221.8,155.9,194.0,196.6,198.4,218.9,189.1,224.2,226.2,208.5,205.5,201.7,195.5,207.3,206.4,190.3,204.5,191.8,200.7,182.4,198.6,198.0,232.7,199.7,193.3,196.8,206.6,202.6,211.6,199.0,188.5,197.6,201.2,214.0,204.6,184.5,209.4,226.0,183.0,172.4,200.2
0,hydrocarbon,58.5,52.9,52.3,63.5,48.0,65.4,48.7,70.9,60.7,59.9,58.7,63.9,63.4,54.7,70.5,70.8,72.2,59.8,63.7,61.1,59.6,72.7,68.2,58.5,57.3,60.9,61.5,50.1,56.1,65.6,74.8,54.7,72.2,67.7,58.0,69.5,70.5,39.3,49.8,68.8,62.4,76.2,77.2,69.3,70.0,56.0,70.4,70.9,81.3,59.6,71.8,66.3,73.0,88.7,77.5,72.2,81.1,85.1,76.7,93.9,90.8,80.2,87.4,89.8,112.8,137.3,145.9,171.5,185.7,217.0,266.9,310.9,396.1,467.4,572.8,631.8,804.8,890.2,1064.1,1205.9,1380.1,1586.0,1846.5,2077.1,2196.6,2423.5,2618.4,2880.5,3093.6,3307.0,3502.8,3589.2,3667.0,3763.9,3786.3,3894.7,3931.5,3793.4,3695.1,3742.6,3447.3,3420.8,3077.4,2911.0,2642.9,2464.8,2235.8,1977.8,1749.1,1600.7,1339.3,1237.5,1050.9,870.6,811.5,616.2,592.4,469.4,436.3,336.1,303.9,275.4,216.7,214.0,180.6,162.8,168.4,160.4,160.6,147.1,149.8,137.2,150.4,129.3,146.9,145.1,139.8,138.4,156.9,156.6,165.8,159.5,164.8,159.5,181.4,184.9,188.4,196.1,216.9,195.1,220.8,225.6,214.9,224.6,211.7,218.0,226.1,237.6,224.4,219.5,225.0,206.1,207.2,184.3,173.1,192.6,190.4,158.3,167.6,136.2,156.0,150.2,149.6,138.1,126.4,133.3,134.5,126.3,119.7,108.7,112.4,118.7,103.7,103.2,125.3,116.3,98.4,98.9,91.7,101.2,96.0,109.7,100.0,80.1,83.8,103.3,92.5,85.9,101.6,93.5,90.1,93.0,87.4,99.2,89.6,92.3,108.0,100.7,102.3,118.8,92.6,95.9,83.0,76.6,100.5,93.3,96.3,87.2,90.7,98.3,79.6,93.3,99.7,96.7,91.5,89.8,96.4,111.7,100.4,108.8,84.8,79.7,85.4,128.4,123.3,94.1,94.4,80.7,98.6,105.2,89.3,114.2,93.1,90.6,113.1,104.7,109.6,81.5,95.0,96.5,94.1,93.3,96.3,106.7,125.1,118.4,107.1,110.4,113.4,87.8,92.5,93.7,122.2,99.5,97.4,99.3,108.8,115.6,98.3,102.0,97.8,99.7,102.3,98.4,89.4,88.7,100.2,105.4,88.3,110.0,114.4,108.1,88.2,105.8,114.7,99.8,95.6,105.4,113.7,101.8,121.2,99.4,101.1,114.7,112.5,103.5,114.4,103.5,115.6,103.8,111.0
0,hydrocarbon,65.8,52.3,70.1,54.5,65.5,66.4,71.3,61.1,76.4,61.4,60.9,65.8,72.5,62.5,58.5,54.5,57.3,57.6,57.5,68.3,64.6,76.9,62.2,65.1,56.7,73.4,45.4,69.2,76.9,59.5,61.2,68.6,61.8,48.7,71.6,73.0,69.1,62.2,73.4,53.7,53.9,75.1,83.0,76.9,70.7,88.0,75.4,73.6,90.5,68.5,84.7,70.3,82.5,81.0,76.4,78.5,90.5,75.7,92.0,87.0,84.8,90.4,88.2,97.3,86.4,122.1,105.8,145.0,172.4,222.3,272.9,315.6,373.7,456.5,511.0,646.1,766.3,847.3,967.6,1169.6,1376.4,1561.8,1817.9,1962.5,2306.3,2489.3,2737.6,2882.9,3134.1,3393.4,3533.5,3594.7,3727.1,3755.6,3810.6,3733.7,3681.8,3573.9,3460.8,3343.2,3084.2,2895.5,2690.5,2449.7,2274.0,2082.5,1878.7,1572.0,1424.3,1278.4,1078.3,946.2,864.5,710.8,611.2,531.5,454.1,429.0,446.6,364.8,360.5,333.6,331.6,309.6,336.9,302.4,308.9,286.9,287.1,292.9,266.0,267.3,250.6,224.2,219.2,255.1,201.4,222.0,227.0,219.8,209.6,217.6,240.1,235.4,207.6,241.4,223.5,242.8,210.5,240.6,222.6,220.7,200.7,235.3,226.6,203.4,198.4,227.8,209.8,213.1,199.5,231.2,211.9,207.7,210.4,191.0,159.7,188.6,155.9,176.0,147.2,142.2,157.1,152.0,141.5,143.8,114.6,129.3,105.9,135.9,111.4,123.6,130.9,118.1,117.3,132.2,120.9,104.5,104.0,122.0,119.6,110.5,105.6,120.2,123.3,123.4,121.0,105.0,105.6,110.3,121.7,119.0,128.4,137.7,121.4,112.6,110.4,97.4,126.0,121.2,106.8,123.6,132.6,116.4,129.4,115.8,123.0,125.1,112.7,131.6,136.4,106.0,125.1,120.5,125.9,107.5,135.7,127.1,105.9,123.0,121.9,126.5,118.9,139.4,137.7,142.6,132.6,107.5,123.0,140.7,120.0,147.0,143.2,153.2,134.5,117.6,130.4,131.6,138.7,132.6,126.1,148.5,137.8,168.2,138.3,139.5,126.4,114.5,140.1,131.7,141.4,117.1,137.0,116.6,138.5,130.9,125.6,152.3,125.2,136.6,117.9,138.4,141.4,114.9,127.2,131.1,141.8,146.9,153.1,133.2,139.1,138.4,135.8,149.2,151.4,146.9,158.8,139.3,149.9,143.2,172.0,140.0,156.7,138.8,130.0,132.1,169.5,133.5,153.7,156.4,118.5
0,hydrocarbon,85.1,83.6,100.3,87.8,94.5,85.1,101.7,91.1,107.2,98.3,92.3,79.3,113.3,103.3,81.9,86.1,114.8,92.7,105.0,71.8,104.9,106.8,98.7,103.5,93.1,108.9,115.4,99.5,91.4,99.8,86.9,98.7,104.9,101.4,91.5,110.5,84.0,104.6,99.0,98.9,88.6,93.5,79.8,97.1,101.7,104.1,94.9,115.4,108.1,97.5,84.2,88.7,113.5,105.5,93.8,104.5,77.2,86.0,105.3,95.5,95.5,107.2,93.4,119.0,143.6,139.3,133.8,124.5,153.0,168.4,215.0,256.7,265.5,352.1,364.5,481.8,566.9,657.5,767.6,910.0,1125.0,1226.8,1392.9,1598.9,1753.7,1997.4,2248.7,2490.1,2686.4,2857.8,2988.5,3078.6,3196.9,3265.7,3425.2,3488.1,3436.8,3339.4,3163.0,3131.4,3021.7,2957.7,2746.4,2485.1,2253.6,2187.8,2008.3,1809.0,1534.1,1441.4,1329.1,1141.4,1122.7,957.4,918.6,845.7,841.5,815.4,765.2,735.9,792.7,695.2,783.4,669.5,717.3,774.7,710.4,703.9,689.8,677.8,663.8,652.9,585.1,612.7,553.0,518.6,506.2,425.9,444.5,398.9,347.6,327.5,327.9,315.0,289.8,263.5,252.6,238.2,236.1,215.0,214.3,217.9,214.3,207.0,216.4,208.5,213.4,196.8,198.0,198.3,190.9,201.5,196.9,188.2,176.2,167.1,158.4,158.1,177.8,158.8,132.5,140.1,139.9,155.3,138.4,117.4,120.0,124.4,126.6,127.2,119.6,114.3,134.3,130.0,131.5,134.1,115.4,106.6,107.5,121.4,136.2,135.5,112.9,125.0,103.9,112.9,119.7,112.8,103.6,117.8,103.5,121.7,110.1,142.3,101.3,105.7,119.5,115.1,112.0,102.1,117.7,120.3,117.0,121.6,98.1,106.9,122.7,120.6,107.7,109.0,106.8,116.7,130.3,120.8,109.7,113.5,124.1,111.8,119.3,118.2,118.0,107.7,112.5,105.4,108.3,122.8,121.3,107.9,113.0,116.3,113.8,96.8,141.1,121.3,118.9,118.1,112.0,112.2,112.5,96.2,106.3,148.0,113.3,98.5,121.9,102.0,134.3,117.9,112.1,119.0,117.0,125.9,131.1,121.9,113.1,113.9,125.1,117.2,132.0,129.2,119.5,119.5,115.9,124.1,102.8,117.8,134.8,134.1,116.1,124.1,132.4,132.8,128.1,140.7,132.3,120.5,123.3,110.7,126.4,120.7,106.4,125.4,116.6,127.4,127.2,120.3,145.0,129.5,148.2,124.2,114.3
1,alcohol_ether,129.7,100.2,101.0,92.9,95.0,100.6,113.7,122.9,117.8,97.2,103.4,127.5,112.8,106.5,109.3,120.7,111.4,110.3,107.9,89.3,101.7,125.0,111.8,116.6,104.5,105.3,104.7,120.9,120.9,116.1,138.1,116.1,97.0,109.2,101.4,116.9,121.8,112.9,107.3,101.8,108.8,124.9,99.1,131.8,111.6,103.0,117.2,110.5,119.7,123.8,119.1,117.7,111.0,120.5,132.7,131.9,125.2,136.7,118.6,127.5,116.8,130.7,126.2,147.1,155.9,164.2,141.7,172.0,179.6,205.0,204.2,224.0,237.2,294.4,318.6,326.2,377.7,433.0,495.1,484.2,604.7,658.3,712.2,801.1,863.6,953.4,1031.4,1095.7,1146.8,1205.3,1284.5,1333.0,1346.6,1369.1,1446.3,1429.0,1488.4,1464.4,1514.6,1513.5,1485.7,1490.1,1506.3,1553.4,1451.3,1480.4,1532.7,1521.8,1574.9,1586.6,1547.2,1764.6,1695.6,1832.3,1899.8,1976.5,2062.8,2047.9,2115.2,2258.8,2162.2,2364.4,2397.8,2395.7,2457.2,2440.6,2389.1,2403.8,2421.5,2274.7,2252.7,2150.0,2103.4,2020.8,2011.5,1802.7,1734.9,1652.3,1522.8,1447.9,1284.3,1189.5,1096.9,1060.6,1011.5,916.2,812.9,791.0,777.7,752.3,711.8,643.2,666.8,590.6,586.3,508.8,551.1,520.3,522.3,518.7,554.6,472.1,502.1,486.5,535.4,495.0,523.5,497.7,501.2,489.3,512.0,505.2,573.7,477.9,495.8,497.4,527.1,476.8,484.0,454.5,476.6,528.4,468.7,469.8,417.4,401.8,393.1,400.8,437.3,392.4,362.0,384.3,328.3,298.1,320.5,330.3,277.9,257.1,259.6,270.1,255.1,226.9,194.3,203.2,196.1,184.2,184.0,219.8,187.2,174.8,179.9,179.6,177.8,180.7,176.9,169.0,173.3,159.1,184.2,151.6,165.8,185.7,152.3,162.8,162.8,185.6,171.2,167.1,161.2,147.8,190.8,204.8,176.0,180.4,168.7,176.7,187.1,162.0,186.1,171.4,183.4,181.9,190.4,183.7,158.2,150.6,180.5,164.4,156.5,155.9,182.4,185.0,157.3,172.5,189.4,179.9,179.1,172.7,142.6,190.0,183.0,179.1,185.5,181.0,167.0,173.6,166.4,191.2,193.4,179.6,178.8,180.7,165.7,200.6,155.2,164.9,183.5,166.5,185.4,194.0,180.4,173.8,212.0,153.7,188.2,173.8,176.3,200.1,174.6,191.4,176.3,210.3,161.3,179.8,182.5,194.4,207.9,166.4,183.5,179.5,199.5
1,alcohol_ether,94.8,121.9,119.1,98.6,116.0,115.9,111.3,109.9,109.9,100.1,117.3,104.6,109.2,110.8,105.3,135.3,118.6,97.0,91.6,124.7,111.9,102.8,122.0,106.8,121.7,110.3,119.7,123.7,112.4,105.5,136.8,114.3,120.5,116.9,123.2,104.5,103.9,103.5,118.0,128.2,92.4,130.2,126.2,90.2,111.2,108.1,105.0,105.8,123.1,133.2,116.4,123.7,128.2,118.7,111.2,116.7,123.8,121.9,117.3,124.6,133.0,135.7,130.1,138.7,175.1,169.8,203.3,209.8,199.8,210.1,276.5,315.5,395.5,350.9,452.0,519.5,602.6,669.7,741.5,847.6,922.9,1032.5,1222.7,1301.8,1417.4,1510.9,1620.2,1784.0,1828.5,2011.5,2021.0,2069.1,2266.2,2258.5,2392.8,2316.0,2524.3,2360.3,2386.4,2354.2,2303.2,2177.1,2218.6,2060.1,2028.8,1956.0,1949.4,1862.8,1810.8,1802.2,1659.9,1668.2,1728.0,1686.6,1624.5,1651.1,1597.4,1629.9,1645.5,1629.1,1591.3,1699.8,1658.2,1717.1,1664.6,1656.0,1602.7,1653.2,1641.8,1598.6,1569.3,1517.6,1500.6,1478.9,1372.3,1321.6,1234.0,1201.1,1121.2,1067.0,978.4,944.1,898.5,863.3,731.6,722.2,669.7,648.4,627.5,588.0,534.0,531.9,508.7,475.2,452.1,465.4,418.9,438.7,410.2,415.7,412.2,380.8,380.7,349.3,388.0,347.8,352.0,389.0,359.1,375.1,363.4,325.5,382.9,358.8,344.4,330.2,309.9,345.1,320.7,310.8,301.8,325.1,288.3,289.4,289.4,303.6,278.8,318.3,245.7,260.8,260.2,230.5,219.8,204.5,225.8,191.5,231.7,200.6,187.8,217.7,172.2,193.2,160.3,185.3,185.0,168.3,176.9,154.5,164.6,174.2,154.8,157.9,137.9,154.0,153.1,152.3,152.1,131.6,161.0,144.1,146.5,133.5,145.9,145.7,169.6,139.6,137.0,121.6,155.2,159.4,167.0,130.7,136.7,134.4,136.2,140.2,146.3,158.1,151.5,133.0,156.7,155.1,124.8,157.0,135.2,120.0,158.2,138.2,148.6,167.0,168.4,131.7,130.4,146.2,154.2,143.5,170.3,183.1,149.2,146.7,151.5,137.2,131.5,141.5,138.6,157.4,132.0,156.5,171.7,161.0,144.9,130.7,139.1,126.4,148.2,155.2,173.9,149.4,137.8,154.2,162.0,147.5,156.4,151.1,165.2,157.7,160.4,180.7,159.4,169.7,156.3,146.9,164.2,156.0,139.8,174.1,163.0,148.7,133.1,161.8,166.7
0,hydrocarbon,80.5,88.8,95.0,89.9,83.9,98.5,98.5,92.1,77.4,93.4,84.3,99.5,85.0,93.5,92.9,79.0,98.8,91.0,79.5,93.8,72.2,99.8,95.6,84.0,71.1,79.9,71.1,82.5,87.2,115.4,104.3,102.5,110.7,81.5,93.9,81.8,109.6,97.4,80.0,100.3,85.4,79.0,91.4,102.4,82.6,97.5,83.9,88.4,94.5,83.0,85.1,89.6,103.4,96.8,77.9,82.7,106.5,97.4,85.8,101.1,91.4,91.9,93.5,96.7,114.7,94.8,104.9,117.4,126.6,123.8,122.8,171.8,172.1,198.7,274.2,297.4,360.3,441.1,537.0,584.0,748.4,841.4,1092.1,1215.1,1398.9,1592.0,1751.8,2042.9,2266.1,2583.7,2937.2,3051.2,3332.7,3403.7,3768.5,3839.4,3851.0,4049.7,4049.7,3934.3,3932.8,3802.4,3512.1,3389.2,3262.5,2986.9,2689.9,2383.0,2212.2,2053.3,1730.6,1529.2,1285.4,1066.1,969.7,800.0,649.4,571.7,481.4,378.9,342.6,317.2,246.7,232.9,213.6,165.1,168.4,149.3,155.6,154.2,147.4,141.7,132.2,115.3,136.6,141.6,143.0,144.1,146.1,135.1,144.5,153.6,169.1,154.7,165.0,159.8,151.7,169.5,144.0,170.1,164.4,159.4,181.9,168.2,225.5,207.6,185.6,207.6,190.8,221.5,199.5,205.2,196.4,193.1,189.2,190.4,213.4,183.0,171.4,154.8,171.4,157.6,153.3,146.4,149.8,121.3,143.6,132.0,145.8,119.5,129.0,116.0,119.3,113.5,126.2,114.6,110.9,102.8,117.6,118.5,98.3,121.3,109.3,123.7,119.9,86.3,105.7,119.8,124.8,125.1,106.7,115.4,120.5,120.2,108.7,138.2,107.8,120.1,104.9,122.4,99.6,117.9,110.9,114.6,88.3,114.8,135.8,120.4,106.7,132.7,120.0,105.4,121.2,144.6,122.3,135.8,123.2,147.6,125.3,115.2,135.6,121.3,129.4,132.2,135.9,126.5,135.8,125.0,122.2,116.0,114.8,116.8,131.5,137.9,118.7,119.7,115.6,117.4,115.3,114.1,124.9,123.3,124.7,125.9,122.9,126.6,133.5,138.2,124.1,141.3,138.8,123.1,136.3,132.6,130.0,107.3,157.4,116.3,132.4,136.3,136.3,137.6,134.1,135.5,127.9,126.3,137.6,137.1,113.7,120.3,126.7,113.1,154.9,105.7,143.4,131.6,135.4,127.9,124.5,120.3,116.4,142.0,139.4,115.9,102.7,156.6,129.9,125.1,125.4,136.2,136.1
3,carboxyl_ester,121.7,103.1,126.8,103.1,118.6,111.2,106.9,95.5,111.3,113.4,106.2,111.3,118.4,116.6,102.8,99.3,126.7,110.1,124.4,118.1,107.5,103.6,103.6,116.5,114.1,112.5,127.0,98.0,107.0,115.9,127.2,107.9,108.7,108.3,119.3,114.8,99.5,128.6,118.5,124.9,118.7,111.8,116.5,119.4,129.3,137.2,120.1,111.5,114.1,106.9,131.5,131.5,116.2,122.8,108.9,145.5,102.6,129.0,125.7,115.4,150.1,127.8,134.3,127.2,140.6,124.3,154.5,161.2,180.4,171.6,193.9,271.9,274.7,331.5,365.6,418.0,507.3,571.1,728.0,828.6,918.5,1165.2,1252.1,1485.8,1634.1,1848.2,2028.8,2369.8,2544.3,2624.0,2856.3,3007.1,3008.3,3226.9,3387.3,3471.9,3512.2,3487.6,3505.6,3507.6,3229.4,3187.9,3077.4,2833.7,2693.0,2480.4,2274.1,2082.5,1755.8,1599.1,1429.8,1297.4,985.2,926.4,848.3,744.9,630.1,556.0,452.7,420.4,371.6,331.8,281.7,269.7,243.7,243.2,235.9,192.1,193.6,217.7,184.7,197.4,190.6,218.5,242.1,239.6,242.3,227.5,243.5,253.8,263.6,246.7,261.0,300.3,311.5,366.3,345.6,367.5,399.3,443.6,406.6,408.0,424.4,473.1,431.6,482.7,502.1,466.2,482.9,471.5,480.1,524.9,491.3,489.8,469.8,504.2,477.8,503.7,532.9,509.4,503.3,490.8,485.6,460.3,512.9,511.2,521.7,517.5,529.4,491.0,471.5,504.2,412.2,549.3,441.4,444.6,450.3,436.3,392.6,381.9,382.3,373.0,334.2,346.9,330.9,316.4,297.3,268.4,274.8,250.0,245.5,207.8,218.3,226.9,204.4,176.2,187.0,179.6,167.4,170.0,150.2,178.4,162.8,162.6,169.9,177.8,173.9,164.3,162.1,162.0,142.7,163.2,174.9,175.0,160.8,176.0,150.4,151.1,171.6,154.9,163.9,152.0,164.6,165.4,149.7,168.3,159.2,152.3,127.5,151.6,149.1,159.2,147.9,179.0,159.3,178.7,171.4,150.6,161.2,151.5,143.1,169.8,150.6,180.8,156.8,164.5,167.8,165.2,146.7,156.5,159.0,153.7,180.2,187.6,155.6,157.4,175.6,162.1,197.6,157.6,150.9,172.3,177.0,186.7,175.4,164.2,168.5,192.7,174.3,154.6,171.0,163.4,179.4,176.6,158.6,157.7,160.8,186.2,175.1,171.6,174.1,137.2,180.4,175.4,140.9,169.8,181.0,190.6,161.7,163.6,170.8
1,alcohol_ether,124.2,102.5,110.8,98.1,119.7,110.0,102.2,125.3,113.1,120.3,132.4,128.6,129.8,126.2,120.3,119.1,119.6,116.8,119.3,112.7,131.0,130.4,106.9,116.5,120.4,105.9,134.5,129.4,122.8,113.0,91.7,114.4,111.2,134.6,122.6,139.4,122.3,126.3,111.5,105.4,136.8,119.1,114.8,146.5,98.9,140.3,138.9,137.1,109.2,140.6,113.2,134.3,164.8,113.1,126.5,144.3,134.8,145.9,158.5,139.6,165.1,150.2,169.8,182.0,178.0,205.5,238.8,244.0,289.4,283.6,423.6,412.8,522.5,596.6,696.3,817.2,877.8,1021.0,1256.1,1358.8,1531.8,1785.5,1946.3,2153.8,2407.8,2621.7,2736.7,3121.7,3185.7,3444.5,3600.2,3573.3,3709.5,3884.2,3850.8,3882.5,3891.9,3696.2,3593.9,3502.6,3312.2,3139.8,3013.0,2779.4,2650.7,2350.8,2131.8,1996.4,1728.8,1535.3,1427.6,1295.4,1148.9,1056.0,920.9,816.7,784.9,724.6,672.9,589.3,602.0,558.8,531.2,503.0,449.6,473.0,463.3,433.1,442.9,447.8,401.2,414.6,344.9,379.8,351.8,361.3,313.5,303.6,280.5,261.6,263.9,232.3,251.4,247.3,207.7,206.3,197.6,197.2,201.1,185.3,164.8,166.3,149.3,180.5,177.5,151.2,176.7,183.3,166.5,168.8,183.4,173.0,162.1,176.8,154.9,160.4,162.0,174.5,164.6,163.9,152.4,161.8,154.0,208.4,162.4,158.5,165.8,172.2,161.7,167.9,176.5,165.4,165.3,151.8,169.0,170.9,177.1,161.7,154.5,190.3,162.3,149.5,167.3,157.6,161.0,155.6,163.1,190.4,165.9,169.0,175.7,171.2,174.9,167.6,157.8,168.3,178.4,191.0,184.2,162.1,183.7,191.5,172.2,158.0,166.6,192.6,152.6,154.1,179.9,170.4,175.3,182.4,169.9,176.6,173.3,193.1,171.3,172.3,185.5,181.2,170.1,182.7,180.1,179.2,176.8,201.8,181.5,182.3,164.7,169.1,153.7,176.7,200.1,160.3,197.6,196.0,197.8,166.4,182.8,166.9,214.4,163.6,205.8,171.4,178.7,188.0,217.5,180.7,187.1,155.5,189.9,193.0,213.7,186.6,181.0,193.1,191.2,194.4,195.9,172.6,210.0,188.4,166.9,176.5,177.8,186.0,193.8,189.2,198.5,170.4,194.0,190.5,207.4,204.7,192.8,166.9,183.7,172.5,195.0,187.1,193.8,210.0,209.0,205.6,197.9,193.3,167.5,202.5,192.6,205.7,205.4
1,alcohol_ether,53.1,41.3,47.4,53.4,67.7,55.7,38.5,60.3,51.9,56.6,51.3,51.7,56.3,37.2,55.0,67.4,57.7,55.7,48.4,57.9,56.5,75.8,50.3,65.6,63.8,56.2,52.0,60.8,52.9,48.3,46.0,53.2,53.8,58.7,59.2,59.1,65.7,58.7,66.0,72.0,73.8,52.7,63.1,63.6,52.3,46.9,53.0,64.8,62.0,57.9,76.1,75.2,71.8,59.5,70.1,76.0,57.5,71.5,62.7,72.6,55.8,86.3,89.1,90.7,96.4,115.2,105.5,134.0,162.5,222.1,197.7,227.4,281.3,343.1,383.1,465.1,576.0,641.0,750.4,841.3,957.4,1124.3,1213.8,1363.8,1458.4,1673.3,1842.4,1931.3,2051.7,2233.5,2278.2,2294.6,2378.2,2455.9,2462.9,2543.6,2528.4,2479.4,2403.1,2478.6,2359.0,2266.6,2122.7,2033.6,1943.7,1830.1,1817.3,1766.7,1703.2,1592.1,1556.8,1558.2,1595.5,1504.4,1509.0,1560.2,1608.5,1524.2,1663.2,1636.8,1676.8,1635.0,1594.2,1719.2,1709.3,1679.7,1668.6,1684.9,1633.5,1536.5,1507.5,1429.0,1385.2,1292.0,1246.6,1206.5,1076.1,974.8,880.2,836.8,740.3,664.3,606.7,522.1,463.1,404.5,408.2,342.1,298.8,300.2,256.0,249.4,217.3,185.3,173.6,184.1,156.5,144.4,156.7,161.7,149.8,143.4,129.0,125.1,112.2,158.3,106.2,131.4,138.0,118.9,102.7,112.5,115.3,103.7,122.9,102.5,130.7,127.5,114.1,117.1,128.9,113.5,111.8,126.2,105.6,101.8,113.2,112.5,92.6,117.2,123.2,110.6,108.3,102.8,114.5,121.4,116.9,114.3,105.3,128.0,127.6,120.3,120.7,115.3,102.1,112.1,100.4,98.9,110.8,120.4,99.6,116.1,110.4,101.8,105.5,132.2,119.0,109.8,131.7,99.8,123.2,115.6,112.6,126.7,119.9,135.1,108.5,115.8,122.3,141.0,121.3,108.1,104.4,119.0,121.0,106.2,124.4,146.4,123.2,132.4,121.1,120.5,87.6,113.7,113.2,113.2,142.5,140.9,138.2,133.3,138.4,121.1,132.0,148.8,117.4,133.0,129.2,140.3,127.2,134.8,115.6,128.9,158.6,127.6,131.0,144.7,132.6,127.2,126.1,119.3,150.3,106.1,124.6,140.4,133.7,145.9,138.3,147.7,114.0,151.0,117.4,140.8,145.6,143.9,119.8,119.5,139.7,126.1,139.8,129.5,125.5,164.2,165.1,137.1,153.7,156.5,111.1,141.6,137.4,143.7,126.3
1,alcohol_ether,102.6,91.9,90.6,90.9,93.3,85.9,108.7,87.5,95.0,81.0,96.0,91.4,72.0,103.2,80.2,97.9,98.7,98.2,99.9,105.7,93.7,85.1,106.5,81.7,87.1,98.7,98.8,95.1,89.7,102.4,96.6,103.1,92.9,82.8,96.1,89.1,90.8,92.5,103.7,92.0,109.2,98.0,83.3,101.8,99.0,109.7,94.4,92.9,99.8,107.0,93.6,100.4,96.5,108.4,100.6,107.0,85.3,102.6,98.7,96.2,93.3,115.0,109.9,114.6,96.4,128.5,123.7,126.4,132.5,140.9,174.4,188.0,218.7,263.8,278.7,347.2,370.6,430.7,486.1,589.7,623.0,726.0,838.7,989.2,1138.6,1259.1,1333.7,1516.5,1625.5,1819.4,1913.9,2012.1,2221.2,2292.7,2327.3,2387.6,2393.7,2532.8,2388.0,2522.3,2581.5,2388.8,2331.7,2316.5,2244.6,2159.7,2060.1,1929.9,1816.5,1707.9,1667.9,1587.4,1530.2,1447.4,1362.6,1414.7,1334.3,1335.0,1313.9,1330.8,1311.5,1363.4,1333.4,1389.1,1367.2,1378.6,1364.7,1358.9,1380.3,1329.3,1359.5,1302.6,1166.1,1247.8,1183.7,1155.7,1084.7,974.1,876.6,872.0,810.3,735.4,681.0,667.4,582.9,545.8,488.5,456.2,413.2,326.3,324.3,309.8,262.2,263.7,299.9,264.0,227.4,260.7,237.9,267.2,247.0,286.0,253.4,294.2,308.3,281.9,346.0,365.3,400.1,395.7,412.8,416.6,421.0,463.7,460.7,489.0,530.4,499.4,514.7,552.8,545.8,550.0,497.8,565.6,545.8,511.0,559.1,527.3,540.4,491.4,461.1,431.6,458.4,384.6,407.0,346.2,345.0,315.7,318.1,281.4,309.1,245.9,257.3,227.8,240.9,205.8,205.8,193.7,211.1,163.9,170.6,183.8,140.3,155.9,150.1,146.0,142.6,140.3,152.9,125.4,140.6,144.4,141.0,132.8,133.8,123.6,144.0,126.8,141.6,146.9,142.3,134.5,138.0,125.5,145.0,147.8,151.0,158.2,141.9,125.2,134.1,136.9,165.9,123.8,124.7,149.3,136.4,143.1,149.3,166.4,162.1,145.0,123.9,149.9,148.2,133.7,128.8,135.1,149.2,171.4,158.9,133.8,121.9,135.1,132.2,133.7,135.1,152.2,143.8,143.8,166.5,138.4,131.5,151.4,138.4,176.2,144.5,122.8,141.7,160.4,163.3,141.9,128.6,151.7,148.6,165.0,173.4,142.2,154.2,151.9,150.4,157.2,156.4,150.8,140.0,125.9,173.0,124.6,142.8,153.0,161.8
2,carbonyl,91.6,103.1,107.6,96.2,112.3,109.9,92.2,87.3,94.6,103.1,85.1,108.1,96.0,81.8,100.1,115.3,107.1,102.5,84.4,115.2,105.9,104.6,96.9,99.7,110.2,93.6,104.8,124.3,92.0,103.0,88.3,94.7,104.0,120.5,111.9,98.9,105.2,98.9,79.0,112.4,90.3,101.6,108.2,86.5,96.2,85.8,99.4,121.5,97.5,103.8,107.4,102.4,104.5,121.5,105.5,107.8,93.7,111.4,109.2,96.6,105.4,105.5,109.3,108.9,83.2,94.0,111.8,120.3,132.1,154.8,157.5,147.4,180.2,201.2,200.1,263.6,288.0,313.8,390.2,438.5,525.5,545.6,596.8,710.3,791.5,892.4,951.3,1001.6,1156.0,1289.2,1319.5,1361.0,1473.0,1485.0,1538.9,1452.5,1599.3,1452.1,1515.5,1513.4,1492.7,1403.5,1328.4,1317.2,1253.9,1148.6,1152.5,1123.4,1087.6,1049.7,1121.2,1143.2,1127.7,1236.9,1250.4,1258.5,1339.2,1461.4,1456.2,1545.7,1601.6,1682.9,1675.2,1742.5,1664.7,1758.3,1807.7,1739.2,1746.2,1596.5,1566.1,1645.1,1487.6,1449.9,1345.6,1318.9,1214.4,1075.8,1040.3,992.4,983.3,870.0,837.6,887.0,788.2,750.4,714.1,684.2,755.1,696.9,699.9,765.9,675.1,688.1,715.8,671.7,689.0,777.3,748.5,719.9,756.6,742.4,793.4,766.4,704.8,746.9,730.4,747.0,763.1,686.8,760.1,807.1,744.7,766.9,748.8,807.3,679.9,755.3,745.8,710.8,772.9,747.6,714.3,688.1,657.4,640.1,597.8,602.7,572.5,539.5,502.5,522.7,441.4,438.0,414.3,361.1,330.9,334.9,307.8,310.8,257.9,250.8,243.6,216.2,193.1,199.5,171.6,187.2,178.0,169.6,166.6,155.3,153.7,181.0,152.8,160.4,154.7,162.7,153.9,167.3,134.0,151.0,154.4,133.6,179.2,130.2,143.7,146.4,140.2,167.2,168.5,158.4,146.1,164.7,152.8,157.4,159.4,139.8,151.9,157.3,151.4,161.4,159.0,171.0,148.5,142.3,161.0,146.6,151.9,153.6,160.8,168.8,143.7,158.2,157.1,146.4,147.4,142.5,149.6,148.0,144.2,158.6,152.1,161.4,147.5,149.7,155.7,174.7,162.1,166.8,175.6,166.0,160.2,170.9,154.5,170.2,164.1,166.7,138.1,158.8,159.3,157.9,160.9,130.9,159.4,156.7,174.3,162.0,169.7,139.9,172.8,151.9,156.9,163.5,187.1,181.6,158.8,171.1,163.8,182.8,169.8
1,alcohol_ether,40.5,55.5,43.4,55.8,52.3,46.2,63.5,50.7,49.8,54.8,58.4,49.4,56.0,49.6,61.0,40.0,72.0,66.1,53.7,55.5,61.1,61.5,56.2,54.7,66.5,52.0,67.5,73.0,56.4,56.5,51.7,65.3,56.6,62.0,77.9,58.9,69.4,65.6,66.9,70.2,63.1,61.1,63.1,68.1,79.8,64.1,68.0,71.8,73.9,68.8,60.0,74.5,64.0,72.3,80.9,62.0,87.1,70.9,65.8,66.1,69.2,80.9,78.0,66.3,84.9,70.5,82.3,71.6,89.2,93.9,107.4,76.8,122.0,120.1,123.9,138.6,175.4,150.8,230.9,254.8,259.8,335.0,371.5,419.8,544.5,571.4,583.5,696.1,680.4,734.3,894.7,883.5,1011.2,979.7,1054.6,1088.7,1149.5,1123.4,1140.4,1038.6,1076.3,1113.6,1123.8,1022.8,1024.3,1039.7,1045.7,1093.5,1157.3,1219.2,1266.9,1389.9,1481.4,1590.3,1690.7,1885.6,2060.8,2174.3,2346.6,2451.4,2605.4,2789.3,2986.2,2905.2,2979.0,3139.3,3084.5,3152.0,3041.6,2875.2,2833.3,2658.8,2635.7,2580.8,2279.7,2166.9,2014.0,1807.8,1644.2,1507.5,1353.7,1173.9,976.1,964.5,808.8,697.9,613.6,533.6,451.0,365.2,361.3,298.1,257.8,220.0,244.1,209.2,186.1,179.7,145.6,164.0,149.7,149.7,174.9,147.3,163.8,163.3,154.5,161.8,153.5,165.7,169.8,163.2,143.4,160.3,167.9,154.7,154.6,161.1,172.6,159.4,137.9,151.1,170.4,144.3,182.4,168.4,160.5,156.6,190.5,159.8,142.8,164.1,148.9,149.9,149.8,146.8,163.4,128.1,139.4,138.2,142.8,136.0,108.2,137.5,117.9,107.8,140.3,149.5,124.3,136.6,113.6,139.7,126.2,163.3,136.4,115.3,143.2,136.0,132.5,122.7,143.1,152.2,132.5,148.7,154.8,132.1,137.9,140.9,158.8,145.9,139.1,139.1,146.5,131.0,139.0,142.7,125.6,137.2,158.9,152.5,163.6,126.0,134.3,129.2,149.2,123.9,140.1,138.5,146.4,133.0,142.9,151.8,175.4,154.7,147.8,146.2,173.4,134.9,151.5,158.2,169.7,137.9,154.9,159.4,141.5,165.6,138.7,150.6,153.7,178.7,160.9,161.9,168.4,161.3,162.8,171.2,165.6,142.7,154.5,150.1,166.1,159.9,159.6,171.0,185.8,141.6,146.0,149.7,161.8,183.0,165.4,181.8,165.6,146.3,169.0,168.0,147.1,147.9,191.4,149.6,166.6
3,carboxyl_ester,84.9,87.6,83.4,96.3,114.7,87.2,83.5,84.8,81.1,68.0,90.0,70.5,77.7,86.4,96.8,89.3,76.6,89.2,91.4,81.4,97.9,86.1,100.8,85.9,92.1,89.5,103.6,83.8,91.1,77.5,90.7,100.6,101.2,84.7,90.2,91.7,87.1,82.3,99.9,81.6,75.6,84.6,93.4,91.6,100.2,68.3,105.3,89.2,86.8,101.7,98.9,87.8,92.0,104.1,101.4,88.1,119.5,104.5,104.2,99.8,103.7,93.1,119.7,99.1,110.2,103.4,111.0,119.6,128.7,157.1,150.3,175.8,202.7,221.4,238.6,288.5,326.3,408.0,488.5,540.5,593.9,751.7,825.4,986.3,1045.4,1199.7,1315.6,1523.1,1720.1,1841.7,1903.5,2042.9,2238.6,2243.7,2283.7,2363.2,2386.7,2324.2,2262.5,2280.9,2125.9,2051.6,2055.4,1925.1,1736.3,1598.6,1467.5,1360.4,1240.8,1074.3,1030.6,934.9,788.0,763.0,686.6,636.4,572.6,573.3,546.0,556.5,529.3,483.9,490.1,496.1,494.6,436.4,452.3,447.6,442.1,458.3,416.7,409.6,367.6,373.5,397.9,363.1,379.9,362.6,310.4,267.9,279.7,292.8,212.5,237.1,242.8,222.8,194.5,226.1,223.4,220.0,245.9,236.5,252.9,243.5,280.1,321.8,319.4,349.6,404.0,408.2,481.9,499.5,541.4,593.7,663.0,701.7,806.5,860.1,888.5,1014.7,1117.0,1158.6,1217.2,1243.2,1329.9,1359.3,1444.8,1408.9,1432.4,1423.4,1496.6,1525.8,1492.3,1485.8,1445.3,1430.1,1343.7,1260.2,1232.2,1135.5,1071.9,1054.5,967.3,912.3,785.6,721.5,728.8,628.2,561.8,498.8,471.9,382.5,396.5,291.2,336.6,260.8,237.8,234.8,201.8,207.7,174.2,179.5,142.2,169.9,133.6,171.3,166.8,144.8,126.2,110.4,148.7,124.0,132.2,123.9,139.8,119.8,139.4,127.5,131.1,129.8,119.8,128.6,116.8,134.2,135.8,138.4,150.7,135.0,133.3,122.0,119.1,147.5,143.9,143.6,129.5,161.5,131.3,148.3,125.4,144.0,142.6,121.9,141.4,146.8,144.6,137.7,139.3,117.2,135.0,145.4,149.4,147.3,131.7,139.2,149.9,132.6,158.7,121.1,151.6,134.4,138.4,122.3,145.9,144.6,153.6,124.0,142.0,120.5,147.2,123.5,152.6,128.2,125.8,122.4,144.1,147.8,128.8,144.1,135.9,140.3,139.2,154.2,133.4,154.0,156.4,130.3,154.1,153.2,139.5,144.7,145.2
2,carbonyl,46.0,53.5,57.9,48.5,65.9,56.2,63.5,60.7,65.5,49.1,44.7,74.3,72.0,73.2,65.7,55.2,57.6,57.4,70.8,68.2,72.4,72.6,71.3,63.8,62.8,68.9,62.0,54.1,60.4,61.3,59.7,56.0,56.7,63.0,56.5,63.3,58.3,63.3,54.4,58.4,61.4,60.6,89.5,63.3,66.3,59.2,59.9,57.6,70.6,78.9,70.3,53.3,69.0,63.3,70.5,75.6,76.8,67.1,84.3,72.3,87.0,99.6,87.4,110.3,119.3,121.3,146.8,149.3,188.3,241.6,251.8,276.7,366.0,396.2,412.6,545.7,621.4,756.9,846.9,950.0,1047.6,1157.8,1314.3,1361.6,1634.2,1698.8,1858.4,1994.6,2057.3,2203.3,2330.5,2353.6,2528.0,2468.0,2620.8,2511.4,2606.1,2467.7,2476.4,2281.3,2309.6,2194.3,2030.6,1964.3,1846.3,1762.8,1551.7,1511.0,1387.0,1270.0,1155.5,1045.1,965.1,895.5,812.7,730.9,610.9,614.7,597.4,511.0,493.8,485.5,488.2,490.4,454.2,444.3,413.7,500.5,461.2,469.3,489.9,481.2,481.8,498.3,545.1,553.1,516.5,588.7,580.6,604.5,686.1,646.0,676.2,709.1,745.4,768.2,795.6,768.0,892.8,946.1,924.4,931.6,948.1,1019.0,1021.3,1048.7,1050.6,1025.3,1034.2,1011.6,1005.5,1022.4,1038.9,1040.8,990.8,973.6,961.8,958.6,916.1,920.9,857.4,911.0,862.8,769.5,834.6,831.1,815.2,753.4,727.7,650.4,614.7,664.2,618.9,578.2,609.0,549.1,538.5,511.9,453.3,462.8,476.9,420.2,392.3,340.8,335.8,332.1,270.6,286.3,270.7,243.4,227.9,227.7,233.0,163.5,191.3,159.1,149.2,133.0,120.8,131.2,114.7,119.9,105.3,115.4,95.4,115.0,103.1,89.1,103.3,112.4,86.7,85.5,107.7,80.0,95.9,94.3,97.9,89.4,87.7,95.1,77.3,81.2,96.8,72.5,77.6,84.6,92.9,79.4,103.5,102.2,73.7,102.3,84.5,94.5,90.3,95.5,74.8,90.6,93.0,106.5,103.5,105.0,91.6,90.5,104.2,101.0,100.1,82.3,88.6,82.6,92.7,103.9,87.9,92.8,113.1,103.3,105.1,85.4,90.2,114.9,95.6,107.2,99.8,88.9,97.3,105.0,94.8,92.5,104.3,85.5,103.0,90.0,95.4,114.2,91.5,97.5,114.0,109.2,108.6,100.7,107.2,95.2,89.8,100.7,112.6,108.5,122.0,97.9,97.3,90.1,80.7
3,carboxyl_ester,47.4,54.4,48.4,42.6,48.0,46.5,54.8,54.7,48.7,67.0,51.3,55.5,50.5,57.2,50.3,52.7,45.4,54.9,52.2,59.8,62.2,60.2,71.2,69.1,53.9,54.3,46.4,49.4,57.9,66.1,67.2,67.3,55.6,71.1,54.9,58.7,79.5,60.9,71.3,70.0,61.3,68.1,56.7,64.9,67.8,62.2,62.7,51.2,70.6,62.4,67.1,61.6,69.5,69.8,64.5,65.4,47.9,60.3,70.1,59.4,92.4,90.3,85.0,84.8,99.5,120.1,121.4,128.5,140.6,168.9,197.4,198.9,270.2,329.9,337.9,414.3,507.0,553.2,606.9,707.6,783.8,859.8,982.1,1096.3,1161.8,1354.3,1341.2,1567.8,1522.1,1573.1,1644.1,1667.0,1680.5,1733.0,1788.0,1697.3,1589.4,1554.3,1527.3,1443.1,1481.4,1337.0,1247.4,1160.8,1092.5,1019.0,1011.9,942.4,933.3,942.6,921.6,955.3,868.7,936.1,979.6,1008.6,953.0,1002.7,1047.7,1098.9,1095.3,1126.9,1105.6,1128.9,1057.7,1113.6,1105.2,1107.2,1056.8,1013.5,1019.6,949.6,1005.3,917.7,901.2,901.6,887.9,810.8,870.8,885.2,842.1,913.3,897.1,883.7,969.4,991.1,981.4,1041.6,988.5,1062.0,1038.9,1052.9,1065.5,1152.8,1064.4,1084.4,1102.9,1079.7,1116.7,1063.3,1071.0,1012.4,937.6,1009.8,995.8,958.6,966.1,910.2,915.6,937.9,830.2,882.9,836.2,861.1,812.7,832.0,830.0,744.8,764.9,766.2,694.9,691.4,665.5,592.5,580.7,583.7,508.6,546.7,502.8,427.9,469.2,380.6,346.0,350.5,288.3,280.0,290.5,252.5,221.8,225.5,194.6,211.1,157.1,161.0,155.9,167.9,152.0,142.9,125.0,129.6,141.7,150.4,136.2,122.0,133.8,116.1,144.7,122.6,92.8,105.7,123.6,119.5,131.8,129.9,105.7,116.5,110.8,112.4,126.5,109.8,130.0,113.1,137.6,140.9,128.0,130.7,139.2,142.7,136.5,130.6,126.0,117.6,107.9,113.2,130.7,122.9,110.1,134.8,144.8,164.6,108.4,117.3,127.9,121.5,125.0,113.5,130.4,131.3,134.8,101.7,133.5,131.3,161.1,154.5,135.7,135.5,142.3,125.6,136.2,138.1,140.8,136.0,135.3,136.1,149.1,142.2,147.7,129.8,152.8,139.4,134.0,114.5,151.0,191.7,175.2,141.6,119.2,139.2,122.4,154.1,161.9,161.4,170.6,145.5,148.3,150.0,143.1,149.2,157.4,155.4,157.6
1,alcohol_ether,121.8,114.0,123.1,109.1,94.9,116.3,89.5,108.7,114.6,114.8,101.4,98.3,102.5,102.3,119.8,106.2,111.3,112.8,108.1,99.7,109.3,122.2,118.7,110.1,99.3,123.7,107.8,101.4,145.1,111.8,120.2,110.9,102.8,119.8,106.6,112.9,120.3,100.5,143.5,141.2,123.6,112.0,125.2,114.3,127.9,139.5,122.9,132.3,112.6,112.0,137.3,124.5,128.0,115.3,116.2,124.4,129.4,143.2,132.9,121.8,111.1,124.5,132.0,117.0,117.3,137.7,139.4,162.9,167.4,172.4,154.3,207.6,233.1,264.8,270.3,319.0,346.3,411.8,484.4,553.4,580.3,707.3,738.3,816.5,948.4,1048.6,1186.1,1205.2,1347.8,1422.2,1546.4,1674.3,1682.1,1764.2,1786.2,1874.3,1890.0,1881.7,1872.2,1860.2,1860.4,1842.9,1852.8,1796.1,1672.6,1691.5,1638.5,1638.6,1657.6,1635.3,1600.5,1671.2,1646.5,1729.0,1760.5,1860.4,1859.7,1970.9,2069.8,2162.4,2169.1,2318.9,2336.2,2307.6,2478.3,2392.4,2445.9,2380.7,2347.2,2204.4,2344.0,2168.1,2097.7,2047.0,1974.4,1795.0,1647.3,1461.0,1416.4,1275.9,1198.7,1078.7,995.2,906.9,809.2,713.0,623.8,550.2,471.3,454.9,372.2,355.7,311.2,313.3,270.7,248.8,228.8,226.7,219.9,186.6,203.7,189.6,186.2,195.2,183.3,193.4,188.9,184.7,180.4,185.4,182.1,180.3,172.9,164.3,182.9,171.6,165.7,185.6,169.4,208.4,188.1,198.6,182.8,181.2,175.5,200.6,159.2,182.9,197.4,173.9,159.1,155.5,194.4,163.6,164.3,170.5,179.8,176.5,167.9,172.8,142.1,178.8,155.5,145.6,146.9,181.3,167.9,154.0,144.4,170.0,143.1,180.5,175.0,200.2,154.0,152.2,155.5,167.5,153.5,166.2,163.1,163.2,149.6,159.5,148.6,144.7,171.2,147.5,164.7,167.7,188.8,144.8,184.8,165.3,172.5,169.9,166.2,173.1,152.2,171.1,192.3,162.4,168.9,173.5,171.3,170.3,144.4,182.3,163.5,159.7,149.9,199.7,167.9,142.6,169.3,152.7,176.9,187.3,182.2,166.8,171.6,193.3,193.3,152.2,184.8,174.0,154.1,177.7,174.8,183.6,186.4,184.7,166.0,190.7,198.6,159.2,187.3,181.3,180.4,193.5,165.3,172.0,180.9,194.4,163.5,180.4,167.6,196.9,172.0,171.8,191.3,167.6,179.0,175.1,195.2,168.2,189.7,184.7,184.5,171.4,174.9
0,hydrocarbon,50.8,60.3,64.9,54.4,62.8,61.4,69.8,54.3,66.5,56.5,56.2,64.4,58.2,67.2,59.5,57.0,62.3,72.5,72.3,82.0,78.4,66.8,55.9,67.3,62.1,68.2,87.5,57.5,77.8,70.9,62.8,69.8,55.1,92.6,70.4,60.1,79.4,66.4,84.9,80.2,57.2,53.0,58.3,78.1,65.3,69.8,64.4,69.1,66.6,68.6,69.5,81.4,59.8,76.4,69.0,72.0,77.9,82.0,87.6,87.4,78.4,81.3,119.3,116.7,119.1,123.7,185.5,163.5,203.3,263.8,286.5,354.4,392.1,489.0,580.3,672.7,722.9,925.8,1064.1,1224.9,1354.7,1582.2,1799.9,1990.5,2218.8,2507.7,2568.9,2857.9,3081.3,3233.9,3461.7,3511.0,3707.8,3841.1,3845.4,3862.0,3848.8,3880.9,3790.6,3648.4,3547.6,3563.2,3326.0,3108.4,2876.5,2714.6,2524.4,2306.9,2158.4,1874.5,1681.1,1559.0,1395.5,1192.3,1056.4,938.1,827.6,760.1,672.4,597.8,530.5,471.2,428.0,402.9,365.1,342.4,303.4,280.7,321.4,259.2,256.6,277.2,232.5,241.8,231.4,221.5,209.2,200.2,190.4,197.1,194.8,160.4,148.6,161.2,150.8,151.4,132.7,126.3,145.1,130.7,130.3,133.5,117.3,99.8,118.4,112.0,104.4,118.6,117.0,125.9,108.9,108.7,103.3,108.1,114.7,101.9,94.2,127.4,112.5,109.9,97.4,116.5,100.2,116.1,95.0,94.9,100.6,106.4,112.1,105.1,122.5,108.6,118.8,119.2,120.7,117.5,116.6,120.4,99.2,119.4,102.0,121.1,116.5,104.1,114.0,123.2,105.4,97.9,121.8,102.2,134.6,136.4,109.7,126.7,114.7,117.5,112.8,117.8,115.3,142.6,134.0,128.0,118.8,135.9,115.0,107.8,134.1,112.2,128.0,132.6,126.3,128.1,123.8,135.1,118.8,144.6,135.9,131.9,91.8,123.0,125.4,120.6,112.9,124.5,124.1,133.9,135.0,130.8,112.5,110.9,129.7,126.6,127.5,136.2,123.7,133.2,129.4,125.1,122.6,158.4,121.7,134.1,127.5,115.5,130.6,112.6,114.8,117.8,119.6,136.6,129.7,135.8,119.2,116.7,135.6,124.2,125.1,130.5,144.4,122.5,165.8,144.5,128.0,134.3,150.9,146.4,124.5,147.4,128.3,138.1,139.3,146.3,140.8,128.4,153.8,145.6,143.2,125.8,131.0,133.8,130.7,134.7,161.7,146.4,148.3,158.9,158.0,163.1,145.0,149.1,134.0
2,carbonyl,64.8,77.2,72.4,67.7,68.5,68.2,69.7,67.2,63.2,63.6,75.0,70.6,72.3,90.6,77.1,73.3,66.9,67.3,61.8,81.8,63.0,94.8,79.1,74.9,69.9,78.2,81.2,76.5,70.4,86.8,92.3,74.9,69.6,74.8,90.9,90.5,73.2,84.7,77.2,76.0,69.1,67.0,85.8,81.6,86.4,92.6,81.4,80.9,77.0,92.3,70.6,65.6,89.6,79.6,85.7,90.1,72.4,93.3,87.6,92.2,84.6,83.1,77.5,81.5,87.9,88.5,80.8,90.0,118.9,94.2,108.0,126.6,128.0,136.6,165.8,179.2,212.5,258.2,277.2,306.2,347.2,426.4,506.2,513.1,626.0,751.1,770.2,869.4,1032.6,1069.3,1175.5,1362.4,1449.8,1485.2,1598.5,1639.6,1726.3,1764.7,1739.0,1741.7,1725.6,1628.8,1597.9,1580.0,1547.5,1404.4,1325.8,1225.2,1199.6,973.9,953.2,839.6,811.5,712.7,738.3,663.2,630.4,549.0,490.6,497.0,456.2,442.7,469.2,435.7,448.9,484.3,495.5,498.7,503.8,527.4,528.8,550.8,592.5,587.5,567.8,623.1,662.7,725.5,760.3,827.9,918.8,970.3,965.8,1089.5,1161.1,1271.9,1429.5,1478.6,1514.9,1593.8,1728.5,1817.2,1900.0,1903.4,2025.2,2126.3,2154.4,2103.0,2164.2,2133.1,2225.0,2150.4,1960.1,1912.0,1992.6,1897.4,1752.1,1595.6,1558.7,1454.9,1383.7,1226.9,1137.4,1081.6,931.9,867.2,754.5,702.6,669.6,531.3,453.0,451.2,400.0,330.8,319.3,282.4,254.2,225.6,213.4,153.0,164.8,157.9,154.3,143.0,126.9,141.3,107.3,120.2,110.5,119.6,119.1,119.4,112.1,125.7,113.5,104.5,102.7,116.3,97.6,103.8,125.8,116.3,136.6,126.4,109.5,123.7,122.7,131.7,133.7,109.9,121.3,135.7,112.8,128.8,111.2,107.9,124.0,110.0,129.7,139.3,125.2,96.5,110.2,100.7,121.9,140.1,123.4,142.0,117.1,119.7,116.8,123.6,128.7,103.0,136.1,129.1,128.8,126.6,131.2,120.9,141.4,122.3,137.4,122.2,123.3,122.1,121.9,132.6,133.0,126.0,104.8,118.4,120.0,124.8,137.8,115.7,127.5,119.9,135.7,135.3,142.1,131.5,130.2,122.8,142.4,121.7,136.0,121.2,116.7,119.1,133.1,143.0,101.2,133.0,137.5,134.0,151.2,131.4,131.6,127.2,135.5,133.4,122.5,125.4,137.9,135.3,137.4,124.3,138.7,152.9,147.5
3,carboxyl_ester,76.3,87.0,76.7,82.3,76.6,90.5,90.6,83.3,85.9,78.2,75.0,93.7,79.9,76.2,83.6,93.5,91.7,86.6,90.7,82.9,78.3,80.2,79.2,83.1,101.2,85.8,87.5,88.2,90.5,99.0,78.9,95.5,88.2,80.3,94.5,87.5,107.5,108.6,102.6,102.0,82.4,96.8,110.2,81.7,100.8,109.7,86.9,117.6,112.5,102.4,99.3,107.4,101.9,111.8,102.3,97.3,105.6,108.4,103.9,93.9,115.5,103.8,98.5,113.2,109.7,107.2,108.2,107.7,119.3,149.5,134.4,161.9,144.5,146.8,161.8,170.9,192.6,206.3,240.5,231.1,274.3,302.0,326.8,346.4,386.7,427.8,464.3,463.3,486.0,524.4,568.8,605.1,594.7,630.5,671.9,663.4,668.6,694.5,691.4,685.8,628.2,670.2,638.7,604.2,596.7,594.4,651.0,557.1,582.9,585.0,581.4,540.8,576.9,584.1,648.8,587.9,612.5,667.1,648.8,652.4,697.3,702.9,720.6,748.5,717.7,728.3,725.1,735.7,756.3,781.3,786.6,708.5,790.4,780.1,703.1,694.3,675.8,696.1,714.1,687.7,635.5,703.6,637.0,692.7,706.4,709.5,722.0,753.2,831.6,819.8,813.2,844.4,891.5,895.2,1011.9,1061.7,1068.3,1164.9,1274.7,1288.9,1373.8,1469.8,1583.0,1586.1,1744.3,1728.1,1899.9,1906.0,1989.4,2126.1,2224.7,2280.0,2270.9,2420.0,2514.1,2494.6,2578.8,2611.1,2663.0,2600.3,2585.7,2604.9,2627.1,2487.6,2471.6,2416.7,2326.0,2307.9,2174.9,2090.8,1940.9,1841.4,1701.8,1622.6,1521.2,1412.2,1285.6,1148.4,1084.5,927.1,861.3,770.6,776.0,683.5,544.6,547.3,534.2,459.0,429.3,378.5,344.4,321.0,286.0,259.9,246.6,241.6,222.0,185.7,201.5,214.4,224.6,173.2,183.2,205.5,180.9,148.1,178.9,168.2,178.9,179.3,159.7,176.6,178.6,163.8,159.4,170.2,169.0,169.5,145.1,189.2,187.0,161.2,187.6,168.5,178.3,180.4,175.8,177.2,200.7,153.6,173.6,175.0,192.6,186.9,178.0,167.4,188.7,170.3,182.2,195.3,201.8,182.8,193.6,196.8,187.4,167.0,216.2,166.2,202.3,210.9,184.2,197.4,202.2,185.5,188.3,197.9,182.5,174.9,181.9,179.8,180.9,182.1,184.5,167.2,197.4,199.0,211.6,208.4,193.5,219.9,212.8,198.4,205.0,181.2,219.6,180.7,206.5,230.3,198.8,207.4,192.2
2,carbonyl,43.9,52.7,59.0,58.2,44.2,47.9,31.0,57.0,41.8,44.1,41.4,50.3,52.8,45.0,49.1,37.4,43.9,44.6,37.2,48.9,38.0,53.2,55.4,44.6,53.8,47.2,51.0,48.3,49.3,47.7,46.0,67.9,52.4,50.5,52.1,52.3,44.5,57.6,43.6,51.3,50.8,53.0,47.8,53.8,54.4,46.7,50.8,53.9,63.4,49.4,67.0,52.1,45.5,51.5,50.5,55.3,59.4,61.8,70.0,73.5,64.6,68.1,92.0,83.2,91.2,111.9,129.7,143.7,176.1,196.6,210.8,247.3,325.1,351.5,445.5,472.4,556.1,673.9,703.5,789.4,944.8,903.6,1075.3,1255.9,1369.2,1346.4,1455.2,1698.6,1728.7,1776.4,1898.5,1974.7,1963.8,2023.5,2053.7,2029.4,2038.9,2020.8,2022.3,1905.1,1942.3,1832.6,1762.5,1656.6,1576.6,1468.4,1372.9,1316.8,1237.2,1211.4,1164.3,997.8,935.1,872.3,891.0,825.2,802.3,821.5,824.6,797.0,709.5,722.5,774.2,688.4,717.7,715.9,763.1,805.7,778.1,806.5,767.6,696.5,765.9,733.7,715.7,771.5,812.5,862.5,817.8,865.0,918.9,913.3,929.4,974.2,979.0,1023.3,1078.2,1056.1,1082.8,1179.4,1113.0,1178.6,1165.5,1198.8,1179.1,1200.3,1291.1,1190.0,1210.8,1218.7,1227.2,1203.0,1225.7,1237.7,1218.7,1148.0,1138.6,1136.9,1018.2,1052.3,1019.1,952.0,974.5,943.3,885.9,932.6,871.4,813.3,777.5,831.4,714.8,719.7,706.2,675.4,624.4,617.5,588.9,595.2,512.6,521.2,509.1,459.6,410.5,435.6,382.9,341.6,348.1,324.8,285.1,265.5,237.5,218.6,207.7,175.0,179.7,175.1,177.5,160.2,148.4,134.8,118.3,124.4,115.5,125.8,90.7,79.7,109.7,107.1,98.4,70.7,89.0,112.9,105.2,113.2,79.9,94.3,93.5,118.2,97.6,89.4,93.3,106.0,88.4,99.4,98.7,103.3,109.5,106.9,99.3,97.0,99.3,101.1,101.1,91.0,111.5,100.8,103.1,98.1,106.5,112.3,102.0,118.6,109.8,103.7,90.3,110.5,96.3,111.9,106.6,108.8,108.6,93.7,102.2,102.0,106.2,112.6,107.7,108.6,109.3,102.5,115.4,123.4,93.1,95.7,101.5,110.2,97.7,100.0,118.4,107.4,106.8,117.9,113.5,117.5,114.5,96.2,119.6,111.6,118.2,116.1,117.1,114.2,109.5,87.8,99.2,119.1,105.9,102.7,118.5,114.6,110.2
3,carboxyl_ester,102.9,73.9,116.1,97.3,107.9,111.9,108.7,111.7,104.5,108.2,115.8,101.9,113.2,112.9,96.2,99.3,110.7,104.2,102.5,112.7,103.2,95.9,103.4,117.9,96.5,109.2,108.6,115.4,114.3,108.6,95.9,93.4,109.1,102.1,106.6,115.2,94.0,89.6,100.9,122.3,120.4,113.4,115.6,101.7,107.5,91.0,117.0,117.0,113.0,109.7,127.0,108.6,109.9,108.4,138.1,107.0,95.7,123.4,128.0,115.1,129.5,109.1,97.8,102.1,116.3,111.7,120.3,117.3,130.7,124.1,129.0,142.1,156.6,144.3,166.7,160.1,209.1,214.9,244.7,275.0,291.5,309.0,362.5,326.7,416.5,445.1,497.2,497.1,522.9,556.9,624.6,649.2,628.6,650.6,724.8,730.2,741.0,723.1,745.2,701.5,765.1,761.2,739.5,763.1,774.8,729.3,702.2,777.2,736.5,793.2,814.9,858.8,877.0,937.3,956.7,1042.6,1074.3,1026.3,1179.8,1230.0,1250.2,1262.2,1267.8,1298.3,1330.9,1402.2,1366.4,1345.2,1345.1,1290.3,1289.1,1193.3,1206.9,1167.2,1148.0,1094.4,1016.3,925.1,926.5,931.3,809.2,792.6,729.5,697.7,684.7,610.2,636.1,595.7,630.2,593.0,597.0,604.0,593.6,604.2,645.3,707.0,774.4,821.0,810.4,849.9,940.5,1022.2,1099.8,1135.4,1214.8,1330.8,1285.7,1430.7,1541.3,1528.2,1767.2,1859.7,1817.2,1894.9,2057.1,2021.1,2125.2,2093.9,2133.9,2243.1,2088.1,2175.0,2178.4,2136.7,1989.1,1934.2,1911.4,1818.2,1810.1,1672.6,1595.6,1523.3,1421.8,1340.0,1292.4,1147.2,1053.7,980.8,933.0,786.2,733.8,690.5,624.4,504.0,477.6,469.9,386.7,339.1,350.7,278.9,274.2,259.0,203.0,209.8,207.3,199.8,172.4,166.2,162.2,163.6,161.4,166.7,129.5,153.1,135.9,131.2,156.6,144.1,137.5,134.1,108.0,155.6,156.9,135.6,126.7,153.0,144.3,155.2,154.4,162.3,138.9,144.0,158.5,153.5,158.0,141.4,125.1,151.1,128.4,148.9,150.5,133.3,135.0,155.6,153.0,141.0,135.7,143.8,151.6,142.2,150.4,139.6,172.6,133.9,129.7,154.9,137.5,141.2,148.9,133.0,159.0,155.8,149.1,143.2,143.4,131.4,156.9,152.7,159.6,148.6,152.7,142.9,166.8,145.3,162.7,163.6,130.6,159.3,150.9,150.8,130.9,139.4,135.0,175.4,172.0,155.1,132.1,164.8,139.6,141.8,162.7
3,carboxyl_ester,83.8,97.3,89.3,118.3,93.5,103.2,90.0,76.9,87.6,102.6,85.2,81.6,97.7,97.7,96.0,83.2,92.7,92.3,95.3,96.8,102.1,106.1,95.3,112.7,94.7,83.9,100.4,98.0,107.7,103.7,103.3,120.9,102.6,112.2,108.1,92.6,100.1,90.3,110.2,97.9,103.6,115.0,98.1,82.9,96.7,129.7,104.6,110.1,112.0,99.5,94.4,89.3,99.0,91.1,104.7,110.0,109.3,112.5,98.1,126.7,98.2,129.7,113.9,105.3,107.6,124.7,111.1,119.5,110.1,148.2,161.9,170.8,171.0,227.4,237.0,277.3,294.8,335.6,409.8,396.2,492.8,544.0,691.3,697.5,793.7,834.5,946.8,1016.2,997.8,1130.7,1180.7,1264.9,1257.4,1294.7,1276.2,1261.9,1331.5,1366.9,1281.7,1263.1,1236.3,1164.7,1135.1,1108.7,1046.5,1034.0,981.9,934.3,951.2,946.1,937.5,935.1,934.3,983.7,1036.3,1103.1,1215.7,1179.7,1230.4,1291.5,1260.9,1435.1,1358.8,1391.8,1473.4,1403.9,1399.8,1378.8,1345.0,1311.0,1236.6,1175.3,1098.8,1122.6,968.5,902.8,817.3,760.2,718.2,676.2,600.9,520.4,490.7,468.5,382.5,402.2,345.2,369.9,298.8,313.8,312.1,306.3,348.5,342.7,414.1,383.0,425.7,506.7,516.4,561.4,633.4,712.2,749.9,814.8,902.3,1014.6,1040.9,1113.4,1203.5,1201.4,1337.5,1470.6,1489.4,1481.9,1557.5,1602.4,1689.4,1704.5,1618.2,1620.3,1737.5,1563.8,1553.1,1481.5,1487.4,1416.3,1415.0,1263.0,1242.9,1162.9,1108.3,989.3,945.9,907.4,750.6,704.1,642.2,565.7,561.8,507.9,430.7,390.0,375.3,325.5,306.9,256.0,233.6,246.7,246.3,191.3,218.3,176.8,157.9,193.5,163.6,155.6,168.7,138.7,147.6,148.9,160.0,144.9,150.3,131.7,155.9,145.2,158.1,168.7,136.4,166.4,154.0,148.2,142.1,149.2,142.9,171.7,156.1,150.9,160.9,147.4,164.0,122.2,140.8,150.2,157.3,169.9,160.8,143.3,145.8,157.1,151.0,163.7,143.9,183.0,176.5,171.1,183.6,156.4,154.3,165.9,170.4,159.1,169.1,153.3,148.7,151.7,153.0,181.6,159.4,162.0,145.5,161.4,162.7,186.5,161.7,157.9,162.3,152.6,171.9,173.1,149.4,172.5,163.4,170.5,185.2,177.7,190.0,171.2,165.3,166.6,175.6,163.7,174.7,164.0,156.5,175.4,167.4,178.2,157.6,185.9,187.1
1,alcohol_ether,67.2,86.7,65.4,69.0,64.7,72.9,54.3,51.0,60.1,65.8,61.8,69.0,67.2,63.8,81.2,54.3,75.7,76.3,77.2,74.4,59.4,76.2,80.2,70.2,77.6,55.6,55.9,84.5,70.7,71.2,75.6,67.9,74.2,79.7,68.8,61.9,65.1,76.7,82.1,88.2,85.3,64.5,82.8,77.5,68.1,82.4,71.2,77.4,78.1,58.6,85.3,93.9,93.3,82.3,73.9,88.0,92.9,68.8,81.8,76.5,90.7,76.1,86.3,101.2,80.7,85.8,78.2,106.0,102.9,116.1,125.8,120.8,159.9,153.4,168.0,218.9,238.6,247.7,338.2,385.8,399.0,423.6,540.0,642.7,675.5,743.8,820.6,978.2,968.9,1087.1,1173.2,1282.9,1363.2,1429.8,1534.0,1644.9,1628.1,1663.5,1662.4,1694.1,1755.1,1711.4,1749.0,1709.4,1762.2,1719.8,1685.6,1678.1,1662.1,1614.9,1601.2,1681.9,1678.5,1674.6,1707.3,1830.4,1820.7,1875.9,1862.7,1955.6,2008.3,2180.8,2080.3,2270.6,2267.1,2316.5,2398.7,2416.6,2362.9,2357.6,2370.6,2388.9,2296.5,2269.0,2120.0,2099.3,1997.1,1905.3,1882.9,1730.5,1696.0,1585.2,1388.2,1293.5,1168.9,1143.4,1027.2,913.2,811.6,785.2,680.6,666.5,596.6,528.0,483.5,463.4,455.5,414.6,380.3,362.4,337.4,313.4,329.0,306.4,260.9,258.4,278.9,221.1,252.5,229.2,226.0,199.0,212.4,193.9,173.3,188.2,181.8,150.4,144.4,145.3,151.0,130.6,127.6,121.3,119.3,101.1,124.2,119.3,87.0,104.8,94.2,101.1,108.7,88.9,95.8,89.9,98.2,92.7,101.2,99.5,98.2,104.1,109.6,101.3,84.7,108.7,110.7,111.0,95.5,97.4,101.8,103.1,85.5,92.0,78.1,101.8,86.9,103.5,97.5,98.9,88.2,94.9,99.1,108.9,84.1,108.7,102.9,116.6,103.9,103.3,104.0,95.0,100.6,107.8,89.4,113.9,95.5,89.8,101.5,104.6,90.7,80.4,106.1,111.4,110.4,107.0,87.1,111.7,113.5,113.3,114.0,74.3,125.7,122.3,114.2,109.9,99.2,88.6,107.9,112.2,109.0,117.8,98.6,105.3,100.6,113.4,111.6,104.2,105.1,119.3,113.5,101.7,89.7,106.9,100.4,98.8,107.0,105.3,106.5,108.4,111.2,101.9,118.6,107.6,89.7,115.6,104.7,87.8,103.9,120.4,94.7,80.1,108.6,101.7,101.0,107.1,107.9,105.6,96.8,129.9,110.2
2,carbonyl,67.2,39.2,54.1,50.9,49.2,67.1,59.1,57.3,73.6,54.8,54.3,52.8,59.2,57.2,60.0,82.3,50.7,56.0,51.1,58.3,47.9,48.5,66.1,54.3,69.9,66.1,64.2,51.5,60.4,59.7,60.5,67.3,64.6,69.3,70.4,53.1,59.5,64.8,73.8,79.6,73.5,70.7,58.9,61.9,64.5,63.4,67.4,51.4,71.4,76.9,69.5,66.6,54.9,85.3,54.6,70.3,58.7,83.4,60.9,75.6,64.5,81.5,80.1,93.0,92.1,119.3,113.7,136.6,150.5,165.6,206.2,245.1,253.2,301.8,362.0,429.1,524.0,637.0,660.2,707.0,840.2,1007.4,1099.0,1272.4,1464.7,1560.5,1781.9,1942.8,1991.6,2154.8,2277.3,2446.8,2544.7,2583.8,2677.1,2788.4,2704.9,2707.3,2726.3,2804.5,2627.1,2598.7,2376.8,2358.8,2254.4,2022.3,1894.3,1754.8,1691.3,1472.4,1438.5,1232.2,1205.3,1076.1,1019.0,898.3,795.1,763.1,626.8,684.6,582.0,623.8,587.4,559.0,522.6,509.6,538.3,506.6,549.2,537.3,521.7,561.4,525.8,549.6,579.8,603.7,610.3,587.1,613.5,662.5,645.7,690.0,737.0,762.2,775.8,785.1,905.1,866.7,857.4,955.6,953.5,983.4,985.9,1002.3,973.5,990.9,1041.8,989.5,987.2,1038.3,1015.4,995.1,957.3,927.5,799.1,883.3,871.5,799.4,699.3,746.6,680.9,681.1,566.0,582.7,569.5,531.7,475.4,495.3,414.4,398.3,397.1,393.7,333.1,319.0,314.1,282.4,306.9,268.8,246.7,247.9,235.7,229.2,206.4,188.5,198.0,196.9,170.2,196.6,184.9,132.2,170.1,148.0,147.1,152.5,158.0,159.4,135.2,136.1,131.6,118.9,110.4,134.9,123.4,142.8,131.2,127.2,131.4,115.3,115.2,138.0,135.3,108.9,134.5,140.1,122.4,129.1,130.1,113.4,119.5,121.8,131.3,129.8,148.3,154.7,118.0,123.4,134.0,120.9,130.6,134.3,122.2,139.3,133.9,104.3,110.9,147.8,123.2,131.0,128.3,116.8,140.8,140.5,132.6,137.1,144.0,140.1,140.0,148.6,135.0,149.9,130.4,139.6,146.7,135.9,132.7,138.7,119.2,135.3,117.9,144.5,128.1,157.5,142.6,156.0,129.1,121.7,156.7,143.9,173.7,145.4,156.6,166.2,155.9,146.4,147.6,146.5,150.4,150.7,174.5,140.7,161.1,152.5,139.6,150.1,147.2,157.9,161.8,160.5,165.8,144.5,171.1
0,hydrocarbon,54.8,52.8,52.1,58.2,59.2,56.7,46.1,55.9,57.8,61.0,53.1,45.6,47.9,31.8,61.9,66.8,51.2,51.4,55.3,48.5,48.9,61.1,54.4,54.0,54.0,48.0,54.6,57.2,58.3,56.9,45.3,48.1,63.9,61.7,49.7,58.4,62.2,56.4,63.0,52.8,63.7,49.9,55.6,60.3,59.8,74.3,59.9,64.1,61.4,60.5,66.3,43.8,55.8,57.9,58.8,52.9,41.7,62.7,50.6,56.6,60.7,74.3,67.3,67.7,70.8,73.9,69.7,88.2,92.7,94.0,106.5,169.0,172.1,206.0,254.3,283.5,358.2,409.3,489.6,599.0,698.1,794.0,939.3,1114.9,1252.1,1442.5,1680.8,1849.4,2028.2,2198.7,2409.6,2630.2,2802.2,2924.3,2974.8,3079.8,3153.2,3199.5,3140.9,3170.8,3063.9,3000.1,2842.9,2781.6,2576.7,2453.7,2162.2,2010.7,1907.4,1737.3,1593.3,1399.3,1330.7,1181.4,1064.3,1009.7,858.8,841.3,766.1,711.9,655.9,661.4,685.9,676.2,680.7,666.3,661.2,620.5,582.8,583.2,617.9,596.1,574.9,596.4,531.9,539.4,526.3,501.9,449.7,454.1,438.5,459.5,377.8,424.9,423.6,431.6,426.5,388.0,434.8,408.4,452.6,429.9,437.3,401.7,431.5,428.7,394.6,407.1,414.1,392.8,409.8,386.9,393.5,366.0,382.3,361.0,352.6,319.9,320.6,309.9,254.9,248.1,254.5,274.1,212.8,200.6,232.3,206.0,195.7,182.3,176.5,168.4,159.8,140.6,103.9,147.6,139.4,122.4,127.7,132.6,106.9,124.2,102.2,124.4,109.5,105.0,106.8,113.4,109.0,98.5,103.1,99.6,87.6,91.1,81.2,80.0,78.7,93.0,78.9,81.2,84.7,73.5,81.8,92.3,92.7,99.4,64.9,84.2,84.8,91.3,83.4,79.9,90.5,101.3,78.4,81.3,80.5,91.4,72.6,81.5,91.4,88.3,73.2,84.6,85.8,71.3,89.1,74.7,102.1,93.3,78.5,83.5,76.2,89.2,78.2,96.1,76.1,75.9,84.2,94.6,79.8,94.8,73.7,92.2,90.7,107.9,89.0,85.1,104.7,78.4,86.8,83.1,103.3,89.6,103.5,84.5,93.5,85.9,108.6,99.0,90.1,100.8,103.0,107.0,106.8,115.8,89.8,94.5,79.8,98.0,91.5,105.7,110.2,82.6,108.9,104.8,96.5,86.2,113.7,117.6,96.1,100.5,92.1,95.6,87.0,109.9,105.7,95.9,113.4,94.0,98.6
1,alcohol_ether,87.3,54.6,40.5,60.7,61.7,65.9,67.3,65.8,68.0,84.7,58.0,51.5,65.4,57.4,74.3,67.0,59.6,71.1,58.5,63.0,77.2,76.2,68.3,73.3,56.5,74.8,81.2,71.9,74.8,68.5,77.9,69.9,80.0,63.7,65.3,67.4,66.6,61.7,69.8,75.6,53.5,94.4,77.6,77.1,78.0,73.3,82.9,71.4,85.0,82.3,69.4,82.1,83.3,54.7,64.9,62.7,69.9,83.4,85.3,86.1,75.4,89.1,72.5,79.4,91.9,86.0,109.0,84.5,116.6,125.6,118.8,156.0,205.0,182.7,200.9,240.4,262.8,313.7,344.4,412.0,490.4,502.7,620.9,650.2,739.7,789.3,860.5,948.3,1015.8,1136.5,1155.5,1192.0,1304.1,1309.4,1347.3,1445.1,1384.6,1444.8,1398.6,1442.0,1492.2,1485.7,1391.2,1429.5,1482.9,1405.4,1427.2,1527.6,1483.6,1619.5,1628.1,1652.6,1750.3,1889.7,1879.9,2019.2,2156.5,2316.3,2300.3,2390.3,2509.8,2539.5,2667.3,2665.3,2806.7,2637.8,2739.2,2746.0,2743.8,2686.1,2542.7,2539.5,2387.0,2293.1,2242.5,2051.0,2069.4,1898.9,1662.9,1603.9,1420.0,1292.5,1209.5,1032.0,996.7,897.9,789.7,678.3,621.0,561.7,505.6,486.9,417.1,394.6,356.4,371.5,287.9,311.5,302.8,282.6,249.4,257.0,218.6,221.2,222.3,214.3,205.9,212.8,199.3,199.2,186.8,173.1,137.9,163.1,142.1,155.3,120.7,152.4,147.5,145.0,136.2,128.9,134.9,125.9,125.0,121.6,115.6,117.4,127.5,125.4,121.7,99.9,110.9,112.4,115.9,107.0,96.7,125.7,134.1,111.2,124.2,102.7,125.3,104.0,130.0,113.4,126.8,117.5,98.8,128.5,112.9,118.6,121.2,117.9,155.4,119.0,142.7,119.8,122.6,125.8,135.6,123.7,130.9,136.3,121.3,122.8,133.2,125.6,114.4,117.2,122.9,133.9,117.8,137.0,141.2,128.4,136.5,150.4,132.2,140.2,122.4,133.9,135.3,152.6,127.5,136.1,150.4,111.3,132.7,142.1,131.2,134.3,131.2,143.5,136.5,137.4,137.2,149.4,144.8,131.7,132.5,138.8,137.1,134.1,128.7,156.6,159.2,155.6,150.3,163.8,147.5,142.6,146.0,150.8,160.8,139.8,151.0,143.8,135.6,163.6,140.3,141.0,138.0,137.8,128.6,134.6,152.5,155.6,173.6,144.9,140.6,166.4,149.5,177.9,131.2,145.4,164.2,144.4,168.4,134.5,128.4
2,carbonyl,110.1,95.3,91.2,87.1,89.7,73.9,94.5,80.1,98.5,92.8,86.7,103.9,104.5,100.2,88.3,97.9,82.6,80.5,92.4,100.2,91.5,95.6,78.5,101.9,103.1,84.4,94.4,99.9,89.4,94.2,116.4,97.1,97.9,118.0,111.0,98.9,99.1,91.0,94.1,73.7,96.5,103.8,92.0,98.0,101.4,88.3,102.0,104.9,96.6,121.3,87.7,118.5,111.1,101.0,97.5,97.9,114.9,111.2,107.4,114.2,119.5,97.9,112.7,108.2,102.7,130.4,139.3,110.8,113.7,116.6,140.9,193.6,180.8,192.4,215.6,253.3,285.0,344.9,393.0,487.7,554.9,603.6,772.5,811.9,924.7,1087.3,1170.5,1315.7,1445.9,1620.0,1725.5,1870.1,1934.1,2011.2,2139.6,2157.5,2232.5,2258.5,2233.8,2213.8,2159.2,2084.0,1925.6,1879.6,1791.2,1621.1,1414.1,1436.7,1349.4,1194.2,1002.2,963.1,860.8,723.6,695.4,661.7,570.1,580.5,553.5,511.8,501.0,487.6,448.7,509.0,560.3,474.3,481.9,529.0,510.4,498.4,486.7,512.5,557.6,547.3,589.5,554.4,639.3,618.1,646.7,696.3,724.2,780.9,863.4,878.7,966.5,1004.9,1048.7,1161.0,1254.6,1231.9,1271.7,1280.0,1383.7,1377.9,1513.7,1511.3,1560.4,1510.6,1486.5,1470.3,1567.7,1474.6,1444.5,1442.9,1358.1,1222.5,1248.9,1137.1,1191.8,1027.4,1027.8,931.7,891.4,857.3,801.9,726.0,650.0,614.6,603.5,595.6,544.4,513.4,465.4,469.2,440.6,422.1,370.5,366.0,334.2,369.8,327.8,308.2,288.5,281.0,273.2,232.5,252.2,252.4,219.0,205.0,205.2,211.5,197.3,190.8,173.9,145.2,167.4,178.7,143.2,164.2,174.3,178.0,168.7,164.8,127.9,134.3,151.9,165.7,139.9,151.4,136.7,162.6,144.8,148.6,138.6,167.6,150.9,149.6,153.6,146.2,153.4,151.1,153.5,150.6,150.6,163.3,149.8,136.7,134.1,143.4,129.3,152.1,140.9,167.6,152.1,152.5,177.0,157.6,149.3,167.8,160.7,131.2,168.1,161.7,180.4,156.6,156.9,152.6,150.6,163.7,166.1,165.1,141.2,167.3,183.4,154.9,171.9,169.9,161.1,167.5,165.0,163.1,171.3,166.0,182.9,170.7,147.6,153.0,143.3,157.9,156.7,145.8,150.0,148.7,163.1,167.5,157.4,173.7,186.6,170.4,170.2,158.1,158.5,169.7,171.6,180.7,151.2,164.9,181.6,149.0,148.1
3,carboxyl_ester,104.0,108.9,127.7,115.1,124.6,107.4,111.3,91.5,131.7,117.0,112.3,93.3,128.8,116.2,112.6,89.6,121.0,110.9,111.2,107.7,118.6,120.1,115.1,120.0,133.7,116.4,144.1,135.7,121.6,114.8,116.3,120.0,110.2,114.5,109.8,116.5,122.7,96.5,114.9,121.1,105.4,113.9,119.1,118.4,123.8,123.8,124.4,116.0,113.1,117.2,120.6,112.9,126.1,114.7,120.9,102.8,115.3,122.8,145.9,153.8,101.2,120.6,136.9,128.6,134.5,129.6,126.4,145.9,128.4,154.1,172.6,194.0,165.3,201.5,279.8,264.6,294.4,296.7,353.3,413.4,458.9,537.9,556.9,659.6,674.6,752.1,878.4,974.9,1031.4,1134.6,1204.8,1284.9,1322.9,1321.1,1457.9,1406.8,1425.5,1519.6,1427.3,1404.2,1451.4,1406.1,1338.1,1273.6,1212.6,1166.6,1120.8,1075.2,1008.7,973.4,943.6,946.5,832.0,848.0,803.3,786.8,792.5,816.1,768.3,781.2,797.4,813.6,811.6,827.8,833.9,911.7,865.7,817.4,799.8,818.8,816.4,826.4,790.3,759.5,737.3,618.7,667.2,626.6,571.6,564.5,522.6,487.8,493.3,480.1,454.2,434.2,428.7,422.6,431.4,416.9,386.0,462.9,446.6,513.1,535.5,536.9,571.2,623.5,660.7,710.1,760.0,832.1,846.6,964.7,1031.0,1124.1,1216.4,1252.4,1379.2,1429.8,1489.4,1565.1,1684.4,1750.0,1757.2,1902.5,1945.9,1968.3,1935.4,2056.3,1988.8,2154.5,2060.8,2077.3,1960.7,1894.1,1834.7,1824.8,1680.2,1600.6,1547.8,1529.8,1371.9,1361.6,1226.7,1113.4,992.6,970.5,860.1,783.3,734.1,716.6,587.2,496.0,504.4,474.6,394.9,330.1,314.3,268.9,264.6,261.9,257.0,221.6,225.4,222.3,187.1,178.9,183.3,178.4,162.0,173.8,170.3,139.9,172.2,164.8,151.6,125.6,162.4,177.1,168.0,155.3,167.5,150.9,147.7,154.1,167.9,138.5,167.0,150.8,161.5,159.8,158.5,157.9,181.3,176.0,152.4,172.1,169.0,173.1,163.1,159.0,166.7,154.7,191.4,173.6,164.3,170.1,177.3,203.6,178.8,188.8,160.5,184.7,173.1,162.2,160.7,196.4,159.6,159.0,195.5,179.1,160.4,171.5,183.9,171.9,188.3,174.4,187.7,165.1,176.2,187.9,183.7,167.0,189.0,193.7,176.0,182.3,159.0,175.4,174.8,184.1,169.4,169.7,196.8,153.2,145.7,171.2,192.4,155.9,173.9
0,hydrocarbon,49.0,44.3,58.6,40.6,55.0,39.1,52.0,56.7,39.5,62.1,52.5,47.2,60.4,48.6,52.9,51.0,39.4,59.4,48.7,64.5,50.0,61.6,52.6,55.6,44.8,53.5,60.5,52.4,55.1,52.3,48.3,42.7,53.2,52.4,51.2,66.2,44.4,56.6,66.8,47.4,47.9,52.3,49.7,59.4,59.5,52.8,64.8,65.3,46.8,44.7,60.0,44.5,47.8,48.0,48.3,50.4,66.2,61.6,61.6,61.4,71.9,71.6,98.3,98.3,115.7,124.7,118.8,160.5,194.5,229.0,286.3,398.0,434.2,506.5,637.0,784.0,898.4,1116.8,1304.0,1451.7,1656.6,1907.5,2183.2,2261.6,2597.2,2925.0,3116.3,3281.0,3464.2,3676.5,3846.0,3809.6,3969.9,4040.8,4056.4,3966.3,3789.3,3696.5,3490.5,3397.0,3115.0,2917.5,2686.0,2490.6,2193.9,1922.8,1759.1,1579.7,1304.9,1103.9,969.3,822.4,702.6,583.4,465.2,411.2,360.8,271.9,269.5,238.6,196.5,158.6,149.7,132.1,120.1,109.3,119.2,93.6,103.8,118.0,109.0,98.7,88.9,81.4,95.0,89.2,77.1,85.4,81.1,98.5,81.4,68.4,82.2,83.1,64.3,79.3,75.2,69.3,77.7,81.8,83.3,67.5,71.6,72.6,59.0,58.7,87.0,80.5,77.6,73.9,63.2,73.0,82.0,79.3,80.1,62.9,68.3,70.4,60.4,56.5,65.8,72.0,68.0,72.5,86.7,59.8,66.8,72.1,70.0,79.2,53.6,50.4,73.6,70.6,68.4,64.5,52.5,69.4,57.8,51.5,66.5,57.9,85.1,55.7,64.5,87.4,54.5,75.4,60.9,75.4,66.9,58.0,80.6,66.5,95.9,84.3,66.1,63.1,75.8,83.2,72.5,69.2,65.3,67.0,69.1,56.4,73.1,63.1,81.2,67.0,81.6,81.7,74.0,69.9,80.9,69.2,81.6,77.9,78.8,63.9,74.7,86.1,69.8,81.2,69.9,78.9,73.0,56.6,77.1,78.7,73.4,67.2,76.6,46.2,60.7,56.6,80.5,62.0,89.2,94.8,71.2,74.2,77.8,74.4,78.8,75.0,86.4,86.0,82.2,78.7,80.6,59.6,83.6,64.5,74.9,85.6,88.5,92.3,76.4,72.7,76.6,75.4,60.0,72.5,78.5,77.8,80.4,70.0,73.4,73.4,67.6,73.8,85.5,79.2,63.9,73.6,76.1,89.1,78.5,87.8,93.1,77.4,66.9,93.0,75.9,74.5,76.6,81.2,90.4,80.4,80.4
3,carboxyl_ester,91.6,86.5,96.8,91.5,75.4,91.4,99.4,96.4,92.4,94.6,95.8,92.9,91.7,93.9,100.5,90.0,91.6,99.8,93.6,89.4,97.2,98.1,101.1,108.1,83.2,100.7,105.8,86.0,107.2,106.3,89.5,105.8,105.8,88.9,115.3,109.6,110.9,98.7,92.4,100.0,96.7,104.9,91.9,104.0,97.7,100.0,93.1,98.9,120.3,93.9,107.5,102.3,131.2,102.5,99.8,102.4,103.1,99.6,96.7,114.9,110.3,97.1,110.0,114.2,97.3,89.5,101.2,116.5,117.9,128.9,120.7,157.5,167.3,211.0,201.9,229.9,280.5,336.5,411.8,496.3,568.8,602.2,738.3,856.3,944.2,1136.1,1141.5,1392.1,1509.3,1566.8,1773.9,1936.2,2115.8,2289.2,2291.2,2434.3,2381.4,2414.9,2439.9,2444.5,2357.8,2251.2,2236.3,2117.6,2010.9,1872.1,1801.3,1588.8,1452.9,1317.6,1259.2,1106.8,981.8,838.8,730.3,629.7,569.1,481.9,417.0,407.9,362.6,355.4,301.9,276.1,307.5,282.9,278.6,250.8,259.3,257.7,280.4,280.6,286.2,298.6,325.7,308.4,332.6,371.1,382.1,381.3,494.3,501.0,576.2,584.9,604.4,651.6,714.8,747.8,807.1,860.4,806.1,945.1,1017.2,1033.8,1044.9,1049.1,1067.7,1075.1,1129.4,1128.9,1133.0,1112.1,1230.9,1125.2,1094.9,1167.5,1100.4,1092.8,1002.5,1061.8,1021.3,998.0,1053.1,1015.2,961.3,988.9,963.1,901.9,978.6,984.7,891.7,911.8,890.2,878.7,859.9,796.5,764.7,697.0,783.2,726.2,600.4,614.8,583.5,562.7,531.4,451.8,452.3,410.8,420.4,359.0,333.2,283.5,302.1,265.0,266.6,230.5,231.0,190.1,211.7,177.5,186.4,179.9,154.1,150.9,144.6,148.8,142.2,145.8,125.5,148.9,135.9,138.4,128.7,133.6,115.8,132.4,113.2,135.2,128.6,138.8,128.2,149.9,128.1,135.3,124.8,131.7,114.2,138.3,128.3,136.1,123.4,141.1,120.1,138.6,156.7,123.5,143.7,129.8,145.1,162.6,147.9,133.4,148.8,127.3,153.6,146.4,153.0,154.6,136.9,128.9,133.7,145.8,157.3,156.8,132.9,163.5,124.5,152.1,151.8,152.2,153.0,136.6,145.9,133.7,124.7,139.8,152.4,138.0,147.0,150.9,142.9,150.1,155.3,153.4,135.4,124.3,132.9,151.1,151.1,124.5,159.8,141.4,143.2,156.6,159.2,147.2,133.5,150.8,159.2,184.2,167.7
2,carbonyl,45.7,40.9,58.6,41.4,52.1,48.6,46.3,42.3,44.1,45.4,38.0,52.4,42.7,42.3,49.0,40.9,49.7,45.5,45.4,49.6,46.8,38.1,45.9,50.4,42.9,54.0,35.9,53.3,42.4,36.2,50.1,45.9,52.2,36.1,49.7,57.8,56.2,54.2,50.5,31.1,54.0,47.1,41.9,48.1,42.1,52.0,52.2,44.8,48.0,57.6,58.5,48.7,61.5,52.4,60.9,58.7,63.0,62.7,47.6,45.4,42.3,63.6,69.2,65.6,80.3,81.2,78.1,68.3,95.2,101.8,107.1,160.5,188.6,221.0,219.2,260.9,300.9,339.4,441.4,499.3,551.1,704.0,716.1,867.1,990.3,1103.5,1229.0,1336.0,1458.1,1560.2,1773.8,1802.4,1815.3,1996.2,2020.1,1991.4,2069.7,2161.1,2225.6,2121.2,2149.2,2067.4,2032.1,1941.2,1872.4,1700.5,1571.3,1481.2,1295.6,1284.1,1139.8,1086.8,994.4,848.7,775.8,719.1,660.1,606.8,509.9,480.5,515.3,432.8,442.2,395.6,409.2,405.9,392.2,425.9,387.5,444.7,418.0,464.4,477.8,480.8,488.8,558.6,608.3,601.8,634.5,679.6,813.6,873.1,854.8,945.9,997.7,1053.6,1133.3,1193.3,1295.5,1348.6,1480.1,1471.3,1592.7,1520.6,1609.9,1574.6,1732.4,1701.3,1668.8,1730.2,1716.6,1568.6,1541.6,1510.7,1491.5,1433.4,1376.9,1298.8,1303.0,1190.0,1156.9,1048.6,929.6,887.2,822.1,746.9,722.4,621.9,589.9,530.2,504.1,482.7,407.8,364.2,336.6,322.5,291.9,296.1,244.2,243.6,215.7,197.3,191.9,162.1,181.4,168.8,147.0,138.9,121.3,128.6,111.2,119.9,105.7,95.2,95.8,88.9,93.5,71.9,106.0,79.3,89.2,63.4,80.5,79.9,73.4,70.8,69.2,80.7,72.7,60.7,67.3,76.6,79.9,76.4,62.1,69.5,89.7,64.6,76.0,101.5,72.5,74.3,56.3,56.6,69.6,52.2,74.5,77.5,83.5,66.5,71.1,72.8,91.2,65.4,71.7,74.7,75.8,84.8,71.4,72.6,70.7,79.0,80.0,80.6,69.4,69.6,65.8,74.9,70.0,76.4,71.3,79.0,81.4,74.7,74.8,57.9,74.6,82.7,61.1,84.8,79.8,91.3,74.3,81.2,85.0,71.0,91.2,77.5,89.1,80.2,78.3,81.5,83.8,93.2,86.8,92.4,87.2,80.6,77.9,76.1,97.9,83.6,74.9,76.4,68.5,88.7,82.6,71.6,67.1,77.1,73.5
1,alcohol_ether,90.9,75.4,91.0,86.0,106.9,99.9,88.4,84.7,82.9,80.3,102.7,107.0,92.2,92.3,97.4,85.1,110.5,92.8,91.9,87.5,98.9,98.8,106.5,104.4,88.1,98.7,104.4,85.7,86.0,82.2,104.4,96.5,74.1,102.9,81.7,114.9,97.5,120.2,91.2,98.0,91.5,92.4,98.1,86.2,93.4,102.9,106.5,91.5,109.9,98.6,93.9,95.6,124.3,95.3,100.9,97.8,115.0,93.6,109.7,97.9,91.4,107.1,97.7,105.5,145.8,129.2,126.4,126.4,131.8,133.6,155.5,143.5,162.0,177.6,218.9,205.4,249.8,223.0,299.4,311.6,337.1,415.0,424.2,458.2,523.0,548.3,566.8,647.6,696.8,698.4,786.1,893.2,886.4,884.7,1009.3,1006.8,1022.8,1096.5,1093.4,1094.9,1165.8,1123.3,1170.1,1194.5,1277.1,1277.3,1372.1,1287.5,1347.5,1364.8,1492.6,1507.8,1594.8,1677.9,1705.7,1750.2,1903.8,1900.1,2039.4,2244.2,2285.8,2234.8,2375.6,2389.5,2507.7,2484.6,2412.6,2543.2,2591.3,2492.5,2502.6,2554.2,2435.0,2362.1,2281.6,2237.5,2198.4,2158.5,1970.9,1834.6,1860.5,1690.3,1625.8,1502.4,1393.7,1324.4,1186.9,1137.8,1134.2,1050.9,945.3,920.1,883.5,844.1,804.1,799.2,749.1,732.8,692.1,670.4,685.1,665.5,710.4,670.3,721.7,664.7,732.2,664.9,678.1,693.1,677.0,676.7,726.3,682.0,687.3,663.0,639.8,674.4,691.7,721.2,676.1,610.9,671.2,644.7,614.9,590.2,616.2,591.2,581.6,561.0,527.3,535.1,465.1,511.2,441.0,399.4,397.2,375.1,359.7,336.9,328.1,314.2,313.0,254.8,226.3,242.0,237.9,215.6,221.1,210.9,192.3,194.4,178.8,178.6,167.4,158.4,154.9,148.7,153.1,114.1,141.3,143.0,138.5,155.9,137.6,134.2,117.8,127.9,127.0,146.3,119.8,125.8,117.3,136.3,120.5,144.4,150.4,135.3,129.0,145.6,135.3,113.8,125.6,118.3,148.5,125.9,124.2,135.6,132.4,127.7,145.0,135.0,158.9,144.1,166.9,128.2,154.3,116.8,140.6,135.2,141.2,150.7,138.2,126.1,128.2,136.5,132.4,122.6,148.1,131.5,144.3,141.8,154.5,130.0,131.6,122.1,116.8,121.7,117.5,140.3,138.3,137.7,161.0,151.9,153.2,155.3,151.1,141.1,149.1,126.7,159.6,146.0,135.5,147.8,154.7,142.0,158.6,149.9,134.5,156.9,112.5
0,hydrocarbon,82.6,85.2,79.3,83.0,70.9,73.7,83.7,77.4,86.6,81.5,87.7,91.2,83.0,70.2,78.2,74.9,89.8,87.5,87.9,94.2,101.0,71.6,94.4,82.4,92.7,85.8,104.7,82.3,87.5,89.0,114.7,94.0,79.5,75.9,94.2,101.1,86.0,118.0,99.8,92.7,109.0,89.4,86.5,98.8,96.6,81.5,98.8,95.9,97.2,91.9,102.6,105.0,84.0,102.2,79.7,102.9,86.3,98.9,121.0,126.7,104.7,86.7,104.5,99.0,93.1,120.3,109.2,119.4,138.2,131.4,148.8,193.5,198.1,230.4,265.4,324.8,396.0,448.6,514.4,612.8,763.9,831.4,1008.1,1154.9,1359.3,1535.6,1624.6,1898.5,2114.2,2178.4,2472.8,2686.2,2734.9,2913.4,3096.4,3111.1,3190.2,3120.2,3348.3,3197.8,3234.6,3122.0,3001.1,2838.1,2721.1,2486.6,2405.3,2159.4,1956.5,1784.9,1578.6,1537.5,1324.1,1223.6,1055.7,918.1,871.0,812.3,743.9,701.1,655.9,555.0,569.0,546.1,543.8,508.1,500.6,499.3,501.6,478.5,463.5,499.8,465.3,441.0,465.6,396.8,412.9,370.5,339.2,333.3,340.9,324.3,336.9,350.6,302.4,268.8,265.0,281.1,309.7,292.7,301.7,283.1,263.3,303.0,304.7,317.1,287.0,277.4,311.6,329.3,340.7,333.7,382.5,349.8,386.3,394.7,407.8,375.0,429.9,452.4,441.1,430.3,459.0,474.6,457.9,497.9,513.5,493.3,494.5,513.8,534.9,499.6,529.6,495.5,483.7,486.5,492.0,455.9,491.5,423.2,423.2,454.2,422.1,322.9,338.1,335.6,295.3,323.8,314.3,294.2,242.2,246.3,219.5,228.3,199.1,203.0,173.7,181.8,149.8,155.0,159.2,166.8,131.2,151.9,151.3,139.9,174.3,157.8,124.3,108.2,142.8,133.1,150.3,163.2,132.4,121.0,136.3,170.8,150.4,161.3,143.3,130.4,127.1,142.0,134.9,127.1,157.0,130.1,132.5,149.1,150.5,162.2,150.3,152.0,140.4,168.3,156.5,171.4,134.2,173.6,143.3,152.7,153.7,158.3,150.2,135.5,143.8,143.2,138.4,163.3,137.9,155.8,157.1,131.5,142.1,147.1,151.2,149.9,137.7,156.5,159.9,150.3,184.7,144.0,155.6,163.6,141.0,151.6,164.7,166.3,146.4,135.6,141.4,144.7,149.4,169.3,172.5,172.6,147.6,191.1,163.0,170.3,156.8,178.6,137.7,171.9,158.9,155.6,166.8,166.1,186.2
2,carbonyl,80.6,92.2,78.2,108.6,91.1,93.9,83.5,93.9,82.7,81.4,90.5,88.0,67.8,96.4,80.0,92.3,86.2,98.0,92.9,95.9,106.7,90.4,88.7,96.3,99.5,77.9,96.4,96.9,96.6,106.9,105.4,102.8,106.9,105.0,99.1,93.4,83.7,83.2,104.0,87.2,95.4,89.8,94.9,92.0,96.8,101.0,110.5,111.9,109.4,92.5,91.9,116.1,107.4,103.7,88.9,126.9,129.3,112.2,120.2,117.7,130.8,115.8,121.6,129.3,141.8,170.2,151.8,202.0,185.6,235.8,245.1,304.9,340.9,379.9,455.7,550.3,621.2,729.0,859.3,949.5,1113.2,1250.5,1368.3,1546.6,1766.6,1943.3,2014.5,2146.7,2302.0,2450.8,2589.3,2763.7,2597.0,2813.9,2767.3,2706.5,2607.4,2813.6,2523.4,2508.4,2408.0,2280.6,2119.8,2005.6,1769.5,1724.2,1479.9,1362.5,1222.0,1051.5,922.7,830.1,739.9,657.6,533.2,471.7,405.9,408.2,306.5,271.1,245.0,244.3,224.0,217.7,218.9,201.3,206.8,217.4,218.0,214.0,235.4,245.1,258.0,258.0,305.2,333.5,354.5,344.5,395.5,417.1,466.3,483.5,508.9,509.2,579.4,611.1,688.3,657.7,713.0,764.0,799.1,742.9,836.3,808.2,907.6,816.2,892.9,924.8,897.5,952.6,923.7,955.2,869.9,932.2,1033.5,972.6,1017.9,995.7,966.2,979.4,991.4,1005.4,1015.4,1017.3,1004.2,1043.0,948.9,950.9,989.9,983.2,938.7,948.8,877.4,930.9,843.8,798.8,807.0,768.2,734.5,698.8,638.0,614.6,585.8,541.5,497.1,479.7,451.0,399.4,368.6,336.2,320.4,282.2,259.6,264.2,273.7,219.8,240.6,219.4,210.2,175.3,202.3,175.5,176.2,185.6,152.4,179.9,161.9,182.3,155.3,158.0,158.5,162.7,159.0,166.7,183.3,177.3,154.9,172.7,159.9,171.9,170.2,154.9,149.6,156.3,166.1,184.7,164.4,177.1,179.6,172.7,178.7,198.8,169.4,186.9,177.1,182.8,156.5,162.4,160.7,199.0,184.1,179.7,168.7,176.7,197.0,191.2,176.5,179.6,170.0,180.9,174.4,157.4,172.9,177.2,197.6,195.2,181.5,173.2,174.5,199.9,155.1,166.8,175.8,179.3,200.7,185.5,206.9,177.0,170.8,188.5,187.3,167.3,207.8,198.1,180.1,195.3,159.2,179.5,200.3,178.8,206.0,150.8,185.7,174.6,212.5,177.6,211.0,182.8,192.5,216.1,193.0
2,carbonyl,71.3,67.7,72.0,71.6,79.6,86.6,80.4,82.4,75.9,85.8,79.7,73.8,91.0,80.0,77.4,79.5,83.3,91.5,89.2,86.0,87.8,87.8,82.2,85.5,83.7,74.0,72.2,78.8,89.2,83.7,86.1,94.9,79.3,64.0,94.3,92.9,80.6,104.4,91.5,73.5,87.9,102.5,82.9,84.4,94.2,80.4,92.4,88.2,77.4,84.8,88.7,87.9,93.9,97.1,101.1,102.9,103.3,89.9,108.0,104.5,107.9,87.7,105.5,123.3,135.4,107.9,140.5,157.0,155.6,200.0,228.0,247.8,256.3,316.2,350.2,380.9,479.6,516.2,592.3,687.8,761.4,844.5,922.8,1024.5,1171.1,1223.9,1277.7,1412.6,1494.5,1603.9,1745.8,1834.4,1918.5,1988.3,1986.3,2098.4,2032.8,2101.5,2141.0,2070.9,2037.8,2042.2,1927.6,1860.0,1773.0,1767.6,1624.1,1509.3,1454.2,1302.6,1253.5,1135.4,1115.5,987.8,850.9,754.0,738.4,684.0,613.2,600.2,571.5,505.3,521.7,483.0,483.8,483.3,483.5,486.5,531.4,519.6,574.3,563.1,616.9,596.0,719.3,668.2,792.8,883.0,884.5,934.4,1023.1,1056.0,1165.8,1223.1,1293.0,1360.8,1548.1,1474.8,1613.4,1670.4,1688.8,1776.9,1808.8,1848.6,1852.4,1822.4,1834.2,1961.6,1905.9,1899.5,1871.1,1980.1,1810.1,1727.9,1706.8,1700.1,1630.3,1528.4,1479.9,1410.6,1323.6,1287.6,1236.3,1129.4,982.8,999.5,888.3,891.3,785.5,718.7,638.4,585.8,554.8,484.1,519.2,490.9,428.9,383.5,385.1,362.3,311.2,315.0,285.4,281.6,276.1,262.4,233.7,216.4,199.2,232.3,185.5,205.6,196.4,164.1,143.1,176.4,174.4,167.5,173.2,155.9,143.4,152.2,142.9,171.4,169.1,160.1,138.6,145.5,158.1,148.2,138.8,134.2,142.5,151.0,150.0,154.9,133.1,139.9,135.6,163.5,136.2,134.8,136.4,150.2,145.2,147.3,135.3,140.1,151.8,150.1,148.5,168.9,138.6,163.8,157.2,146.7,155.6,140.3,179.9,121.8,151.3,144.0,146.7,136.6,162.9,148.9,156.3,141.9,162.8,155.4,170.2,153.1,163.0,156.5,145.9,150.2,160.0,151.6,140.6,158.9,184.3,154.5,173.7,159.7,165.3,180.3,180.3,169.2,163.5,138.0,157.5,172.5,173.8,174.4,164.7,166.2,151.5,169.1,152.0,167.0,145.5,156.2,176.2,155.8,162.8,170.3,204.7,150.4,171.7,180.4,138.6
0,hydrocarbon,101.3,121.2,79.4,84.3,84.1,93.4,98.9,96.3,116.3,107.0,109.7,123.7,104.8,114.6,106.0,94.0,97.3,93.5,89.4,111.9,98.9,103.9,102.7,113.9,90.1,97.8,93.4,103.3,109.3,94.9,103.0,92.9,104.9,112.2,117.0,91.3,88.3,84.0,110.3,118.0,89.7,82.3,106.1,112.2,118.4,106.7,87.5,100.8,107.7,109.2,100.0,105.0,112.9,110.2,114.0,108.7,106.8,97.7,105.7,106.2,111.5,93.2,119.6,126.8,136.1,130.8,140.6,139.7,137.6,164.7,199.6,228.9,253.8,297.3,334.7,400.4,487.3,593.2,641.1,846.4,955.7,1124.8,1258.5,1591.8,1721.7,1946.6,2144.7,2404.8,2647.0,2916.9,3225.8,3274.5,3667.3,3856.5,3856.3,3973.3,3998.0,4088.2,4130.9,4047.4,3904.8,3777.4,3636.8,3418.0,3247.6,2978.1,2863.8,2596.0,2260.6,2096.8,1893.6,1637.8,1460.5,1253.0,1071.0,911.0,802.5,675.2,524.2,460.0,369.5,329.4,297.9,249.5,228.5,198.9,177.0,166.5,139.7,123.8,141.2,132.7,136.3,123.4,112.3,109.8,137.1,122.1,142.1,118.5,135.3,110.5,113.6,137.6,121.8,140.6,117.7,110.7,133.1,131.8,120.8,124.7,143.9,121.6,98.1,112.0,134.9,127.6,134.4,135.2,132.5,128.2,130.8,116.9,135.0,120.4,132.6,128.4,132.3,126.2,128.5,128.8,125.9,134.5,139.3,132.5,132.8,137.1,121.6,135.6,120.7,127.9,113.9,134.7,152.8,122.3,137.1,147.6,116.8,145.6,143.6,113.2,119.0,140.0,125.7,126.7,138.5,116.5,132.2,132.2,136.0,117.6,129.6,154.0,138.5,119.7,138.2,137.2,131.9,154.7,145.7,149.0,121.8,152.8,137.5,125.4,131.6,127.7,144.6,131.7,169.1,136.8,153.9,132.7,123.7,156.1,124.9,143.4,133.2,157.3,117.8,125.9,104.7,149.9,137.0,141.7,142.9,142.1,117.4,148.9,152.7,161.6,142.9,131.7,142.8,148.1,146.9,141.4,142.3,144.1,148.4,119.8,149.0,158.5,165.4,138.2,128.4,135.8,137.8,147.8,110.1,139.7,151.0,130.3,133.1,155.3,147.1,119.2,141.0,147.7,138.9,138.0,149.4,133.7,137.4,130.5,140.3,154.6,152.5,146.1,134.3,161.6,151.4,140.8,135.1,146.1,131.4,142.0,140.2,125.8,162.6,147.0,168.9,141.3,152.5,168.5,157.5,142.3,153.2,150.1,148.4
0,hydrocarbon,38.5,53.5,49.4,60.4,43.2,48.2,45.0,38.1,48.7,52.8,61.7,48.7,49.1,60.2,51.2,51.1,47.4,45.4,52.0,49.8,30.5,48.6,51.5,52.1,53.5,49.5,51.1,54.2,40.5,51.7,59.4,52.9,50.3,60.9,50.9,48.8,49.2,50.8,57.5,58.3,55.5,46.5,62.3,66.4,44.3,72.0,77.3,56.0,65.8,54.2,50.1,63.7,57.3,61.5,53.0,64.4,56.1,67.0,57.7,65.0,71.8,75.9,93.5,89.6,96.5,124.5,119.7,141.9,133.9,215.3,236.8,290.1,346.8,460.4,489.4,603.1,660.8,787.2,1042.2,1152.3,1377.6,1538.5,1757.0,1940.7,2217.1,2454.8,2711.3,2995.9,3143.5,3394.7,3558.0,3778.5,3903.2,3948.6,4011.4,4016.1,3938.9,3991.1,3887.5,3750.5,3638.0,3424.9,3283.7,3174.9,2839.6,2551.2,2311.1,2063.1,1862.2,1608.1,1415.4,1234.1,1070.4,903.7,778.9,697.3,589.3,478.6,398.3,312.1,277.3,240.1,141.7,168.3,161.1,142.9,121.4,104.5,81.5,110.4,108.0,79.9,82.2,77.9,80.5,71.1,99.5,80.9,75.1,85.4,84.1,76.6,65.3,77.1,77.1,77.5,88.4,74.7,89.3,92.4,69.7,78.0,87.4,85.8,94.3,90.1,85.6,93.0,99.1,105.0,75.2,102.6,89.0,101.0,100.6,100.1,97.2,87.6,100.8,98.5,108.6,114.4,128.3,109.6,102.3,114.2,107.9,85.8,108.3,105.9,145.2,126.0,113.4,102.5,122.4,101.4,93.7,115.3,118.7,102.5,107.0,111.0,110.9,105.9,112.1,120.4,84.5,97.8,87.3,100.6,110.1,92.9,114.3,81.7,111.5,104.9,94.0,96.9,108.0,97.3,103.2,102.7,102.9,85.8,95.5,98.9,90.4,118.8,85.4,99.3,94.2,90.3,80.8,98.1,92.2,101.9,92.2,110.2,108.5,81.7,82.8,94.2,88.1,96.5,78.3,96.9,92.4,104.0,127.7,104.0,106.5,106.6,110.4,109.1,109.1,118.9,95.5,98.1,103.4,94.5,103.2,104.9,103.5,87.5,119.4,114.1,89.7,95.0,102.3,123.6,110.7,95.1,90.5,103.9,113.0,107.4,129.3,119.0,102.7,112.3,102.6,110.7,107.9,77.0,108.0,123.5,109.6,111.5,120.5,102.1,126.8,122.1,96.6,108.4,104.5,106.7,88.2,106.9,106.1,133.4,111.1,104.3,99.8,97.8,103.6,100.2,114.3,122.4,125.1,112.6,108.8
3,carboxyl_ester,61.6,53.6,63.9,71.5,63.9,55.5,76.3,66.1,61.6,70.7,62.5,64.7,73.2,64.6,60.7,56.2,74.7,55.9,67.9,74.1,72.8,74.2,64.3,61.2,75.9,58.5,64.6,80.3,59.6,71.6,70.0,71.9,80.9,65.6,84.2,72.9,69.5,73.0,65.9,73.2,74.9,68.6,71.0,78.5,70.8,78.7,79.6,78.3,67.5,79.5,66.8,85.3,68.4,60.8,80.0,90.7,70.3,90.3,51.6,78.2,66.7,57.0,94.8,77.6,82.8,98.7,74.9,102.0,113.0,116.2,119.9,146.9,174.0,188.2,223.7,274.7,331.2,410.3,530.7,570.8,748.6,877.8,972.9,1058.9,1184.2,1460.1,1537.5,1856.1,1919.2,2115.0,2329.1,2270.8,2388.1,2396.0,2434.8,2418.0,2373.6,2371.4,2325.2,2203.1,1989.9,1849.9,1675.5,1581.7,1360.8,1319.1,1227.6,990.8,913.0,852.1,756.1,730.7,659.3,713.3,661.6,666.2,665.4,738.0,731.5,776.3,744.4,764.2,823.2,819.7,877.6,797.1,764.5,753.0,709.7,743.6,667.0,680.4,639.8,598.7,523.9,504.1,437.8,412.0,360.0,342.3,285.3,275.0,262.8,211.0,184.5,180.1,167.3,151.6,153.8,151.3,159.4,150.4,182.3,177.7,188.2,191.5,239.2,222.9,263.7,271.0,301.5,329.5,425.4,455.8,490.6,539.7,528.9,621.4,693.8,697.6,784.5,816.4,926.7,880.8,918.8,997.0,997.6,1023.1,976.0,961.5,997.8,965.4,988.2,852.5,873.1,841.1,755.8,740.4,706.8,635.7,584.8,560.3,501.5,477.2,432.7,413.1,341.4,304.0,277.3,241.8,207.4,223.9,190.1,179.0,136.8,152.1,141.5,131.1,116.0,117.4,129.2,104.8,124.6,98.7,99.5,111.8,115.2,119.4,98.0,109.5,118.2,103.2,102.9,109.5,119.6,117.0,117.7,113.5,109.0,118.3,97.8,103.9,107.2,90.4,97.9,111.8,111.0,112.6,111.1,84.5,131.7,98.9,105.0,99.5,100.1,125.3,112.2,116.2,124.6,113.8,101.4,101.0,104.2,120.2,130.3,118.1,109.8,122.3,106.3,107.3,120.9,122.2,133.7,113.1,137.9,100.8,113.1,122.8,118.2,133.9,126.4,106.7,132.2,112.2,124.1,129.8,119.7,124.1,114.9,122.6,129.2,116.4,139.4,134.8,116.8,123.5,129.5,112.4,110.2,117.4,131.6,121.9,108.2,116.7,110.3,116.9,140.7,121.1,152.1,126.1,125.5
3,carboxyl_ester,77.3,91.9,73.5,71.2,101.1,87.0,98.5,93.4,86.3,92.5,96.8,90.6,83.5,100.8,91.4,92.9,81.8,95.2,83.5,97.7,98.5,86.8,112.5,92.1,107.2,89.8,94.7,112.0,109.2,98.0,122.1,103.4,93.8,67.3,108.3,91.7,119.8,95.6,101.6,105.5,107.4,98.8,96.6,106.4,122.0,129.3,105.4,99.9,108.7,122.2,127.2,111.4,108.6,102.9,117.8,103.6,106.7,116.4,102.9,124.3,118.9,123.7,110.4,150.7,159.8,155.3,134.9,153.5,181.1,220.2,219.2,242.4,293.6,308.4,388.2,470.4,521.3,625.0,713.8,826.1,910.9,1043.2,1149.9,1353.7,1452.8,1584.9,1703.3,1817.4,1920.4,2074.6,2124.3,2253.6,2210.5,2391.5,2372.9,2336.6,2362.0,2315.5,2284.5,2188.5,2101.1,1969.6,1853.2,1701.5,1560.9,1472.4,1319.4,1151.8,1076.3,960.5,856.9,749.2,640.0,582.0,543.9,459.2,403.9,392.9,360.0,308.5,292.7,262.8,273.2,242.2,240.4,244.4,233.6,280.5,288.0,286.4,274.3,273.1,261.4,330.2,327.9,363.5,395.0,447.4,494.3,470.1,549.4,565.8,610.1,700.5,701.4,733.8,718.8,845.2,786.9,887.7,877.1,927.5,1002.5,982.9,1015.7,1008.9,1105.0,1056.8,1064.1,1072.7,1172.8,1158.5,1175.9,1219.8,1152.8,1171.1,1231.9,1183.1,1278.1,1197.0,1203.7,1291.2,1267.1,1295.0,1235.9,1272.0,1282.6,1301.3,1273.5,1212.2,1224.3,1152.7,1090.7,1137.0,1092.8,1104.8,1042.6,947.3,953.6,912.6,802.7,720.3,726.2,652.6,714.7,573.9,527.2,496.3,457.3,400.6,396.4,369.5,402.4,348.7,308.0,289.1,255.9,258.6,232.9,228.2,200.2,228.5,194.5,209.6,191.7,169.2,180.4,179.3,161.0,201.3,177.7,147.0,163.4,196.8,148.1,172.9,175.1,168.2,204.3,187.8,185.4,188.0,173.2,184.9,184.1,182.4,163.9,195.7,158.1,182.8,160.1,173.9,177.7,196.4,179.6,164.9,176.6,192.7,195.5,182.2,187.0,178.0,190.0,176.0,209.7,189.5,208.7,209.7,185.8,189.2,205.5,224.3,172.5,185.1,183.9,197.9,185.0,209.0,188.8,192.5,204.2,192.2,201.6,187.1,190.8,168.1,195.2,176.3,199.4,204.0,210.7,193.6,182.5,228.2,218.0,184.1,193.5,214.9,202.1,211.6,196.0,194.7,198.7,162.2,211.3,206.8,192.2,200.2,216.2,196.2,198.6
1,alcohol_ether,76.7,88.1,91.7,91.0,80.7,73.0,83.7,98.5,85.4,76.7,93.7,84.8,83.5,81.3,89.2,79.5,82.9,93.5,88.5,102.7,86.1,92.0,82.8,110.2,82.5,75.1,93.4,92.4,98.9,93.1,103.7,91.7,94.8,94.0,92.6,105.2,92.5,81.9,73.7,100.5,84.2,86.7,101.6,92.8,100.9,76.2,86.7,89.8,81.6,76.9,96.6,76.7,89.3,102.7,99.4,88.4,94.1,108.8,92.5,113.1,105.7,130.7,108.0,131.9,138.6,138.3,149.6,150.4,170.9,200.8,236.3,275.3,299.5,354.8,423.5,468.7,570.4,680.8,709.8,825.4,963.3,1033.6,1199.7,1293.0,1457.5,1537.5,1681.9,1845.5,1968.8,2050.7,2074.4,2285.8,2207.3,2320.2,2339.9,2349.0,2302.1,2221.6,2258.2,2299.1,2099.8,2064.3,1945.9,1851.1,1796.4,1696.1,1575.0,1466.8,1489.3,1425.3,1396.2,1397.1,1407.1,1416.3,1379.3,1437.0,1367.7,1454.1,1530.4,1528.3,1463.5,1516.5,1512.2,1545.7,1547.6,1574.1,1479.2,1485.5,1398.3,1440.2,1320.2,1279.9,1243.3,1156.5,1114.9,995.6,996.5,939.4,910.6,775.4,778.9,673.1,610.7,588.3,586.4,462.4,479.2,471.9,424.6,460.0,405.4,414.8,357.8,374.7,358.7,387.9,356.6,374.3,375.3,359.9,377.9,392.5,334.7,362.1,396.3,367.1,366.1,336.3,369.0,403.0,384.8,385.7,349.4,392.5,360.6,371.3,385.3,377.3,363.5,346.4,347.1,371.8,344.8,348.8,332.0,327.2,300.3,305.3,310.1,253.4,249.8,249.3,242.2,245.7,209.0,231.2,196.3,173.0,184.6,182.0,174.8,160.0,149.0,132.6,133.1,170.7,159.9,150.5,142.4,122.5,131.6,134.3,111.8,119.4,111.7,131.3,116.1,129.1,132.6,127.8,131.2,126.4,136.6,139.9,127.4,126.1,135.7,124.3,117.8,135.1,126.0,131.0,137.8,134.4,135.8,135.0,138.3,120.7,136.0,124.9,105.7,131.2,133.5,122.1,141.8,140.5,137.8,135.3,136.3,147.9,128.1,113.2,132.7,130.6,114.5,134.0,119.8,125.4,130.3,130.0,150.4,142.8,136.2,137.7,136.6,109.3,112.0,138.0,130.7,130.1,128.4,136.8,133.6,116.1,143.6,136.9,135.9,128.9,145.9,145.5,122.1,149.4,131.7,137.8,144.2,125.1,149.9,128.4,125.8,129.7,132.3,132.4,116.4,154.4,145.3,151.9,143.2,148.5,136.0,145.7,127.2
3,carboxyl_ester,52.9,64.5,40.2,40.1,53.5,53.3,42.6,43.5,67.2,61.9,47.9,55.6,57.2,58.0,52.6,39.8,63.8,45.6,63.4,65.6,58.5,67.7,60.9,61.6,51.6,71.4,70.2,57.4,47.7,65.3,61.3,60.9,73.8,75.9,56.7,60.4,76.9,58.9,63.8,78.7,54.0,69.2,54.7,71.0,54.0,79.1,64.9,66.5,74.9,61.8,58.0,55.1,74.8,67.2,79.5,67.3,63.3,83.5,70.5,64.0,88.3,87.6,89.4,91.9,95.1,102.1,100.2,127.1,145.7,163.5,176.3,199.5,226.8,230.7,312.8,366.9,347.0,420.9,475.1,549.1,654.4,699.1,790.0,804.4,922.4,985.3,1165.7,1216.8,1314.6,1333.8,1400.8,1402.3,1650.5,1610.0,1659.3,1621.7,1773.7,1760.6,1720.6,1686.4,1690.5,1599.7,1600.8,1554.3,1518.6,1401.2,1325.9,1351.2,1293.5,1205.3,1159.0,1126.2,1127.6,1015.6,1092.9,989.2,976.9,1048.7,989.7,1041.2,1047.5,1023.1,1051.7,1051.0,1005.3,1001.6,1083.5,1086.9,1043.0,1120.0,1070.1,1087.9,1063.5,1117.9,1181.4,1149.7,1110.6,1156.0,1153.4,1223.0,1186.2,1230.1,1247.0,1334.2,1332.2,1357.4,1384.7,1409.4,1399.3,1451.7,1405.5,1457.6,1512.9,1465.9,1594.2,1535.6,1509.8,1550.1,1529.4,1579.1,1526.4,1443.7,1432.0,1389.2,1396.0,1307.8,1258.1,1259.2,1188.8,1151.0,1123.6,1045.7,956.6,926.1,902.0,811.8,767.4,735.4,664.0,614.7,599.4,561.5,569.8,509.1,471.5,421.8,412.4,430.5,406.0,372.6,347.4,293.2,292.9,306.5,245.8,279.8,242.6,262.7,225.1,246.5,214.3,197.9,177.2,191.0,184.8,159.3,182.9,132.9,166.1,164.4,145.9,128.4,150.0,133.7,152.4,137.9,119.6,136.2,124.2,124.5,126.1,118.7,116.7,108.0,117.8,156.2,122.1,105.2,115.1,133.0,116.2,125.3,126.3,117.7,137.0,133.1,119.8,115.4,124.6,129.3,147.1,132.0,123.8,155.4,134.0,149.3,128.1,127.6,136.1,133.2,151.2,132.6,138.5,120.5,125.1,144.6,115.0,122.2,131.6,144.4,147.7,147.6,125.9,137.3,136.1,145.7,133.1,118.6,142.8,161.7,128.6,154.5,144.6,155.1,156.2,147.9,132.3,131.8,136.7,128.8,154.9,149.3,142.9,128.4,132.5,149.7,133.9,152.2,155.0,140.1,146.5,151.9,159.4,162.6,141.8,146.3,136.5,153.0,154.7,140.5,144.2
3,carboxyl_ester,109.8,103.0,124.2,120.3,107.9,90.8,113.8,102.0,106.9,114.8,89.9,127.4,97.4,121.7,110.9,125.3,108.6,121.0,128.7,90.3,105.7,100.3,88.3,97.9,110.7,100.7,104.1,107.0,99.8,98.7,127.6,106.1,124.5,105.3,98.0,112.8,98.2,109.2,98.0,116.6,105.5,121.6,111.1,102.6,118.3,117.2,112.0,118.9,110.4,135.5,106.5,125.8,100.5,111.9,133.1,117.6,112.5,118.3,105.4,101.3,98.8,106.2,120.0,129.3,117.9,114.1,108.5,109.6,118.7,104.8,116.3,132.4,109.4,147.9,143.1,166.9,185.1,197.1,191.1,253.9,247.0,286.9,313.9,359.7,403.5,419.2,482.2,555.0,558.5,609.8,626.3,623.8,721.0,733.9,731.7,783.9,770.2,834.2,832.5,850.3,760.4,818.1,704.1,730.4,717.0,680.4,634.6,533.4,536.7,493.4,517.4,414.7,388.4,392.7,327.6,320.9,294.8,308.8,334.5,301.7,260.1,289.5,267.6,257.7,258.6,248.1,313.9,280.0,279.6,305.0,310.7,347.2,329.7,351.4,371.9,378.8,432.4,437.4,444.4,530.7,493.0,621.9,631.8,672.6,718.9,713.6,793.8,867.5,913.6,1002.7,1028.6,1052.1,1126.2,1265.2,1303.9,1310.1,1451.7,1450.3,1453.1,1454.2,1512.4,1617.1,1697.5,1674.4,1809.6,1803.5,1891.6,2012.8,2014.3,2143.9,2165.3,2142.9,2229.6,2273.8,2379.4,2381.0,2380.4,2483.7,2359.4,2470.3,2453.9,2433.7,2530.1,2298.0,2448.6,2313.1,2227.6,2173.3,2078.6,1982.5,1903.9,1821.7,1716.2,1550.4,1489.0,1397.9,1235.0,1195.2,1006.5,971.5,861.3,816.3,729.5,696.0,559.3,503.1,435.8,438.6,392.2,351.1,308.6,275.9,242.0,209.0,180.2,192.4,191.4,162.7,176.2,163.4,154.0,139.2,129.6,126.4,146.1,131.8,128.3,132.0,152.2,145.0,127.7,143.4,133.5,136.8,146.1,142.9,147.7,136.3,158.3,137.7,150.7,129.6,126.0,155.9,164.1,143.6,145.5,129.4,135.9,128.9,120.6,133.5,139.5,120.9,141.1,144.7,135.1,140.6,134.4,127.9,143.2,150.7,115.3,138.9,154.6,129.4,132.3,137.6,151.8,136.6,148.2,136.9,136.9,126.1,122.6,153.7,150.1,137.5,154.1,150.7,138.8,134.0,124.7,138.8,135.0,154.1,161.0,156.5,141.7,146.2,131.3,160.7,133.6,164.8,142.1,149.4,137.8,134.3,146.8,141.5,144.0
1,alcohol_ether,51.7,47.5,64.6,62.2,55.0,63.1,62.1,72.8,68.9,63.2,53.9,51.2,58.3,72.4,71.3,62.3,52.6,53.9,71.3,55.0,68.0,69.0,66.5,60.1,56.7,57.6,53.7,71.0,72.6,67.2,63.7,72.6,86.5,66.1,56.3,66.9,66.1,52.6,76.6,59.7,61.7,69.5,69.1,79.2,59.4,55.1,75.3,67.4,81.8,76.6,70.6,77.2,77.8,57.1,69.1,73.9,65.3,85.0,65.0,72.9,73.1,82.9,69.2,73.7,81.4,104.3,93.4,112.0,102.4,139.3,166.0,195.3,224.2,258.0,284.7,343.9,394.7,483.8,558.2,612.5,740.9,835.7,967.6,1171.9,1353.4,1483.8,1556.7,1735.3,1858.0,2061.5,2130.9,2291.3,2388.1,2448.8,2584.3,2526.4,2614.2,2672.3,2512.5,2371.4,2528.3,2341.7,2195.1,2045.0,1917.0,1832.0,1630.5,1617.8,1570.6,1500.0,1391.5,1381.3,1278.3,1287.3,1318.0,1362.7,1383.3,1398.0,1419.1,1474.3,1502.7,1537.5,1548.4,1554.5,1646.5,1594.2,1573.5,1548.5,1674.2,1463.5,1537.6,1438.7,1291.6,1288.1,1132.8,1132.9,1028.2,997.4,842.6,794.9,695.6,643.3,582.6,506.3,434.6,406.4,355.3,335.6,256.7,247.5,246.9,206.4,179.8,172.7,160.0,171.0,142.7,147.4,144.2,130.4,141.6,134.1,118.8,118.0,126.6,135.4,94.9,114.7,125.7,118.1,135.1,131.5,125.4,113.4,128.8,140.0,118.7,126.7,121.5,119.7,111.0,125.2,122.6,138.5,121.6,125.7,121.1,104.4,127.4,118.9,119.7,109.5,121.4,118.6,114.1,126.2,140.0,138.2,112.8,116.3,125.7,126.4,100.3,107.3,114.4,133.3,131.2,128.5,125.3,111.1,118.3,107.2,144.4,114.2,128.9,124.4,126.5,118.3,134.1,142.7,106.2,119.6,125.5,142.3,133.2,145.2,139.9,126.5,128.8,143.7,144.3,123.2,130.1,138.9,126.6,132.9,147.9,136.5,129.2,166.8,141.5,136.7,126.3,163.4,145.8,152.8,127.1,136.4,129.5,136.9,152.2,132.9,129.7,151.6,133.5,132.1,155.1,141.2,131.9,142.0,147.6,151.4,142.5,155.6,130.0,157.6,132.2,153.3,152.3,137.2,142.7,136.3,151.3,146.5,133.8,155.6,149.6,155.8,156.5,148.0,160.9,160.2,141.6,141.6,146.7,127.5,144.9,137.3,152.7,167.3,179.9,160.4,161.3,165.9,139.3,158.8,160.7,159.4,151.3,158.6,152.8
0,hydrocarbon,104.4,97.2,105.6,85.2,90.9,97.5,110.5,101.4,87.7,98.3,98.9,99.8,88.0,93.3,101.5,108.2,91.5,111.0,94.1,99.0,94.5,106.1,113.6,96.0,92.4,88.8,102.3,115.3,118.4,115.4,102.5,113.5,115.3,112.6,107.1,97.7,119.6,107.2,104.3,112.4,103.2,121.6,99.8,125.9,106.0,106.2,107.6,134.3,88.8,111.1,121.2,120.3,110.0,99.6,97.4,112.3,110.9,111.1,116.4,134.3,95.7,127.1,125.4,120.1,128.0,113.1,116.3,146.6,183.8,213.4,237.8,257.3,304.1,359.0,403.6,464.5,520.2,619.0,755.8,945.7,1012.9,1255.3,1373.3,1608.9,1819.0,2014.6,2125.8,2411.6,2619.5,2819.2,2963.1,3066.3,3241.6,3223.2,3217.5,3457.5,3228.1,3289.5,3160.5,3093.3,2968.7,2911.9,2671.5,2444.4,2228.1,2133.8,1993.9,1744.7,1547.5,1420.3,1290.4,1168.2,1045.9,1053.9,938.5,872.3,844.7,790.8,826.5,819.6,770.2,769.7,759.0,803.5,756.1,764.9,762.7,802.0,708.8,718.6,638.3,687.7,675.9,646.7,607.1,587.8,588.8,487.5,481.5,451.8,442.2,409.5,357.7,370.4,338.4,359.6,337.4,313.0,365.9,317.8,296.0,301.8,302.3,318.1,308.3,277.4,260.2,335.7,282.3,277.5,293.2,299.8,240.4,266.7,251.7,275.5,266.3,238.1,242.8,201.6,208.3,176.4,186.7,204.8,182.0,151.2,156.7,182.9,175.4,151.9,147.6,139.9,160.2,151.6,168.8,136.0,149.7,118.3,139.6,168.3,161.8,126.3,126.7,112.9,146.7,141.0,140.1,108.6,134.9,148.3,135.9,130.8,152.8,144.6,140.4,130.8,166.3,139.5,151.1,142.4,144.4,128.5,167.6,137.4,159.4,167.9,150.6,153.5,138.0,140.9,140.2,139.6,148.3,122.2,143.9,150.0,168.3,134.4,169.7,152.2,153.4,154.1,145.2,149.0,141.5,142.6,131.1,132.6,149.0,134.1,151.7,157.7,151.4,162.2,151.7,145.1,149.5,142.6,146.6,141.6,146.8,167.5,171.8,162.3,150.6,144.1,141.0,147.2,153.7,147.0,154.2,163.6,154.6,167.7,173.8,159.5,146.3,154.2,161.0,154.5,164.5,151.2,167.5,170.8,163.4,161.3,178.0,159.6,144.2,137.7,163.0,134.6,137.4,155.2,149.9,138.0,163.6,158.1,154.1,148.0,146.3,151.0,161.4,160.7,161.5,148.6,155.7,155.8,162.8,170.3,160.5
3,carboxyl_ester,105.8,117.8,132.6,108.9,114.9,127.6,103.3,111.2,108.3,130.3,104.9,119.0,105.1,109.1,101.4,128.2,98.3,109.9,103.3,120.4,102.0,106.5,105.5,107.0,125.8,120.7,98.3,120.2,115.9,111.9,124.5,109.3,101.5,122.2,93.4,126.5,132.1,112.3,111.4,129.4,107.1,107.5,113.9,106.7,104.0,94.1,115.7,108.4,125.2,107.8,116.9,105.4,115.2,109.2,119.3,119.7,122.3,128.8,104.9,130.8,126.6,121.5,117.6,134.3,144.0,140.3,146.9,139.4,165.7,173.1,200.5,210.3,235.8,276.3,292.8,363.1,386.7,502.1,568.9,652.0,676.0,736.8,875.1,1010.4,1043.1,1184.0,1299.6,1390.8,1481.9,1640.4,1652.8,1716.6,1826.0,1886.7,1928.4,1910.3,1900.5,1962.0,1839.9,1848.8,1797.9,1680.0,1628.8,1532.5,1407.6,1334.1,1214.9,1162.5,1035.8,942.7,829.0,696.7,636.3,553.6,539.2,430.7,397.7,374.9,358.0,298.3,268.1,258.5,255.4,214.1,223.7,208.7,238.6,220.2,226.2,215.3,235.8,242.3,227.4,241.0,274.0,282.2,306.8,297.7,334.6,372.0,399.7,400.0,456.0,434.9,462.9,539.6,503.8,591.6,642.6,620.6,712.3,740.5,717.3,837.5,793.3,866.7,971.2,929.9,1039.7,1098.2,1075.4,1189.6,1210.4,1260.7,1262.8,1324.4,1382.4,1510.8,1506.2,1586.0,1539.9,1684.0,1843.8,1741.4,1801.7,1737.5,1832.5,1878.9,1817.9,1815.5,1856.7,1855.8,1854.0,1804.0,1774.8,1703.1,1578.5,1631.8,1456.4,1398.2,1318.4,1210.9,1175.4,1111.0,1000.4,936.4,878.9,814.1,734.5,670.2,590.4,534.7,449.2,460.1,391.2,338.9,337.1,326.3,295.0,287.3,229.4,250.0,222.0,196.3,182.5,154.2,175.8,154.0,163.6,137.7,137.7,141.7,136.8,152.3,158.0,134.7,145.0,142.7,166.6,143.1,145.6,161.8,126.2,140.0,145.1,139.8,133.2,143.4,143.9,150.8,141.2,116.9,171.8,154.1,133.1,129.4,134.7,132.5,166.2,123.1,155.6,126.1,150.4,149.5,147.6,134.7,137.8,144.0,138.8,160.5,130.3,150.3,160.5,152.9,145.1,130.5,134.8,155.9,138.6,148.7,160.7,133.5,147.2,124.9,155.1,170.2,141.3,152.4,138.3,154.4,140.5,151.5,145.8,145.0,149.0,149.7,150.2,149.0,144.4,125.8,182.4,141.1,154.4,152.5,140.9,143.2,159.0,154.8,157.9,147.6,165.2
2,carbonyl,77.1,100.2,114.8,99.5,100.1,91.8,95.4,94.3,88.6,100.7,88.6,98.4,87.2,99.9,88.0,112.4,83.3,118.1,115.6,112.1,92.7,89.8,81.2,102.7,77.8,113.3,116.5,96.0,87.5,99.4,105.7,107.1,100.1,108.3,118.6,96.4,114.6,81.8,87.9,119.8,95.8,93.9,93.1,94.8,103.0,102.7,87.6,102.8,111.3,104.2,105.7,117.7,110.8,107.4,105.6,80.2,96.3,105.6,111.8,116.6,122.9,118.4,107.5,120.7,118.8,131.2,133.2,125.1,163.4,184.5,195.5,233.6,268.7,298.5,341.8,379.1,492.1,586.5,654.3,706.9,858.5,1034.8,1165.8,1294.3,1436.7,1594.4,1746.4,1911.5,1975.5,2174.7,2401.4,2556.7,2465.9,2707.5,2717.5,2718.6,2825.6,2847.3,2813.4,2701.5,2750.3,2509.8,2449.2,2263.6,2104.8,2069.5,1816.4,1766.4,1584.1,1467.6,1342.2,1213.6,1145.9,1049.8,1025.4,939.9,899.1,837.2,792.3,784.1,704.9,694.9,699.8,692.7,686.9,693.3,641.6,689.8,629.9,639.8,623.5,591.5,601.9,612.4,602.4,552.9,575.9,577.5,585.8,540.2,515.6,516.1,571.2,469.6,518.1,537.4,466.1,523.2,554.3,539.1,558.4,550.0,586.9,583.3,604.4,584.0,597.7,647.0,595.5,603.2,612.1,636.1,632.1,619.4,664.5,672.0,654.4,672.1,671.4,688.0,660.2,644.9,615.8,647.7,672.6,654.4,661.0,648.6,634.8,632.6,669.3,622.4,619.0,569.3,603.9,567.1,534.2,498.5,534.8,506.0,475.3,447.9,405.0,418.6,390.9,342.5,285.9,305.4,303.3,295.3,259.8,219.9,241.5,220.6,214.4,184.5,207.7,165.5,181.0,168.1,164.0,148.4,136.9,186.1,142.2,147.3,157.8,148.0,137.4,158.2,126.1,155.3,155.2,136.7,148.1,140.6,128.3,152.3,145.3,122.2,150.6,164.5,145.2,127.3,142.5,154.7,139.4,119.8,137.6,126.2,144.9,147.7,118.9,143.6,145.2,133.5,120.9,133.1,154.2,155.1,137.7,150.9,152.1,127.0,152.4,140.0,142.9,141.5,142.9,144.0,168.8,126.3,138.7,140.1,162.5,130.5,156.7,150.2,157.3,159.2,153.4,146.9,154.2,156.1,159.5,161.1,138.1,148.7,143.5,147.2,164.2,122.6,142.7,168.5,169.6,149.0,150.1,153.1,180.0,135.5,141.7,135.6,164.4,148.4,145.1,141.0,143.5,161.9,161.4,158.9,149.1
3,carboxyl_ester,76.5,94.5,83.3,90.7,88.7,83.2,84.2,78.7,90.0,92.8,84.5,78.6,74.3,74.8,70.9,100.0,93.8,76.9,79.1,96.1,88.5,92.1,77.1,93.1,70.1,94.9,92.0,92.0,87.5,93.4,91.7,91.9,95.9,113.9,104.3,75.1,94.9,104.5,107.5,89.7,108.6,104.7,109.1,102.9,76.9,102.1,106.9,105.7,96.7,100.2,122.7,92.7,87.4,85.9,107.3,105.3,116.7,97.0,105.9,85.2,112.0,115.1,112.1,111.4,116.7,122.5,115.1,116.4,102.8,101.9,113.7,112.1,120.7,105.3,121.1,134.5,139.2,140.0,145.6,155.3,136.6,175.4,186.1,174.5,216.0,207.4,215.5,232.9,265.1,259.3,248.7,269.5,341.0,324.6,326.6,318.7,340.8,330.9,352.3,377.9,333.1,330.2,369.8,337.9,340.9,324.9,352.1,324.9,342.1,337.4,357.2,339.6,356.5,366.9,396.9,429.7,431.0,439.7,471.5,506.3,505.4,526.1,566.7,597.2,584.1,547.0,596.6,600.0,605.0,590.9,558.1,563.1,539.5,525.0,489.6,475.5,470.9,457.1,406.6,379.8,415.5,413.5,350.3,375.4,337.1,365.7,329.0,305.3,386.7,395.4,435.3,436.2,449.3,468.1,559.3,587.0,651.1,736.5,817.2,879.3,1007.2,1105.9,1253.5,1335.6,1504.2,1698.8,1833.6,1935.5,2119.2,2197.3,2391.4,2569.4,2740.5,2705.2,2911.2,2979.9,3129.8,3396.8,3376.0,3438.6,3467.5,3439.4,3326.7,3254.9,3320.0,3184.4,3162.3,2956.4,2839.6,2795.4,2458.8,2432.5,2110.7,1998.7,1880.7,1673.4,1570.9,1447.8,1322.9,1131.2,1044.2,913.4,779.9,723.4,662.6,552.2,451.8,434.5,412.4,357.2,315.7,279.2,303.4,251.0,201.3,221.8,228.0,187.9,217.8,206.6,175.5,197.8,182.3,182.7,166.0,179.5,176.7,163.0,158.2,185.7,177.0,153.9,162.7,141.2,131.6,212.6,155.5,172.5,183.8,172.0,181.7,180.4,169.8,160.5,189.2,185.3,184.7,174.3,182.8,187.9,200.5,202.3,193.1,172.3,186.4,185.9,180.8,175.7,156.3,181.7,194.8,178.7,198.3,177.8,201.2,190.7,194.5,186.6,215.3,175.5,187.1,192.1,208.1,184.1,189.8,162.1,190.2,184.4,193.9,195.0,206.7,193.3,199.4,189.8,155.3,216.8,218.3,203.2,190.5,222.0,186.9,208.3,198.7,186.7,185.7,212.9,197.0,192.9,182.3,183.2,201.0
0,hydrocarbon,61.2,69.9,74.6,69.0,74.6,78.9,64.1,82.5,70.6,70.8,66.5,75.1,58.5,75.4,77.5,55.4,57.4,64.7,83.0,90.5,60.8,70.7,84.9,68.6,63.8,65.9,82.3,60.0,65.9,83.9,71.1,58.1,61.6,69.7,81.9,94.3,74.6,73.6,89.8,85.6,70.6,75.9,96.6,71.3,101.3,73.4,74.2,94.9,80.4,62.7,84.1,79.6,83.8,67.1,82.2,77.9,75.8,77.5,94.4,95.1,84.7,100.0,101.7,104.7,113.6,109.5,149.9,139.0,160.9,196.9,214.6,238.4,295.9,344.1,405.1,465.8,549.2,668.5,775.7,894.6,998.8,1056.3,1301.1,1438.4,1601.6,1742.1,1894.8,2038.9,2219.4,2353.5,2438.3,2623.0,2640.2,2642.4,2790.4,2810.8,2754.2,2814.6,2655.1,2640.6,2515.0,2394.4,2287.8,2163.3,2090.7,1929.2,1856.2,1747.2,1622.8,1541.8,1516.6,1425.7,1497.2,1441.8,1409.4,1335.6,1336.5,1364.2,1402.1,1427.6,1392.0,1472.3,1359.3,1504.3,1458.0,1499.4,1465.3,1492.7,1443.6,1410.4,1288.8,1226.4,1243.1,1156.7,1075.0,996.9,883.2,860.0,766.1,768.6,656.1,537.9,505.8,456.5,438.0,393.3,335.6,319.8,251.5,265.1,231.5,198.6,196.5,191.9,152.7,154.7,161.0,134.8,139.5,140.4,134.6,132.4,124.1,122.7,128.7,108.3,105.2,109.5,110.0,115.7,103.1,93.6,126.3,113.4,101.4,123.7,96.6,112.6,108.9,122.8,116.6,104.8,105.3,100.2,90.9,118.9,101.2,98.9,107.5,114.1,106.1,129.7,117.2,121.5,111.6,113.3,119.6,105.2,122.9,124.6,118.8,104.1,115.8,107.1,135.1,124.9,103.7,108.4,103.4,114.9,126.9,142.2,123.1,128.4,112.9,130.5,126.2,133.9,131.9,116.8,97.2,120.4,115.5,109.5,135.6,109.4,117.3,131.1,145.4,114.6,150.4,106.2,103.2,139.5,116.9,138.8,107.5,129.8,116.2,114.8,122.9,132.7,110.2,126.3,121.5,128.0,140.0,127.8,109.2,140.1,109.5,147.2,135.4,130.2,133.1,150.8,122.8,138.7,138.5,136.3,142.2,148.1,128.6,111.6,144.4,144.4,121.5,128.6,132.6,147.1,144.5,142.0,155.1,133.7,125.4,144.2,164.6,140.2,123.3,123.3,127.5,143.7,142.4,144.1,150.9,150.5,169.3,158.8,144.9,137.7,153.4,131.6,142.3,144.6,150.4,148.9,147.2,156.7,133.7,154.7,142.4
3,carboxyl_ester,96.0,91.3,83.3,96.8,93.6,74.4,93.9,86.9,77.6,77.8,82.0,68.1,105.7,90.1,91.8,83.1,94.3,96.3,108.7,115.3,94.2,97.8,86.9,108.2,99.9,93.4,80.9,95.9,93.2,92.7,62.7,106.6,93.0,96.2,85.0,84.3,111.8,78.4,89.5,79.6,69.3,107.5,88.9,88.4,86.1,90.7,91.1,89.6,91.1,86.4,103.9,87.0,89.6,111.8,91.9,91.5,85.2,95.2,92.2,105.4,98.5,107.2,108.1,129.1,111.4,125.6,150.3,138.8,147.0,176.1,220.1,264.7,278.9,341.8,374.1,420.2,481.4,561.2,674.9,745.3,833.3,963.3,1115.8,1210.3,1303.9,1423.8,1534.4,1678.4,1729.6,1806.7,1982.8,2013.7,1955.3,2050.7,1970.1,2047.0,1970.0,1963.4,1876.7,1774.7,1773.2,1667.9,1625.1,1471.6,1342.3,1274.3,1115.7,1049.6,1016.0,971.1,904.0,834.0,802.9,770.0,718.9,704.4,728.6,711.1,723.7,678.7,665.0,684.2,688.3,698.3,662.1,630.9,654.7,675.5,630.9,635.2,620.6,559.1,557.4,578.0,530.4,533.0,507.8,493.3,444.4,477.2,463.5,402.8,465.6,473.9,421.5,424.6,485.3,494.2,470.1,505.1,504.3,577.5,592.4,578.4,600.5,689.8,655.4,719.3,759.0,828.3,843.8,894.0,918.4,975.9,1042.2,1017.0,1130.5,1175.6,1186.8,1272.9,1236.1,1306.8,1360.1,1384.1,1380.2,1407.0,1416.7,1436.8,1382.1,1401.6,1360.4,1387.1,1280.9,1334.3,1253.2,1114.2,1158.8,1089.4,1023.6,962.1,896.8,828.3,764.4,691.0,602.8,591.6,532.6,483.1,457.5,428.0,342.5,345.9,338.5,261.6,238.5,229.2,217.3,207.1,173.4,183.8,156.5,159.6,158.6,127.8,141.8,154.1,135.4,116.2,104.6,107.9,105.9,117.8,99.8,106.3,113.8,138.5,108.1,113.3,126.9,113.6,124.8,108.0,121.7,113.9,118.9,115.7,122.9,117.6,117.1,116.1,110.8,108.6,111.0,119.4,113.5,103.5,113.9,124.5,137.5,121.2,118.9,113.4,108.1,111.3,125.6,112.8,120.9,108.7,135.1,124.8,120.9,108.8,128.5,116.3,124.5,117.5,113.7,119.3,117.5,125.9,110.2,112.4,124.7,133.3,130.2,134.6,122.6,113.3,110.0,131.9,115.8,133.5,115.6,124.2,116.7,138.4,109.4,114.3,135.5,126.3,107.7,127.4,123.6,123.7,131.0,124.8,125.0,129.8,132.2,103.5,132.2
