{"type": "FeatureCollection", "features": [{"type": "Feature", "id": 928, "geometry": {"type": "Polygon", "coordinates": [[[-84.4221497765588, 34.06308433276378], [-84.42245834965553, 34.06339311480967], [-84.42290425180299, 34.06366732567083], [-84.42321318332752, 34.063941894337525], [-84.42331609073321, 34.06407895582894], [-84.42341893885009, 34.064147561281075], [-84.423590302372, 34.064284680485336], [-84.42376190394747, 34.064593581689635], [-84.42400196163915, 34.064868032009144], [-84.42417356411293, 34.06541642469465], [-84.42431074404335, 34.06586241609974], [-84.42441359216022, 34.065965531943796], [-84.42462742353719, 34.0658797609604], [-84.4247566165464, 34.06582829267309], [-84.42540812599442, 34.06534817672421], [-84.42588844978695, 34.06486779313119], [-84.426060021718, 34.06455916082796], [-84.42619693305215, 34.06425046786675], [-84.42623147417315, 34.06390747321112], [-84.42619705252808, 34.06353038332647], [-84.42612853712303, 34.063221691826904], [-84.42616289858098, 34.063015816497234], [-84.42678037355783, 34.06294688417593], [-84.42702037196071, 34.06294724212878], [-84.42729473092321, 34.06294712305924], [-84.42767197034193, 34.062844424007004], [-84.42801499472813, 34.0627071841465], [-84.42859804716159, 34.06253555214761], [-84.42979857457192, 34.06212410202884], [-84.43038189560166, 34.061883984411864], [-84.43099913162662, 34.06143799216118], [-84.43189081644563, 34.0608897181049], [-84.43357157961358, 34.059723166137815], [-84.43460062402606, 34.0591745341823], [-84.43511498228975, 34.05890005500488], [-84.43597275301184, 34.058557119814616], [-84.43679574455939, 34.058385727238], [-84.43689874089829, 34.058317152100045], [-84.43758473217848, 34.05811139658416], [-84.43775612444648, 34.05797415724569], [-84.43799636090293, 34.05783676735063], [-84.43813360102045, 34.05776825279539], [-84.43827078095087, 34.057665464113555], [-84.43854502133574, 34.05763104267058], [-84.43875095652137, 34.05769952756748], [-84.43885383428264, 34.057837155094234], [-84.43882003876334, 34.05811118745631], [-84.43875089723257, 34.058419939247344], [-84.43875089723257, 34.05866005700387], [-84.43881962104673, 34.05883160010261], [-84.43902522744897, 34.05896904792274], [-84.43926552319421, 34.059071508311646], [-84.43978006112096, 34.059208896949485], [-84.44005448027059, 34.0592774125728], [-84.44046599131572, 34.059414323834545], [-84.440843169649, 34.05955177294225], [-84.4408729452074, 34.0595716084919], [-84.44114657563621, 34.05999449166146], [-84.4413398068471, 34.06050976969179], [-84.44162965096847, 34.06105725512004], [-84.44211272360576, 34.06141151061376], [-84.44262800533757, 34.06170135451037], [-84.44311107887317, 34.06234545272635], [-84.44359415151047, 34.062699706556195], [-84.44401281763685, 34.0622810437948], [-84.44459250587958, 34.06215222355232], [-84.44504337391393, 34.061862378220965], [-84.44533322073026, 34.06137930542711], [-84.44581629336756, 34.06047756639512], [-84.44668582752828, 34.0597368514715], [-84.44710449185803, 34.05947921347519], [-84.44770313006167, 34.0594146818023], [-84.44808045661698, 34.05958604550654], [-84.44907508028271, 34.0596889226533], [-84.44941831307804, 34.059517440082686], [-84.44965825219212, 34.059449013959274], [-84.45027569572792, 34.05941444290904], [-84.45068726696019, 34.05941474133959], [-84.45123613580215, 34.059551801966606], [-84.45178476748887, 34.05958616383661], [-84.45202709073172, 34.05958610504369], [-84.452127911351, 34.05958607453089], [-84.45247066714091, 34.05955168289231], [-84.4527452668519, 34.05951755915708], [-84.453019447948, 34.05944889414061], [-84.45329401711625, 34.05938025958132], [-84.45353413409677, 34.05941453295919], [-84.4537055578058, 34.05951714239673], [-84.4538427664823, 34.059517856843044], [-84.45387721867009, 34.05940818479804], [-84.45401824159326, 34.05869783893606], [-84.45401824159326, 34.057918556663275], [-84.45382341946602, 34.05743150430224], [-84.45340130919885, 34.05661974960564], [-84.45271943489762, 34.055613180132795], [-84.45278437680444, 34.05499624666067], [-84.45264367547813, 34.05472566725607], [-84.45288241623959, 34.054578747078715], [-84.45394570443071, 34.054372783026466], [-84.45449451488219, 34.054304238133625], [-84.4548376587443, 34.05409848255216], [-84.45521492601081, 34.05382406285221], [-84.45559204415696, 34.05368679275566], [-84.45600322731703, 34.05365249101246], [-84.45655248423118, 34.05361789006018], [-84.45703795986186, 34.05350262018652], [-84.45718046949686, 34.05348480762522], [-84.45807700432007, 34.05337273941534], [-84.45846664498131, 34.053242859189446], [-84.45879134732897, 34.05265839757114], [-84.45895369715532, 34.05181417473585], [-84.4591809888885, 34.05090501161304], [-84.45953815724884, 34.049898437549], [-84.45989532920244, 34.04928150565805], [-84.46067461232151, 34.048502223160185], [-84.46096684416491, 34.048015172520834], [-84.46080449254191, 34.04756059004508], [-84.46039397413519, 34.04730739586002], [-84.46022261151158, 34.04723900007383], [-84.4601197633947, 34.04713594257756], [-84.45994828039686, 34.04696460878476], [-84.45981095134611, 34.04675879445239], [-84.45977679829733, 34.0465528307547], [-84.45977700670646, 34.04627850051332], [-84.45984540353389, 34.046038442215824], [-84.45994816181924, 34.04586683973366], [-84.46008549086999, 34.045661145552266], [-84.46025721192137, 34.045558415879796], [-84.46053151249339, 34.045181148342756], [-84.46063421059162, 34.0449753334034], [-84.46073705870849, 34.04483800431934], [-84.46090863063955, 34.044666551254366], [-84.46094311157341, 34.04439222086552], [-84.46104599023302, 34.044083468600306], [-84.4611488976387, 34.04380925839911], [-84.4612518939776, 34.04353477785466], [-84.46132035009383, 34.04329469020362], [-84.46132017132909, 34.04302030103872], [-84.46142313802358, 34.0427457911437], [-84.46159488871939, 34.042471669662795], [-84.46166376165391, 34.04230009792562], [-84.46190337378121, 34.04205992043256], [-84.46200622099978, 34.04195713280299], [-84.46214357969492, 34.041785589799716], [-84.46217800133999, 34.041682682738276], [-84.46204058245772, 34.04161401816337], [-84.46180073407348, 34.04147686824074], [-84.46159518696005, 34.04140844244328], [-84.46132035009383, 34.041271172343826], [-84.46114889674038, 34.041099540861026], [-84.46097753321847, 34.040791027464124], [-84.4608400855901, 34.04051645899114], [-84.46077118211286, 34.040242008730736], [-84.46070293530411, 34.0399678568257], [-84.46056590449403, 34.03969331769662], [-84.46039421218873, 34.03962492172451], [-84.46008563909201, 34.039350441781174], [-84.45974261470583, 34.039144626834876], [-84.45946834377823, 34.03890445008309], [-84.45926226037058, 34.03873302745313], [-84.45898781067824, 34.03859578726594], [-84.45845217312208, 34.03852867300859], [-84.45871362958216, 34.038184187454135], [-84.45885063074783, 34.038047156300685], [-84.4591939533747, 34.037772677206895], [-84.4593994708437, 34.03763546747542], [-84.45957104187644, 34.03746398421696], [-84.45981133852, 34.03722389650213], [-84.46001700510936, 34.03698401803208], [-84.46025706190272, 34.03681232650955], [-84.46049753731103, 34.03667523581994], [-84.46090886869311, 34.03657217963019], [-84.46111447509533, 34.03650372307684], [-84.46152616490521, 34.03640072623215], [-84.4617320390054, 34.036263517259144], [-84.46187600660609, 34.035871351192085], [-84.46177859599163, 34.035514180256214], [-84.46161624616526, 34.03515701079427], [-84.46112919399127, 34.03486477808566], [-84.46099931377084, 34.03460501656992], [-84.46102829971012, 34.03438278647384], [-84.46118316926511, 34.034205874904785], [-84.46128011994215, 34.034026866627556], [-84.46142343536594, 34.03393154343611], [-84.46169776648067, 34.03379412574819], [-84.46197227546183, 34.03375997154602], [-84.46224651674501, 34.0337942746363], [-84.46255506109566, 34.03386279069799], [-84.46293265534894, 34.03382851741301], [-84.46327547222427, 34.03372569970841], [-84.46368716113584, 34.033657184280415], [-84.46399525812546, 34.03345107039839], [-84.46433867058386, 34.03324531558278], [-84.4646130906318, 34.03297101525262], [-84.46488751067973, 34.032696416255426], [-84.46505896223654, 34.032285054333386], [-84.46523056471032, 34.031942178251334], [-84.46536771409801, 34.03166772928276], [-84.46550498475825, 34.03146194408603], [-84.46564222397748, 34.031256218691695], [-84.46598572536908, 34.03091331239545], [-84.46604020459779, 34.030800362685255], [-84.46614096592828, 34.03066169145245], [-84.46644766154606, 34.03035529459122], [-84.46675393944723, 34.03010000695229], [-84.46736667670926, 34.02994703247712], [-84.46797905464518, 34.02974279682895], [-84.46833647363547, 34.02953838350341], [-84.46864290155533, 34.02892585453164], [-84.46884728624876, 34.02851753416999], [-84.4690513125144, 34.028109182063844], [-84.46930677810984, 34.027905006762815], [-84.46966378028186, 34.02770077141096], [-84.47012339161887, 34.02770056295262], [-84.47068519530264, 34.02780287351401], [-84.47099123604856, 34.028109062945326], [-84.47150186810046, 34.02831323924437], [-84.47175873506774, 34.028313417177145], [-84.47182006844209, 34.02835466408004], [-84.47262118421584, 34.02835448465835], [-84.47408608850921, 34.02835442509926], [-84.47525311774258, 34.02817117130567], [-84.4757363925008, 34.0277336125316], [-84.4757902456038, 34.02764974897646], [-84.47609670316801, 34.02693485096109], [-84.47650526234912, 34.02637358328252], [-84.47686235435266, 34.02591394275867], [-84.47711779030371, 34.02570967655683], [-84.47762097262694, 34.025709825459174], [-84.47776378499418, 34.025657016487536], [-84.47954128593845, 34.02541272682433], [-84.48138035741229, 34.02516897325421], [-84.48321945942884, 34.02437161181661], [-84.4837074135114, 34.024249839718614], [-84.48431761572769, 34.02394493258414], [-84.48511870185705, 34.0235133052878], [-84.48597337428971, 34.02357422055146], [-84.48682768649796, 34.0235746084518], [-84.48823978063241, 34.023635196078324], [-84.48974256418637, 34.024677978912315], [-84.48977242598306, 34.024526554436015], [-84.4896267219389, 34.024235445081715], [-84.48948098914869, 34.023907499985675], [-84.48933528510456, 34.023470421041075], [-84.48922591072714, 34.02299709884619], [-84.4893354638693, 34.022305386122135], [-84.48933528510456, 34.022237169712774], [-84.48916243127758, 34.02136935454594], [-84.48934580527485, 34.02082105147135], [-84.48995588891351, 34.02020584170446], [-84.490142719628, 34.019988196135586], [-84.49017287966535, 34.01990188871764], [-84.49079226176555, 34.019027845914756], [-84.49162979613922, 34.01808102573554], [-84.49246730176682, 34.016988561869546], [-84.4928314257824, 34.01655157015277], [-84.49312283297236, 34.016187414751315], [-84.49356000439359, 34.01600520467115], [-84.49410631034205, 34.015750424122736], [-84.49447049454474, 34.01545937402011], [-84.4946888561257, 34.015167727980995], [-84.49483467964578, 34.014657810382054], [-84.49498023367126, 34.01407520502994], [-84.4952716103185, 34.01367451330588], [-84.49570872245091, 34.01312826631867], [-84.49585445524114, 34.01283697788224], [-84.49625479034582, 34.01159913775774], [-84.49636669707402, 34.01125158367952], [-84.49651010682093, 34.01058985217484], [-84.49730299761994, 34.00960893853306], [-84.49859314006467, 34.007220847887275], [-84.49988229885419, 34.00526033220139], [-84.49948583908164, 34.00463051936768], [-84.49917324243076, 34.00401688945024], [-84.49924929739599, 34.00371215986354], [-84.5000733920747, 34.00301383187371], [-84.5004316752443, 34.002712053710795], [-84.50086395893207, 34.002245945286276], [-84.50091575399472, 34.0020209971306], [-84.50122221155895, 34.00151027522033], [-84.50168161448681, 34.00094876868659], [-84.50190405980905, 34.00082178115961], [-84.50208749309512, 34.00054557378927], [-84.5025988105616, 34.00036675889799], [-84.50327779767751, 34.000366491538486], [-84.50374307199408, 34.00008384518659], [-84.50386526173733, 33.99990044248213], [-84.50420077620774, 33.999381911857064], [-84.50447537502043, 33.99904642627719], [-84.50484164511124, 33.99874142936734], [-84.50507839520603, 33.9984403964158], [-84.50529183940913, 33.998073857583854], [-84.50559716419777, 33.9977994376308], [-84.50599377309068, 33.99740247110753], [-84.50636010336859, 33.99703664649364], [-84.50663473272398, 33.99673114337504], [-84.50663461324805, 33.99646044888363], [-84.50672610665976, 33.99615542183585], [-84.50672610665976, 33.995788555126545], [-84.50684844552333, 33.99548323073483], [-84.50693972962756, 33.9952398351197], [-84.50700091298324, 33.99493400379412], [-84.50712292486008, 33.994633208343124], [-84.50727539321831, 33.994541059871494], [-84.50758068836257, 33.994450281705795], [-84.50800778517788, 33.99444983483432], [-84.5083437470093, 33.99445040012669], [-84.50864883284609, 33.994511436043766], [-84.50879379128855, 33.99438924574479], [-84.50916009282038, 33.99411420018387], [-84.50952612395932, 33.99387053624599], [-84.5098007820608, 33.993595312489894], [-84.51031970107118, 33.993412893057624], [-84.51083858864055, 33.99332128026018], [-84.51147951862946, 33.99332119088469], [-84.51190679420951, 33.99341241564412], [-84.51248647885899, 33.993625621101856], [-84.51299773883328, 33.993839065847276], [-84.5134097556299, 33.9939316902565], [-84.51398946992379, 33.99390111362913], [-84.5142945566589, 33.993808845941636], [-84.51447745365074, 33.99383972051866], [-84.514966748918, 33.9939315122516], [-84.51527141703818, 33.99380923323316], [-84.51554586762884, 33.99374870475978], [-84.51603411905374, 33.99380923323316], [-84.51627846889588, 33.99426696738513], [-84.51630841962576, 33.99490414102846], [-84.51637005124078, 33.9953620837776], [-84.5166676577045, 33.9955138365839], [-84.51718603862405, 33.99563683111245], [-84.5176748263432, 33.9956360565461], [-84.5183765525139, 33.995696942656394], [-84.51901769001365, 33.995728234365814], [-84.51962771436352, 33.99575863382408], [-84.52038323255177, 33.99575878203418], [-84.52111550593371, 33.99575884161613], [-84.52148192514484, 33.99584976882796], [-84.5222446271604, 33.9958194595199], [-84.52279856339891, 33.995736698728415], [-84.5228552174489, 33.9957280258289], [-84.52312960695413, 33.99551413449447], [-84.52322142825089, 33.995148578807246], [-84.52346547895404, 33.99484337351513], [-84.52370979915175, 33.99478540783144], [-84.52416738388949, 33.9947240458961], [-84.52510600837702, 33.99444962554952], [-84.52580779293824, 33.99435857841813], [-84.52623509995932, 33.99423615180163], [-84.526540125609, 33.99386973187184], [-84.52705946143767, 33.993442663992944], [-84.52748629055503, 33.9928670616815], [-84.5279594628596, 33.99231834217123], [-84.52819576469508, 33.99195159370351], [-84.52862315975106, 33.99167699607532], [-84.5289892510771, 33.99118832700764], [-84.52932497575331, 33.9905509139699], [-84.52972185234414, 33.9900017467593], [-84.53011831301501, 33.989513882900525], [-84.5306372311271, 33.9890261666972], [-84.53118651678734, 33.98854125349793], [-84.53149169335398, 33.98826680424483], [-84.5319419774834, 33.98799205616851], [-84.53230800952066, 33.98783884269688], [-84.53233849654477, 33.98744280017129], [-84.53233918195933, 33.987049975044584], [-84.53203403683372, 33.98680565474499], [-84.53191139972947, 33.986531652758885], [-84.53203362001544, 33.98622629882781], [-84.53227767071857, 33.98598135271255], [-84.53282695727714, 33.98576823607971], [-84.53331529853358, 33.9856768332851], [-84.53368165845589, 33.985463119997085], [-84.5341390940733, 33.98524872238427], [-84.53462752426296, 33.98488665321572], [-84.53539040504327, 33.98464272147918], [-84.53602376313265, 33.984337187950665], [-84.53666469312157, 33.98412454838518], [-84.53712239733524, 33.98369655703984], [-84.5373358711827, 33.98324254921432], [-84.5377021116291, 33.98281554040407], [-84.5380683826182, 33.98254156726815], [-84.53831252315287, 33.982144392401004], [-84.53873988946278, 33.98174817063609], [-84.53910565290373, 33.981473005945105], [-84.53970867308935, 33.98114088812262], [-84.54001417664276, 33.98086643880915], [-84.54038032815593, 33.980714357412936], [-84.54083782396044, 33.98071346278064], [-84.54135680136135, 33.980683154777815], [-84.54164683772218, 33.98077443854328], [-84.54201275028349, 33.98089642047846], [-84.54225710012561, 33.98091227428089], [-84.54250115172707, 33.98092777127122], [-84.54292839766269, 33.98071367209927], [-84.54305058740596, 33.98040828758247], [-84.54308098549687, 33.97982869140103], [-84.54332509638712, 33.979584818895674], [-84.54359230386163, 33.979130631185576], [-84.54398870524369, 33.9789168001288], [-84.54447740313131, 33.97848964369595], [-84.54496541650265, 33.978215491243496], [-84.54548430586865, 33.97800180910561], [-84.54603379993804, 33.97763535865841], [-84.54652199207415, 33.97736487300351], [-84.54688835289478, 33.97690618591754], [-84.54691863150975, 33.97657147498704], [-84.54730799818482, 33.9762659415002], [-84.54755213961778, 33.976022069948826], [-84.54800993276467, 33.975625460581824], [-84.54846787593021, 33.975201998975116], [-84.54883366991392, 33.9747443543366], [-84.54907783919465, 33.97422525674716], [-84.54932192044049, 33.973676179978085], [-84.54948979760081, 33.97364882028501], [-84.549551070788, 33.97325244941308], [-84.54948973741368, 33.972612086595035], [-84.54967308266485, 33.972062264111756], [-84.54985621681193, 33.971425299158774], [-84.55037492651486, 33.97099772514201], [-84.55101573702784, 33.97057033149909], [-84.55146590078301, 33.970173869542286], [-84.55177125611439, 33.96975028840532], [-84.55189302724274, 33.96941462475391], [-84.55186250967591, 33.96871340586303], [-84.55177122557168, 33.968042049679845], [-84.55180174313851, 33.96749607027272], [-84.55228993527462, 33.96673307121938], [-84.5527781265124, 33.96633610412268], [-84.55299234506326, 33.966244789209824], [-84.55314424838117, 33.965638044887626], [-84.55341902595858, 33.965516063412416], [-84.5537853562365, 33.96551588385795], [-84.55415165597171, 33.96548566431263], [-84.55453523120813, 33.9653611889678], [-84.55507824572939, 33.965021805126575], [-84.55555338444611, 33.96459191683465], [-84.55655485686755, 33.96375024527153], [-84.55679914652256, 33.96329283851653], [-84.55655488651195, 33.96268215931497], [-84.556157949734, 33.96213305197505], [-84.55573082237598, 33.96146577827049], [-84.55533385505528, 33.96067196293752], [-84.55499839987368, 33.96030587070275], [-84.55460921106504, 33.960035236044156], [-84.55415135773104, 33.95991304685061], [-84.55348017966988, 33.959760369160165], [-84.55311381974755, 33.959516169375], [-84.5526562350098, 33.95924097446262], [-84.55216732781474, 33.95863115880287], [-84.55177122467336, 33.958207667711406], [-84.55149629887393, 33.9578108791441], [-84.55125236674841, 33.95723128466353], [-84.55119130107202, 33.95680368027189], [-84.55117580423507, 33.95595332995022], [-84.5512371070667, 33.95525145613995], [-84.55111459033665, 33.954640836200014], [-84.55093956079007, 33.954125553967216], [-84.55087831724725, 33.95366877354316], [-84.55093956079007, 33.95214679773888], [-84.55072572851479, 33.95159715443933], [-84.55042091037596, 33.950803548077396], [-84.55008476977977, 33.95019713029559], [-84.54965764242174, 33.94931173291651], [-84.54929137233096, 33.94852179243343], [-84.5489557087402, 33.948033749431], [-84.54855892018426, 33.94702771135994], [-84.54825374451595, 33.94672566511616], [-84.54799431465514, 33.94635909705045], [-84.54762819368467, 33.94584107296684], [-84.54729244026241, 33.94553539033774], [-84.54678130066237, 33.94538339778471], [-84.54607942537133, 33.94510760719368], [-84.54580452831797, 33.944956033435325], [-84.54598790231525, 33.944654851004486], [-84.54601859954514, 33.943861065142436], [-84.54577436917894, 33.94300648370909], [-84.54549938229405, 33.942277459006355], [-84.54549926371644, 33.94197305881656], [-84.54543852592514, 33.94130131350061], [-84.54510265392524, 33.94063323476648], [-84.54494194891417, 33.9402467062364], [-84.5442179265581, 33.93929642660117], [-84.54329008904048, 33.938384588184014], [-84.54290563794667, 33.9380067654974], [-84.5424531241987, 33.93735062051498], [-84.54209570341176, 33.936646288845395], [-84.54168385190515, 33.935834702114946], [-84.54129921575836, 33.93470341908337], [-84.54100508307984, 33.93314224824998], [-84.54095983224403, 33.93216934454561], [-84.54100508307984, 33.93153582624058], [-84.54123133815719, 33.930698676930916], [-84.54117348485626, 33.929911042767145], [-84.54120412100072, 33.929029221563304], [-84.5413260134016, 33.92820581303517], [-84.54135661990166, 33.92726376063157], [-84.54163121781602, 33.926622624578556], [-84.54214986823014, 33.92543661041351], [-84.54242443739842, 33.92427610821098], [-84.54263844754014, 33.92348685302756], [-84.54268407477004, 33.92299877981714], [-84.54252100090157, 33.92273444454641], [-84.54252100090157, 33.92178416627895], [-84.54227211905885, 33.92063025835828], [-84.54191010877912, 33.919725230196946], [-84.54143497006243, 33.918842830187174], [-84.54082407614335, 33.91811880933984], [-84.54007742881853, 33.91746266618974], [-84.53926290479085, 33.91694227464169], [-84.53815424898296, 33.91655763792837], [-84.5375637270579, 33.916507149608925], [-84.5371587180188, 33.91642188513378], [-84.53688721030902, 33.91630875639726], [-84.53685612051534, 33.91624657671543], [-84.53677408187201, 33.91608249921923], [-84.53679670773907, 33.91583361779132], [-84.53695442764847, 33.91529356696241], [-84.53719841906278, 33.91477470830036], [-84.53741213186213, 33.91419448608229], [-84.53759520672041, 33.91352718322908], [-84.53771730663213, 33.912855974693336], [-84.53771730663213, 33.912336818643624], [-84.5375951474316, 33.91191398291448], [-84.53710695349888, 33.911670109581266], [-84.53619148757933, 33.911517283487456], [-84.53543590740733, 33.911455414170284], [-84.53455092851193, 33.91142558173556], [-84.53389512871011, 33.91136439822407], [-84.53349783350437, 33.91118117321615], [-84.53300999889775, 33.91090702158715], [-84.53255199734171, 33.91069277231098], [-84.53200277007195, 33.9102387640712], [-84.53176631821779, 33.91008695156073], [-84.53152220732754, 33.909659138706054], [-84.53158297386496, 33.90886603759552], [-84.53164412937286, 33.90840765002035], [-84.53149154064037, 33.90801542094906], [-84.53121664358704, 33.90786235643802], [-84.53051485902583, 33.90764923944811], [-84.52990453643528, 33.90758766852388], [-84.52926360734469, 33.90734388495203], [-84.52880542702391, 33.90716104793389], [-84.52828725361519, 33.907008013201796], [-84.52777602418362, 33.90667231980676], [-84.52734865877206, 33.906370839453196], [-84.5270129951813, 33.90606622966507], [-84.52646385774307, 33.905211826675426], [-84.52600609334226, 33.904540380427896], [-84.52542619938534, 33.90384187332097], [-84.52539553269817, 33.90350632924926], [-84.52548702610984, 33.90274374674577], [-84.52582283882093, 33.90225877419613], [-84.52609764604277, 33.90201460333302], [-84.52618910891172, 33.90177117811348], [-84.52618887085818, 33.901465644495104], [-84.52618884121378, 33.90122171219004], [-84.52594478961232, 33.90122171219004], [-84.52557828056968, 33.90131344355947], [-84.52509029774103, 33.901313116240544], [-84.52466308055148, 33.90143408324526], [-84.52420522721746, 33.90122150416711], [-84.52387728284995, 33.90088560158483], [-84.52374001398634, 33.90040107552403], [-84.52377038243283, 33.90012692352241], [-84.52349551502385, 33.89979018675891], [-84.52303795993055, 33.899455388016634], [-84.52282451572744, 33.89908923685255], [-84.5229163073798, 33.89857395473451], [-84.52303816833968, 33.8979632146809], [-84.52288525262045, 33.89747561863912], [-84.52258028536127, 33.89692561799921], [-84.52227495877598, 33.896593768956045], [-84.52218331804059, 33.89628939639597], [-84.5219086599391, 33.89601441096241], [-84.52148144274953, 33.89580093701472], [-84.52105428664542, 33.895496089627095], [-84.52074917116421, 33.89525165109523], [-84.52032204380619, 33.89458407766153], [-84.51999391977562, 33.893882322143696], [-84.51981078383191, 33.89342414183359], [-84.51981072454309, 33.892996597319055], [-84.51996325308845, 33.89248182198541], [-84.52011601968735, 33.89226804987119], [-84.52014644742266, 33.89199356972049], [-84.51984112263399, 33.89156689048781], [-84.51944448409671, 33.89126144707371], [-84.51880334659697, 33.89095960798553], [-84.51819326295828, 33.89077689019042], [-84.51758276160298, 33.89062466048257], [-84.5168807677343, 33.89053221367827], [-84.5162477069873, 33.89059411234823], [-84.51560665842077, 33.89062412358241], [-84.51490484421515, 33.89059339797241], [-84.51429452162459, 33.89025865857246], [-84.51398946453388, 33.889770346601956], [-84.51343985098856, 33.88922022542723], [-84.51276873221619, 33.88885785879356], [-84.5124253188595, 33.88876693207039], [-84.51208947650402, 33.88858302165813], [-84.51184545544528, 33.888309078495155], [-84.51187570441584, 33.88772930478548], [-84.51221154766965, 33.88751591897566], [-84.51275335395685, 33.88724057638987], [-84.51283613011702, 33.88718953154766], [-84.5130171361552, 33.8869632738914], [-84.51303976112393, 33.88675964476891], [-84.51303976112393, 33.88580936587212], [-84.5132207662638, 33.88506271899802], [-84.51340177230198, 33.884610205973104], [-84.51351674048867, 33.883708791126786], [-84.51342465059562, 33.88304053372434], [-84.5133636756491, 33.882370010668524], [-84.51305861945671, 33.88191165143371], [-84.51287536403706, 33.88154538020473], [-84.51245553818566, 33.881061212614966], [-84.51215104793191, 33.88069485197045], [-84.51193697760307, 33.880114957902656], [-84.51166220092395, 33.87971793228095], [-84.5112653530792, 33.87941695848656], [-84.51077713040038, 33.87917290718327], [-84.51025842159576, 33.87895949251442], [-84.51016695782847, 33.87871508266516], [-84.51004476808522, 33.878409639474505], [-84.50980047843022, 33.87810538698557], [-84.50951068012293, 33.877922312012494], [-84.50917486741186, 33.87767784325701], [-84.50883938348417, 33.87767787383515], [-84.50851137892951, 33.87767796184046], [-84.50820617271849, 33.87776906818881], [-84.5078094748924, 33.87776915768568], [-84.50750429832574, 33.877497808031926], [-84.50732107344884, 33.87707097873166], [-84.50710709295153, 33.87643052642405], [-84.50671021456405, 33.875911608761676], [-84.50619210134248, 33.875671342193144], [-84.50561202951911, 33.8754573318013], [-84.50500158835094, 33.87542645678419], [-84.50458212002901, 33.87551860521866], [-84.50412361092484, 33.87551833672104], [-84.50375778819506, 33.87527395729087], [-84.5034832783156, 33.875091686961355], [-84.50336153593334, 33.87503011490509], [-84.49993563901913, 33.873489246213026], [-84.49953896993912, 33.87327595009112], [-84.49908090729765, 33.8730614928964], [-84.49862320308398, 33.87293989866832], [-84.4982038245936, 33.87269537088925], [-84.49771548423547, 33.87254296273096], [-84.49734909466875, 33.87242074273873], [-84.496830325677, 33.87229885074758], [-84.49643350657834, 33.87214662088679], [-84.49612845038597, 33.87208862607229], [-84.49597577272026, 33.87211616309752], [-84.49573178130595, 33.87166164739804], [-84.49557892487552, 33.87129615187864], [-84.49545679442107, 33.87102089791974], [-84.4953655381646, 33.87068487640364], [-84.4954569740841, 33.87034951067792], [-84.49554852678462, 33.869834139233255], [-84.49557274895794, 33.86965464537871], [-84.4954822454897, 33.86924738384399], [-84.49534649118564, 33.86899849996825], [-84.49469379506314, 33.86870630027088], [-84.49436599981595, 33.86852197218333], [-84.49403042515843, 33.8683091544442], [-84.49384702241507, 33.86773343229148], [-84.4937864040997, 33.867305380861204], [-84.49369461244733, 33.866633965142526], [-84.4934196866479, 33.86621113030203], [-84.4930230175679, 33.86566190300185], [-84.49235990368302, 33.86431499006322], [-84.49154538055367, 33.863138455178735], [-84.4910928668057, 33.86277644474093], [-84.49079873322887, 33.862504936278356], [-84.4907212418575, 33.86223371264852], [-84.49076456670534, 33.86194620864795], [-84.4910928668057, 33.86171303850235], [-84.49170375892814, 33.861396276589645], [-84.49208131904543, 33.86131420114955], [-84.4922241502773, 33.86128315093996], [-84.49213364591074, 33.86089851455357], [-84.49211102094199, 33.86060437972123], [-84.49233727871429, 33.8601971182791], [-84.49238252955008, 33.859902984014596], [-84.49240515451883, 33.859518348125164], [-84.49256353379162, 33.85911108597934], [-84.49267666312694, 33.85872645099887], [-84.49259600878746, 33.85832239426944], [-84.49240515451883, 33.85784404936491], [-84.49224677614436, 33.85748203886107], [-84.49206943163927, 33.85731947529517], [-84.49197526663792, 33.85723315724148], [-84.49174900976395, 33.85659963854303], [-84.49170375802983, 33.856101874657604], [-84.49170375802983, 33.85585299125395], [-84.49188476496631, 33.855671987196], [-84.49216873230911, 33.855427395782804], [-84.49233727871429, 33.85519684869288], [-84.49245040535463, 33.85485746306897], [-84.49249565619044, 33.854721707546574], [-84.4924277803859, 33.85433707368545], [-84.4922241502773, 33.85390718480126], [-84.49224677614436, 33.85363567723408], [-84.49235717639783, 33.853517915986664], [-84.49239737600679, 33.85350776789037], [-84.49273321926059, 33.85363037453857], [-84.49300745784885, 33.85384376002806], [-84.49325201789675, 33.85405756051442], [-84.49352661581112, 33.854057620941546], [-84.49385319743432, 33.85390718480126], [-84.49421520861236, 33.85352254801815], [-84.4945545912284, 33.853318918185266], [-84.49475822403194, 33.85307003413234], [-84.49482610073481, 33.852753276715994], [-84.49493922827348, 33.852459142924964], [-84.4951671452341, 33.852169464162756], [-84.49541104771522, 33.85158915398759], [-84.49543699375558, 33.85114685507932], [-84.4957311255358, 33.85062646397834], [-84.49607051174509, 33.85026445272432], [-84.49636464622024, 33.84999294626125], [-84.4967492814687, 33.8494725540992], [-84.49681715817157, 33.849201048103566], [-84.49679439306563, 33.84882951854595], [-84.49634201945487, 33.8480697643308], [-84.49612087938473, 33.847896011228606], [-84.49602526001095, 33.84782088139751], [-84.49566324973124, 33.84779825611512], [-84.49532386442024, 33.84797926268289], [-84.49493922737517, 33.8480697643308], [-84.49451080734144, 33.84802691025881], [-84.49393869279487, 33.84787411487477], [-84.49332825252502, 33.847691456285624], [-84.4927788159478, 33.84763012260894], [-84.49216879249622, 33.847447494087106], [-84.49149710688692, 33.84741626127089], [-84.49091709435237, 33.84723327492248], [-84.49052802412136, 33.846992621008496], [-84.49013156345049, 33.84653530433461], [-84.48985669693985, 33.84610790914143], [-84.4895821583143, 33.845680812483515], [-84.48942951029302, 33.84495250274574], [-84.4891854299455, 33.844494828962574], [-84.48845250079337, 33.84394512475911], [-84.48768991915206, 33.843216725615534], [-84.48672074655497, 33.8426062556368], [-84.4862327331836, 33.842240133612805], [-84.48562217343782, 33.84202603345522], [-84.48498091646213, 33.84156823953979], [-84.48450879698309, 33.84089743027859], [-84.48428405466869, 33.840655399814196], [-84.48421466250794, 33.84058067100428], [-84.48403227665749, 33.840511190425445], [-84.48373952379123, 33.84039966666983], [-84.483715313296, 33.84039025121066], [-84.4833322626757, 33.840241285510764], [-84.48297025149768, 33.8399245260428], [-84.48269874558451, 33.83967564475198], [-84.48229148267237, 33.839245758196206], [-84.48178455706932, 33.8391656059234], [-84.48147920263627, 33.839012690232444], [-84.48123809750896, 33.83899644962551], [-84.48074669120078, 33.839195646432785], [-84.4804114147839, 33.8393181340925], [-84.4801366964953, 33.839467145423875], [-84.47955668306243, 33.83952803205257], [-84.47919041297163, 33.83964962610626], [-84.47870644830725, 33.839600706912144], [-84.47821886163565, 33.839449387250895], [-84.47758534544278, 33.83931363410426], [-84.47720070839767, 33.83922313213542], [-84.47681607225091, 33.83922313213542], [-84.47669732754677, 33.83928707140989], [-84.47652193867405, 33.83938151145072], [-84.47623768746364, 33.83946640077452], [-84.47579791631799, 33.83947201325183], [-84.47541328017122, 33.83965301955111], [-84.47459715893896, 33.83971110802425], [-84.47420048896065, 33.83977244141639], [-84.47371220789132, 33.83974186463561], [-84.47328514072042, 33.839710720777845], [-84.47285786424204, 33.839710928950794], [-84.47249147467532, 33.83971024399468], [-84.47218620917548, 33.839378752962205], [-84.47192689968894, 33.83892101873349], [-84.47165742127338, 33.83838598307436], [-84.47149904200057, 33.838114474679344], [-84.47122753429079, 33.83784296616795], [-84.4711596566896, 33.83766196125804], [-84.47118176512706, 33.83756800058917], [-84.4713180359624, 33.83750358099458], [-84.4715442937347, 33.83736782774176], [-84.4717479238433, 33.837073693213206], [-84.47172529707791, 33.83684743777756], [-84.47158954457049, 33.83671168273636], [-84.47153720063721, 33.836705135878276], [-84.47098866147694, 33.836636521432325], [-84.47059166361356, 33.836544729490214], [-84.4702865795734, 33.836270132073366], [-84.47004243903874, 33.835904040359], [-84.46967613750691, 33.835449464740826], [-84.46937087290537, 33.83523593182845], [-84.46869963375877, 33.83496204579431], [-84.46790608808791, 33.83474824602312], [-84.46705898665648, 33.834503985705794], [-84.46617442278273, 33.83419910890565], [-84.46504512099465, 33.83377087821113], [-84.46425124923535, 33.83353153550064], [-84.46376314603246, 33.83331722697718], [-84.46322092292695, 33.8330433437494], [-84.46288591420806, 33.832828767608675], [-84.46244877602449, 33.83282007065192], [-84.46210939161185, 33.8329784498935], [-84.46186050976912, 33.833046326301655], [-84.46140799512284, 33.833046326301655], [-84.46113648831137, 33.83295582441213], [-84.46109009122524, 33.832902800277274], [-84.46081972886745, 33.83259381365714], [-84.46081972886745, 33.83207342372903], [-84.46084235473452, 33.83157565947042], [-84.46084235473452, 33.83114577097696], [-84.4603672160178, 33.83019549313979], [-84.45975632209873, 33.82856644610916], [-84.45932643421784, 33.827819799347076], [-84.45891917220399, 33.827616168704964], [-84.45834948400702, 33.8276281041482], [-84.45801414650471, 33.82736728590164], [-84.45735800085153, 33.8271184031201], [-84.45684610037844, 33.827059900875156], [-84.45656610269091, 33.82702790092494], [-84.4547966865842, 33.82714491586616], [-84.45439404011427, 33.82745778848384], [-84.4540094030692, 33.82791030145027], [-84.45378314619519, 33.828181810170015], [-84.45337588418138, 33.828498569128875], [-84.45290074546466, 33.82858907125981], [-84.45260919903583, 33.82873484472521], [-84.45258016997741, 33.82894906921874], [-84.45254426521383, 33.82909268620548], [-84.45237372005714, 33.82929913632062], [-84.45196979797953, 33.82950558444473], [-84.45177232402557, 33.82958636962294], [-84.45149406547641, 33.8296940823289], [-84.45139532984692, 33.82981974760284], [-84.45126574786718, 33.8299953112352], [-84.45111324806791, 33.830239332959145], [-84.45092996390218, 33.830238498682725], [-84.45031949308961, 33.82999504334069], [-84.44970911121025, 33.829845852818224], [-84.44919049133884, 33.829785204800636], [-84.4487937333256, 33.82975477667718], [-84.4485801696466, 33.82984597221435], [-84.44842740304769, 33.83008683410791], [-84.4481911299583, 33.830391861387135], [-84.44803833371499, 33.830818094222934], [-84.44800787543699, 33.83127603675986], [-84.44809942903578, 33.83179108048], [-84.44828235477372, 33.83227945175625], [-84.4482518084608, 33.83261538261308], [-84.4481910419234, 33.832737960292846], [-84.448131321025, 33.83348662807391], [-84.44796696615893, 33.83414404546377], [-84.44774097877954, 33.83471928442364], [-84.44741227084404, 33.835130169156734], [-84.44696029788187, 33.835561599358535], [-84.44683703195692, 33.83584921902943], [-84.44685757642745, 33.836219015712686], [-84.44691920983908, 33.83654772236665], [-84.44691920983908, 33.83685588809028], [-84.44679594301581, 33.837143507136545], [-84.44661104457752, 33.83739003942893], [-84.44656995653473, 33.837677656677606], [-84.44661104457752, 33.8379241874292], [-84.44652886849195, 33.838273441778554], [-84.44617961698422, 33.83854051679311], [-84.44566600881377, 33.83891031377028], [-84.44529621283549, 33.83942391844299], [-84.44523370536307, 33.839726032305514], [-84.44517294870715, 33.840019703308485], [-84.44525512479272, 33.84030732215323], [-84.44539893428991, 33.84049222074994], [-84.44549088314744, 33.8405726762004], [-84.44572764222542, 33.840779840242774], [-84.44626825465161, 33.84138477881558], [-84.44661104457752, 33.84158106614451], [-84.44696029788187, 33.841745420509696], [-84.44706302023461, 33.84186868570313], [-84.44700138682296, 33.84215630503982], [-84.44675485587135, 33.842361746190996], [-84.44673960607109, 33.84236581550958], [-84.44644669060976, 33.84244392490067], [-84.44626179396808, 33.84258773409502], [-84.44626711648614, 33.842596607633084], [-84.4465083240214, 33.84299861979771], [-84.44679594391411, 33.84328623906174], [-84.44712465184963, 33.84361494763165], [-84.44735063743238, 33.84400528746273], [-84.44778206772064, 33.84472433727374], [-84.44793201271123, 33.845211656523944], [-84.4481724099661, 33.845402298353584], [-84.44854220594439, 33.84548447413908], [-84.44862438292826, 33.84568991698741], [-84.44862438292826, 33.84590709302785], [-84.44862438292826, 33.84593644849945], [-84.44862438292826, 33.846092416712864], [-84.44862438292826, 33.84626515582691], [-84.44846002806219, 33.84645005421535], [-84.4480286004689, 33.846676041751714], [-84.44774097967785, 33.846819851283925], [-84.448093446256, 33.84702951370932], [-84.44826671240968, 33.84731828924722], [-84.44835334593567, 33.847607066047274], [-84.44835334593567, 33.84783808947031], [-84.44829558785617, 33.84805466916544], [-84.448093446256, 33.84831456855127], [-84.44789130285919, 33.84850227292281], [-84.44735163007078, 33.84869817982347], [-84.44704660262448, 33.84888077881358], [-84.44680225368069, 33.84903396333164], [-84.44643622074511, 33.84942604282484], [-84.44603958130952, 33.84976152728956], [-84.44570359073201, 33.84994555642312], [-84.44518494031789, 33.85018910116168], [-84.44481866932878, 33.85037235572399], [-84.44436841664037, 33.85052485419014], [-84.44388004573953, 33.85076920374955], [-84.44377623822193, 33.85087024103283], [-84.44378232790125, 33.850934171591945], [-84.44380511636338, 33.85117345586508], [-84.44374736008051, 33.851390038294994], [-84.4434529776703, 33.85164974326287], [-84.4433430741852, 33.85175100779114], [-84.44332863466532, 33.85190983612432], [-84.44341526819132, 33.85208310061848], [-84.44355965620356, 33.852314122381514], [-84.4437040442158, 33.85270397037623], [-84.44371848283737, 33.8530793803062], [-84.44360297386488, 33.853353717805014], [-84.44338639004988, 33.85346922779234], [-84.44325746743355, 33.85348985522545], [-84.44302541912096, 33.85352698310047], [-84.44272220447489, 33.85345478858618], [-84.44244786707196, 33.853498106197286], [-84.44220160741155, 33.853660208537725], [-84.4418558755031, 33.85362805516867], [-84.44175480425385, 33.85378688150363], [-84.44174036473397, 33.85398902490541], [-84.44174036473397, 33.854013670247845], [-84.44174036473397, 33.85417672949074], [-84.4417259252141, 33.854422190604346], [-84.44155266085703, 33.854638772256976], [-84.44122056806954, 33.85482647616037], [-84.44104730011922, 33.85491310996927], [-84.44091735072853, 33.85491310996927], [-84.4408109722326, 33.854866303254376], [-84.44055637979962, 33.854754283490536], [-84.44003658403349, 33.854321117983815], [-84.43967561310455, 33.854306680413714], [-84.43918796624585, 33.85439307751823], [-84.43898255028645, 33.85452326161322], [-84.43873709102495, 33.85481203867568], [-84.4386215784592, 33.855187447546406], [-84.43860714253258, 33.85541846837321], [-84.43865045749895, 33.855793879054374], [-84.43878040688965, 33.856097093566675], [-84.4388381622742, 33.85641474645666], [-84.43886704041564, 33.85687678905164], [-84.43891035538202, 33.857439904164245], [-84.43901142663127, 33.85790194568897], [-84.43927132541262, 33.85862388630161], [-84.43948790832931, 33.85898485655718], [-84.43973336848913, 33.85911480538613], [-84.43973336848913, 33.85927363345337], [-84.43967068674354, 33.85932795785854], [-84.43951678736907, 33.85946133761386], [-84.43945484224203, 33.859581352435264], [-84.43928576583082, 33.8599089412763], [-84.43927132631094, 33.860500932573295], [-84.4394012748033, 33.86119399779979], [-84.43956010323375, 33.86174267051019], [-84.43956010323375, 33.86204588702557], [-84.43951842050625, 33.86226819384802], [-84.43951678736907, 33.86227690720204], [-84.43957454275362, 33.86250793048323], [-84.4396957686046, 33.86264262707587], [-84.43970449214432, 33.86265231757196], [-84.43984888015656, 33.8628255833972], [-84.43986331787981, 33.86299884887091], [-84.43984888015656, 33.863302064655095], [-84.43992107416268, 33.86377854623764], [-84.4399643909257, 33.86406732109515], [-84.43993551188593, 33.86439941526291], [-84.43984888015656, 33.86470263054884], [-84.43944459246464, 33.86555452131871], [-84.43917025506168, 33.866059878660444], [-84.43895367304332, 33.866493043551436], [-84.43867933474209, 33.866666310533425], [-84.43844831410215, 33.86679625960679], [-84.43811622131464, 33.86689733014275], [-84.43792035804, 33.86688581043043], [-84.43762530099502, 33.86686845403113], [-84.43709106660735, 33.867012840458884], [-84.43673009388179, 33.86699840279679], [-84.43641244061419, 33.86699840279679], [-84.43605146878694, 33.86704171875942], [-84.43533506234785, 33.86718304521416], [-84.4348466321582, 33.867274300010806], [-84.43441938532423, 33.86748807209424], [-84.43418886324928, 33.867749221390326], [-84.4341311060681, 33.86809575214134], [-84.43398671985246, 33.868673305985666], [-84.43387030807311, 33.868827001738175], [-84.43335140972398, 33.868601110849994], [-84.4328893675458, 33.86838452955194], [-84.43225406011224, 33.86799468078655], [-84.43063691293777, 33.86743156665539], [-84.42997272646446, 33.86731605839763], [-84.42958287829242, 33.86734493361194], [-84.42919302922205, 33.867417128318195], [-84.42890425319754, 33.867532640168704], [-84.42871176758834, 33.86769164800249], [-84.42857216041004, 33.86780697673751], [-84.42816787451476, 33.86811019185557], [-84.4281647627506, 33.86811157473836], [-84.4277780263427, 33.86828345779313], [-84.4275614425277, 33.86850004009346], [-84.42737373865076, 33.86874549956848], [-84.42725822788162, 33.869178665004625], [-84.42723702045441, 33.869355403085414], [-84.42721491022031, 33.869539635392556], [-84.42712827938925, 33.86984285106924], [-84.42696945095882, 33.87001611647353], [-84.42670955307577, 33.87007387177876], [-84.42667944693733, 33.87007584610806], [-84.42582878638073, 33.87013162704495], [-84.42531709880836, 33.87018282902891], [-84.42509569643019, 33.87025664882942], [-84.42480035551759, 33.87033032088344], [-84.42460148468336, 33.87036264921053], [-84.42426939189588, 33.87049259787831], [-84.42393729910836, 33.870680301989125], [-84.42380734881938, 33.87096907736927], [-84.42372071798832, 33.87117122112045], [-84.42351857369319, 33.87130117079487], [-84.42322979677039, 33.87134448904942], [-84.42312153450729, 33.87134741507076], [-84.42269556058608, 33.871358927468236], [-84.42203137501109, 33.87131560996689], [-84.42174259988491, 33.87121453869507], [-84.4211072897564, 33.87122897638999], [-84.42037090927698, 33.871272293935306], [-84.41996662338168, 33.87125785475596], [-84.41954789796651, 33.87120010025184], [-84.41912917165301, 33.87125785475596], [-84.41904448118298, 33.871327147728046], [-84.41897034591751, 33.87138780504442], [-84.41886927287163, 33.87163326442017], [-84.41860937409027, 33.87184984642589], [-84.41829172082265, 33.87212418403756], [-84.4181473319121, 33.872326328036614], [-84.41813289239221, 33.87252847155694], [-84.4181473319121, 33.87273061534432], [-84.41788743313073, 33.87270173747664], [-84.41784674214328, 33.87268349544236], [-84.41746870681723, 33.87251403184421], [-84.41707885864516, 33.87228301028035], [-84.41674676585767, 33.872254133752946], [-84.41641467307018, 33.8723552052855], [-84.41601038717488, 33.8725717876969], [-84.41596456051897, 33.87270009809533], [-84.41593819316876, 33.8727739313817], [-84.41601038717488, 33.87296163569669], [-84.41618365243025, 33.87313490297459], [-84.41624140781481, 33.8733226072416], [-84.41622696919326, 33.873466996177946], [-84.41605370303955, 33.87372689355943], [-84.41592375454718, 33.87403010853278], [-84.41583712102118, 33.874535467162616], [-84.41541839560601, 33.87462210036678], [-84.4151452987765, 33.874609095248424], [-84.41511517916332, 33.874607661008326], [-84.41475421003102, 33.874564345155726], [-84.41450874897289, 33.87467985553881], [-84.41439323820377, 33.87480980434641], [-84.41437245478136, 33.87489709957111], [-84.41432104419766, 33.875113021439155], [-84.41430660467778, 33.875416235962994], [-84.41437879958221, 33.87579164449114], [-84.41437879958221, 33.876037103881146], [-84.41430660467778, 33.87619593179231], [-84.41411890080083, 33.87639807584345], [-84.41377237029009, 33.87658577964609], [-84.41348359336729, 33.876600218669935], [-84.41344299310971, 33.87658460423784], [-84.41329588949037, 33.87652802501808], [-84.41312262154004, 33.87654246330586], [-84.41299267214936, 33.8766146584371], [-84.41271833654305, 33.876946750779275], [-84.41267051113564, 33.877008922578604], [-84.41242955962025, 33.87732215854142], [-84.41225629436487, 33.87766869144822], [-84.41224185484499, 33.87782751781444], [-84.41229960933124, 33.87795746704988], [-84.41229960933124, 33.878101855602964], [-84.412155221319, 33.87815961065742], [-84.41192420157738, 33.87827512288659], [-84.4117942521867, 33.87852058259144], [-84.41159210878989, 33.878997063504634], [-84.41141884173788, 33.87915588963586], [-84.4113322091102, 33.87934359408478], [-84.41128889144889, 33.879617931474044], [-84.41114450343665, 33.879863391045276], [-84.41089904417515, 33.88005109766679], [-84.41085320404451, 33.88006128288096], [-84.41063914539377, 33.88010885289362], [-84.41052363552296, 33.88022436322993], [-84.410483071198, 33.880406900774354], [-84.41046588013839, 33.88048426091488], [-84.41032149122785, 33.88070084432459], [-84.41014822687079, 33.88078747574466], [-84.40999798543615, 33.88086863305189], [-84.40977652466748, 33.88097946856279], [-84.40929646857289, 33.88101615491584], [-84.40889035191104, 33.88101618400121], [-84.40863208447023, 33.881016304071615], [-84.40833662408171, 33.88123767625502], [-84.40822786325363, 33.88146610065627], [-84.4081556692475, 33.88185594904413], [-84.40818454559232, 33.88223135758231], [-84.40843000665043, 33.882678962672685], [-84.40824230007857, 33.88292442238746], [-84.40795352495238, 33.88319875945035], [-84.40776582107544, 33.88345865851601], [-84.40750592229409, 33.88364636319438], [-84.40704388011589, 33.884151721554964], [-84.40676954181465, 33.88457044719373], [-84.40649520441171, 33.8847870306715], [-84.40619198976567, 33.88510468420143], [-84.40588932578687, 33.88524340495511], [-84.4058454574583, 33.885263510150004], [-84.4052967817541, 33.885234634286064], [-84.4048491790958, 33.88514799992395], [-84.40453152492988, 33.88520575468368], [-84.40432812299336, 33.88537217357532], [-84.40421387166225, 33.885465654347115], [-84.40399728784725, 33.88573999144174], [-84.40375934389142, 33.88603626792078], [-84.40368567305498, 33.88633137107981], [-84.40353812207461, 33.886552563920596], [-84.4033532874167, 33.886774262537365], [-84.40313176735923, 33.88692211275034], [-84.40287347027399, 33.887069633841946], [-84.40272591929362, 33.8870698426452], [-84.40243051909223, 33.887069633841946], [-84.40231977298738, 33.886995991898544], [-84.40220908706964, 33.886922052346435], [-84.4021723100419, 33.88688524697927], [-84.40198765594536, 33.88681127750205], [-84.40161822558142, 33.886774770378366], [-84.40128643642447, 33.886921992688265], [-84.40106485617987, 33.887106589020405], [-84.40076936614695, 33.88730957226379], [-84.40047423364351, 33.887383512225746], [-84.40018999231457, 33.8874150294581], [-84.3998533468652, 33.88758816075149], [-84.39934798702569, 33.8879780087569], [-84.39907146761495, 33.8883058942923], [-84.39887150712428, 33.888656633894456], [-84.39859716792472, 33.88891653348444], [-84.3982361978941, 33.889277503906385], [-84.3980773721586, 33.88949408512801], [-84.39783191020216, 33.889609595434905], [-84.39767522155873, 33.88958915793473], [-84.39749981921129, 33.88956627899492], [-84.39709553241768, 33.88929194152818], [-84.39676343873187, 33.88907536053896], [-84.3963447133167, 33.888873217438274], [-84.39611369357507, 33.88891653348444], [-84.39591154927996, 33.88906092213479], [-84.3956372109787, 33.88932081974725], [-84.39549157071495, 33.8894179128626], [-84.39501095946153, 33.88959809370227], [-84.39456788880383, 33.88974576228949], [-84.39430956207421, 33.88981967404017], [-84.39401407204127, 33.8899671655128], [-84.39371888024903, 33.89011495575571], [-84.39312819752553, 33.89048405739471], [-84.39279587117606, 33.89066862364771], [-84.39250067938383, 33.890963815178424], [-84.39227939737987, 33.89122235058373], [-84.39223782155189, 33.891281233186724], [-84.39205638252577, 33.89167434756715], [-84.39198418941794, 33.892352972378745], [-84.39204194390419, 33.892771696536954], [-84.39207082204564, 33.89330593288863], [-84.39202750707928, 33.8936524657494], [-84.39191199451349, 33.89389792520782], [-84.39156546400277, 33.89424445715454], [-84.39114673768927, 33.894461042168444], [-84.39069182723614, 33.89458119195696], [-84.39039672527541, 33.89458125160978], [-84.39013810030512, 33.89458101374418], [-84.3898430576332, 33.89450722318822], [-84.3894001046548, 33.894359731364204], [-84.38917864388611, 33.894322776345476], [-84.38895715257473, 33.894249313657824], [-84.3886488211248, 33.89421558060242], [-84.38863915974393, 33.894211958915726], [-84.38818677984494, 33.89404231362794], [-84.387912442442, 33.89389792520782], [-84.3874937152302, 33.89388348761999], [-84.38700065961515, 33.89387985473417], [-84.38674236252993, 33.89395352503512], [-84.38659436418857, 33.89406430029787], [-84.38637302289581, 33.89435982009799], [-84.38629938080545, 33.89450722318822], [-84.3861364668371, 33.895009714285436], [-84.38609315097241, 33.895471756758546], [-84.38616534497854, 33.89587604326703], [-84.38617978270179, 33.89629477026055], [-84.38617978270179, 33.896626863546636], [-84.38609315097241, 33.89694451623293], [-84.38586212943417, 33.89710334474207], [-84.38550115940356, 33.89724773295456], [-84.38498111660073, 33.89742107991021], [-84.38476477892412, 33.897493192503866], [-84.38415834873369, 33.89775309200988], [-84.38411887316686, 33.89779651389986], [-84.38401395982314, 33.89791191752176], [-84.38391288947221, 33.89809962394951], [-84.38360967213121, 33.89805630660202], [-84.38359245591879, 33.89805056674425], [-84.38321982395915, 33.89792635666446], [-84.38262783239028, 33.89773865209219], [-84.38209359620596, 33.89769533679827], [-84.38181926059967, 33.89785416241767], [-84.38177960806472, 33.89797708340766], [-84.38167487168911, 33.89830176680633], [-84.3814727282923, 33.89869161505418], [-84.3811550750247, 33.89903814541665], [-84.38040425502538, 33.900222129124785], [-84.37998552871188, 33.900554222027885], [-84.37974194603103, 33.90063541645004], [-84.37955236467515, 33.900698610361864], [-84.37910476201684, 33.900698610361864], [-84.3784971199991, 33.90092317484813], [-84.37844057644185, 33.900944069670246], [-84.37791276590677, 33.90118158537015], [-84.37758762428295, 33.901483560513356], [-84.37743983435072, 33.901760424363914], [-84.37718135850075, 33.90198179639652], [-84.376967815483, 33.90246014594415], [-84.37692449961831, 33.90290775150374], [-84.37692449961831, 33.90341310907351], [-84.37670791670163, 33.90354305885028], [-84.37652021192639, 33.9034997420315], [-84.37651363536018, 33.90349410468494], [-84.37621699728031, 33.903239844384494], [-84.37576939282539, 33.90296550542152], [-84.37560231965728, 33.903011915949676], [-84.37550949404401, 33.903037700559665], [-84.37513408539184, 33.90297994519964], [-84.37478755308446, 33.90283555700109], [-84.374154365675, 33.90283086501616], [-84.37363780204728, 33.90323677257675], [-84.37356398119218, 33.90345826305155], [-84.37349045947606, 33.90382754478015], [-84.37334240094755, 33.903975065708394], [-84.373194909256, 33.90390139437284], [-84.37293637411723, 33.90371664948717], [-84.372752285061, 33.90382745531067], [-84.37249342113884, 33.903975124609055], [-84.37230894580705, 33.90412273624234], [-84.37201372347207, 33.90427043634345], [-84.37171820379474, 33.90427043634345], [-84.37142304074858, 33.90427046691201], [-84.37112752107123, 33.90434404771412], [-84.37072152388531, 33.90441810711129], [-84.37038919933248, 33.90441807728831], [-84.37009400664192, 33.90449192711504], [-84.36979884449407, 33.904602613384796], [-84.36950356197198, 33.90471323986511], [-84.3693926981878, 33.90486088004317], [-84.36935574329365, 33.905008520711064], [-84.36928195298127, 33.90526681819902], [-84.36924493879829, 33.905451890756225], [-84.36909714886606, 33.90574714220342], [-84.36902353642013, 33.9057835897621], [-84.36872819550753, 33.90596839279558], [-84.36846972055588, 33.90618970693161], [-84.36832201955686, 33.90633725806787], [-84.36813813890979, 33.90663259964288], [-84.36787921659713, 33.90681737325036], [-84.36773166471845, 33.906817254707406], [-84.36751014376264, 33.90678024022453], [-84.36728859406075, 33.90678029986882], [-84.36714098289328, 33.90685403059735], [-84.3666238227842, 33.90692791037256], [-84.36588570945459, 33.90678035876753], [-84.36566448673946, 33.90685403059735], [-84.36544272683179, 33.907002088304324], [-84.36518478817437, 33.90703865610571], [-84.36492598443932, 33.907149312229016], [-84.36455673373843, 33.907223370680164], [-84.36426160123499, 33.907296922839315], [-84.36396620013525, 33.90748172706531], [-84.36374497742014, 33.907555399034514], [-84.36341262232457, 33.90759241318081], [-84.36337569707482, 33.90774008341296], [-84.36337551831008, 33.90788778395657], [-84.36349639651303, 33.908206797797696], [-84.36373573375585, 33.90852990344931], [-84.36378517163921, 33.90859664697806], [-84.36431940782352, 33.909000932388146], [-84.36468037965076, 33.909318586687434], [-84.36524349307818, 33.909462975088395], [-84.36564777987181, 33.90963623980289], [-84.36586436368681, 33.909737312525415], [-84.36591330031021, 33.909864552364944], [-84.36593655769293, 33.90992501677505], [-84.36580660830224, 33.91017047635755], [-84.36538788109043, 33.91032930483072], [-84.36459374702308, 33.91027154919209], [-84.36341280198764, 33.91024988653071], [-84.36293286357235, 33.910249976739046], [-84.36200973771841, 33.91032373726934], [-84.36149293513883, 33.91039767666107], [-84.36105013217909, 33.91047134760104], [-84.36049646453688, 33.910619107526536], [-84.36012721293766, 33.910729913324126], [-84.35957345636223, 33.910914717562214], [-84.3593890394209, 33.91102492581688], [-84.35894596786491, 33.911357251732994], [-84.35850322509228, 33.911689606919204], [-84.3582446594108, 33.91187411310941], [-84.35809713897315, 33.91216939598798], [-84.35798642341103, 33.912464736738265], [-84.35783875205641, 33.91290771761567], [-84.35772785772953, 33.9134243116478], [-84.35774974607976, 33.914328856564254], [-84.35790857361187, 33.916191465545495], [-84.3578941349903, 33.91705779472957], [-84.35772086703999, 33.91923805680576], [-84.3576910339894, 33.92003934618584], [-84.35769108160012, 33.923316538476094], [-84.35760364228531, 33.929879518138314], [-84.35687887971744, 33.93032995064717], [-84.35577139531269, 33.93080961984706], [-84.35525420555922, 33.93110502045784], [-84.35366732083003, 33.93165862859506], [-84.35263398516544, 33.93228605663846], [-84.35230153934003, 33.932581427532234], [-84.3520064068366, 33.932839754735916], [-84.35171109646673, 33.93320897548173], [-84.35123157666638, 33.93372577734291], [-84.35075125197554, 33.93424252091458], [-84.35052979120685, 33.93446386223562], [-84.35023450958306, 33.934796009529784], [-84.34990230360786, 33.93520230443965], [-84.3496442149318, 33.93553457108299], [-84.3494222771577, 33.93586618131205], [-84.34920075620188, 33.93605101450294], [-84.34890532545776, 33.93616190945505], [-84.34861016330991, 33.93638345968638], [-84.3484624632092, 33.93675256147176], [-84.34845114533495, 33.93711331517696], [-84.34846265455039, 33.93713842765316], [-84.34860997376539, 33.93745984731723], [-84.34858109562396, 33.937676430586166], [-84.34845114533495, 33.93789301330417], [-84.34768588940904, 33.93849944272883], [-84.3471949681911, 33.938860413359706], [-84.34713333657608, 33.93887113112612], [-84.3465307826161, 33.938975923847025], [-84.34612649492419, 33.93890372934502], [-84.34580884165656, 33.93880265842986], [-84.34553450335531, 33.93883153552704], [-84.34506657721201, 33.939078037190335], [-84.34469729686671, 33.93941009493992], [-84.34458640164151, 33.939779226830126], [-84.34436506034878, 33.94014826917911], [-84.34418052393153, 33.940517371039505], [-84.34381145199536, 33.94092357604728], [-84.34347927566455, 33.941255694416675], [-84.3430731886471, 33.94155094551213], [-84.34281486191749, 33.94173545186781], [-84.34217025871736, 33.942282414125685], [-84.34173709378231, 33.94248455800722], [-84.34140500099481, 33.94252787363916], [-84.34114510311176, 33.94247011821629], [-84.34079857080438, 33.94229685320321], [-84.34061086692746, 33.94216690365303], [-84.34047346960476, 33.94214928906914], [-84.33989852536503, 33.9424367604715], [-84.33945563257376, 33.94265846056329], [-84.33893868177215, 33.94295350334393], [-84.33864342979278, 33.94321179982564], [-84.3382375520828, 33.943617707298706], [-84.33783134558941, 33.94391319836317], [-84.33742522982588, 33.944171673022886], [-84.33713000838921, 33.94439316365963], [-84.33679789044889, 33.94465143267109], [-84.33642858045918, 33.94494668242219], [-84.33620705950338, 33.94513121942407], [-84.33583807650044, 33.94538972466514], [-84.3354687665107, 33.94564817024934], [-84.33517360436286, 33.945832616305], [-84.33480435366197, 33.946017242301814], [-84.33454584816758, 33.94605401841118], [-84.33417704392937, 33.94622025591495], [-84.33465677213889, 33.94681081877513], [-84.3347673987678, 33.94695834054914], [-84.33502584407503, 33.947290844488386], [-84.3353581704245, 33.947733498951564], [-84.33592000734592, 33.948349836368465], [-84.33614331415251, 33.948640135681096], [-84.33656759924098, 33.949064420319424], [-84.33670158386391, 33.949444041977], [-84.33665692232293, 33.94982366417673], [-84.33654526802133, 33.950381930882465], [-84.33645594493937, 33.95109651416495], [-84.33642925868723, 33.95148790777291], [-84.33654526802133, 33.95205673659745], [-84.3367462463032, 33.952548010612674], [-84.33696174315672, 33.95322765663777], [-84.3370365440738, 33.95346356983305], [-84.33728218299834, 33.95375386884037], [-84.33757248166725, 33.953910183910814], [-84.33784764462193, 33.953990440025905], [-84.3381084192607, 33.95406649943921], [-84.33844337947059, 33.954289805561366], [-84.3388298814182, 33.954667321259016], [-84.33916029255948, 33.95487604430766], [-84.33952945253056, 33.95509714718966], [-84.3403191597002, 33.95562964936121], [-84.34056479862474, 33.955718972027796], [-84.34092208915597, 33.95576363407106], [-84.34137308924267, 33.95615020688632], [-84.34170366477565, 33.95627723880492], [-84.34188230914293, 33.95652287776844], [-84.34230659423142, 33.957148138333004], [-84.34284253092655, 33.95792971316532], [-84.34313282959545, 33.958487980338845], [-84.34353478256595, 33.9588452718513], [-84.34416004144474, 33.95924722431321], [-84.34494161616611, 33.959894816025766], [-84.34549988587752, 33.96078804286943], [-84.3458795076284, 33.96145796392567], [-84.3463931140022, 33.962552169364784], [-84.34641544522184, 33.96293179119955], [-84.34637078368085, 33.96324442160213], [-84.34648243708413, 33.963579383175684], [-84.3465267330108, 33.963660590546574], [-84.34665372963914, 33.9638086657424], [-84.34698623655, 33.964177708205895], [-84.34726401270382, 33.9645842659424], [-84.34735333488749, 33.96489689399675], [-84.34733100366785, 33.965209523882194], [-84.34717468962188, 33.9655444859127], [-84.34697371313662, 33.96574546145473], [-84.34654942894647, 33.965857115652966], [-84.34646390663646, 33.96588888176115], [-84.3462846586013, 33.96602321687089], [-84.34598937787584, 33.966244708001256], [-84.34569406570934, 33.966466258902294], [-84.34558338068993, 33.96661383972931], [-84.34543573987803, 33.96683550961826], [-84.34484499786572, 33.96742598304653], [-84.3442174806223, 33.96766580249991], [-84.34399671245473, 33.96777625395072], [-84.34378041969386, 33.96800086437444], [-84.34302117619215, 33.968559131015716], [-84.34197163312321, 33.96922905419397], [-84.34148035796905, 33.96956401380417], [-84.34096675069694, 33.96987664292435], [-84.34076577421168, 33.97007762089433], [-84.34054246830343, 33.97039024961639], [-84.3402744981592, 33.97103784142403], [-84.34025216873619, 33.97155144631777], [-84.34038615246082, 33.971975730686566], [-84.340832766074, 33.97282429903308], [-84.34096675069694, 33.97311459753152], [-84.34096675069694, 33.97344955748116], [-84.34096675069694, 33.973963164942354], [-84.34100822771023, 33.97413499921422], [-84.34105413251956, 33.974325171874035], [-84.34112306564121, 33.9746107541237], [-84.34159201137236, 33.97530300654616], [-84.34168133445431, 33.97563796830406], [-84.34165900323467, 33.97592826688054], [-84.3415250186117, 33.97608458217681], [-84.34125704936584, 33.97619623471976], [-84.34122747503005, 33.97620017995234], [-84.34092209005426, 33.97624089718573], [-84.34074344299202, 33.976352549523355], [-84.34074344299202, 33.976486535859706], [-84.34081043485435, 33.97686615807218], [-84.34107985847267, 33.97732210177527], [-84.3411007362182, 33.97735743184231], [-84.3415696801527, 33.978072015743095], [-84.34170366567395, 33.97845163758037], [-84.34172599509697, 33.97892058358712], [-84.34183764939858, 33.97914389001641], [-84.34194930190355, 33.97945651967078], [-84.34203862498552, 33.97988080258361], [-84.34217260871014, 33.980573054555414], [-84.34194930190355, 33.981086660698445], [-84.34192697337885, 33.98182357579167], [-84.3415696801527, 33.982672142687036], [-84.34123472084113, 33.983453716864545], [-84.33976089268371, 33.986289717492056], [-84.33935893971321, 33.98733926262348], [-84.33918931982126, 33.988038947707864], [-84.33918029534593, 33.98807617490149], [-84.33927498855665, 33.9883413187482], [-84.33929194785091, 33.988388805221106], [-84.33953758677545, 33.988545119949634], [-84.3395599179951, 33.988813087493135], [-84.33940167796118, 33.98923505941408], [-84.33941879985048, 33.98924078120942], [-84.33975100672403, 33.98935149735134], [-84.3398985873488, 33.989499078677134], [-84.34015703355435, 33.98964674838108], [-84.34067389542275, 33.989720271054225], [-84.34096926597974, 33.98979444911116], [-84.34126419007403, 33.98994208999848], [-84.34159669428992, 33.9901266850639], [-84.34192878168753, 33.990311221632204], [-84.34218722789308, 33.99045889215933], [-84.3425193449351, 33.990680203443524], [-84.34288865492479, 33.99086476934731], [-84.3431101462362, 33.990827964197166], [-84.34340542696168, 33.99071703919525], [-84.34377449979614, 33.99082778469615], [-84.34406975177552, 33.99097575374169], [-84.34425458553513, 33.99112309614024], [-84.34462338887501, 33.991418259085115], [-84.3449557745133, 33.99171368913626], [-84.34539884696763, 33.99215664124435], [-84.34635854054186, 33.992894934314336], [-84.34717056455808, 33.99355946632705], [-84.34720728139871, 33.993706898089144], [-84.34709686407723, 33.993891583288196], [-84.34687546259737, 33.9941499701443], [-84.34658006149765, 33.99437146024581], [-84.34642965836626, 33.994597046829526], [-84.34621095991709, 33.99492506864954], [-84.34608048591028, 33.99544530967488], [-84.34608048591028, 33.99586959395162], [-84.34616980809392, 33.99633853918665], [-84.34632176441242, 33.996844547295225], [-84.34632176441242, 33.99717672365674], [-84.34632167547922, 33.99754591546602], [-84.34639090055333, 33.997928240176144], [-84.34663875382505, 33.99839296471388], [-84.3467727375497, 33.99863860341661], [-84.34719702263816, 33.99892890089022], [-84.34735333758243, 33.99921920035074], [-84.34735333758243, 33.999531830632606], [-84.34733589589287, 33.99979346154646], [-84.34730867424481, 34.000201751024896], [-84.34739799732678, 34.00084934286468], [-84.34742032854642, 34.001206633622566], [-84.34765050207506, 34.001569229776464], [-84.347798470772, 34.001680063903585], [-84.34808519684104, 34.00188628919925], [-84.34831469932814, 34.002164968397786], [-84.3484130567669, 34.00244364891618], [-84.34840486053825, 34.002648560172055], [-84.34842125209724, 34.002878059834245], [-84.34846223593544, 34.00299281241167], [-84.34856059247592, 34.00303379458636], [-84.34883107700459, 34.003082971531526], [-84.34900320229787, 34.003230508153855], [-84.34906877302541, 34.003419027998106], [-84.34908516638102, 34.003869833038074], [-84.34910118513916, 34.005065572196074], [-84.34944278479732, 34.005452532262915], [-84.34990191912892, 34.00578435102433], [-84.35025960671548, 34.00593753585851], [-84.35071903928777, 34.00598846783338], [-84.35112747989126, 34.00598819900224], [-84.3514556605157, 34.005988443258765], [-84.35208507410266, 34.00588616374394], [-84.35276091711509, 34.00578435102433], [-84.353169387363, 34.005733449459235], [-84.3535779474424, 34.00583534266597], [-84.35383308515279, 34.00593741596424], [-84.35419041520986, 34.00624393374054], [-84.3543947406145, 34.00655006243245], [-84.35480338962712, 34.006958652302416], [-84.3551095193063, 34.00731580342559], [-84.35541588703899, 34.007724244400826], [-84.35561988366024, 34.00797971029907], [-84.35602844463797, 34.00828583943581], [-84.35643733170416, 34.00859229660951], [-84.35684547586361, 34.00889842651652], [-84.35725367841354, 34.00900052889803], [-84.35761121687979, 34.0090009161203], [-84.35806516613556, 34.0090085756742], [-84.35823648653835, 34.0090085756742], [-84.35852202233961, 34.008880084816276], [-84.35888750101464, 34.00864328879907], [-84.35950023737836, 34.008592117890636], [-84.36016396571087, 34.008592059062366], [-84.36052114574929, 34.008592117890636], [-84.36092970582874, 34.008694280958025], [-84.36098028008091, 34.00900052889803], [-84.36098054867718, 34.009409089105986], [-84.36098051903278, 34.00981735172175], [-84.36113373209437, 34.009919543101], [-84.36159313592056, 34.01020013202401], [-84.36179766883602, 34.010404457145114], [-84.3624101671462, 34.01122116072504], [-84.36281866703851, 34.011936058551726], [-84.3635845275306, 34.01282926357148], [-84.36368630305904, 34.01308458082379], [-84.3638908063301, 34.01349311095607], [-84.36394155934701, 34.013901551258], [-84.36394155934701, 34.014309755042355], [-84.3638907470413, 34.01471807525671], [-84.36389077578738, 34.014922072303285], [-84.36363525090312, 34.01538186319637], [-84.36348227589508, 34.01573907345472], [-84.36327818944231, 34.01604550223881], [-84.36307404370073, 34.01640280203435], [-84.36307374546006, 34.016760101815265], [-84.36317581833084, 34.016862353340535], [-84.3634823657266, 34.01721983212162], [-84.36348206748593, 34.01757710240331], [-84.36327786155722, 34.017781070242336], [-84.3629207408076, 34.01808743804586], [-84.36286948024254, 34.018700262662875], [-84.36302290350991, 34.01910858484146], [-84.36332909157957, 34.01946600353274], [-84.36368645217937, 34.01961912868968], [-84.36389059792096, 34.01987429671263], [-84.36389053863215, 34.020282766622806], [-84.36373753397969, 34.02064006645278], [-84.36353326786387, 34.02089493656324], [-84.3632780708647, 34.02135472712089], [-84.36327780226841, 34.02186535946166], [-84.36317578868645, 34.02291165963884], [-84.36297152436725, 34.023115925130014], [-84.3625123289502, 34.02326907943992], [-84.36183423296303, 34.02332817300777], [-84.36152014421047, 34.02352804848762], [-84.36112039570567, 34.024099119544324], [-84.36090624363014, 34.024627360424276], [-84.36084913593089, 34.02508421672203], [-84.3610632880064, 34.02572667077788], [-84.36132026995806, 34.026240636774546], [-84.36142020753341, 34.0266832159866], [-84.36129171521013, 34.02692591992793], [-84.36099190428068, 34.02699730414004], [-84.36072508398004, 34.02704682307704], [-84.36062070693056, 34.02742560666282], [-84.36036372587724, 34.02785391074628], [-84.36011246709226, 34.028322988324646], [-84.3600615945994, 34.0287315776371], [-84.35995943279539, 34.02924203233067], [-84.35990823241747, 34.029650353672764], [-84.35975528705383, 34.02995666225377], [-84.35949979091566, 34.030160956944954], [-84.3594488887784, 34.03041624365607], [-84.3596020721956, 34.03056933863375], [-84.35995937260827, 34.030773633338654], [-84.3603678437545, 34.030977899262], [-84.36077637418951, 34.0311818959422], [-84.3614910935925, 34.03156476602306], [-84.36189947580549, 34.031819904085516], [-84.36220578424938, 34.03212642072621], [-84.3627161180606, 34.03238170747918], [-84.36312470778445, 34.03273900773766], [-84.36353311964184, 34.032994145246704], [-84.36414576707234, 34.03345354865152], [-84.36445204497353, 34.03360673269275], [-84.3648608431065, 34.033657962966686], [-84.36506463131859, 34.03370883513333], [-84.36537102959402, 34.03381108708356], [-84.36547316175361, 34.03391307016784], [-84.36577950074023, 34.03421955765749], [-84.36598385489094, 34.03437262269476], [-84.36618785151218, 34.03452559737934], [-84.36657412169447, 34.034663928790685], [-84.3670167009737, 34.03469248300536], [-84.36751638795218, 34.03467820552703], [-84.36804462878028, 34.034749589917034], [-84.36882985066171, 34.03496374049345], [-84.36925156117857, 34.03524058479102], [-84.36935309775514, 34.03549554430335], [-84.36940414991105, 34.03575092067103], [-84.36940202809036, 34.0359655079284], [-84.36940092136591, 34.036077328920214], [-84.36941519829074, 34.03653418535661], [-84.36942947611385, 34.037033872825845], [-84.36950085983959, 34.03737651468383], [-84.36968645716719, 34.03770488042203], [-84.36986833726613, 34.03792438994986], [-84.37001682608765, 34.03804820293181], [-84.37027211291834, 34.03830354928264], [-84.37052739885073, 34.03860982662183], [-84.37093595982847, 34.03922226632353], [-84.37119103825003, 34.039630647568686], [-84.37134413273402, 34.04003914743801], [-84.37154860546234, 34.04034551527996], [-84.37175248350597, 34.04034548624902], [-84.37216068605592, 34.04034545572929], [-84.37272254992678, 34.0402433233131], [-84.37325219661831, 34.040133442470015], [-84.37346060396759, 34.04055133103415], [-84.37382750108245, 34.04102801814993], [-84.37423084644165, 34.041468258074495], [-84.37434150091833, 34.04161485558195], [-84.37462860068652, 34.04217588844765], [-84.37499027769128, 34.04242335220145], [-84.37544713479363, 34.04255660161596], [-84.37565652759477, 34.042880209442686], [-84.37566159678794, 34.04322883093013], [-84.37566162553401, 34.0434489209023], [-84.37536822138918, 34.04352214614559], [-84.37503789289292, 34.043448801805376], [-84.37467108560956, 34.04352205607857], [-84.3743411748299, 34.04366886292117], [-84.37419445748611, 34.04388892272164], [-84.37393762106154, 34.04432901381289], [-84.37393765070595, 34.04469594023431], [-84.37404762156473, 34.04495250887948], [-84.37441445759414, 34.04542952407408], [-84.37456123512506, 34.04561283809583], [-84.37463427983575, 34.04579612269218], [-84.37500117695062, 34.046089526535546], [-84.37547792454998, 34.046419676938896], [-84.37606497089322, 34.04689639433757], [-84.37628509047717, 34.04708000663954], [-84.37657858445355, 34.047263381105], [-84.37672536108613, 34.047336664088924], [-84.37709187012878, 34.04752000822651], [-84.37727548128129, 34.04763003803929], [-84.37753213983943, 34.047776607031615], [-84.37811918618266, 34.048253592942004], [-84.37899933843003, 34.04891392324721], [-84.37947617496263, 34.049280551459354], [-84.38028304444578, 34.0500141053127], [-84.3805397604961, 34.0503074781864], [-84.3808700611446, 34.05045461342426], [-84.38116400068536, 34.050527629425744], [-84.38160355623535, 34.05063736208414], [-84.3818604806948, 34.05074771980577], [-84.3821536467861, 34.050857750639985], [-84.38237379691277, 34.05107784016305], [-84.38277738032552, 34.05177458931514], [-84.38299735168746, 34.0525816359762], [-84.38303400744263, 34.05298498114955], [-84.38296081361159, 34.05357196730316], [-84.38288749940631, 34.0537552808393], [-84.38288758923784, 34.053938565696974], [-84.3829237688859, 34.05419540184687], [-84.38318096283996, 34.054818896555915], [-84.38362096485264, 34.0552958227522], [-84.38376780077402, 34.05551591340581], [-84.38391457740663, 34.05569919817804], [-84.38406102615414, 34.05591925875873], [-84.38420783243113, 34.05606606497593], [-84.38435463870812, 34.05628618488791], [-84.38442810203372, 34.05650624543317], [-84.38444619140861, 34.05659788679815], [-84.38448290824921, 34.05725809852718], [-84.38433625109256, 34.05755144261154], [-84.38429950370924, 34.05788153275338], [-84.384226220945, 34.05806484738914], [-84.38418938552677, 34.05828487801298], [-84.38418944481558, 34.05850499737248], [-84.38418956339319, 34.058725058111044], [-84.3842630267188, 34.05909195497723], [-84.38433610197222, 34.05931201419178], [-84.38440959494226, 34.05960532884129], [-84.38451908879561, 34.059642046126356], [-84.38477610308661, 34.05967888098119], [-84.38495974568013, 34.05975216588488], [-84.38528980647844, 34.05989897216143], [-84.38551001589394, 34.059935449683245], [-84.38580356915911, 34.06011879411043], [-84.38580344968318, 34.06077900446132], [-84.38580347932758, 34.060925810447564], [-84.38569330005967, 34.06114587085423], [-84.3850330293427, 34.06158596316223], [-84.38440959494226, 34.06198963460995], [-84.38400619029423, 34.06209963596843], [-84.3837126972162, 34.06209963596843], [-84.38316254558, 34.06202608295258], [-84.38272227586936, 34.06195253061709], [-84.38250203680947, 34.06187951478182], [-84.38224540879405, 34.06195276950328], [-84.38206218391711, 34.06202605392907], [-84.38224257730427, 34.062165230535165], [-84.38241304790078, 34.06293001722581], [-84.38258318791729, 34.06335482074139], [-84.3826253593283, 34.063694477017926], [-84.38275291291212, 34.06411954758085], [-84.3831354856287, 34.06475663223], [-84.38351764062865, 34.065139085812405], [-84.38381494885172, 34.06530886924384], [-84.38415478421865, 34.06530892952115], [-84.38457967656826, 34.06530895854355], [-84.38496198068854, 34.06522411189236], [-84.3853022337721, 34.06522390352625], [-84.3856420098502, 34.065223992826034], [-84.38615157021198, 34.065139026279155], [-84.3865339345194, 34.06522390352625], [-84.38708635080843, 34.06522411114824], [-84.38734119117643, 34.06539395543074], [-84.38768138497116, 34.06556373835151], [-84.38797866265149, 34.06547895074433], [-84.38823344193406, 34.06539392492004], [-84.38870080303704, 34.06530901882086], [-84.3892107802171, 34.06530895854355], [-84.38980533647609, 34.065309107376386], [-84.39040034099442, 34.065308988310115], [-84.39073955023561, 34.06526657987848], [-84.39107998208388, 34.065223902782066], [-84.39125003496379, 34.06522411114824], [-84.39175953513842, 34.06513914460149], [-84.39201470249321, 34.06505414894704], [-84.39226966233714, 34.064926653817174], [-84.3926517867944, 34.06471422352186], [-84.39303447898689, 34.064629406042044], [-84.39345931114937, 34.064459383114276], [-84.39396887061282, 34.06428927128878], [-84.39413886330561, 34.06420460370665], [-84.39447870046916, 34.06411975594974], [-84.39481850619168, 34.06403464094894], [-84.39511611175712, 34.06386470761737], [-84.3955409439196, 34.06369495329201], [-84.39588095894958, 34.06348228474807], [-84.39617835700417, 34.06326994311049], [-84.39681541076264, 34.062844841495156], [-84.39732517953354, 34.06242018872614], [-84.39749523241345, 34.06225034518099], [-84.39766531314115, 34.06208023338618], [-84.39792003403322, 34.06191030134484], [-84.39813264370142, 34.06182533445218], [-84.39834480690689, 34.061740546825405], [-84.39872752784547, 34.06165546143541], [-84.39902477767805, 34.061655490459046], [-84.39919521683353, 34.06157055382301], [-84.3995342778527, 34.061570494287245], [-84.39991702843568, 34.06157022563218], [-84.40021424772554, 34.06157055382301], [-84.40055405344806, 34.06157058433505], [-84.40080919115843, 34.06165552097105], [-84.40114905706807, 34.06174039798636], [-84.40148886368891, 34.06191044943944], [-84.40178620065807, 34.061995296431625], [-84.40208350977946, 34.062080203618486], [-84.40238114498928, 34.0621654381646], [-84.40272107108605, 34.06233516206533], [-84.40293332322474, 34.06242012919104], [-84.40327309930287, 34.06250527409261], [-84.40348576915818, 34.062675117871045], [-84.40369802129689, 34.06276035181882], [-84.40399535916434, 34.06284496130908], [-84.4042078197122, 34.062887518301345], [-84.40454783384385, 34.06292995694681], [-84.40497269654907, 34.062929898156206], [-84.40531262174751, 34.06288748927812], [-84.4056522487053, 34.06284505061133], [-84.40599220444648, 34.062802582155896], [-84.40637468733152, 34.062760173958246], [-84.40692671644666, 34.062675117126844], [-84.40752157004802, 34.06250521455751], [-84.40786155633192, 34.062377630755], [-84.40824397902983, 34.0622503154134], [-84.40871133923449, 34.06216534886164], [-84.40892356172878, 34.06208032268929], [-84.4092636962347, 34.061995445270284], [-84.40956115178146, 34.06195279852682], [-84.4098159930478, 34.061825572594444], [-84.41015564965, 34.06178280595011], [-84.41036808055343, 34.061825333707965], [-84.41052892300674, 34.06186115476547], [-84.41075041521643, 34.061910478462984], [-84.41092049594414, 34.06182545277913], [-84.41109048863693, 34.06165531185194], [-84.41126083885918, 34.06140065052755], [-84.41143041383538, 34.06106072533102], [-84.41164284563713, 34.06080603468444], [-84.41196289201667, 34.06044354945428], [-84.41268312617719, 34.0601004649694], [-84.41319772249442, 34.059963254154816], [-84.41364314763648, 34.05989467880483], [-84.41405510514433, 34.05982607363081], [-84.41450094800297, 34.059826193449005], [-84.41501527752058, 34.059723225674816], [-84.41542693678775, 34.05975752868252], [-84.41570150595601, 34.05996337397283], [-84.41597586671514, 34.06030633845091], [-84.41611286788081, 34.06064933354193], [-84.41631906986606, 34.0609580262254], [-84.41676473306167, 34.0610608146352], [-84.41734769746026, 34.06112935927364], [-84.41772511384708, 34.0611293897859], [-84.41817110582608, 34.06119799464906], [-84.41858279563596, 34.061232297059846], [-84.41878810379752, 34.06140371960159], [-84.41909709371254, 34.06147241503486], [-84.41940569645367, 34.061472295218984], [-84.41988587202417, 34.06150671659035], [-84.42036607723908, 34.061540841013056], [-84.42081206921807, 34.06164398667438], [-84.4211551537914, 34.062158433832444], [-84.42118930684018, 34.062398640718726], [-84.42129245229943, 34.06270709484406], [-84.42163544883783, 34.06284424540242], [-84.4221497765588, 34.06308433276378]]]}, "properties": {"areasqkm": 315.72, "states": "GA", "huc10": "0313000111", "name": "Sope Creek-Chattahoochee River"}}, {"type": "Feature", "id": 929, "geometry": {"type": "Polygon", "coordinates": [[[-84.30582774698676, 33.95136443282023], [-84.30611652390958, 33.951667648151926], [-84.30675183134312, 33.952028618831136], [-84.30717055765662, 33.95225963818926], [-84.3074593327828, 33.952591732447544], [-84.30758928217348, 33.95295270293265], [-84.30783474233328, 33.953284795976515], [-84.30786303926475, 33.95338585044167], [-84.30793581537915, 33.95364576575713], [-84.30805132435165, 33.954064492033105], [-84.3082101527821, 33.95418000275269], [-84.30834010127447, 33.95413668708953], [-84.30864331592052, 33.95400673698705], [-84.3095674011752, 33.95364576575713], [-84.3101168242777, 33.953270866952906], [-84.31134497218805, 33.95275230073993], [-84.3137254034864, 33.95191697181822], [-84.31424764087346, 33.95181051245844], [-84.31544400099916, 33.95150882149205], [-84.31599267760167, 33.95136443282023], [-84.31643588121003, 33.95136443282023], [-84.31686889343148, 33.95127616222511], [-84.31725826100485, 33.951337346131474], [-84.3174791612248, 33.951316114930485], [-84.31781196727462, 33.95123448295512], [-84.31899736705556, 33.950949987655], [-84.31944050688354, 33.950760194182195], [-84.32021077810369, 33.95076046169773], [-84.3208593662304, 33.95044035531702], [-84.32137050583042, 33.94992546047612], [-84.32221580703805, 33.94937187498215], [-84.32269228963443, 33.949126415084464], [-84.32358749764597, 33.94885207780984], [-84.32407652341865, 33.94885207780984], [-84.32535316957458, 33.948510118315134], [-84.3278557915145, 33.94748444098767], [-84.32903093253489, 33.94732156158254], [-84.3301715980113, 33.94717717474904], [-84.33046834299067, 33.947200600850564], [-84.33072027371549, 33.94722049097383], [-84.33128338893955, 33.947364879224324], [-84.33160104220715, 33.94743707400285], [-84.33197644996103, 33.947393756397865], [-84.33245293345573, 33.94722049097383], [-84.33292941425546, 33.94687395832245], [-84.3336080375537, 33.94652742575058], [-84.33417704392937, 33.94622025591495], [-84.33454584816758, 33.94605401841118], [-84.33480435366197, 33.946017242301814], [-84.33517360436286, 33.945832616305], [-84.3354687665107, 33.94564817024934], [-84.33583807650044, 33.94538972466514], [-84.33620705950338, 33.94513121942407], [-84.33642858045918, 33.94494668242219], [-84.33679789044889, 33.94465143267109], [-84.33713000838921, 33.94439316365963], [-84.33742522982588, 33.944171673022886], [-84.33783134558941, 33.94391319836317], [-84.3382375520828, 33.943617707298706], [-84.33864342979278, 33.94321179982564], [-84.33893868177215, 33.94295350334393], [-84.33945563257376, 33.94265846056329], [-84.33989852536503, 33.9424367604715], [-84.34047346960476, 33.94214928906914], [-84.34061086692746, 33.94216690365303], [-84.34079857080438, 33.94229685320321], [-84.34114510311176, 33.94247011821629], [-84.34140500099481, 33.94252787363916], [-84.34173709378231, 33.94248455800722], [-84.34217025871736, 33.942282414125685], [-84.34281486191749, 33.94173545186781], [-84.3430731886471, 33.94155094551213], [-84.34347927566455, 33.941255694416675], [-84.34381145199536, 33.94092357604728], [-84.34418052393153, 33.940517371039505], [-84.34436506034878, 33.94014826917911], [-84.34458640164151, 33.939779226830126], [-84.34469729686671, 33.93941009493992], [-84.34506657721201, 33.939078037190335], [-84.34553450335531, 33.93883153552704], [-84.34580884165656, 33.93880265842986], [-84.34612649492419, 33.93890372934502], [-84.3465307826161, 33.938975923847025], [-84.34713333657608, 33.93887113112612], [-84.3471949681911, 33.938860413359706], [-84.34768588940904, 33.93849944272883], [-84.34845114533495, 33.93789301330417], [-84.34858109562396, 33.937676430586166], [-84.34860997376539, 33.93745984731723], [-84.34846265455039, 33.93713842765316], [-84.34845114533495, 33.93711331517696], [-84.3484624632092, 33.93675256147176], [-84.34861016330991, 33.93638345968638], [-84.34890532545776, 33.93616190945505], [-84.34920075620188, 33.93605101450294], [-84.3494222771577, 33.93586618131205], [-84.3496442149318, 33.93553457108299], [-84.34990230360786, 33.93520230443965], [-84.35023450958306, 33.934796009529784], [-84.35052979120685, 33.93446386223562], [-84.35075125197554, 33.93424252091458], [-84.35123157666638, 33.93372577734291], [-84.35171109646673, 33.93320897548173], [-84.3520064068366, 33.932839754735916], [-84.35230153934003, 33.932581427532234], [-84.35263398516544, 33.93228605663846], [-84.35366732083003, 33.93165862859506], [-84.35525420555922, 33.93110502045784], [-84.35577139531269, 33.93080961984706], [-84.35687887971744, 33.93032995064717], [-84.35760364228531, 33.929879518138314], [-84.35769108160012, 33.923316538476094], [-84.3576910339894, 33.92003934618584], [-84.35772086703999, 33.91923805680576], [-84.3578941349903, 33.91705779472957], [-84.35790857361187, 33.916191465545495], [-84.35774974607976, 33.914328856564254], [-84.35772785772953, 33.9134243116478], [-84.35783875205641, 33.91290771761567], [-84.35798642341103, 33.912464736738265], [-84.35809713897315, 33.91216939598798], [-84.3582446594108, 33.91187411310941], [-84.35850322509228, 33.911689606919204], [-84.35894596786491, 33.911357251732994], [-84.3593890394209, 33.91102492581688], [-84.35957345636223, 33.910914717562214], [-84.36012721293766, 33.910729913324126], [-84.36049646453688, 33.910619107526536], [-84.36105013217909, 33.91047134760104], [-84.36149293513883, 33.91039767666107], [-84.36200973771841, 33.91032373726934], [-84.36293286357235, 33.910249976739046], [-84.36341280198764, 33.91024988653071], [-84.36459374702308, 33.91027154919209], [-84.36538788109043, 33.91032930483072], [-84.36580660830224, 33.91017047635755], [-84.36593655769293, 33.90992501677505], [-84.36591330031021, 33.909864552364944], [-84.36586436368681, 33.909737312525415], [-84.36564777987181, 33.90963623980289], [-84.36524349307818, 33.909462975088395], [-84.36468037965076, 33.909318586687434], [-84.36431940782352, 33.909000932388146], [-84.36378517163921, 33.90859664697806], [-84.36373573375585, 33.90852990344931], [-84.36349639651303, 33.908206797797696], [-84.36337551831008, 33.90788778395657], [-84.36337569707482, 33.90774008341296], [-84.36341262232457, 33.90759241318081], [-84.36374497742014, 33.907555399034514], [-84.36396620013525, 33.90748172706531], [-84.36426160123499, 33.907296922839315], [-84.36455673373843, 33.907223370680164], [-84.36492598443932, 33.907149312229016], [-84.36518478817437, 33.90703865610571], [-84.36544272683179, 33.907002088304324], [-84.36566448673946, 33.90685403059735], [-84.36588570945459, 33.90678035876753], [-84.3666238227842, 33.90692791037256], [-84.36714098289328, 33.90685403059735], [-84.36728859406075, 33.90678029986882], [-84.36751014376264, 33.90678024022453], [-84.36773166471845, 33.906817254707406], [-84.36787921659713, 33.90681737325036], [-84.36813813890979, 33.90663259964288], [-84.36832201955686, 33.90633725806787], [-84.36846972055588, 33.90618970693161], [-84.36872819550753, 33.90596839279558], [-84.36902353642013, 33.9057835897621], [-84.36909714886606, 33.90574714220342], [-84.36924493879829, 33.905451890756225], [-84.36928195298127, 33.90526681819902], [-84.36935574329365, 33.905008520711064], [-84.3693926981878, 33.90486088004317], [-84.36950356197198, 33.90471323986511], [-84.36979884449407, 33.904602613384796], [-84.37009400664192, 33.90449192711504], [-84.37038919933248, 33.90441807728831], [-84.37072152388531, 33.90441810711129], [-84.37112752107123, 33.90434404771412], [-84.37142304074858, 33.90427046691201], [-84.37171820379474, 33.90427043634345], [-84.37201372347207, 33.90427043634345], [-84.37230894580705, 33.90412273624234], [-84.37249342113884, 33.903975124609055], [-84.372752285061, 33.90382745531067], [-84.37293637411723, 33.90371664948717], [-84.373194909256, 33.90390139437284], [-84.37334240094755, 33.903975065708394], [-84.37349045947606, 33.90382754478015], [-84.37356398119218, 33.90345826305155], [-84.37363780204728, 33.90323677257675], [-84.374154365675, 33.90283086501616], [-84.37478755308446, 33.90283555700109], [-84.37513408539184, 33.90297994519964], [-84.37550949404401, 33.903037700559665], [-84.37560231965728, 33.903011915949676], [-84.37576939282539, 33.90296550542152], [-84.37621699728031, 33.903239844384494], [-84.37651363536018, 33.90349410468494], [-84.37652021192639, 33.9034997420315], [-84.37670791670163, 33.90354305885028], [-84.37692449961831, 33.90341310907351], [-84.37692449961831, 33.90290775150374], [-84.376967815483, 33.90246014594415], [-84.37718135850075, 33.90198179639652], [-84.37743983435072, 33.901760424363914], [-84.37758762428295, 33.901483560513356], [-84.37791276590677, 33.90118158537015], [-84.37844057644185, 33.900944069670246], [-84.3784971199991, 33.90092317484813], [-84.37910476201684, 33.900698610361864], [-84.37955236467515, 33.900698610361864], [-84.37974194603103, 33.90063541645004], [-84.37998552871188, 33.900554222027885], [-84.38040425502538, 33.900222129124785], [-84.3811550750247, 33.89903814541665], [-84.3814727282923, 33.89869161505418], [-84.38167487168911, 33.89830176680633], [-84.38177960806472, 33.89797708340766], [-84.38181926059967, 33.89785416241767], [-84.38209359620596, 33.89769533679827], [-84.38262783239028, 33.89773865209219], [-84.38321982395915, 33.89792635666446], [-84.38359245591879, 33.89805056674425], [-84.38360967213121, 33.89805630660202], [-84.38391288947221, 33.89809962394951], [-84.38401395982314, 33.89791191752176], [-84.38411887316686, 33.89779651389986], [-84.38415834873369, 33.89775309200988], [-84.38476477892412, 33.897493192503866], [-84.38498111660073, 33.89742107991021], [-84.38550115940356, 33.89724773295456], [-84.38586212943417, 33.89710334474207], [-84.38609315097241, 33.89694451623293], [-84.38617978270179, 33.896626863546636], [-84.38617978270179, 33.89629477026055], [-84.38616534497854, 33.89587604326703], [-84.38609315097241, 33.895471756758546], [-84.3861364668371, 33.895009714285436], [-84.38629938080545, 33.89450722318822], [-84.38637302289581, 33.89435982009799], [-84.38659436418857, 33.89406430029787], [-84.38674236252993, 33.89395352503512], [-84.38700065961515, 33.89387985473417], [-84.3874937152302, 33.89388348761999], [-84.387912442442, 33.89389792520782], [-84.38818677984494, 33.89404231362794], [-84.38863915974393, 33.894211958915726], [-84.3886488211248, 33.89421558060242], [-84.38895715257473, 33.894249313657824], [-84.38917864388611, 33.894322776345476], [-84.3894001046548, 33.894359731364204], [-84.3898430576332, 33.89450722318822], [-84.39013810030512, 33.89458101374418], [-84.39039672527541, 33.89458125160978], [-84.39069182723614, 33.89458119195696], [-84.39114673768927, 33.894461042168444], [-84.39156546400277, 33.89424445715454], [-84.39191199451349, 33.89389792520782], [-84.39202750707928, 33.8936524657494], [-84.39207082204564, 33.89330593288863], [-84.39204194390419, 33.892771696536954], [-84.39198418941794, 33.892352972378745], [-84.39205638252577, 33.89167434756715], [-84.39223782155189, 33.891281233186724], [-84.39227939737987, 33.89122235058373], [-84.39250067938383, 33.890963815178424], [-84.39279587117606, 33.89066862364771], [-84.39312819752553, 33.89048405739471], [-84.39371888024903, 33.89011495575571], [-84.39401407204127, 33.8899671655128], [-84.39430956207421, 33.88981967404017], [-84.39456788880383, 33.88974576228949], [-84.39501095946153, 33.88959809370227], [-84.39549157071495, 33.8894179128626], [-84.3956372109787, 33.88932081974725], [-84.39591154927996, 33.88906092213479], [-84.39611369357507, 33.88891653348444], [-84.3963447133167, 33.888873217438274], [-84.39676343873187, 33.88907536053896], [-84.39709553241768, 33.88929194152818], [-84.39749981921129, 33.88956627899492], [-84.39767522155873, 33.88958915793473], [-84.39783191020216, 33.889609595434905], [-84.3980773721586, 33.88949408512801], [-84.3982361978941, 33.889277503906385], [-84.39859716792472, 33.88891653348444], [-84.39887150712428, 33.888656633894456], [-84.39907146761495, 33.8883058942923], [-84.39934798702569, 33.8879780087569], [-84.3998533468652, 33.88758816075149], [-84.40018999231457, 33.8874150294581], [-84.40047423364351, 33.887383512225746], [-84.40076936614695, 33.88730957226379], [-84.40106485617987, 33.887106589020405], [-84.40128643642447, 33.886921992688265], [-84.40161822558142, 33.886774770378366], [-84.40198765594536, 33.88681127750205], [-84.4021723100419, 33.88688524697927], [-84.40220908706964, 33.886922052346435], [-84.40231977298738, 33.886995991898544], [-84.40243051909223, 33.887069633841946], [-84.40272591929362, 33.8870698426452], [-84.40287347027399, 33.887069633841946], [-84.40313176735923, 33.88692211275034], [-84.4033532874167, 33.886774262537365], [-84.40353812207461, 33.886552563920596], [-84.40368567305498, 33.88633137107981], [-84.40375934389142, 33.88603626792078], [-84.40399728784725, 33.88573999144174], [-84.40421387166225, 33.885465654347115], [-84.40432812299336, 33.88537217357532], [-84.40453152492988, 33.88520575468368], [-84.4048491790958, 33.88514799992395], [-84.4052967817541, 33.885234634286064], [-84.4058454574583, 33.885263510150004], [-84.40588932578687, 33.88524340495511], [-84.40619198976567, 33.88510468420143], [-84.40649520441171, 33.8847870306715], [-84.40676954181465, 33.88457044719373], [-84.40704388011589, 33.884151721554964], [-84.40750592229409, 33.88364636319438], [-84.40776582107544, 33.88345865851601], [-84.40795352495238, 33.88319875945035], [-84.40824230007857, 33.88292442238746], [-84.40843000665043, 33.882678962672685], [-84.40818454559232, 33.88223135758231], [-84.4081556692475, 33.88185594904413], [-84.40822786325363, 33.88146610065627], [-84.40833662408171, 33.88123767625502], [-84.40863208447023, 33.881016304071615], [-84.40889035191104, 33.88101618400121], [-84.40929646857289, 33.88101615491584], [-84.40977652466748, 33.88097946856279], [-84.40999798543615, 33.88086863305189], [-84.41014822687079, 33.88078747574466], [-84.41032149122785, 33.88070084432459], [-84.41046588013839, 33.88048426091488], [-84.410483071198, 33.880406900774354], [-84.41052363552296, 33.88022436322993], [-84.41063914539377, 33.88010885289362], [-84.41085320404451, 33.88006128288096], [-84.41089904417515, 33.88005109766679], [-84.41114450343665, 33.879863391045276], [-84.41128889144889, 33.879617931474044], [-84.4113322091102, 33.87934359408478], [-84.41141884173788, 33.87915588963586], [-84.41159210878989, 33.878997063504634], [-84.4117942521867, 33.87852058259144], [-84.41192420157738, 33.87827512288659], [-84.412155221319, 33.87815961065742], [-84.41229960933124, 33.878101855602964], [-84.41229960933124, 33.87795746704988], [-84.41224185484499, 33.87782751781444], [-84.41225629436487, 33.87766869144822], [-84.41242955962025, 33.87732215854142], [-84.41267051113564, 33.877008922578604], [-84.41271833654305, 33.876946750779275], [-84.41299267214936, 33.8766146584371], [-84.41312262154004, 33.87654246330586], [-84.41329588949037, 33.87652802501808], [-84.41344299310971, 33.87658460423784], [-84.41348359336729, 33.876600218669935], [-84.41377237029009, 33.87658577964609], [-84.41411890080083, 33.87639807584345], [-84.41430660467778, 33.87619593179231], [-84.41437879958221, 33.876037103881146], [-84.41437879958221, 33.87579164449114], [-84.41430660467778, 33.875416235962994], [-84.41432104419766, 33.875113021439155], [-84.41437245478136, 33.87489709957111], [-84.41439323820377, 33.87480980434641], [-84.41450874897289, 33.87467985553881], [-84.41475421003102, 33.874564345155726], [-84.41511517916332, 33.874607661008326], [-84.4151452987765, 33.874609095248424], [-84.41541839560601, 33.87462210036678], [-84.41583712102118, 33.874535467162616], [-84.41592375454718, 33.87403010853278], [-84.41605370303955, 33.87372689355943], [-84.41622696919326, 33.873466996177946], [-84.41624140781481, 33.8733226072416], [-84.41618365243025, 33.87313490297459], [-84.41601038717488, 33.87296163569669], [-84.41593819316876, 33.8727739313817], [-84.41596456051897, 33.87270009809533], [-84.41601038717488, 33.8725717876969], [-84.41641467307018, 33.8723552052855], [-84.41674676585767, 33.872254133752946], [-84.41707885864516, 33.87228301028035], [-84.41746870681723, 33.87251403184421], [-84.41784674214328, 33.87268349544236], [-84.41788743313073, 33.87270173747664], [-84.4181473319121, 33.87273061534432], [-84.41813289239221, 33.87252847155694], [-84.4181473319121, 33.872326328036614], [-84.41829172082265, 33.87212418403756], [-84.41860937409027, 33.87184984642589], [-84.41886927287163, 33.87163326442017], [-84.41897034591751, 33.87138780504442], [-84.41904448118298, 33.871327147728046], [-84.41912917165301, 33.87125785475596], [-84.41954789796651, 33.87120010025184], [-84.41996662338168, 33.87125785475596], [-84.42037090927698, 33.871272293935306], [-84.4211072897564, 33.87122897638999], [-84.42174259988491, 33.87121453869507], [-84.42203137501109, 33.87131560996689], [-84.42269556058608, 33.871358927468236], [-84.42312153450729, 33.87134741507076], [-84.42322979677039, 33.87134448904942], [-84.42351857369319, 33.87130117079487], [-84.42372071798832, 33.87117122112045], [-84.42380734881938, 33.87096907736927], [-84.42393729910836, 33.870680301989125], [-84.42426939189588, 33.87049259787831], [-84.42460148468336, 33.87036264921053], [-84.42480035551759, 33.87033032088344], [-84.42509569643019, 33.87025664882942], [-84.42531709880836, 33.87018282902891], [-84.42582878638073, 33.87013162704495], [-84.42667944693733, 33.87007584610806], [-84.42670955307577, 33.87007387177876], [-84.42696945095882, 33.87001611647353], [-84.42712827938925, 33.86984285106924], [-84.42721491022031, 33.869539635392556], [-84.42723702045441, 33.869355403085414], [-84.42725822788162, 33.869178665004625], [-84.42737373865076, 33.86874549956848], [-84.4275614425277, 33.86850004009346], [-84.4277780263427, 33.86828345779313], [-84.4281647627506, 33.86811157473836], [-84.42816787451476, 33.86811019185557], [-84.42857216041004, 33.86780697673751], [-84.42871176758834, 33.86769164800249], [-84.42890425319754, 33.867532640168704], [-84.42919302922205, 33.867417128318195], [-84.42958287829242, 33.86734493361194], [-84.42997272646446, 33.86731605839763], [-84.43063691293777, 33.86743156665539], [-84.43225406011224, 33.86799468078655], [-84.4328893675458, 33.86838452955194], [-84.43335140972398, 33.868601110849994], [-84.43387030807311, 33.868827001738175], [-84.43398671985246, 33.868673305985666], [-84.4341311060681, 33.86809575214134], [-84.43418886324928, 33.867749221390326], [-84.43441938532423, 33.86748807209424], [-84.4348466321582, 33.867274300010806], [-84.43533506234785, 33.86718304521416], [-84.43605146878694, 33.86704171875942], [-84.43641244061419, 33.86699840279679], [-84.43673009388179, 33.86699840279679], [-84.43709106660735, 33.867012840458884], [-84.43762530099502, 33.86686845403113], [-84.43792035804, 33.86688581043043], [-84.43811622131464, 33.86689733014275], [-84.43844831410215, 33.86679625960679], [-84.43867933474209, 33.866666310533425], [-84.43895367304332, 33.866493043551436], [-84.43917025506168, 33.866059878660444], [-84.43944459246464, 33.86555452131871], [-84.43984888015656, 33.86470263054884], [-84.43993551188593, 33.86439941526291], [-84.4399643909257, 33.86406732109515], [-84.43992107416268, 33.86377854623764], [-84.43984888015656, 33.863302064655095], [-84.43986331787981, 33.86299884887091], [-84.43984888015656, 33.8628255833972], [-84.43970449214432, 33.86265231757196], [-84.4396957686046, 33.86264262707587], [-84.43957454275362, 33.86250793048323], [-84.43951678736907, 33.86227690720204], [-84.43951842050625, 33.86226819384802], [-84.43956010323375, 33.86204588702557], [-84.43956010323375, 33.86174267051019], [-84.4394012748033, 33.86119399779979], [-84.43927132631094, 33.860500932573295], [-84.43928576583082, 33.8599089412763], [-84.43945484224203, 33.859581352435264], [-84.43951678736907, 33.85946133761386], [-84.43967068674354, 33.85932795785854], [-84.43973336848913, 33.85927363345337], [-84.43973336848913, 33.85911480538613], [-84.43948790832931, 33.85898485655718], [-84.43927132541262, 33.85862388630161], [-84.43901142663127, 33.85790194568897], [-84.43891035538202, 33.857439904164245], [-84.43886704041564, 33.85687678905164], [-84.4388381622742, 33.85641474645666], [-84.43878040688965, 33.856097093566675], [-84.43865045749895, 33.855793879054374], [-84.43860714253258, 33.85541846837321], [-84.4386215784592, 33.855187447546406], [-84.43873709102495, 33.85481203867568], [-84.43898255028645, 33.85452326161322], [-84.43918796624585, 33.85439307751823], [-84.43967561310455, 33.854306680413714], [-84.44003658403349, 33.854321117983815], [-84.44055637979962, 33.854754283490536], [-84.4408109722326, 33.854866303254376], [-84.44091735072853, 33.85491310996927], [-84.44104730011922, 33.85491310996927], [-84.44122056806954, 33.85482647616037], [-84.44155266085703, 33.854638772256976], [-84.4417259252141, 33.854422190604346], [-84.44174036473397, 33.85417672949074], [-84.44174036473397, 33.854013670247845], [-84.44174036473397, 33.85398902490541], [-84.44175480425385, 33.85378688150363], [-84.4418558755031, 33.85362805516867], [-84.44220160741155, 33.853660208537725], [-84.44244786707196, 33.853498106197286], [-84.44272220447489, 33.85345478858618], [-84.44302541912096, 33.85352698310047], [-84.44325746743355, 33.85348985522545], [-84.44338639004988, 33.85346922779234], [-84.44360297386488, 33.853353717805014], [-84.44371848283737, 33.8530793803062], [-84.4437040442158, 33.85270397037623], [-84.44355965620356, 33.852314122381514], [-84.44341526819132, 33.85208310061848], [-84.44332863466532, 33.85190983612432], [-84.4433430741852, 33.85175100779114], [-84.4434529776703, 33.85164974326287], [-84.44374736008051, 33.851390038294994], [-84.44380511636338, 33.85117345586508], [-84.44378232790125, 33.850934171591945], [-84.44377623822193, 33.85087024103283], [-84.44388004573953, 33.85076920374955], [-84.44436841664037, 33.85052485419014], [-84.44481866932878, 33.85037235572399], [-84.44518494031789, 33.85018910116168], [-84.44570359073201, 33.84994555642312], [-84.44603958130952, 33.84976152728956], [-84.44643622074511, 33.84942604282484], [-84.44680225368069, 33.84903396333164], [-84.44704660262448, 33.84888077881358], [-84.44735163007078, 33.84869817982347], [-84.44789130285919, 33.84850227292281], [-84.448093446256, 33.84831456855127], [-84.44829558785617, 33.84805466916544], [-84.44835334593567, 33.84783808947031], [-84.44835334593567, 33.847607066047274], [-84.44826671240968, 33.84731828924722], [-84.448093446256, 33.84702951370932], [-84.44774097967785, 33.846819851283925], [-84.4480286004689, 33.846676041751714], [-84.44846002806219, 33.84645005421535], [-84.44862438292826, 33.84626515582691], [-84.44862438292826, 33.846092416712864], [-84.44862438292826, 33.84593644849945], [-84.44862438292826, 33.84590709302785], [-84.44862438292826, 33.84568991698741], [-84.44854220594439, 33.84548447413908], [-84.4481724099661, 33.845402298353584], [-84.44793201271123, 33.845211656523944], [-84.44778206772064, 33.84472433727374], [-84.44735063743238, 33.84400528746273], [-84.44712465184963, 33.84361494763165], [-84.44679594391411, 33.84328623906174], [-84.4465083240214, 33.84299861979771], [-84.44626711648614, 33.842596607633084], [-84.44626179396808, 33.84258773409502], [-84.44644669060976, 33.84244392490067], [-84.44673960607109, 33.84236581550958], [-84.44675485587135, 33.842361746190996], [-84.44700138682296, 33.84215630503982], [-84.44706302023461, 33.84186868570313], [-84.44696029788187, 33.841745420509696], [-84.44661104457752, 33.84158106614451], [-84.44626825465161, 33.84138477881558], [-84.44572764222542, 33.840779840242774], [-84.44549088314744, 33.8405726762004], [-84.44539893428991, 33.84049222074994], [-84.44525512479272, 33.84030732215323], [-84.44517294870715, 33.840019703308485], [-84.44523370536307, 33.839726032305514], [-84.44529621283549, 33.83942391844299], [-84.44566600881377, 33.83891031377028], [-84.44617961698422, 33.83854051679311], [-84.44652886849195, 33.838273441778554], [-84.44661104457752, 33.8379241874292], [-84.44656995653473, 33.837677656677606], [-84.44661104457752, 33.83739003942893], [-84.44679594301581, 33.837143507136545], [-84.44691920983908, 33.83685588809028], [-84.44691920983908, 33.83654772236665], [-84.44685757642745, 33.836219015712686], [-84.44683703195692, 33.83584921902943], [-84.44696029788187, 33.835561599358535], [-84.44741227084404, 33.835130169156734], [-84.44774097877954, 33.83471928442364], [-84.44796696615893, 33.83414404546377], [-84.448131321025, 33.83348662807391], [-84.4481910419234, 33.832737960292846], [-84.4482518084608, 33.83261538261308], [-84.44828235477372, 33.83227945175625], [-84.44809942903578, 33.83179108048], [-84.44800787543699, 33.83127603675986], [-84.44803833371499, 33.830818094222934], [-84.4481911299583, 33.830391861387135], [-84.44842740304769, 33.83008683410791], [-84.4485801696466, 33.82984597221435], [-84.4487937333256, 33.82975477667718], [-84.44919049133884, 33.829785204800636], [-84.44970911121025, 33.829845852818224], [-84.45031949308961, 33.82999504334069], [-84.45092996390218, 33.830238498682725], [-84.45111324806791, 33.830239332959145], [-84.45126574786718, 33.8299953112352], [-84.45139532984692, 33.82981974760284], [-84.45149406547641, 33.8296940823289], [-84.45177232402557, 33.82958636962294], [-84.45196979797953, 33.82950558444473], [-84.45237372005714, 33.82929913632062], [-84.45254426521383, 33.82909268620548], [-84.45258016997741, 33.82894906921874], [-84.45260919903583, 33.82873484472521], [-84.45290074546466, 33.82858907125981], [-84.45337588418138, 33.828498569128875], [-84.45378314619519, 33.828181810170015], [-84.4540094030692, 33.82791030145027], [-84.45439404011427, 33.82745778848384], [-84.4547966865842, 33.82714491586616], [-84.45477867626106, 33.82666588969372], [-84.45468817458945, 33.82643963432123], [-84.45471079955819, 33.826236003377055], [-84.45480130212812, 33.82591924275199], [-84.45477097680075, 33.82564632088917], [-84.4547560512923, 33.825511980885004], [-84.45464292105869, 33.82514997069816], [-84.4544845417859, 33.82487846429105], [-84.45398677810044, 33.82456170386078], [-84.45337887826622, 33.824342583267004], [-84.45307087559968, 33.824231560807554], [-84.45262923685655, 33.82424494449589], [-84.45199571886707, 33.824290195585704], [-84.45149795518161, 33.824425950950406], [-84.45115856987064, 33.82440332544437], [-84.45084181042672, 33.82424494449589], [-84.4507435733622, 33.824131593530105], [-84.45054767684987, 33.82390555906614], [-84.45023091650764, 33.82383768286337], [-84.44984628125918, 33.82372455524146], [-84.44971052695513, 33.82345304654716], [-84.44967916048036, 33.82320514866068], [-84.44980069445346, 33.82274747484187], [-84.44998397861919, 33.822228079491005], [-84.44967874366206, 33.822109883901945], [-84.44925146718369, 33.821835792376156], [-84.44915988394048, 33.821286177524044], [-84.44900717752871, 33.82085890085344], [-84.4486409065396, 33.82034054931246], [-84.44828232512933, 33.82000825327275], [-84.44810410566515, 33.81971981384237], [-84.44778734442461, 33.819131544726346], [-84.44744796001196, 33.81822651975922], [-84.44717645320048, 33.81757037486776], [-84.4472217040363, 33.81711786091898], [-84.44611560573202, 33.81650266529312], [-84.44547491469496, 33.8162011843551], [-84.44507785844105, 33.81617096485225], [-84.4443837931031, 33.81629306531086], [-84.44395663520235, 33.81635344525842], [-84.44340728935495, 33.81632331537062], [-84.44304086924552, 33.816231135909575], [-84.44288840088728, 33.81601778188643], [-84.44280970038356, 33.81582819926355], [-84.44287757618811, 33.81542093785143], [-84.44288466659066, 33.81538194619997], [-84.44296807875803, 33.81492317292862], [-84.4429907046251, 33.814402783674616], [-84.44296807875803, 33.813950268641605], [-84.44301332869554, 33.8136108856473], [-84.44340696057156, 33.81333601827531], [-84.44359030492443, 33.81300121930401], [-84.44371472608285, 33.812615355723466], [-84.44364684937997, 33.81216284243087], [-84.44369210021578, 33.811778205854885], [-84.44377318305165, 33.8115465430909], [-84.44389521289479, 33.81147846899012], [-84.44452877849501, 33.81132677562035], [-84.44510834636351, 33.81108260438808], [-84.4456605335821, 33.81071479933444], [-84.4460904205647, 33.81044329263042], [-84.44638455414155, 33.81030753746247], [-84.44649768257855, 33.810103907665486], [-84.44658818425016, 33.80953826455836], [-84.44656555928141, 33.808972623682806], [-84.44636192917281, 33.80824860283159], [-84.44620354810337, 33.807411453525816], [-84.44622617397044, 33.80684581277182], [-84.44611304553345, 33.80632542140877], [-84.44574933384459, 33.80560091387323], [-84.44544383118951, 33.805020483088015], [-84.44511751726424, 33.80419860889248], [-84.44486863452317, 33.80351983958177], [-84.4447555069845, 33.80306732670271], [-84.44466500261795, 33.802908947301574], [-84.44406338649914, 33.80264759235796], [-84.44366636078796, 33.80243483298215], [-84.44308667524017, 33.80203789641167], [-84.44272034496225, 33.80151835216897], [-84.44238474066032, 33.801061362536196], [-84.44235398503993, 33.80042395109433], [-84.44258344261127, 33.799628227067444], [-84.44267394428287, 33.79899470688066], [-84.44267394428287, 33.79851956982196], [-84.44253819087714, 33.79818018384721], [-84.44235718573728, 33.79799917784187], [-84.44227622686893, 33.79799468090467], [-84.44194992462175, 33.797976552064334], [-84.44129377896856, 33.79775029619911], [-84.44064565527086, 33.79758930314173], [-84.44010340162265, 33.797345280828765], [-84.43973662488203, 33.797165871337455], [-84.43918959309482, 33.79698102387411], [-84.43885020778384, 33.79659638773179], [-84.43848819750414, 33.79603074715846], [-84.43828456559889, 33.79555560633761], [-84.43827213740694, 33.794881016238975], [-84.4383042791278, 33.79464042025615], [-84.43821668889603, 33.793881308006846], [-84.43787730268676, 33.793202537498246], [-84.43733428816549, 33.79243326760365], [-84.43676864777716, 33.791573489911144], [-84.43613512709271, 33.79064583912095], [-84.43602200045235, 33.790306453285], [-84.43611250212396, 33.78955980628029], [-84.43631613402918, 33.7887000310884], [-84.43642926156788, 33.788270145107745], [-84.43602200045235, 33.78804388822581], [-84.43383966653877, 33.78723716522138], [-84.43335108722879, 33.78693124491863], [-84.43298478659527, 33.786504743371815], [-84.43253483124924, 33.78586390485844], [-84.4322435138908, 33.785645569136776], [-84.43179100014285, 33.785645569136776], [-84.43115748305166, 33.785577690203844], [-84.43022982968867, 33.78541930979959], [-84.42989981470443, 33.78538144007664], [-84.42945237643782, 33.785470304959], [-84.42900239054909, 33.78565391774311], [-84.42866654819359, 33.78586366669004], [-84.4283919790253, 33.78604715917352], [-84.42808656440513, 33.78629112036555], [-84.42784227475013, 33.78656512418089], [-84.4275981647582, 33.78668770066104], [-84.42733885437333, 33.78683972216027], [-84.42678947798322, 33.78690120396857], [-84.42611836010919, 33.78683960345074], [-84.42521028283288, 33.786778687522094], [-84.42447780104179, 33.78671842706654], [-84.42356221295138, 33.78665766037216], [-84.42267723315764, 33.78644317317963], [-84.42197517910185, 33.78626066333149], [-84.42118944068915, 33.7859246123874], [-84.42027397297299, 33.78565320174301], [-84.41954149118189, 33.785471259130055], [-84.41862614294169, 33.78522673116147], [-84.4177101676774, 33.78504383421323], [-84.41698534582073, 33.78479891902232], [-84.41643602871943, 33.78458550380084], [-84.41594786712604, 33.78437182150339], [-84.41533742505956, 33.784036694935345], [-84.41478807921219, 33.78367385072034], [-84.4142999760093, 33.78333785980839], [-84.41393316962427, 33.78300270306203], [-84.41369671777014, 33.782880274367436], [-84.41325462986937, 33.7827888712212], [-84.41273553299253, 33.782544581984006], [-84.41215578815596, 33.782117454556264], [-84.41148434149852, 33.781602261825185], [-84.41105712520728, 33.78096115367023], [-84.41056881449354, 33.78029030357684], [-84.41011149745376, 33.7795925713162], [-84.40984408067177, 33.779043016640294], [-84.40960005871474, 33.77882900616587], [-84.40929476357049, 33.77840184900849], [-84.40886754817755, 33.77791750162646], [-84.40819583292387, 33.77718546749674], [-84.40764666584121, 33.77687975470786], [-84.40740243547503, 33.77678885813298], [-84.40700585622655, 33.776483175289734], [-84.40663964452625, 33.77587738415296], [-84.40642560474014, 33.77517532987391], [-84.40615136255863, 33.7746862443151], [-84.40567074052542, 33.77419891596193], [-84.40521279825819, 33.773897108281425], [-84.40466345151249, 33.77371447910495], [-84.40414474270787, 33.77350046875899], [-84.40353412277497, 33.77316495392303], [-84.4031376028153, 33.77304294351834], [-84.40255782743598, 33.773042884527385], [-84.4021992163813, 33.77304240737261], [-84.40161932332268, 33.77273690306904], [-84.40125302179085, 33.7723717065859], [-84.40113098116794, 33.771795388266874], [-84.40095222181628, 33.77134615165014], [-84.40029607616309, 33.77078050930726], [-84.39947210545188, 33.76991200054786], [-84.39945892716666, 33.76989810878679], [-84.39893853761414, 33.769241963763484], [-84.39857652733443, 33.76842744072355], [-84.39831525682563, 33.76743903370222], [-84.39810138861772, 33.766866269711905], [-84.39760362313565, 33.76548610504649], [-84.39737736626167, 33.764920464346794], [-84.39726423872298, 33.76397018583991], [-84.39718652277281, 33.76283844829372], [-84.39697263210702, 33.76226263642284], [-84.39657611124903, 33.76171311173245], [-84.39611819862623, 33.76122527793049], [-84.39544681215592, 33.760679149888226], [-84.39483628205453, 33.760129833121056], [-84.3944168137326, 33.75948905346064], [-84.39417261390915, 33.75887867230889], [-84.3937757660644, 33.75857742980432], [-84.39344028034007, 33.75827222420302], [-84.39321145787764, 33.75799756601567], [-84.39308926813437, 33.757661812727875], [-84.39281458128681, 33.75723432822458], [-84.39237709545523, 33.75661684701116], [-84.39142681622518, 33.75571182055348], [-84.39086117493856, 33.755191429113566], [-84.39072541973619, 33.75485204471012], [-84.39072541973619, 33.75449003514083], [-84.39056393858071, 33.754079633291745], [-84.39047226640427, 33.75351994547656], [-84.38992286036978, 33.75285144910619], [-84.38928202021239, 33.75251644123643], [-84.38851899210837, 33.75190588047775], [-84.3878781815954, 33.75147887293079], [-84.38717633774537, 33.75099404920734], [-84.38651254922574, 33.7506277188695], [-84.38561979091998, 33.75014665033175], [-84.38503992750577, 33.74972044667758], [-84.38464319823863, 33.74953632814707], [-84.38406312551696, 33.74935751315329], [-84.38346049250522, 33.74908261726592], [-84.38291117630226, 33.74896129187037], [-84.38223981947634, 33.74886908320014], [-84.38150742751678, 33.748808822969266], [-84.38062205965085, 33.748808822969266], [-84.3799202140042, 33.74877717245682], [-84.37928742185345, 33.748839191734746], [-84.37846288071205, 33.74893029796673], [-84.3780053256187, 33.748960725696726], [-84.37766951290763, 33.74899118329321], [-84.3773644549186, 33.749143354592235], [-84.3770285829187, 33.74929612092279], [-84.37669283039475, 33.74951001244975], [-84.3763879529671, 33.7496288348699], [-84.37599125424268, 33.74972011877782], [-84.37554085153565, 33.7497503983366], [-84.37523585373374, 33.74975027957568], [-84.37505251027922, 33.7499027774267], [-84.37493038072307, 33.7499944494424], [-84.37374800197642, 33.75067358475217], [-84.37319108602614, 33.750982069465664], [-84.37269514592073, 33.752035431844014], [-84.37226032988218, 33.75259222913992], [-84.37158107596662, 33.7530877826832], [-84.37058928379066, 33.75333567825707], [-84.37015425844466, 33.753645621778944], [-84.36935332053733, 33.75432404178311], [-84.36904054602002, 33.754881465039155], [-84.36879631565385, 33.755498463574554], [-84.36849087138924, 33.755808585995524], [-84.3667513691815, 33.75469365156758], [-84.36619472092917, 33.75444957051776], [-84.36545437169282, 33.75451108154718], [-84.36483647989768, 33.754384690251996], [-84.36427950376029, 33.75432401340153], [-84.3636006370186, 33.754201525799914], [-84.36292147113794, 33.7542625306195], [-84.36236455518765, 33.75426327601044], [-84.36149459612378, 33.7540148737417], [-84.3611285335438, 33.75414069869578], [-84.36069362767374, 33.75414010268091], [-84.36031966800412, 33.754511469926115], [-84.35964047337737, 33.75506808757627], [-84.35883947618125, 33.755250716907476], [-84.35790872003726, 33.75512915302317], [-84.3578389227363, 33.75511356644186], [-84.35770487163805, 33.75495695508813], [-84.35718762259577, 33.75477229959184], [-84.35674401384722, 33.75469836065197], [-84.35637455473714, 33.75469839052721], [-84.35596799251093, 33.754735255068375], [-84.35563560687265, 33.75506773056869], [-84.35541381732057, 33.75536328002756], [-84.35522919197012, 33.755658591708944], [-84.35526608667715, 33.756102258259936], [-84.35552489131052, 33.75650885112383], [-84.35545077221474, 33.756841059091066], [-84.35515540165774, 33.756878073577], [-84.35509809183756, 33.75687810270461], [-84.35506280511488, 33.75698604659337], [-84.35456698448539, 33.757169956436954], [-84.3541168198319, 33.75746172179346], [-84.35389908437669, 33.75772791610185], [-84.35356634120893, 33.75806036132485], [-84.35341884951738, 33.75824501646058], [-84.35312315107532, 33.75824519570455], [-84.35297902716775, 33.7581731634823], [-84.35289596713997, 33.75822287384788], [-84.3525910007791, 33.758470172779106], [-84.35259073218283, 33.758778984192055], [-84.35259111935672, 33.758967007538786], [-84.35252200836865, 33.75927507405502], [-84.35221695127795, 33.75939663728823], [-84.35190360992368, 33.759397114519], [-84.35153808363796, 33.75933613949256], [-84.35092010201129, 33.75908880945172], [-84.35036348430168, 33.7592752226764], [-84.34961517778854, 33.7597058972001], [-84.34887518608167, 33.76020249327928], [-84.34763931265987, 33.76051151428534], [-84.34740628877685, 33.76053645766649], [-84.34719853719771, 33.76058530332647], [-84.3466930003901, 33.76071139720409], [-84.34621321289183, 33.760838147357525], [-84.34542988735396, 33.76098981144654], [-84.34487416346806, 33.760989751700436], [-84.3444443842833, 33.76088845363923], [-84.34424244300743, 33.7607371172285], [-84.34366132824003, 33.76050963600718], [-84.34318133143427, 33.7603328790159], [-84.34270139481562, 33.76013069944802], [-84.34190811684273, 33.75997906520599], [-84.34113876909069, 33.76038905568878], [-84.34065054731019, 33.76075961841607], [-84.33959721424907, 33.762242880175755], [-84.33897929280953, 33.76286062332056], [-84.33884795282678, 33.762877819361705], [-84.3385690043715, 33.762995299163514], [-84.33793713568885, 33.76307102776715], [-84.33733110524871, 33.76314687429941], [-84.33674980991994, 33.76322254227781], [-84.33611826912238, 33.76327338486051], [-84.33528445916387, 33.763247874702955], [-84.33467816012747, 33.763146784682526], [-84.33440198207653, 33.763048198590766], [-84.33334885652624, 33.762677488180586], [-84.33235679755064, 33.76236906421984], [-84.33192207134361, 33.762368943982786], [-84.3313039100539, 33.762120660793606], [-84.33086918384687, 33.76205652642906], [-84.33051191307861, 33.76193847925261], [-84.33023955107097, 33.761992869232834], [-84.32988213118236, 33.76209506067497], [-84.32942257823584, 33.76214611154137], [-84.32911635962346, 33.761992898358706], [-84.32896329478389, 33.76173767089861], [-84.32860581560645, 33.76138040136421], [-84.32824866431413, 33.761074122099416], [-84.32804022732043, 33.76081370966653], [-84.32720486866636, 33.760781761867165], [-84.32702334250365, 33.760691162629094], [-84.32651276794392, 33.76058912037271], [-84.3260020164161, 33.76058891051359], [-84.3255425533011, 33.76058897100676], [-84.32513372552371, 33.76089527814413], [-84.32472599997918, 33.76120167679303], [-84.3245214958098, 33.76099741189564], [-84.32426638864217, 33.760793236130745], [-84.32390885017594, 33.76064002202342], [-84.32350073655921, 33.76064008176977], [-84.32299007396459, 33.76058894113363], [-84.32268361640037, 33.76038476514259], [-84.32243777625318, 33.76018821905937], [-84.32196511149678, 33.7601408929793], [-84.32091225544106, 33.76075923155911], [-84.31998137892283, 33.76156362590689], [-84.31948561758215, 33.762121108136554], [-84.3186845898433, 33.762243209521266], [-84.31843285045966, 33.762612877019876], [-84.3183107200052, 33.763478783210644], [-84.31800551469247, 33.76428425132117], [-84.31775359564577, 33.764719008041475], [-84.31747911630903, 33.764829484885304], [-84.31639553337902, 33.76527562587572], [-84.31589977203835, 33.76514941325223], [-84.31540389032341, 33.76508802038139], [-84.31502978153347, 33.765150098805314], [-84.31466348089992, 33.76539781536808], [-84.31410659549239, 33.765584883991885], [-84.31335891420667, 33.76558485486724], [-84.31299326844501, 33.76514974034617], [-84.312741231719, 33.76465734676323], [-84.3126286377796, 33.76461934837417], [-84.31251673015308, 33.76445173989436], [-84.31199959968842, 33.76419326520987], [-84.3115931560398, 33.76408245970108], [-84.31107602557515, 33.764045385594926], [-84.3105952544216, 33.76422995166394], [-84.31017197185298, 33.76442050813506], [-84.30897186126096, 33.764470933295065], [-84.30849588800936, 33.76447078393588], [-84.30835385088822, 33.76447078393588], [-84.30785790988446, 33.764718202997955], [-84.30754486587257, 33.765458671823794], [-84.30717898385397, 33.76595464162666], [-84.30668271496515, 33.766388891771506], [-84.30653379315568, 33.76641005100716], [-84.30608783082108, 33.766409902398145], [-84.30545965780752, 33.766409932269305], [-84.30490536314122, 33.76640984265589], [-84.30438802516572, 33.76644688736155], [-84.30383411946997, 33.766631691707964], [-84.30358285619343, 33.76670327622375], [-84.3031368336717, 33.76663717529101], [-84.30279956119828, 33.76648411053122], [-84.30235595334806, 33.76640996288726], [-84.30187580742195, 33.76640999201164], [-84.30146942306214, 33.76648375207766], [-84.30106300905794, 33.766557781666975], [-84.30054569982855, 33.7667794219857], [-84.30010215216541, 33.766890167252576], [-84.29973287182013, 33.76714858302255], [-84.29940006846522, 33.76751825176578], [-84.29910466826381, 33.76792454628577], [-84.29880944592885, 33.768441885326375], [-84.29866836192022, 33.768705248922046], [-84.29789370961643, 33.768925964428654], [-84.29709274296302, 33.76892590543485], [-84.29467934888365, 33.769356816724425], [-84.29429790984096, 33.76939493473352], [-84.29403716843986, 33.7694350480485], [-84.29363456958065, 33.76949694708995], [-84.2928174485235, 33.76949706657029], [-84.29220498075604, 33.769497096440375], [-84.29164350585569, 33.769905358967605], [-84.29113296183868, 33.770313829384925], [-84.29077551320398, 33.77092638574555], [-84.29031584167984, 33.771743358208454], [-84.2900097120007, 33.77276438548557], [-84.29000959252475, 33.77344691867244], [-84.28966898281006, 33.77436959824759], [-84.28944761097458, 33.7746741484114], [-84.2894240670293, 33.774815173594256], [-84.28927627709707, 33.775036843329815], [-84.28901780124711, 33.774962783730906], [-84.28883287765598, 33.774667174168975], [-84.28882527790869, 33.774581225171715], [-84.28843278060485, 33.77418235017664], [-84.2876852493378, 33.77412128561019], [-84.28670090868714, 33.77430811640369], [-84.28620484820746, 33.77442976957309], [-84.28551823259814, 33.77430847482451], [-84.2844120893781, 33.77436974758952], [-84.2841526002285, 33.77454808478517], [-84.28388318738995, 33.77460205681991], [-84.28327060014657, 33.774755241485444], [-84.28289717766948, 33.774817319626216], [-84.28236729202608, 33.77455213791593], [-84.28156602623369, 33.774243386324514], [-84.28087944026879, 33.77473923733084], [-84.28013941801919, 33.77492654466772], [-84.27946034286836, 33.77504855612334], [-84.27890336673096, 33.775048049111575], [-84.27834630255866, 33.77498668648054], [-84.27785036155491, 33.77498689481102], [-84.27673617122656, 33.774987610153566], [-84.274163752884, 33.77529132480154], [-84.27326419972142, 33.775265486686045], [-84.27280425960102, 33.775265635279695], [-84.2722940443674, 33.775265576290266], [-84.27214080076307, 33.7753677982002], [-84.27191448190536, 33.77554473475051], [-84.27160167594701, 33.7757917066742], [-84.27135768453269, 33.77610111500338], [-84.27092254060906, 33.776223572055486], [-84.2705489384689, 33.77604046696704], [-84.27011379544359, 33.77585318894678], [-84.26937383338114, 33.77573052228989], [-84.26832094588438, 33.77585268268649], [-84.26770281693402, 33.77597549850754], [-84.2674543240618, 33.77614128790095], [-84.26723974798148, 33.77623552362857], [-84.26703557169716, 33.77679696940906], [-84.26642298535211, 33.777869018278125], [-84.26621883961053, 33.778277608276014], [-84.26621869049019, 33.77868584090909], [-84.26652514805441, 33.77909428141037], [-84.26662728021401, 33.77940058960152], [-84.26657601964895, 33.77960470684521], [-84.266218749779, 33.77960479644489], [-84.26581048704193, 33.77960497415091], [-84.2654018973181, 33.77970698779021], [-84.26529583053757, 33.77986607315392], [-84.26523077274805, 33.77987409005922], [-84.26491823628429, 33.78012130037843], [-84.2643000758929, 33.78043070800215], [-84.26397239922333, 33.780549111991206], [-84.26366597220182, 33.78070235546084], [-84.26305341460284, 33.780702265862296], [-84.26259389309735, 33.78090653157446], [-84.26233857572392, 33.78090659130667], [-84.26223668251619, 33.78111073706738], [-84.26233857572392, 33.78136605391408], [-84.26269611508847, 33.781519148832544], [-84.2629802504162, 33.781591984982526], [-84.26318636256995, 33.78173137034296], [-84.26330831425966, 33.78241098290941], [-84.26356005454161, 33.78271913985809], [-84.26380431365389, 33.783088956448864], [-84.26374298027955, 33.78371134788434], [-84.26343804176646, 33.78432876303616], [-84.26318657097909, 33.785008375149836], [-84.26300322752455, 33.7856909690601], [-84.26312511902714, 33.7865574110228], [-84.26343780550954, 33.7872353845867], [-84.26392641446394, 33.788907116232494], [-84.2642389221816, 33.78946334622547], [-84.26464140246318, 33.789730762559074], [-84.26499363637767, 33.79047841370147], [-84.26529961693647, 33.791397457710445], [-84.2654528605408, 33.79201007457549], [-84.265666065792, 33.7927596334039], [-84.2655971928575, 33.7929887236622], [-84.26510876266785, 33.79323584461171], [-84.2644831821922, 33.793423390704874], [-84.26423913059075, 33.793671077024484], [-84.26386532004148, 33.7939801878414], [-84.26336937993604, 33.79435033279881], [-84.26306387548432, 33.79472050676355], [-84.26250713829877, 33.794906563262046], [-84.2616371783366, 33.79496807585769], [-84.26095840142645, 33.79521653708307], [-84.26059215918343, 33.79540238496912], [-84.2602793541234, 33.79571212034682], [-84.25984453898316, 33.79657775842962], [-84.25960021968378, 33.7970088792325], [-84.25898205929238, 33.7973216545557], [-84.25687655469179, 33.79763076488118], [-84.25650271359977, 33.79793990469693], [-84.25588449481786, 33.798805214933424], [-84.25464886034794, 33.80016709135698], [-84.25365671064249, 33.80090756055915], [-84.25303858079383, 33.80134231653129], [-84.25242051113224, 33.8021473375484], [-84.25192477853766, 33.8025174225556], [-84.25136780240025, 33.80263859971824], [-84.25087180210771, 33.802764960887515], [-84.2505055014742, 33.80288703046684], [-84.24994858642222, 33.80319617070536], [-84.24829306591376, 33.80345178522054], [-84.24749948970017, 33.803772339674154], [-84.24680536327678, 33.80387891221634], [-84.24637805805233, 33.80408869041139], [-84.24585142161533, 33.804409721698526], [-84.24521073057828, 33.80478311486702], [-84.24451636610132, 33.804993222265985], [-84.24388318587836, 33.80515308173454], [-84.24265476308351, 33.805526683647756], [-84.2414339409343, 33.80574045571454], [-84.24079298130098, 33.80584294504512], [-84.24005284047378, 33.80595077051081], [-84.23935853618394, 33.805897007081896], [-84.23893149865744, 33.80568722884125], [-84.2384583263529, 33.80568657347003], [-84.23845823652137, 33.806057164928205], [-84.23867209844106, 33.806537906129385], [-84.23903816102103, 33.806907842270725], [-84.2394119419259, 33.80733538717981], [-84.23973237727596, 33.807704667503245], [-84.24005298959412, 33.80818609510652], [-84.24015980107802, 33.80871562166212], [-84.23962577420119, 33.80988694295235], [-84.23941203175742, 33.80999336680967], [-84.2391980207174, 33.81063027257184], [-84.23935850653953, 33.81100521646362], [-84.23930530920671, 33.81137473546565], [-84.23919834950081, 33.811695318455904], [-84.23824461445184, 33.81190846457017], [-84.23776369417799, 33.81217233414417], [-84.23659666494461, 33.81318325939592], [-84.23632972516803, 33.81366373291513], [-84.23606254823623, 33.8139822301964], [-84.2357911375445, 33.81434450783426], [-84.23579116808722, 33.81495715375804], [-84.23579080965942, 33.815467548237656], [-84.23568876733134, 33.815978270303404], [-84.2354987475976, 33.81635866742297], [-84.23542212489716, 33.81642959762556], [-84.23500197205898, 33.81653667684145], [-84.23430766776914, 33.81701285799564], [-84.23398735189504, 33.8175463213056], [-84.2337201444205, 33.818237108646656], [-84.23324730089934, 33.8187669939149], [-84.23308702348635, 33.819194360146746], [-84.23292689519369, 33.81961835687026], [-84.23217930463782, 33.81940500234054], [-84.2316985038399, 33.81924791445977], [-84.23149236114344, 33.819355560333676], [-84.23111863952735, 33.81977845619195], [-84.23074476879096, 33.81993861342626], [-84.22973003004937, 33.81988461101186], [-84.22925706615398, 33.81983186087664], [-84.22888298790673, 33.81977821737165], [-84.22850908842423, 33.8198318914755], [-84.22813536590984, 33.819778277076736], [-84.22771563078828, 33.81967164373726], [-84.22670080131685, 33.81951124792822], [-84.22632702041199, 33.819088472398754], [-84.22601424499636, 33.81876827535033], [-84.22585405741488, 33.81850062135996], [-84.22542660307008, 33.81818432838849], [-84.22494598103688, 33.818024141001196], [-84.2244122802485, 33.81781048918659], [-84.22399251458421, 33.81764976523271], [-84.22361861510171, 33.817440701690145], [-84.22308455588552, 33.817227019311034], [-84.2224510783202, 33.8172264826956], [-84.22186370409192, 33.81786329878228], [-84.22159634749704, 33.818023814109196], [-84.22077618384601, 33.81819771451586], [-84.22013216724578, 33.81810571246201], [-84.21769125148103, 33.817582658757864], [-84.2173394721141, 33.817596180811954], [-84.21649237068264, 33.81759698535843], [-84.2152639182434, 33.817546559385846], [-84.21260882704694, 33.817864312298724], [-84.210960878438, 33.818768217137205], [-84.2105971119519, 33.819130255833215], [-84.21011118446863, 33.8193734129853], [-84.20949844900322, 33.81988380797955], [-84.20919187196307, 33.8201900859044], [-84.20909003804414, 33.820598616464444], [-84.20903871819029, 33.821058048877546], [-84.20883454280428, 33.821364297969225], [-84.20847736186754, 33.821466519318875], [-84.20812009199759, 33.821517184034654], [-84.20733694522445, 33.82131023600479], [-84.20723737595837, 33.821320370013645], [-84.20693994825938, 33.82135628121794], [-84.20646001164074, 33.82126654683759], [-84.20584718724213, 33.821419580844996], [-84.20528574108785, 33.82157270488062], [-84.20503054319038, 33.821777089494724], [-84.20467330116819, 33.82218529306037], [-84.20421363144067, 33.82238961650713], [-84.20370308742366, 33.82238955755017], [-84.20339692899843, 33.82249175006161], [-84.20314167181212, 33.8227979984967], [-84.20298836802068, 33.82341061521323], [-84.202988368919, 33.82376818419683], [-84.20273290242524, 33.82422758689503], [-84.20237581132001, 33.824584827087996], [-84.20196713176466, 33.82489107548977], [-84.20104847502925, 33.82514633339456], [-84.20038480778219, 33.82524840619403], [-84.19979811896843, 33.825474128901284], [-84.19909659941025, 33.82563014341376], [-84.19708556972978, 33.82570804720596], [-84.19696403575665, 33.82570789795359], [-84.19696388663633, 33.8260142065113], [-84.1969640662994, 33.826678112577156], [-84.19702885639093, 33.826807633691644], [-84.19702897496855, 33.8273319764586], [-84.19712928983634, 33.82761602244094], [-84.19711713024064, 33.827775404574254], [-84.19727022562294, 33.82838805204545], [-84.19757653406683, 33.82915414959934], [-84.19793389376834, 33.82991968211207], [-84.19813696602313, 33.83037625417624], [-84.19834245384774, 33.830838427891614], [-84.19875095374005, 33.831655221146974], [-84.19910819486394, 33.83201255119111], [-84.1995279605282, 33.83225743648528], [-84.19973449129685, 33.83259566274481], [-84.19974924343046, 33.83266951428845], [-84.19974921288774, 33.832889246318466], [-84.1996026446643, 33.83318253115142], [-84.19952359830918, 33.83362347469395], [-84.19973827050926, 33.83414482149937], [-84.20004249845496, 33.83479522418952], [-84.20011628786904, 33.83501534473851], [-84.2001495470941, 33.83518354858347], [-84.20027158771703, 33.83546798260649], [-84.20032487488136, 33.835945206699805], [-84.20037833991213, 33.83668883439339], [-84.20048494388521, 33.837383138943025], [-84.20051900710247, 33.83778862959127], [-84.20051915712111, 33.837837595338144], [-84.2005925297169, 33.838094222579876], [-84.20081220283815, 33.83838726943879], [-84.20114211451616, 33.83853389620626], [-84.20154551916416, 33.838680702543954], [-84.20191181979766, 33.838827121379], [-84.20220537216453, 33.838973689192464], [-84.20257191174991, 33.83919372063509], [-84.20293842079256, 33.83941372017322], [-84.20319516738562, 33.83956025937342], [-84.20330507895557, 33.83974357254834], [-84.20337812366627, 33.84000017093657], [-84.20337827368492, 33.840293455992104], [-84.20326776653192, 33.84058650202507], [-84.20300628042745, 33.841005135446565], [-84.20287288509934, 33.84115533987783], [-84.20271311523446, 33.841582704631], [-84.20255271924385, 33.8422738804976], [-84.20265973913693, 33.84264691586845], [-84.20271293646974, 33.84296416215527], [-84.20292664837078, 33.84355132794427], [-84.20308692578377, 33.84397440032573], [-84.20335392484915, 33.84424247221931], [-84.20410160523654, 33.8451987998745], [-84.20516212122666, 33.84621037994009], [-84.20468138061584, 33.846907545927515], [-84.20462195436485, 33.846944680393804], [-84.20446871076052, 33.8471490640355], [-84.20451982220526, 33.84750633452414], [-84.20482604081762, 33.84796579691279], [-84.20523454160823, 33.84837429769926], [-84.20564289327851, 33.84883349206085], [-84.20595981172424, 33.84919007659379], [-84.20605157283387, 33.849292983868644], [-84.20666415917894, 33.849905600952205], [-84.20727692518707, 33.85010974623524], [-84.2076851573814, 33.85031416109942], [-84.20778734972814, 33.85056923938495], [-84.2078888863047, 33.85097765013411], [-84.20804540786149, 33.85125823947307], [-84.20808433006611, 33.85147391898349], [-84.20952628689557, 33.85216414048734], [-84.20998261848348, 33.85266237493743], [-84.21003352241739, 33.85307084580521], [-84.210084721897, 33.853785357391764], [-84.21018697443085, 33.85429602064675], [-84.21030779334498, 33.85445719119745], [-84.21031980382033, 33.854662946680264], [-84.21112097888287, 33.85556735837551], [-84.21175436841331, 33.85631551581653], [-84.21356247495929, 33.85679193492965], [-84.21447052259121, 33.856951973581154], [-84.21516467865901, 33.85652481625581], [-84.2154853215199, 33.8561729404808], [-84.2155986907054, 33.85577630182261], [-84.21580277625985, 33.85541900176485], [-84.21621097880978, 33.85516368506611], [-84.21667074016545, 33.85516368506611], [-84.21712561288936, 33.85541062639617], [-84.21765967030892, 33.85567357244625], [-84.21824707418162, 33.85594063186468], [-84.21921594763974, 33.85670762455078], [-84.2192503692848, 33.85700722672689], [-84.2188470248239, 33.85737373604274], [-84.21862711364909, 33.857557110214195], [-84.21840711354106, 33.85781352903234], [-84.21818732094387, 33.857960097098996], [-84.21796749870228, 33.858290097936], [-84.2179174122353, 33.85858943645334], [-84.21835097692065, 33.85948991560604], [-84.2185903968085, 33.859609596194645], [-84.21906720549332, 33.859756134324066], [-84.21939690786382, 33.860085777618714], [-84.21947048976706, 33.86052557156084], [-84.21932356491244, 33.86078261627387], [-84.21936025121035, 33.86107566214699], [-84.21958010309635, 33.86133214126549], [-84.2196533867589, 33.86169885878779], [-84.21947013223757, 33.86191909726081], [-84.21910359355051, 33.86206542703827], [-84.21888374166451, 33.86221199526669], [-84.21881039781482, 33.862725042878935], [-84.21888377220722, 33.863238387273974], [-84.21906717495058, 33.86353167162239], [-84.21928681842745, 33.863714837882846], [-84.21965353587925, 33.8638982707927], [-84.21980028286742, 33.86411818135252], [-84.21983670146737, 33.864337854141915], [-84.21950699819853, 33.864411257549804], [-84.21914042986707, 33.86433794365286], [-84.21895723463453, 33.86433794365286], [-84.21877386063728, 33.86466770650914], [-84.21848042684803, 33.865034395533286], [-84.21818747006421, 33.86514433562136], [-84.21793063363963, 33.865181022068185], [-84.2175275568767, 33.865364098264095], [-84.2173076457019, 33.86551096441714], [-84.21708767433995, 33.86573084546214], [-84.2168675844004, 33.86602401085421], [-84.21672104671968, 33.8663170566404], [-84.2166110165721, 33.866537117610164], [-84.21668427059026, 33.866903775482285], [-84.21686773352073, 33.86719649452832], [-84.21705086856615, 33.86741670390249], [-84.21716107837676, 33.86789330200397], [-84.2171240632955, 33.868223243567414], [-84.21701418226826, 33.86858966371865], [-84.21683104632453, 33.86895623221974], [-84.21642776205078, 33.86924942755934], [-84.21628092612937, 33.86943315886398], [-84.21587120273166, 33.869612134052915], [-84.21577738178507, 33.86993380691006], [-84.21617122386688, 33.87056892577175], [-84.21628113453853, 33.87100898718413], [-84.21631796995675, 33.8713753767311], [-84.216464597469, 33.87188848339446], [-84.21672089759934, 33.87232845521399], [-84.21686722687093, 33.87258511384219], [-84.21712439207889, 33.872988070075635], [-84.21738081078684, 33.87339123622679], [-84.21760078125048, 33.87379464063456], [-84.21778391719417, 33.87423449299022], [-84.21789400663056, 33.874820914273016], [-84.21796720135991, 33.87544405085403], [-84.21804084345027, 33.87584694884033], [-84.21804060449841, 33.87617694990466], [-84.2178942150397, 33.876580085330005], [-84.21774738001663, 33.876800086280255], [-84.21739913911358, 33.877331670614026], [-84.21725269126439, 33.8777713742242], [-84.21714248145375, 33.87806468844459], [-84.21714268986291, 33.878394481058315], [-84.21728934701956, 33.87865113859797], [-84.2178014388338, 33.879164727305536], [-84.2183227859904, 33.87965540745894], [-84.21887480252911, 33.880084753541425], [-84.21897532490773, 33.88055726636024], [-84.21908529576649, 33.880996998842335], [-84.21934198396903, 33.881290074513494], [-84.21956177566793, 33.88143670295614], [-84.21963500004168, 33.88180339004651], [-84.21948858183688, 33.88202339170012], [-84.21934189413751, 33.88216981006733], [-84.21919523698085, 33.88249990078264], [-84.2190485798242, 33.88282972323777], [-84.21908547542955, 33.8831963215621], [-84.21930511800811, 33.883415995219465], [-84.21948861058297, 33.88367274206089], [-84.21956183405841, 33.884075907700314], [-84.21956171637912, 33.88436913238601], [-84.21959858144174, 33.884735760637334], [-84.21963535757118, 33.884955463889476], [-84.2198916280571, 33.8852852858008], [-84.22007509098756, 33.88554206281233], [-84.22011171799666, 33.88583528842475], [-84.22011186711698, 33.885981945597166], [-84.2197452682428, 33.88587188469308], [-84.21948837252943, 33.88568860042499], [-84.21923189453265, 33.885541586285015], [-84.21904884842047, 33.885395316140595], [-84.21875562304037, 33.88539540562947], [-84.21846233747317, 33.88539555477757], [-84.21824206876886, 33.88554209189614], [-84.21802215759405, 33.885688660084035], [-84.21787576903365, 33.8859083631194], [-84.21772890346787, 33.88612833405318], [-84.217729111877, 33.88642161880052], [-84.2177290813343, 33.886641560073166], [-84.21772917116581, 33.88700809876605], [-84.21758245382203, 33.887154756159426], [-84.21732585634933, 33.88744789196208], [-84.217105855343, 33.88781466880346], [-84.21695934640836, 33.88807120777509], [-84.21699606324897, 33.88832768631796], [-84.21721585494785, 33.88847431385132], [-84.21743564754506, 33.8888041064982], [-84.2172159753221, 33.88920745146582], [-84.21684940609231, 33.88950040795693], [-84.21670277947837, 33.889574049229736], [-84.2162628663989, 33.88964751296158], [-84.21600614945027, 33.88964715502402], [-84.21567611829634, 33.88961067670505], [-84.2152362357596, 33.889500736066914], [-84.21479644305438, 33.88935404915006], [-84.21439318752671, 33.88935398874793], [-84.21402670812846, 33.88935398874793], [-84.21344031755538, 33.889500557843526], [-84.21303712221483, 33.88964739364905], [-84.21270717999414, 33.889793752698296], [-84.21267052423896, 33.890709965676024], [-84.21267046315353, 33.89111357902841], [-84.21263341932615, 33.89166316377503], [-84.2125605533802, 33.89206644824509], [-84.21234055237385, 33.89243292708917], [-84.2121939248616, 33.89272618270342], [-84.21201058140707, 33.89316603440728], [-84.2119740729756, 33.89360585774431], [-84.21182750475215, 33.89404579961089], [-84.21157060903879, 33.89448547375269], [-84.21135075715279, 33.894778669367575], [-84.21116756192025, 33.89514517756827], [-84.21105768089302, 33.895438581934826], [-84.2109475016251, 33.89591500191576], [-84.21083750202025, 33.89628168940716], [-84.21058096293805, 33.89668491550167], [-84.21039791682584, 33.89697816991673], [-84.21026955924985, 33.897326411020885], [-84.2098297054592, 33.89776611373263], [-84.20942686764812, 33.89791271161875], [-84.20898680634664, 33.89805948820399], [-84.20873005975359, 33.898205967030826], [-84.20836325247026, 33.89835253508136], [-84.20788662344849, 33.8985725350641], [-84.20733694971605, 33.89908570186485], [-84.20693360525516, 33.89967209251561], [-84.20649393112755, 33.90000197383694], [-84.20631037836554, 33.90014857160723], [-84.206090735787, 33.90029516987103], [-84.20587067549187, 33.90047848314629], [-84.20572413691282, 33.90069848435438], [-84.20557727134701, 33.90110153149526], [-84.2055042850268, 33.901358188569084], [-84.20561416605405, 33.90161478671364], [-84.2059072126694, 33.90194472836802], [-84.20616390087194, 33.90260434316179], [-84.20634724432648, 33.902934344361555], [-84.20667721529328, 33.90377721443804], [-84.20667665025297, 33.90407040941896], [-84.20652015744226, 33.90428012882276], [-84.20645706606491, 33.90436390311254], [-84.2063105580286, 33.90458357593518], [-84.20609055702226, 33.90491354710667], [-84.20601718442649, 33.905170174811246], [-84.20594419720797, 33.905426772666246], [-84.20593311109904, 33.906397479691954], [-84.20602511475381, 33.90753217748999], [-84.20630112212486, 33.908758878028735], [-84.20666913225236, 33.90974023723001], [-84.20722680099084, 33.91052148164646], [-84.20748363651711, 33.91074183938877], [-84.2076299963314, 33.91099819905337], [-84.20770360877735, 33.91140136449448], [-84.20770354859023, 33.91198781506449], [-84.20770360877735, 33.91235432458609], [-84.20764820608053, 33.91284898413688], [-84.20735536787431, 33.91314235814551], [-84.20709868057008, 33.913215522756914], [-84.20676876889209, 33.91343576096397], [-84.20665870910011, 33.91347212024862], [-84.20640220056062, 33.91361886706435], [-84.20636554300883, 33.91387582266847], [-84.20651223070819, 33.91420522782644], [-84.20695208270224, 33.91475528919855], [-84.20709868057008, 33.91490182730604], [-84.20794166951417, 33.915048335342334], [-84.20827199890876, 33.9151584256842], [-84.20856483621665, 33.915231590801156], [-84.20900480858492, 33.91537803863226], [-84.20951791459713, 33.91556168102996], [-84.2098844245381, 33.9156346668865], [-84.2101043060685, 33.91574457606586], [-84.21032427653213, 33.91600132472826], [-84.21050753105345, 33.9162212366743], [-84.2107642183577, 33.916367655222224], [-84.21105768179133, 33.91651449098086], [-84.2113507885938, 33.91666093958906], [-84.21171732728087, 33.916697715704416], [-84.21208377613641, 33.916771029338456], [-84.21237706170363, 33.91680771595047], [-84.21263339058007, 33.916954105163015], [-84.21289037612496, 33.91710088176493], [-84.21311034748692, 33.917174224870614], [-84.2132934537862, 33.91710088176493], [-84.21355031895686, 33.91695413423613], [-84.2136968278915, 33.91691756770701], [-84.21399005237328, 33.91680759667594], [-84.21428345651813, 33.91680750722003], [-84.21457647348907, 33.91695425425588], [-84.2146733531992, 33.917315113440395], [-84.21482669112663, 33.91759112002978], [-84.2152867040106, 33.91780579401962], [-84.21748652991936, 33.91857870416606], [-84.21761899369454, 33.918640558620936], [-84.21890189481978, 33.91944650369136], [-84.21959861467941, 33.91988650453795], [-84.2201484662783, 33.920363073396516], [-84.22073476701983, 33.92083940477876], [-84.22084476842132, 33.92109597260451], [-84.22073494668291, 33.92135280950178], [-84.2205881996947, 33.92149922817683], [-84.22033160132369, 33.92171902082865], [-84.22018506454128, 33.92193899181447], [-84.22014837644676, 33.922305500279606], [-84.22000180912164, 33.92274535293211], [-84.22000151088098, 33.923111861655215], [-84.22000154142368, 33.92351514719221], [-84.22003852596225, 33.92384496903737], [-84.22014828841188, 33.92421162732767], [-84.22033180973285, 33.924541360755505], [-84.22051476781012, 33.924724704625255], [-84.2207348873941, 33.92494464548837], [-84.22102817206299, 33.925237721437426], [-84.22117488850846, 33.925531157146615], [-84.22128471024686, 33.925897545803295], [-84.22139477003886, 33.92630074063275], [-84.2214312479276, 33.926704055795966], [-84.22139477003886, 33.926923937135875], [-84.22132142708749, 33.9272170435438], [-84.22113787432548, 33.927510507467034], [-84.22106423223514, 33.92773026895668], [-84.22117471064203, 33.92813349461545], [-84.2213763824233, 33.9284083317131], [-84.22181602600818, 33.92877487122803], [-84.22214599697499, 33.928921408329586], [-84.2226227760154, 33.9291049313473], [-84.22287916507896, 33.92921481271487], [-84.22317224133872, 33.92943454521048], [-84.22346573441676, 33.92980120329221], [-84.22361236282734, 33.93016765258849], [-84.22372233188948, 33.93046072845497], [-84.22350248090179, 33.931120701677486], [-84.2233027126506, 33.931519750814154], [-84.22323768989538, 33.93195866223326], [-84.22326842844777, 33.932498972635486], [-84.22377192607968, 33.932622849108476], [-84.2244216721348, 33.932593969905675], [-84.22492703017765, 33.93246402045255], [-84.22579336004777, 33.93204529449586], [-84.22663081087813, 33.93165544675662], [-84.22733831501276, 33.931178964922296], [-84.22791586706174, 33.93096238376062], [-84.22976403577445, 33.93057253553621], [-84.23172366744764, 33.93016669257917], [-84.23239302282708, 33.92991415311707], [-84.23492595302636, 33.92931503710533], [-84.23685627985836, 33.92884976357782], [-84.23899233167018, 33.92858231743062], [-84.24212086107251, 33.927849746489265], [-84.24399000365047, 33.92744932208826], [-84.24545478846791, 33.92698348157262], [-84.24698850550871, 33.92625099974308], [-84.24872031903594, 33.92538542072516], [-84.25011676631476, 33.92422622973069], [-84.25034862957445, 33.924632285851686], [-84.25074364216107, 33.92528792655233], [-84.2511046139883, 33.925923234043374], [-84.25127787834536, 33.926284205062416], [-84.25146558312062, 33.926457470608156], [-84.25185543039434, 33.926457470608156], [-84.25246186238141, 33.92631308193248], [-84.25271302863989, 33.926237148288024], [-84.25275677659424, 33.92621702442977], [-84.2535587269029, 33.92590851117866], [-84.2538335502944, 33.92579328410208], [-84.25431003109412, 33.925749968156296], [-84.25537850436106, 33.9257066521885], [-84.25594365876081, 33.92579550013784], [-84.25686570214485, 33.925865478538356], [-84.25744325599045, 33.92606762263454], [-84.2584972897375, 33.92702058492485], [-84.25942137499217, 33.92771364794627], [-84.25979678454267, 33.9281179343406], [-84.25995141784074, 33.92859730741831], [-84.26033306529256, 33.929559117829506], [-84.26117209086962, 33.92975381528829], [-84.26213378139872, 33.92968834052384], [-84.26354504189659, 33.9296890262486], [-84.26436418865472, 33.9299336425536], [-84.26462281362501, 33.93016023040466], [-84.26472515419375, 33.93046612103489], [-84.26482728635335, 33.93082377913056], [-84.26477596829612, 33.93123216056413], [-84.26457603295829, 33.93177095434741], [-84.26453271709359, 33.932189681652915], [-84.26482149401642, 33.933142644016414], [-84.2650813936961, 33.9342833104029], [-84.26512470866246, 33.93504856879958], [-84.26506695417622, 33.93565499910523], [-84.26492256526565, 33.93613147825428], [-84.26482149401642, 33.93652132637084], [-84.2648783986964, 33.93700105683978], [-84.2652143605278, 33.937157369885824], [-84.2667570176023, 33.93765337003355], [-84.26746676123692, 33.937783009728264], [-84.2686186206201, 33.93810430845968], [-84.2702287815966, 33.9392588806903], [-84.27170870661985, 33.940544791321], [-84.2724794243027, 33.94099480745879], [-84.27318117921949, 33.94086582251708], [-84.27549303492569, 33.94054488075197], [-84.27755300212787, 33.94047964307874], [-84.2791551761832, 33.9401601329954], [-84.28076527607426, 33.93990445878025], [-84.2827565491067, 33.93938986165878], [-84.2830432859555, 33.939235825037876], [-84.28364971794255, 33.93884597742565], [-84.28432834034248, 33.938355058072474], [-84.2851513543479, 33.93809515717408], [-84.28607543870426, 33.937257705665445], [-84.28649535169224, 33.93678637681646], [-84.28668959260949, 33.936689383114924], [-84.28704674390184, 33.93648508797164], [-84.2872001959153, 33.93617880979341], [-84.28750626540732, 33.9359745439823], [-84.28776155223804, 33.93577033879578], [-84.2880170474779, 33.93577042823171], [-84.28832332627738, 33.935872412010916], [-84.2885272932542, 33.93612778754535], [-84.28873188815344, 33.93633172505911], [-84.28893573475601, 33.93648517740687], [-84.28898687494683, 33.9365258875651], [-84.2895010849885, 33.93656325953738], [-84.2910014844137, 33.93746212267231], [-84.29208198881722, 33.937402094418516], [-84.29242851932796, 33.93743097348132], [-84.29262762462248, 33.937527972300344], [-84.2929916336537, 33.93770530881056], [-84.29323709291519, 33.93771974866437], [-84.29346811535176, 33.937575359704674], [-84.29362694108725, 33.93737321609129], [-84.29363795443264, 33.937141938703945], [-84.29364138060714, 33.93707000126192], [-84.29380020903757, 33.93689673643794], [-84.29394459525318, 33.93683898166673], [-84.294320005702, 33.93681010240316], [-84.29511414066766, 33.93714219582819], [-84.29570613223653, 33.937575359704674], [-84.29637031960816, 33.93803740172513], [-84.29710669739265, 33.93862939340543], [-84.29755430184757, 33.93893261013423], [-84.29790083235832, 33.93909143641343], [-84.29816073113969, 33.93935133427066], [-84.29821848832087, 33.93956791719964], [-84.298204048801, 33.93997220395899], [-84.298204048801, 33.940333173562514], [-84.29840619309614, 33.94089628854318], [-84.29859389697305, 33.941170626866516], [-84.29894222411436, 33.941513425934], [-84.29904435807059, 33.94166672958134], [-84.29894231394591, 33.9420239396914], [-84.29884030036392, 33.9423304867425], [-84.2986359462132, 33.942483461757696], [-84.29848294066242, 33.94263670552952], [-84.29848297120513, 33.94289193259428], [-84.29863618426674, 33.94304517637604], [-84.29884039019545, 33.943249352190804], [-84.2990444470038, 33.943249173334536], [-84.29945309601645, 33.94330034408791], [-84.29965694441566, 33.94335136501856], [-84.29991294630533, 33.94345340902386], [-84.30021856933466, 33.9436577038416], [-84.30037184258339, 33.94381067870745], [-84.30067812048456, 33.944065935787634], [-84.30088226802278, 33.944270379670904], [-84.30111879174213, 33.94445748841563], [-84.30138651664626, 33.94466927850132], [-84.30200145837401, 33.945155740068145], [-84.30246350055218, 33.94573329443253], [-84.30297102353488, 33.946599066806925], [-84.3036390727639, 33.94754893331242], [-84.30492075128205, 33.94883389081651], [-84.30530997063342, 33.94953949129394], [-84.30533682756545, 33.949992745358486], [-84.30542345929481, 33.950469226976075], [-84.30561116317176, 33.95101790064768], [-84.30582774698676, 33.95136443282023]]]}, "properties": {"areasqkm": 338.49, "states": "GA", "huc10": "0313000112", "name": "Peachtree Creek"}}, {"type": "Feature", "id": 931, "geometry": {"type": "Polygon", "coordinates": [[[-84.5270129951813, 33.90606622966507], [-84.52734865877206, 33.906370839453196], [-84.52777602418362, 33.90667231980676], [-84.52828725361519, 33.907008013201796], [-84.52880542702391, 33.90716104793389], [-84.52926360734469, 33.90734388495203], [-84.52990453643528, 33.90758766852388], [-84.53051485902583, 33.90764923944811], [-84.53121664358704, 33.90786235643802], [-84.53149154064037, 33.90801542094906], [-84.53164412937286, 33.90840765002035], [-84.53158297386496, 33.90886603759552], [-84.53152220732754, 33.909659138706054], [-84.53176631821779, 33.91008695156073], [-84.53200277007195, 33.9102387640712], [-84.53255199734171, 33.91069277231098], [-84.53300999889775, 33.91090702158715], [-84.53349783350437, 33.91118117321615], [-84.53389512871011, 33.91136439822407], [-84.53455092851193, 33.91142558173556], [-84.53543590740733, 33.911455414170284], [-84.53619148757933, 33.911517283487456], [-84.53710695349888, 33.911670109581266], [-84.5375951474316, 33.91191398291448], [-84.53771730663213, 33.912336818643624], [-84.53771730663213, 33.912855974693336], [-84.53759520672041, 33.91352718322908], [-84.53741213186213, 33.91419448608229], [-84.53719841906278, 33.91477470830036], [-84.53695442764847, 33.91529356696241], [-84.53679670773907, 33.91583361779132], [-84.53677408187201, 33.91608249921923], [-84.53685612051534, 33.91624657671543], [-84.53688721030902, 33.91630875639726], [-84.5371587180188, 33.91642188513378], [-84.5375637270579, 33.916507149608925], [-84.53815424898296, 33.91655763792837], [-84.53926290479085, 33.91694227464169], [-84.54007742881853, 33.91746266618974], [-84.54082407614335, 33.91811880933984], [-84.54143497006243, 33.918842830187174], [-84.54191010877912, 33.919725230196946], [-84.54227211905885, 33.92063025835828], [-84.54252100090157, 33.92178416627895], [-84.54252100090157, 33.92273444454641], [-84.54268407477004, 33.92299877981714], [-84.5432943677162, 33.92284669858162], [-84.54417183759415, 33.922633016022296], [-84.54469069551911, 33.92241909513907], [-84.54522352763662, 33.92195388010322], [-84.54572823350259, 33.921598816108585], [-84.54615248715002, 33.920955251299134], [-84.54645439744229, 33.9203978762403], [-84.54689565260477, 33.92002629357527], [-84.54765401036764, 33.91945331181859], [-84.54779609869277, 33.91937535265389], [-84.54892510044353, 33.9188559277059], [-84.54971879613304, 33.91855113964886], [-84.55023732617289, 33.91821547606384], [-84.55090889230627, 33.9174867795804], [-84.55154204198651, 33.91666313200747], [-84.55254924296453, 33.9156595091242], [-84.55352586439197, 33.9148664392499], [-84.55431908397436, 33.91425629600849], [-84.55559307381198, 33.913192204348746], [-84.55690553849323, 33.91197543441429], [-84.55861446294702, 33.91002567613425], [-84.55918678680105, 33.90923150412276], [-84.55961424204418, 33.90886627616681], [-84.55949208284363, 33.908682813926625], [-84.55930876813517, 33.908438614493946], [-84.55918678680105, 33.908167769465656], [-84.55915626923422, 33.90783255331294], [-84.55955296795864, 33.90734340705539], [-84.55979728815635, 33.90700789242242], [-84.56013283227117, 33.90667246742652], [-84.56016323036206, 33.90609612063813], [-84.56049904307315, 33.90591292531106], [-84.56117066849532, 33.90576129074105], [-84.56196394646823, 33.9057002261815], [-84.5627499831216, 33.905791570258906], [-84.56317725959997, 33.90579100363174], [-84.56366533315845, 33.90530313996238], [-84.56442833161806, 33.90478386335097], [-84.56503871349742, 33.90445258095887], [-84.56574055824576, 33.90390248962778], [-84.56638160591397, 33.90347613689842], [-84.56701487507014, 33.90317045505392], [-84.5680370949814, 33.90238111100271], [-84.56919670413053, 33.901495713042735], [-84.57044026533453, 33.90046181059217], [-84.57141709696775, 33.89972995524818], [-84.57221046477217, 33.898876177712246], [-84.57275978187346, 33.89848272744351], [-84.5734920552554, 33.89814697438193], [-84.57418641883405, 33.89775006697931], [-84.57482734792464, 33.89750583697518], [-84.5752545938603, 33.8974749915603], [-84.57543787802604, 33.89710979376533], [-84.57552913338417, 33.896777765739394], [-84.57555977042693, 33.896411644833684], [-84.57583445727452, 33.8961362705668], [-84.57653651222863, 33.89589251762968], [-84.57739145056263, 33.89555667458473], [-84.57784888707833, 33.89509935779123], [-84.57811582595659, 33.89473669326456], [-84.57820731936829, 33.89434020321879], [-84.5781462249458, 33.89315007701478], [-84.57817686109026, 33.89254348062352], [-84.57814616565699, 33.89135356349337], [-84.57875672450446, 33.8910480000048], [-84.57933649988378, 33.89077754341775], [-84.58005360341554, 33.89047206958621], [-84.58069462233766, 33.890014246043], [-84.58127427734271, 33.889678701248144], [-84.58184666138388, 33.88922028284669], [-84.58224329992117, 33.889040843188965], [-84.58263993935677, 33.88895000540027], [-84.58337253972549, 33.88894982643006], [-84.58386061238565, 33.88876630343609], [-84.5841048409552, 33.88830877797201], [-84.58447120357248, 33.8876374506741], [-84.58495963376213, 33.88724122889866], [-84.58544761659077, 33.88681723064871], [-84.58592829881108, 33.88623781444612], [-84.58647737696053, 33.88562728360001], [-84.58681336753804, 33.88505135312338], [-84.58721012555125, 33.88437969890834], [-84.58775953248407, 33.88328508853917], [-84.58812562381013, 33.8822781873294], [-84.5884310087859, 33.88124482154176], [-84.58867491036871, 33.880695296456246], [-84.58891928985523, 33.88008470655688], [-84.58937678565974, 33.879901540369346], [-84.58973548564765, 33.879840863746935], [-84.59004069185868, 33.879688186440255], [-84.5902541378584, 33.87932596874974], [-84.59031552872491, 33.87895954919499], [-84.59048316693335, 33.87847120834676], [-84.5908800444225, 33.878165674786736], [-84.59121564872444, 33.87795211142097], [-84.59133771899178, 33.87770802982498], [-84.59121567836885, 33.8771936119569], [-84.59109339969238, 33.876704586039104], [-84.59094081185822, 33.87624762610904], [-84.59087980457232, 33.87585107622952], [-84.59084940737975, 33.87551895948634], [-84.5908800444225, 33.87506116533578], [-84.59081212549881, 33.87255655813361], [-84.5909979159642, 33.870930881537724], [-84.59132305219812, 33.86976968429916], [-84.59165521595253, 33.86925866157207], [-84.5919268754776, 33.86884072677083], [-84.59292550473117, 33.86744728867936], [-84.59332679564334, 33.86679421061135], [-84.5947481478151, 33.86484212591245], [-84.5947190010774, 33.864668318910695], [-84.59481129848128, 33.86423761526636], [-84.5948113595667, 33.863991477462896], [-84.5948110011389, 33.863745579139255], [-84.5948110307833, 33.863499740527864], [-84.59481123919247, 33.86319194093271], [-84.5948113595667, 33.862699636955085], [-84.59471885195705, 33.86239213583601], [-84.59468800740348, 33.86199236773207], [-84.59459582767889, 33.86171547402049], [-84.59444216725629, 33.8614080633468], [-84.59434992914125, 33.86116198526819], [-84.59413505482021, 33.86091578861966], [-84.59382698837331, 33.860731222909045], [-84.59348846275007, 33.86060810950638], [-84.5932118373381, 33.860454448936984], [-84.59299639707847, 33.86030069782992], [-84.5927809855649, 33.85993162601181], [-84.59265852722538, 33.85956282263827], [-84.59265811040709, 33.859193303033294], [-84.59268883638306, 33.85876292760086], [-84.5926581696959, 33.858516820266416], [-84.5925349379069, 33.858209081783], [-84.59199654431946, 33.857832579903814], [-84.59104436425429, 33.85741454739494], [-84.5907561065577, 33.85724858051089], [-84.59062794481441, 33.85704032324485], [-84.59050504091053, 33.85673291289887], [-84.59041283243985, 33.85648680419025], [-84.59028983780613, 33.856301881273815], [-84.58998195012396, 33.85599455928149], [-84.58955803244642, 33.855510184836305], [-84.5894883600113, 33.855115378272465], [-84.58930256864761, 33.8546044513529], [-84.58927934360426, 33.854186418709524], [-84.5894186884745, 33.85362904438853], [-84.58976704795515, 33.85323423808152], [-84.58979027120188, 33.852955551626], [-84.58965092812826, 33.85246784758147], [-84.58939546432946, 33.852026593937644], [-84.5891167763856, 33.85132987556927], [-84.58904710484879, 33.85086539698152], [-84.58904710484879, 33.850540260765804], [-84.58914000053065, 33.850238350015275], [-84.58907032899383, 33.85009900537126], [-84.5888148642967, 33.84993643968984], [-84.58786268333321, 33.84961130292262], [-84.58760915001395, 33.849494815609866], [-84.58700339715324, 33.84921649669713], [-84.58626041315816, 33.848828262181044], [-84.58595282371665, 33.84864372555696], [-84.58567596025115, 33.848274654097125], [-84.58549142473224, 33.84784418932659], [-84.58524540582032, 33.84722894993242], [-84.58509153609023, 33.846859848486226], [-84.58461133177366, 33.84624383279251], [-84.58421652490122, 33.84594192103387], [-84.58307855077739, 33.844850396024874], [-84.58233538442433, 33.84394466292166], [-84.58180028585735, 33.843291913215154], [-84.58143121392116, 33.84289211539777], [-84.58081567571209, 33.84233844795801], [-84.58004698552683, 33.84184638191489], [-84.57921639423198, 33.841277365115204], [-84.57823241021248, 33.84060094191394], [-84.57774031489647, 33.840262268313445], [-84.57737094382131, 33.83986241080698], [-84.57712504438533, 33.839370821468], [-84.57687893743852, 33.83887833765577], [-84.57675576404002, 33.83857083732828], [-84.57644835336326, 33.838324610633414], [-84.57610991846985, 33.83820173578883], [-84.5757408465337, 33.83801720009055], [-84.5753408384158, 33.83777097329295], [-84.5749717664796, 33.83758643666457], [-84.57478740972545, 33.83734038845054], [-84.5747565040864, 33.8368483518291], [-84.57478738008103, 33.836417678767674], [-84.57484856343672, 33.8362022977722], [-84.57506424354654, 33.83598715500901], [-84.57527932717502, 33.83567971292726], [-84.57577157161136, 33.83503371793924], [-84.57601762016769, 33.83444923511204], [-84.5760181564619, 33.83398810319815], [-84.5759253218655, 33.83334207826293], [-84.57589438748037, 33.832850041756565], [-84.57589468572105, 33.83232716032077], [-84.57550754596957, 33.83200755608317], [-84.57488049854507, 33.83156630049738], [-84.57457858825282, 33.83086958393693], [-84.57436957094743, 33.83014964222706], [-84.57418377958373, 33.829336803784564], [-84.5740908839019, 33.828849099994414], [-84.5740908839019, 33.82840784676193], [-84.5743565265112, 33.82788253003001], [-84.57481819499021, 33.827482732515044], [-84.57509499826861, 33.827236684321065], [-84.57549470814585, 33.82708305327679], [-84.57590235194368, 33.82673572181883], [-84.57636683035292, 33.826596379147105], [-84.57701710012584, 33.826596379147105], [-84.57750480447675, 33.82636413936377], [-84.57776026827555, 33.826039004696895], [-84.57776026827555, 33.82564419628041], [-84.57759770015859, 33.82522616747137], [-84.5774351311433, 33.824901030716056], [-84.57745835528834, 33.824552670986954], [-84.57771381908717, 33.82418108874638], [-84.57824796993151, 33.82367016118211], [-84.57838731480174, 33.82308956343307], [-84.57838731480174, 33.82278765271736], [-84.57822474578649, 33.82239284496069], [-84.57810862506128, 33.821858693198195], [-84.57810862506128, 33.82116197663836], [-84.57810862506128, 33.820395585822006], [-84.57780671476901, 33.819675643236174], [-84.577295788968, 33.81904859803016], [-84.57643650188972, 33.818235760780155], [-84.57580211792428, 33.81782540609643], [-84.57512551583542, 33.81739458421342], [-84.57432571160201, 33.8166870765208], [-84.57424507522884, 33.81661265887969], [-84.57381219685637, 33.816145606285204], [-84.57302258131487, 33.81517019919729], [-84.57251165551389, 33.8141251214793], [-84.57230264090347, 33.81308004517442], [-84.57223296846834, 33.81208141532517], [-84.5725109269802, 33.811289338320734], [-84.57260328457117, 33.81085860592617], [-84.57257279664876, 33.810366539310344], [-84.57241880834107, 33.80993592542556], [-84.57204964657338, 33.80968996707058], [-84.5716498181185, 33.809443740049566], [-84.57118829965815, 33.80925920423151], [-84.5708501917515, 33.80904406084897], [-84.57081964543859, 33.8085825418762], [-84.57081931665519, 33.80802872537687], [-84.5707578045161, 33.807475564382344], [-84.57060396532874, 33.80698355817696], [-84.57035830394632, 33.80649134238147], [-84.56995800028268, 33.80593743546381], [-84.56952762371827, 33.80538391833391], [-84.56909692016708, 33.80483034014736], [-84.56866624715862, 33.80427649339026], [-84.56826650853529, 33.80378463599593], [-84.56792798381038, 33.80329239060254], [-84.56774368634498, 33.80304604514557], [-84.5674360960052, 33.80232345737378], [-84.56731286331788, 33.80207761747233], [-84.56731274474026, 33.80180054604404], [-84.56755879329657, 33.801523920855914], [-84.56786650131569, 33.8011856344094], [-84.56829723451126, 33.8008469599498], [-84.56860473501955, 33.80060118075082], [-84.56881904699519, 33.80039977252754], [-84.56881904699519, 33.80009786234786], [-84.56856358409469, 33.799772726370705], [-84.56835456948428, 33.79935469653095], [-84.56823844875908, 33.79895988811584], [-84.56842424102108, 33.79863475453422], [-84.56891194267705, 33.7983096182245], [-84.56951576595652, 33.797496780258385], [-84.56987546936257, 33.79687809169923], [-84.57021248491783, 33.79649815068386], [-84.57116466588134, 33.79584788075349], [-84.57182777886787, 33.79547604243281], [-84.5721109790494, 33.79524948731931], [-84.5734646305881, 33.794049764459416], [-84.57469499015068, 33.79300403011794], [-84.57518696778739, 33.79251190488005], [-84.57525225105404, 33.79245166637665], [-84.57576300707345, 33.79220172193578], [-84.57590235014706, 33.79203915366276], [-84.57590235014706, 33.79176046628955], [-84.57585882946648, 33.79171507555683], [-84.57567915203661, 33.79152768324543], [-84.57555627777711, 33.79128184369169], [-84.57555609901237, 33.790820294626336], [-84.57552546196959, 33.79054384821716], [-84.57549446739736, 33.79029791923621], [-84.57521763267793, 33.79005157296124], [-84.574541001843, 33.78966709382117], [-84.57358723804796, 33.78905212189805], [-84.57331079050243, 33.78880583549827], [-84.57288026661432, 33.78855987688788], [-84.57269504478252, 33.78825198957055], [-84.57257255679858, 33.7878217034068], [-84.57251047872086, 33.78702195826552], [-84.57252505208973, 33.786956809992496], [-84.57249456416729, 33.786464744814054], [-84.57237148060032, 33.78615715383229], [-84.57227918319646, 33.78584962371417], [-84.57227906461884, 33.78554197452692], [-84.57249456416729, 33.78535737895912], [-84.57267910058454, 33.78508081262579], [-84.57267913022893, 33.784680925576424], [-84.57264816530109, 33.78425022202474], [-84.57255613829014, 33.78400408457802], [-84.57255583825282, 33.78357362027679], [-84.57277107010331, 33.783143065709176], [-84.57301726777999, 33.782773934017456], [-84.57338651848089, 33.782527796807614], [-84.57354032802382, 33.78225099286416], [-84.5735710243554, 33.78172799102609], [-84.57357111418693, 33.78119002984805], [-84.57430919787214, 33.780144235511685], [-84.57477062829761, 33.77971356290435], [-84.57520103360811, 33.779405973060825], [-84.57563194467012, 33.77925210305819], [-84.57603141469718, 33.779221556160664], [-84.57646241738736, 33.77922134709381], [-84.57704032247426, 33.77924276225397], [-84.57734223366482, 33.778964075046616], [-84.57755124827524, 33.778406700898444], [-84.57778348792903, 33.77761708616679], [-84.57841053535354, 33.7768506966067], [-84.57924659738848, 33.77601463579781], [-84.57973429904442, 33.775735948541616], [-84.57998976284323, 33.775457260378786], [-84.58031489817884, 33.774899886560256], [-84.58045424125247, 33.77459797382327], [-84.58049714928201, 33.77454280854656], [-84.5810759068701, 33.774361898925385], [-84.5831983096795, 33.77371599269675], [-84.58439788307898, 33.77343906917704], [-84.58482846715424, 33.77319314035902], [-84.58591186772622, 33.77246137201579], [-84.58637634523716, 33.772182684401564], [-84.58704367401731, 33.77196275164354], [-84.58741241896671, 33.771716852190714], [-84.58765840733592, 33.7714090835394], [-84.58778110372899, 33.771101643094035], [-84.58793500220516, 33.770732511782015], [-84.58821189621338, 33.77051727903635], [-84.58858102743835, 33.77027111108726], [-84.58901179027835, 33.77011745094083], [-84.58935010659413, 33.77011754055037], [-84.5897500239822, 33.77005584955295], [-84.59018048858152, 33.76987131320646], [-84.59064188846426, 33.769563693250255], [-84.59088124996163, 33.769404223592076], [-84.59171785368068, 33.769326139350284], [-84.59208736040142, 33.76913313920322], [-84.59217995694428, 33.7688871808501], [-84.59227195610747, 33.76857950135379], [-84.59233340895774, 33.7683334839109], [-84.5926412669955, 33.76807211676743], [-84.59288716643148, 33.7677951638046], [-84.59313312425797, 33.76767246768804], [-84.59365660311673, 33.767426240785696], [-84.59411758528287, 33.76711853140019], [-84.59436378206122, 33.766872453754715], [-84.59460965275113, 33.76662634553157], [-84.59482491334771, 33.76625745257938], [-84.59494811639063, 33.76585750603162], [-84.59510171752441, 33.76539640393927], [-84.59522474180257, 33.76508869547988], [-84.59534785501396, 33.764750408467314], [-84.59561947501314, 33.76421687224473], [-84.5959678344938, 33.76405430462086], [-84.59640908965632, 33.7640310813962], [-84.59696646374738, 33.7640310813962], [-84.59733661096695, 33.76414796889946], [-84.59740771890989, 33.76417042289009], [-84.59768640685374, 33.76414720044371], [-84.59780252578231, 33.763891736688564], [-84.59784897497072, 33.763566602139335], [-84.59801154218935, 33.76317179376263], [-84.5981737851162, 33.7629740614166], [-84.5982697045273, 33.762935744887365], [-84.59851617080022, 33.762751089401185], [-84.59873131371751, 33.762689547690506], [-84.59919596370497, 33.762614419933385], [-84.59952109814225, 33.762637645035554], [-84.59979978428946, 33.762614419933385], [-84.60000880249316, 33.762405404933155], [-84.60000880249316, 33.76215174029369], [-84.60000880249316, 33.76208026847947], [-84.60003202484155, 33.76163901522538], [-84.60019459295854, 33.7609190735409], [-84.60042286385539, 33.7605366271969], [-84.60060763832618, 33.760290340957184], [-84.60069981715243, 33.76001377509903], [-84.60091510829173, 33.759859935990384], [-84.60113290213742, 33.759675252219424], [-84.601309342039, 33.759525635877225], [-84.60156480583781, 33.759479188461185], [-84.60179704459327, 33.7595488603226], [-84.60228474714754, 33.75975787631403], [-84.60282611865014, 33.759860021129676], [-84.60322201877227, 33.759859935990384], [-84.6034373997431, 33.75986005548416], [-84.60383707817931, 33.75986029297795], [-84.60414487692827, 33.75973700147461], [-84.6044522283162, 33.75961391816175], [-84.60482162813746, 33.75936775025896], [-84.60519046202006, 33.75924487478458], [-84.60546744496152, 33.75912188113302], [-84.60549820058189, 33.75890646985721], [-84.60531372435177, 33.75875268925579], [-84.6050673784531, 33.75862972477184], [-84.60491374677657, 33.758445069717965], [-84.60482135954119, 33.75835286153773], [-84.60475987794483, 33.75813756931931], [-84.60469836580573, 33.75792224743289], [-84.6044217709365, 33.75776852780157], [-84.60426796049525, 33.75770692575246], [-84.60414493621708, 33.75755308623805], [-84.60402191283724, 33.75739951531621], [-84.60408336478919, 33.757153258152854], [-84.60423711594164, 33.757030323489616], [-84.60454449607568, 33.756907240024645], [-84.60485205677107, 33.75690729977359], [-84.60519049166447, 33.75678424600651], [-84.60546753389474, 33.75666119206273], [-84.60574433807143, 33.75644592995156], [-84.60617468409313, 33.756200179412765], [-84.60651329775128, 33.75598458976197], [-84.60728198973315, 33.75549240418586], [-84.60783571666416, 33.75507713823993], [-84.6081742710335, 33.754862085758774], [-84.6090661373122, 33.75443959290582], [-84.60973963302678, 33.75418412859973], [-84.6100647674641, 33.75416090494158], [-84.6105756941634, 33.754277023916444], [-84.61094727778912, 33.754277023916444], [-84.61131886051649, 33.75411445835325], [-84.61179600786618, 33.75381623894389], [-84.61187623460756, 33.75376609880251], [-84.6123407139151, 33.75367320293227], [-84.61254639218257, 33.753539064395326], [-84.61263407134756, 33.75338520022327], [-84.61281872634241, 33.75310887350057], [-84.61300326186134, 33.752893641308575], [-84.61343223885054, 33.75255845434779], [-84.61369687265177, 33.752484024279084], [-84.61374140573366, 33.752216949522065], [-84.61371050099295, 33.75184790716568], [-84.61371050099295, 33.75160170949349], [-84.61377210206524, 33.7514785666981], [-84.61405928447843, 33.7510256742534], [-84.61463988451118, 33.75060764250143], [-84.61531337842914, 33.750445073715476], [-84.61589397576694, 33.75035217798167], [-84.6165400459159, 33.750186894403335], [-84.61672509616947, 33.74994082566102], [-84.6168787862365, 33.74957166445722], [-84.61706341248527, 33.74929501024087], [-84.6171863469319, 33.74898726937649], [-84.6172787638117, 33.748772157551805], [-84.6171862876431, 33.748525722486434], [-84.61682293528034, 33.74830847251834], [-84.61647457579969, 33.74833169626781], [-84.61589397576694, 33.748563935657295], [-84.61577705104956, 33.7487539413587], [-84.61570818530156, 33.748865846745005], [-84.61542949735771, 33.74905163834472], [-84.61506816081446, 33.749094147621236], [-84.6150346913836, 33.749098084687894], [-84.61445426472571, 33.74928706217966], [-84.61428956221161, 33.74934068487603], [-84.61403606213001, 33.74942322183041], [-84.61333934316869, 33.74944644453104], [-84.61271229574419, 33.749330325736466], [-84.61242407577684, 33.74895438425305], [-84.61238811262275, 33.748864187062615], [-84.61226493832595, 33.74855665678154], [-84.61214197513323, 33.748126043518106], [-84.6120187415476, 33.74784932861742], [-84.61189598586573, 33.74751098253439], [-84.6116500253443, 33.74717272624392], [-84.61140356176631, 33.74692667873031], [-84.61115629239953, 33.7463112140059], [-84.61083115796222, 33.74568416699393], [-84.61076148552709, 33.74542870274599], [-84.61085438120894, 33.745126793003095], [-84.61122596393633, 33.744801657498236], [-84.61138853384992, 33.744546193609516], [-84.61134208376322, 33.74424428225394], [-84.61104611492824, 33.74367028165699], [-84.61103457966168, 33.74363563685709], [-84.61097321574462, 33.74332804748961], [-84.61103460840778, 33.74308205916225], [-84.61115775216187, 33.74289743411712], [-84.61164972800194, 33.74246687983566], [-84.61229426652334, 33.74203800860516], [-84.61264262510569, 33.741736095890694], [-84.61268907249746, 33.74143418584849], [-84.61259617681561, 33.741248394180374], [-84.6121549207548, 33.74029621359547], [-84.61187623370925, 33.73969239052978], [-84.61180656127414, 33.73925113485195], [-84.61173689063565, 33.738879552861945], [-84.61164340565897, 33.738799421621295], [-84.61141175530003, 33.73860086512641], [-84.61095032397624, 33.73843606762277], [-84.61076148552709, 33.73836862490425], [-84.61015766224763, 33.73811316277235], [-84.60980930276698, 33.73781125043745], [-84.60948416832967, 33.7373235480766], [-84.60943771914127, 33.73678939742991], [-84.60922870453084, 33.73599978324992], [-84.60909677076171, 33.73562369817133], [-84.60894287228555, 33.73543868579036], [-84.60818362788551, 33.73490825792793], [-84.60739401324233, 33.73446700304262], [-84.60699920726823, 33.73397930109457], [-84.60690719193535, 33.73351002797556], [-84.60694376235058, 33.73325509822989], [-84.6070050058934, 33.73288569861128], [-84.60709748206199, 33.7323937517588], [-84.60715908313428, 33.7320246793877], [-84.60712817839358, 33.73162506099199], [-84.60691282616882, 33.73140955972401], [-84.60648230228071, 33.731071393090396], [-84.60614407489813, 33.73091737430544], [-84.60589775954219, 33.73082528444884], [-84.6057746463308, 33.73079449915342], [-84.605897818831, 33.7305485107465], [-84.6060514792536, 33.73024071233459], [-84.6064882796706, 33.729775767626556], [-84.60674374257111, 33.729311289579556], [-84.60676696671614, 33.72882358522339], [-84.60672051752776, 33.72838232967915], [-84.60663598695783, 33.7281498727778], [-84.60653472616407, 33.72787140495619], [-84.6064882796706, 33.72749982224398], [-84.60655795120739, 33.7271979099189], [-84.60665827685497, 33.727022340176134], [-84.60674374257111, 33.726872775197144], [-84.60679018996287, 33.72643152008239], [-84.60669801113663, 33.72611952746007], [-84.60657445146255, 33.72587335978941], [-84.60623616479117, 33.72575021666578], [-84.60608217558516, 33.72556580012935], [-84.60598993747011, 33.72538135331127], [-84.60586700302348, 33.72525803166304], [-84.60562080624513, 33.724642911313765], [-84.60549796073173, 33.723904886596614], [-84.60540599031461, 33.72332055200892], [-84.60528254921816, 33.722766705754395], [-84.60515928688645, 33.72233630074861], [-84.60503605419913, 33.721844174622085], [-84.60491356711353, 33.721383042817386], [-84.60485211426325, 33.720952309588675], [-84.60476014384615, 33.72036791604818], [-84.60469821488877, 33.719998576023634], [-84.60469764805184, 33.71962947425692], [-84.60469824453318, 33.71922991470608], [-84.6048211789798, 33.71892217507841], [-84.60497495977667, 33.71824563298117], [-84.60532046710631, 33.71755104131558], [-84.60487380947568, 33.71725935464268], [-84.60438195221322, 33.716951794006604], [-84.60404342838662, 33.71676719866421], [-84.60270277547006, 33.716329106866304], [-84.60200605830538, 33.716212985837025], [-84.60089130742828, 33.71623621080265], [-84.60021781440862, 33.716120089647724], [-84.59968366356428, 33.71560916366694], [-84.59928885669184, 33.715237581671296], [-84.5989404972112, 33.715098236887506], [-84.59845279465694, 33.71514468592114], [-84.59766318001375, 33.71528402838789], [-84.59727564410524, 33.715197908523315], [-84.59699961607294, 33.71492174945966], [-84.59675365824647, 33.714460260656544], [-84.59663054413679, 33.713937885366235], [-84.59641531228627, 33.71326074655076], [-84.59623068693584, 33.712830341710216], [-84.59601539399988, 33.712645656057084], [-84.5957693759863, 33.7124304239695], [-84.59551067915078, 33.71217172673995], [-84.59541045770779, 33.71189333411681], [-84.59538723446106, 33.71156819747079], [-84.59543368185282, 33.71124306333004], [-84.59527111463417, 33.710964376264215], [-84.5950388749804, 33.71082503201846], [-84.59469051549974, 33.71082503201846], [-84.59392401630546, 33.71092329031105], [-84.5935240989174, 33.710954075260936], [-84.59309312676994, 33.7109851904893], [-84.59284731716549, 33.7109233493448], [-84.59257039441115, 33.710861807808016], [-84.59223204845097, 33.710800325260934], [-84.59198611937059, 33.71080017655555], [-84.59158673827673, 33.710769629927604], [-84.59109416595531, 33.71070787904679], [-84.59084782005664, 33.71070802775231], [-84.59054055670359, 33.71067709326142], [-84.59029444975677, 33.71055412860599], [-84.5901097049304, 33.710400497452675], [-84.5898637767483, 33.71018496755585], [-84.58948835282477, 33.709501267968264], [-84.58944300766588, 33.70904782661904], [-84.58944190363638, 33.709036790063884], [-84.58958124850662, 33.70868843054751], [-84.58967414418846, 33.70827039950452], [-84.58955802436157, 33.70759690537486], [-84.58923288902596, 33.70713242688605], [-84.58851294591962, 33.7067376187934], [-84.58804908195803, 33.70624810998687], [-84.5878029157224, 33.70594058015766], [-84.58755698664201, 33.70572528717432], [-84.58731072967655, 33.705448632821], [-84.58706450235549, 33.70520249555578], [-84.58675685272688, 33.70495638673041], [-84.58644959117046, 33.70471033922718], [-84.58611124521029, 33.70446426187373], [-84.58583441138919, 33.704156760781764], [-84.58558815442372, 33.70391092248047], [-84.58521917231907, 33.70366460593471], [-84.5848500994846, 33.70341882526376], [-84.58460375358591, 33.703234110403216], [-84.58435773557233, 33.70311081897088], [-84.58368131224822, 33.70268041408074], [-84.5832616031778, 33.70243831047579], [-84.58146649255902, 33.70040441102222], [-84.58085152028856, 33.69960457454465], [-84.58035915637626, 33.698866579743324], [-84.57971369798, 33.6989586388618], [-84.57885214175732, 33.69908187123256], [-84.57848306982115, 33.699081783043496], [-84.57802178941434, 33.69914341298888], [-84.57762157378559, 33.69920471778672], [-84.57716014425843, 33.69932774129029], [-84.57682209653892, 33.69935852665947], [-84.57648351252517, 33.69945091409005], [-84.57611458970935, 33.6995739678829], [-84.57577606498441, 33.69966578933026], [-84.5754992311633, 33.69994301012125], [-84.57534580879425, 33.70015797530807], [-84.57516103432346, 33.70043510632318], [-84.57491453840612, 33.70074260653782], [-84.57469981320546, 33.70105013704046], [-84.57457655087374, 33.70129615541847], [-84.57433050321573, 33.70154223287944], [-84.57405369903903, 33.70181915689966], [-84.57374619853077, 33.70191130552452], [-84.57346930721748, 33.70203456729023], [-84.57310014365315, 33.702065264250784], [-84.57279252366892, 33.702065145423845], [-84.57245414806434, 33.702034389423446], [-84.57196226115747, 33.70203435878251], [-84.57159304010099, 33.70209593055945], [-84.57125463485198, 33.70209608002719], [-84.57091619906026, 33.70212677696576], [-84.5705164298942, 33.702126626750726], [-84.5699939957761, 33.702065204463636], [-84.56956317274901, 33.702034538144], [-84.56913261831816, 33.70191130552452], [-84.5684242356312, 33.70202315915346], [-84.56789008478684, 33.70220895054242], [-84.56717014257879, 33.70211605489819], [-84.566403752979, 33.70174447131656], [-84.56568381077095, 33.7017676979532], [-84.56517288407163, 33.70190704045233], [-84.56449939015367, 33.702487637619825], [-84.56398846255604, 33.703230804967134], [-84.56315240141943, 33.70422943472329], [-84.5625718031833, 33.704972600453104], [-84.56185186097527, 33.705901558101615], [-84.56179341298962, 33.70608752792812], [-84.5617809803061, 33.7061558726013], [-84.56178118781692, 33.70674038529235], [-84.56178112852811, 33.70714000520478], [-84.56172220802861, 33.70733622895073], [-84.56061240058054, 33.70781663854245], [-84.56033547782621, 33.70793983952401], [-84.56005879312545, 33.70812419677684], [-84.55965869607432, 33.70824742945047], [-84.55935146326398, 33.70837045345502], [-84.55898179754142, 33.70846248370656], [-84.55861352869913, 33.70862970466242], [-84.55826937153736, 33.70889876014458], [-84.55765416211167, 33.70911408178972], [-84.55725403631445, 33.70923731379029], [-84.55688529316167, 33.70923716508221], [-84.55645437940473, 33.709237254755436], [-84.55599324811824, 33.708868033493076], [-84.55571641519545, 33.70877585496722], [-84.55534722288502, 33.70862198598606], [-84.55522401984211, 33.70846829532997], [-84.55503969273235, 33.7081915212788], [-84.5549166989969, 33.70779163349827], [-84.55479346541128, 33.707483954506216], [-84.55457805479605, 33.70720720941655], [-84.55433227483599, 33.706961042067896], [-84.55405541137048, 33.70671514304115], [-84.55374770155476, 33.70653066693221], [-84.55340935559457, 33.70634589300088], [-84.55294816501927, 33.70616153566745], [-84.55251746146809, 33.705915398203175], [-84.55227141381009, 33.70579231463403], [-84.55196385311469, 33.70554641525058], [-84.55171774526956, 33.7053002476258], [-84.55150218553398, 33.704931176089474], [-84.55134834544832, 33.704592979128094], [-84.55110199954963, 33.70443899055553], [-84.55076395183012, 33.70443916991194], [-84.55030276125484, 33.704438961410126], [-84.54987217717958, 33.70431596615098], [-84.54944144398401, 33.704070097665074], [-84.54922630106672, 33.703885322924506], [-84.54891811424557, 33.7035779124285], [-84.54864178707427, 33.70330092906028], [-84.54830323270495, 33.70302418469218], [-84.54802639978216, 33.70277822656558], [-84.54768832151991, 33.7024706663771], [-84.54725758832434, 33.702101355492154], [-84.54688842745496, 33.70179406416527], [-84.54630394400523, 33.701209639632495], [-84.5457197884406, 33.70050213267943], [-84.54553495378268, 33.699979340661216], [-84.5453198405098, 33.69961026868445], [-84.54513506603901, 33.69939491648824], [-84.54473581520087, 33.69872536165006], [-84.5445732470839, 33.69802864276528], [-84.54442785655179, 33.697549497553986], [-84.54416207200869, 33.69719145545984], [-84.54378363244075, 33.696681654539255], [-84.54285467562228, 33.69577592111014], [-84.541670255005, 33.69491663437015], [-84.5408341929701, 33.69447537945529], [-84.53960332316441, 33.694336036861365], [-84.53876827442913, 33.69441211681707], [-84.53827611982429, 33.69453534898215], [-84.5378453569843, 33.694658254355176], [-84.53759948719272, 33.694781427122464], [-84.5371378187137, 33.69484290992473], [-84.53673819956632, 33.69493526708308], [-84.5365537529806, 33.69536585053891], [-84.53656098801189, 33.695915264358696], [-84.53649131557677, 33.69603138368445], [-84.53618940438619, 33.696193951672676], [-84.53572492597698, 33.69635651935333], [-84.53521399927766, 33.696797775071424], [-84.53484241565195, 33.69728547675283], [-84.53461017599817, 33.697657059441475], [-84.53398312857367, 33.6973783731362], [-84.5334257544826, 33.69689067048735], [-84.53310620217646, 33.69670130480888], [-84.53277013883542, 33.69664204681066], [-84.53240112618806, 33.69658095169476], [-84.53203235249256, 33.69648844533297], [-84.53166283319538, 33.69636530191863], [-84.53141675499467, 33.696273063637484], [-84.53123218893302, 33.69614995055751], [-84.53098634968416, 33.6959654442856], [-84.53070945657424, 33.69578087782599], [-84.53043259310873, 33.695719456233824], [-84.52987916352008, 33.695657794683946], [-84.52935598380029, 33.695596432048035], [-84.52883307177845, 33.69559646119644], [-84.5282181013046, 33.695596223524696], [-84.52763379661964, 33.695596283316334], [-84.5271108549534, 33.69559631246475], [-84.52661860961875, 33.69559631246475], [-84.52621884135101, 33.6955963730038], [-84.52566499494404, 33.69553494978493], [-84.52529628053736, 33.69553497893336], [-84.52489618438454, 33.69553468146976], [-84.52452714119447, 33.69550416454047], [-84.52428091477172, 33.695350115579686], [-84.52403477638387, 33.69513503223281], [-84.52378869997979, 33.69491962098577], [-84.52341962804361, 33.69476590058158], [-84.52317343036695, 33.69485849699127], [-84.52286560287193, 33.69491962098577], [-84.5224351975614, 33.694919650881836], [-84.52212778598636, 33.69479650820877], [-84.52191228553959, 33.69461224044215], [-84.52160496379605, 33.694612269590905], [-84.52145154052867, 33.694735144957725], [-84.52114362140547, 33.69498110294174], [-84.52089748661089, 33.69504282402183], [-84.52052850270961, 33.695011978809084], [-84.52009744252727, 33.694950526023774], [-84.51975951428369, 33.694919650881836], [-84.51929802456941, 33.694765990269914], [-84.51899034529639, 33.69448909658107], [-84.51886735156097, 33.694150840574004], [-84.51871351147528, 33.693874006938046], [-84.51849818979326, 33.69362798823437], [-84.5183447090337, 33.69338173189595], [-84.51800621215656, 33.693135743174395], [-84.51769850413744, 33.69301283786602], [-84.51739100273086, 33.69292086804663], [-84.5171447466637, 33.69292053992984], [-84.51692954355929, 33.69292053992984], [-84.51659125778623, 33.69288972534684], [-84.51634521012822, 33.69279739738162], [-84.51619119127781, 33.69258222468144], [-84.51606819844069, 33.69239765917666], [-84.51591462515468, 33.692028556874966], [-84.5156991543523, 33.69184396177884], [-84.5154839225018, 33.691720818435314], [-84.51517639145081, 33.691536252575396], [-84.5149304030816, 33.691413407763655], [-84.51468411647176, 33.691290232411035], [-84.51400763385884, 33.690921371259435], [-84.51293090597277, 33.69073671623236], [-84.51243880975842, 33.690705841071264], [-84.51203895165918, 33.69085979969618], [-84.51165018326208, 33.691029750168795], [-84.51145590641222, 33.69122403076205], [-84.5112004426134, 33.691688509310765], [-84.51089853232114, 33.69201364347387], [-84.51064306762402, 33.69201364347387], [-84.51063715940438, 33.69200970603061], [-84.51029470814335, 33.691781405018226], [-84.50994634866268, 33.691456268481645], [-84.50929607888978, 33.69085244716197], [-84.50844017127358, 33.690229390664506], [-84.50794804451654, 33.6900753128142], [-84.50757909295463, 33.689921591966296], [-84.50717917466824, 33.68970641879268], [-84.50687155468403, 33.689552639731446], [-84.50659484033885, 33.689490919192785], [-84.50628725089736, 33.68955287816732], [-84.50591790946662, 33.68992168165969], [-84.50567189235132, 33.690229093182595], [-84.50521058140178, 33.69053671214153], [-84.50481084277844, 33.6907829983083], [-84.50425690743828, 33.6909057244313], [-84.50401133498906, 33.690905755076194], [-84.50348827474521, 33.69084424254926], [-84.50287282636765, 33.69059840352644], [-84.50256532675768, 33.69041380760069], [-84.50207305177861, 33.69032142016988], [-84.50153928271826, 33.69003960967654], [-84.50123736973104, 33.68959835438485], [-84.50081934051022, 33.68866939759762], [-84.50065833546185, 33.68826064900544], [-84.50038162111667, 33.68792233335178], [-84.50016606048278, 33.68764570837594], [-84.49998167408418, 33.68721509371271], [-84.49985838120975, 33.68703049874242], [-84.49967405409997, 33.68684590337566], [-84.49945876116404, 33.68672302794067], [-84.4990590521851, 33.686599824936536], [-84.49881258681049, 33.6866614563596], [-84.49825927759608, 33.68672252115425], [-84.49782863333371, 33.68690729617902], [-84.49758228743502, 33.68718409993395], [-84.49721327299105, 33.68727660659471], [-84.49699807258159, 33.68764570837594], [-84.49715191266725, 33.687891726266145], [-84.49733635835464, 33.68816835119767], [-84.4973362092343, 33.688475763012235], [-84.49730530449358, 33.68863001938231], [-84.49715188212453, 33.68878347121429], [-84.49687492882748, 33.688875977648586], [-84.4965365235785, 33.6889064954368], [-84.49607524317167, 33.68881437696419], [-84.49579837970617, 33.68866062695251], [-84.49555236079424, 33.68856829818111], [-84.49524468152124, 33.688445363916905], [-84.49499857457442, 33.688383881769674], [-84.49475267513843, 33.68838385261882], [-84.4944141207691, 33.68832231063088], [-84.49413734713511, 33.68838367322884], [-84.49376827519896, 33.6885067570727], [-84.49352234611857, 33.68862984148778], [-84.49346086362388, 33.688783560908874], [-84.49355286368538, 33.68918329948044], [-84.4936761853059, 33.68961391325221], [-84.49373754832466, 33.689983045358076], [-84.49364525092079, 33.690167879148376], [-84.4934605357388, 33.690229271821266], [-84.49306079711548, 33.69035205703543], [-84.49278408187199, 33.690382843378124], [-84.49152976244413, 33.690736326817365], [-84.49025244524671, 33.691200805759685], [-84.4894860565452, 33.69171173343393], [-84.48911447291951, 33.69217621158904], [-84.48864999451028, 33.69280325864712], [-84.48816229015938, 33.69336063312455], [-84.4877210367935, 33.6937089927662], [-84.48739590145789, 33.69377866422609], [-84.4869778695421, 33.69377866422609], [-84.48644769014962, 33.69353545328143], [-84.48632451675113, 33.69341254854475], [-84.48614001087661, 33.69328931551684], [-84.48595547445937, 33.693166440324795], [-84.48577111770517, 33.692982143650475], [-84.48544762628653, 33.69274610493826], [-84.48539864295071, 33.69271036329681], [-84.4851431782536, 33.69245489981832], [-84.48490509865216, 33.69220548224803], [-84.48465547659764, 33.69194397357268], [-84.48429467994185, 33.691505348551736], [-84.48411014442294, 33.69138250369582], [-84.48392539959656, 33.691228425670545], [-84.48367938068463, 33.69089034742489], [-84.48346405900261, 33.690459704171424], [-84.48331027910407, 33.690213626361974], [-84.4831255935665, 33.68990612658526], [-84.48291024313838, 33.68959859581043], [-84.48275667075067, 33.68929088678943], [-84.48263355753929, 33.68904483852128], [-84.48257216487616, 33.688921963240055], [-84.48260259081482, 33.68876824257162], [-84.48263343896168, 33.688614254038946], [-84.48257207504462, 33.688368236721914], [-84.48232599774221, 33.68818384903216], [-84.48217221784367, 33.68806067577807], [-84.48192631840767, 33.68793777143372], [-84.48168024020697, 33.68787596153482], [-84.48140310904348, 33.68756870005784], [-84.4807880774842, 33.686891918457164], [-84.48008065958787, 33.685969357749194], [-84.47980167070838, 33.685325150159045], [-84.47975522421495, 33.6849071190504], [-84.47989456908518, 33.68462843176101], [-84.47989456908518, 33.68437296817932], [-84.47984811989679, 33.684117504585956], [-84.47968555177981, 33.683862042475866], [-84.47968555177981, 33.683606578111636], [-84.47977268207417, 33.68320110866034], [-84.47977244402063, 33.68304729927273], [-84.47952690301244, 33.68283188762805], [-84.47887271299162, 33.68288663647568], [-84.47838863244458, 33.68286261312636], [-84.47780447687992, 33.68283188762805], [-84.4776195532888, 33.68283203638184], [-84.47734286858802, 33.68320110866034], [-84.47718917852102, 33.68350852029991], [-84.47694319015181, 33.6837547473709], [-84.47663533121573, 33.68393919314913], [-84.47626584246129, 33.68393928284877], [-84.47586655119896, 33.68393919314913], [-84.47552808486452, 33.6839699189992], [-84.4752822761584, 33.684062157778094], [-84.47503593025971, 33.68406230652976], [-84.47466691761234, 33.68393931274864], [-84.47442101817637, 33.68372381139682], [-84.47417485104243, 33.68357021074937], [-84.47380554105273, 33.68332407285009], [-84.47364941565296, 33.68321246697085], [-84.47350798219968, 33.68316532417936], [-84.47295060810862, 33.68295630848631], [-84.47271105527012, 33.68278606173484], [-84.4726254736713, 33.682515053458836], [-84.47260224862795, 33.682189917749035], [-84.47267192106308, 33.68174866252542], [-84.47271836935316, 33.68149320085108], [-84.4726762482478, 33.681366837315586], [-84.47267192106308, 33.68135385589696], [-84.47243968320593, 33.68133063346017], [-84.47206809778359, 33.68128418408269], [-84.47153394873588, 33.6810519457891], [-84.4709451129486, 33.68066353029255], [-84.47060682627723, 33.680540506232845], [-84.47011728756652, 33.68003009148902], [-84.4695366893304, 33.6797746284458], [-84.4695366893304, 33.67961206079533], [-84.4696528091573, 33.679379821722605], [-84.4696528091573, 33.67917080579655], [-84.46939734535849, 33.67859020657517], [-84.4691651048064, 33.67824184844968], [-84.4689793134427, 33.67773092144327], [-84.46886319451413, 33.67738256133151], [-84.46853806007681, 33.67705742789096], [-84.46812002816105, 33.67689485958829], [-84.46760910146173, 33.67689485958829], [-84.4672607437777, 33.67701097919509], [-84.46691238429705, 33.67724321868577], [-84.46637823345269, 33.677359338569644], [-84.46599281038172, 33.67737475537437], [-84.46579763341995, 33.67738256207909], [-84.4650080205734, 33.67756835366644], [-84.46456676541091, 33.67752190674165], [-84.464461746066, 33.67735687612671], [-84.46440419729393, 33.67726644297408], [-84.46433452575712, 33.6770342042937], [-84.46400939131982, 33.67694130834688], [-84.46371673547162, 33.67703432240768], [-84.463470569236, 33.677126500600224], [-84.46322455032409, 33.677157256544646], [-84.46294786562332, 33.67709568484028], [-84.46260922142244, 33.676849756409794], [-84.46239410814955, 33.676726523556916], [-84.46233262565488, 33.67654216621544], [-84.46224017913069, 33.67623439774825], [-84.4619633758523, 33.675865355368195], [-84.4617173874831, 33.67568096852039], [-84.46147107033052, 33.67549619403581], [-84.46119420686499, 33.675250354477285], [-84.46100999833284, 33.67506569867926], [-84.46067153379504, 33.67500409781691], [-84.46033321747926, 33.675004187525865], [-84.46002562624113, 33.674881193494976], [-84.45987184813923, 33.67466593109031], [-84.4598656524587, 33.67465895544517], [-84.45973618546333, 33.67427055517566], [-84.45917881137227, 33.673806075956776], [-84.4585982113395, 33.673643508235536], [-84.4581490042901, 33.673650923543796], [-84.45738010479741, 33.673620226899736], [-84.45691876510176, 33.67358941137842], [-84.45648803100788, 33.67358944128189], [-84.45618050085518, 33.67355871546], [-84.4557809418949, 33.67352795897603], [-84.45544265522354, 33.673527780302656], [-84.45507313592636, 33.673558685556515], [-84.45470406399019, 33.67358932166799], [-84.45397664600235, 33.67378285297661], [-84.4533031529827, 33.673829299678275], [-84.4529083470086, 33.673991867795884], [-84.45265288320977, 33.67415443560611], [-84.45207228317703, 33.674456346011276], [-84.45185181145348, 33.674731937665285], [-84.45160780476779, 33.67503694623312], [-84.4512129987937, 33.67524596099454], [-84.45016792214835, 33.67559432004399], [-84.4492621876783, 33.675849783546425], [-84.44877448422571, 33.6758730082111], [-84.44756683946339, 33.6758730082111], [-84.4468004507619, 33.675687215950866], [-84.44605279013746, 33.675542508239786], [-84.44581507165877, 33.675542508239786], [-84.44532291525731, 33.67554247758946], [-84.44501502847346, 33.67551169265977], [-84.44464613530204, 33.67548087706866], [-84.44428344050607, 33.675347064118], [-84.44416134059433, 33.67550024736131], [-84.44379518908116, 33.67574373286124], [-84.44349004305725, 33.67607954575224], [-84.44318483684621, 33.676475946479776], [-84.44275762055497, 33.67659488719862], [-84.44211654324235, 33.676624660291345], [-84.44168953446193, 33.67656442932982], [-84.44132332365994, 33.67644525009657], [-84.44065956658133, 33.676476602091384], [-84.4402931177258, 33.67644912396251], [-84.44047824882776, 33.67746449468383], [-84.44069292102785, 33.67801651077965], [-84.44090759232961, 33.6784765223578], [-84.44060091737308, 33.679580553709066], [-84.44057025068591, 33.680776586687905], [-84.44069292102785, 33.681297933214665], [-84.44118579158994, 33.68206938583959], [-84.44139827369735, 33.68240196496414], [-84.44213429395236, 33.68286197849365], [-84.4424103004251, 33.683229986946934], [-84.44231829946527, 33.683597997562366], [-84.44146059432019, 33.68384638987759], [-84.44110225006516, 33.68408978596301], [-84.44067479572035, 33.68405980466153], [-84.44040010707616, 33.684029525846256], [-84.44027803770713, 33.684452510369525], [-84.44000343889446, 33.68494144669958], [-84.43988115931967, 33.68521550902777], [-84.43927137392166, 33.68582568242197], [-84.43863023732023, 33.685825413328985], [-84.43805013405583, 33.68588716490411], [-84.43814171729905, 33.685978031496624], [-84.43844701244329, 33.68612695386333], [-84.43878237779337, 33.686249203017454], [-84.4392099219697, 33.6862188935793], [-84.43969832341327, 33.68655402123383], [-84.43988148810305, 33.68734819379543], [-84.4396377940311, 33.687835759999274], [-84.43902684711142, 33.688198721987575], [-84.4385081966973, 33.68844250563893], [-84.4378672083179, 33.688625729732244], [-84.43740935498388, 33.68868628785141], [-84.43726442528752, 33.689113951678806], [-84.4372035096298, 33.689540602080974], [-84.43662340726371, 33.69014734764449], [-84.43613569303133, 33.690544046764174], [-84.43540273423483, 33.69109380982003], [-84.43494500037674, 33.691490479158304], [-84.43482272080196, 33.691612192250716], [-84.43470097841971, 33.691857136692], [-84.43454815163369, 33.692128040024166], [-84.43431921059364, 33.69240180438576], [-84.4343194199011, 33.69258529733169], [-84.43453310215773, 33.69273788481046], [-84.43483839730199, 33.692951597412765], [-84.43477700463883, 33.693226226900805], [-84.43459428641174, 33.693226553521626], [-84.43438054396798, 33.69325656525932], [-84.4341059460536, 33.6933177195425], [-84.43386144709115, 33.69359258628519], [-84.43386219269284, 33.693775244819726], [-84.43407524882372, 33.69398493452695], [-84.43447242545187, 33.69438222880497], [-84.43438686271767, 33.694438823861184], [-84.43428919967663, 33.6945033750058], [-84.43398393417678, 33.69425959285108], [-84.43373943611262, 33.693954952940025], [-84.43358714651914, 33.693714388332005], [-84.43325887336823, 33.693591900907606], [-84.43283168672141, 33.693562217401364], [-84.43237380374299, 33.69359249659564], [-84.43191624954795, 33.693623103893366], [-84.43139712212843, 33.69359252723958], [-84.43106145853768, 33.69356165160964], [-84.43081752641217, 33.69365314464164], [-84.43026832878681, 33.69404555239961], [-84.42996270575748, 33.69432128305832], [-84.42963485032317, 33.69487009292985], [-84.42923806176724, 33.69538901163425], [-84.42887164345441, 33.695873091224094], [-84.42871908526465, 33.69620887331696], [-84.42887170274322, 33.696514347542845], [-84.4292075154543, 33.69694126538991], [-84.42951286988738, 33.697276779483], [-84.42965788851696, 33.69767070730064], [-84.42977957071207, 33.698005297779964], [-84.42965794780577, 33.69852427602382], [-84.42936007364406, 33.69873816780307], [-84.42881084637429, 33.69873816780307], [-84.42832250511786, 33.698799023722216], [-84.42762080948987, 33.69922650867677], [-84.42697967199013, 33.69977233739151], [-84.42658312238605, 33.700199524539805], [-84.42618639401724, 33.70044330777812], [-84.42633895130868, 33.700809042247585], [-84.42655242605447, 33.70120568093755], [-84.42679650640201, 33.70163033419216], [-84.4269795830569, 33.702087262922795], [-84.42697979056774, 33.7025750683511], [-84.42701042850882, 33.703002284160455], [-84.42701045815323, 33.70345665122981], [-84.42705596590721, 33.704036992054924], [-84.42693392528429, 33.70434133241491], [-84.42699502060509, 33.70473797198377], [-84.4271170019392, 33.70498312636796], [-84.42717806581895, 33.7054672348521], [-84.42702559746071, 33.70589471950631], [-84.42687297998215, 33.70644308254657], [-84.42681179572816, 33.70699314442678], [-84.42681185591526, 33.707599532102705], [-84.42693386599548, 33.708119046478664], [-84.42705599644992, 33.70842332828522], [-84.42705599644992, 33.7089425439973], [-84.4269339261826, 33.70942692085478], [-84.42693401511582, 33.71022016987271], [-84.42672057091272, 33.71064711824699], [-84.42635418044769, 33.7107082429643], [-84.42566584007304, 33.71089208389427], [-84.42517515960358, 33.711352096610206], [-84.42446980783238, 33.71211878322864], [-84.42443913934859, 33.712609463137184], [-84.42451937417482, 33.712978545018466], [-84.4248359314978, 33.71308128355957], [-84.42514122664204, 33.71332509599512], [-84.42535505801901, 33.713751984845395], [-84.42535490889868, 33.7140574280717], [-84.42541567633438, 33.71469805995949], [-84.4252938441206, 33.71536563194786], [-84.4252786149816, 33.71585394329854], [-84.42549173219793, 33.716098202916406], [-84.42549229723824, 33.71646402689379], [-84.4251870326367, 33.71643428404138], [-84.42485121992563, 33.71631140907663], [-84.42457638305937, 33.71631137918803], [-84.42424071946864, 33.71634225411362], [-84.42405785212118, 33.71673972818687], [-84.42417971397937, 33.717070920804], [-84.42469857280264, 33.71765099404131], [-84.42506484379174, 33.718047603522834], [-84.42530898432639, 33.71871910885019], [-84.42506490308057, 33.719142898434875], [-84.42460707939095, 33.718959732699], [-84.42424083894457, 33.71883742398512], [-84.42411924568265, 33.719081236513865], [-84.42381362265331, 33.7196003638737], [-84.42366118393949, 33.720576210864444], [-84.42320327131667, 33.72124455828986], [-84.42286748735168, 33.72185491066435], [-84.42237947487864, 33.722311809497654], [-84.42171533062616, 33.72319348116332], [-84.42122713759174, 33.72365148388568], [-84.42061675571239, 33.724169866346756], [-84.42022008753067, 33.72468446214857], [-84.42009795707622, 33.725173340618916], [-84.41976223419667, 33.72602768349075], [-84.41954867051766, 33.726210282017014], [-84.41915188286002, 33.726333425227644], [-84.4185719889031, 33.726301953951435], [-84.4181142541467, 33.72645451216844], [-84.41775561344762, 33.7268175650125], [-84.41711477418855, 33.72736646385579], [-84.41638235168627, 33.727916197450654], [-84.41580233915171, 33.72849135239975], [-84.41494817426717, 33.72968231308958], [-84.41452077921117, 33.73044063294333], [-84.41433755433425, 33.731051820163714], [-84.41452069027797, 33.73169274807761], [-84.41473446236613, 33.732149648330015], [-84.41500897134728, 33.73257400362906], [-84.41506994629383, 33.73287888084192], [-84.41500921029915, 33.73315347978186], [-84.41458178470045, 33.73318378909549], [-84.4141013710764, 33.733152734954466], [-84.41373501115407, 33.73333727040658], [-84.41339931791892, 33.73367186087962], [-84.41318575423989, 33.734068739236484], [-84.41291109613842, 33.734279024585305], [-84.41269726476143, 33.73491935689794], [-84.41269726476143, 33.73589627728243], [-84.4126059797589, 33.73647176048181], [-84.41269744262786, 33.737082142020604], [-84.4128195137935, 33.73796736122177], [-84.41312471910624, 33.73872600900442], [-84.41342977529862, 33.73955037080147], [-84.41382644527694, 33.74024875850831], [-84.41413162094527, 33.74095024581115], [-84.41430721643049, 33.741469283470245], [-84.41419268662165, 33.74204491528556], [-84.41361284925858, 33.741682549114785], [-84.41333828278523, 33.74156026979528], [-84.4128194841491, 33.74150021806968], [-84.41187332010136, 33.74134727201869], [-84.41092718569806, 33.741316606283235], [-84.41008035196455, 33.74162213966428], [-84.40937862579383, 33.74177439948508], [-84.40876806604805, 33.74195351190617], [-84.40840191363657, 33.74201460686144], [-84.40800509633452, 33.74183534516933], [-84.40763888553253, 33.74165244822707], [-84.40715078232964, 33.741438109820855], [-84.40660122807313, 33.74131604005919], [-84.40609014776189, 33.74171270900447], [-84.40544921777298, 33.742258152607334], [-84.40486917559403, 33.742747207342134], [-84.40435058536703, 33.743388047140954], [-84.40408629831549, 33.7436332607223], [-84.40386209588858, 33.74384145948054], [-84.40325180294242, 33.744207670907805], [-84.40252695054303, 33.74466546361873], [-84.40161133370654, 33.745123614669865], [-84.40103185746622, 33.74533729849078], [-84.40081820485399, 33.745699336992054], [-84.40072638355723, 33.7461576072619], [-84.4005127605894, 33.74655415671256], [-84.3999633841993, 33.747286966404396], [-84.3995667753064, 33.74783154470695], [-84.39913958865958, 33.748656115525236], [-84.39901760732545, 33.74932726407978], [-84.39878085812896, 33.749842575435345], [-84.3982772886318, 33.75002904984599], [-84.39806390281925, 33.75021188635069], [-84.39769730484336, 33.750394931602735], [-84.39717862478483, 33.75042571808068], [-84.39669028352839, 33.7506084364737], [-84.39635453100443, 33.750818154702365], [-84.39589709538703, 33.751123867852], [-84.3954695512107, 33.75136803828883], [-84.39483637098775, 33.75185578328664], [-84.39428720300678, 33.75237514781752], [-84.39355451190822, 33.75285931691908], [-84.39297491709029, 33.75319498071585], [-84.39239538066283, 33.753470324251595], [-84.39184537814698, 33.753713838959484], [-84.39133420980087, 33.75383644675997], [-84.39093748053372, 33.754049831028446], [-84.39056393858071, 33.754079633291745], [-84.39072541973619, 33.75449003514083], [-84.39072541973619, 33.75485204471012], [-84.39086117493856, 33.755191429113566], [-84.39142681622518, 33.75571182055348], [-84.39237709545523, 33.75661684701116], [-84.39281458128681, 33.75723432822458], [-84.39308926813437, 33.757661812727875], [-84.39321145787764, 33.75799756601567], [-84.39344028034007, 33.75827222420302], [-84.3937757660644, 33.75857742980432], [-84.39417261390915, 33.75887867230889], [-84.3944168137326, 33.75948905346064], [-84.39483628205453, 33.760129833121056], [-84.39544681215592, 33.760679149888226], [-84.39611819862623, 33.76122527793049], [-84.39657611124903, 33.76171311173245], [-84.39697263210702, 33.76226263642284], [-84.39718652277281, 33.76283844829372], [-84.39726423872298, 33.76397018583991], [-84.39737736626167, 33.764920464346794], [-84.39760362313565, 33.76548610504649], [-84.39810138861772, 33.766866269711905], [-84.39831525682563, 33.76743903370222], [-84.39857652733443, 33.76842744072355], [-84.39893853761414, 33.769241963763484], [-84.39945892716666, 33.76989810878679], [-84.39947210545188, 33.76991200054786], [-84.40029607616309, 33.77078050930726], [-84.40095222181628, 33.77134615165014], [-84.40113098116794, 33.771795388266874], [-84.40125302179085, 33.7723717065859], [-84.40161932332268, 33.77273690306904], [-84.4021992163813, 33.77304240737261], [-84.40255782743598, 33.773042884527385], [-84.4031376028153, 33.77304294351834], [-84.40353412277497, 33.77316495392303], [-84.40414474270787, 33.77350046875899], [-84.40466345151249, 33.77371447910495], [-84.40521279825819, 33.773897108281425], [-84.40567074052542, 33.77419891596193], [-84.40615136255863, 33.7746862443151], [-84.40642560474014, 33.77517532987391], [-84.40663964452625, 33.77587738415296], [-84.40700585622655, 33.776483175289734], [-84.40740243547503, 33.77678885813298], [-84.40764666584121, 33.77687975470786], [-84.40819583292387, 33.77718546749674], [-84.40886754817755, 33.77791750162646], [-84.40929476357049, 33.77840184900849], [-84.40960005871474, 33.77882900616587], [-84.40984408067177, 33.779043016640294], [-84.41011149745376, 33.7795925713162], [-84.41056881449354, 33.78029030357684], [-84.41105712520728, 33.78096115367023], [-84.41148434149852, 33.781602261825185], [-84.41215578815596, 33.782117454556264], [-84.41273553299253, 33.782544581984006], [-84.41325462986937, 33.7827888712212], [-84.41369671777014, 33.782880274367436], [-84.41393316962427, 33.78300270306203], [-84.4142999760093, 33.78333785980839], [-84.41478807921219, 33.78367385072034], [-84.41533742505956, 33.784036694935345], [-84.41594786712604, 33.78437182150339], [-84.41643602871943, 33.78458550380084], [-84.41698534582073, 33.78479891902232], [-84.4177101676774, 33.78504383421323], [-84.41862614294169, 33.78522673116147], [-84.41954149118189, 33.785471259130055], [-84.42027397297299, 33.78565320174301], [-84.42118944068915, 33.7859246123874], [-84.42197517910185, 33.78626066333149], [-84.42267723315764, 33.78644317317963], [-84.42356221295138, 33.78665766037216], [-84.42447780104179, 33.78671842706654], [-84.42521028283288, 33.786778687522094], [-84.42611836010919, 33.78683960345074], [-84.42678947798322, 33.78690120396857], [-84.42733885437333, 33.78683972216027], [-84.4275981647582, 33.78668770066104], [-84.42784227475013, 33.78656512418089], [-84.42808656440513, 33.78629112036555], [-84.4283919790253, 33.78604715917352], [-84.42866654819359, 33.78586366669004], [-84.42900239054909, 33.78565391774311], [-84.42945237643782, 33.785470304959], [-84.42989981470443, 33.78538144007664], [-84.43022982968867, 33.78541930979959], [-84.43115748305166, 33.785577690203844], [-84.43179100014285, 33.785645569136776], [-84.4322435138908, 33.785645569136776], [-84.43253483124924, 33.78586390485844], [-84.43298478659527, 33.786504743371815], [-84.43335108722879, 33.78693124491863], [-84.43383966653877, 33.78723716522138], [-84.43602200045235, 33.78804388822581], [-84.43642926156788, 33.788270145107745], [-84.43631613402918, 33.7887000310884], [-84.43611250212396, 33.78955980628029], [-84.43602200045235, 33.790306453285], [-84.43613512709271, 33.79064583912095], [-84.43676864777716, 33.791573489911144], [-84.43733428816549, 33.79243326760365], [-84.43787730268676, 33.793202537498246], [-84.43821668889603, 33.793881308006846], [-84.4383042791278, 33.79464042025615], [-84.43827213740694, 33.794881016238975], [-84.43828456559889, 33.79555560633761], [-84.43848819750414, 33.79603074715846], [-84.43885020778384, 33.79659638773179], [-84.43918959309482, 33.79698102387411], [-84.43973662488203, 33.797165871337455], [-84.44010340162265, 33.797345280828765], [-84.44064565527086, 33.79758930314173], [-84.44129377896856, 33.79775029619911], [-84.44194992462175, 33.797976552064334], [-84.44227622686893, 33.79799468090467], [-84.44235718573728, 33.79799917784187], [-84.44253819087714, 33.79818018384721], [-84.44267394428287, 33.79851956982196], [-84.44267394428287, 33.79899470688066], [-84.44258344261127, 33.799628227067444], [-84.44235398503993, 33.80042395109433], [-84.44238474066032, 33.801061362536196], [-84.44272034496225, 33.80151835216897], [-84.44308667524017, 33.80203789641167], [-84.44366636078796, 33.80243483298215], [-84.44406338649914, 33.80264759235796], [-84.44466500261795, 33.802908947301574], [-84.4447555069845, 33.80306732670271], [-84.44486863452317, 33.80351983958177], [-84.44511751726424, 33.80419860889248], [-84.44544383118951, 33.805020483088015], [-84.44574933384459, 33.80560091387323], [-84.44611304553345, 33.80632542140877], [-84.44622617397044, 33.80684581277182], [-84.44620354810337, 33.807411453525816], [-84.44636192917281, 33.80824860283159], [-84.44656555928141, 33.808972623682806], [-84.44658818425016, 33.80953826455836], [-84.44649768257855, 33.810103907665486], [-84.44638455414155, 33.81030753746247], [-84.4460904205647, 33.81044329263042], [-84.4456605335821, 33.81071479933444], [-84.44510834636351, 33.81108260438808], [-84.44452877849501, 33.81132677562035], [-84.44389521289479, 33.81147846899012], [-84.44377318305165, 33.8115465430909], [-84.44369210021578, 33.811778205854885], [-84.44364684937997, 33.81216284243087], [-84.44371472608285, 33.812615355723466], [-84.44359030492443, 33.81300121930401], [-84.44340696057156, 33.81333601827531], [-84.44301332869554, 33.8136108856473], [-84.44296807875803, 33.813950268641605], [-84.4429907046251, 33.814402783674616], [-84.44296807875803, 33.81492317292862], [-84.44288466659066, 33.81538194619997], [-84.44287757618811, 33.81542093785143], [-84.44280970038356, 33.81582819926355], [-84.44288840088728, 33.81601778188643], [-84.44304086924552, 33.816231135909575], [-84.44340728935495, 33.81632331537062], [-84.44395663520235, 33.81635344525842], [-84.4443837931031, 33.81629306531086], [-84.44507785844105, 33.81617096485225], [-84.44547491469496, 33.8162011843551], [-84.44611560573202, 33.81650266529312], [-84.4472217040363, 33.81711786091898], [-84.44717645320048, 33.81757037486776], [-84.44744796001196, 33.81822651975922], [-84.44778734442461, 33.819131544726346], [-84.44810410566515, 33.81971981384237], [-84.44828232512933, 33.82000825327275], [-84.4486409065396, 33.82034054931246], [-84.44900717752871, 33.82085890085344], [-84.44915988394048, 33.821286177524044], [-84.44925146718369, 33.821835792376156], [-84.44967874366206, 33.822109883901945], [-84.44998397861919, 33.822228079491005], [-84.44980069445346, 33.82274747484187], [-84.44967916048036, 33.82320514866068], [-84.44971052695513, 33.82345304654716], [-84.44984628125918, 33.82372455524146], [-84.45023091650764, 33.82383768286337], [-84.45054767684987, 33.82390555906614], [-84.4507435733622, 33.824131593530105], [-84.45084181042672, 33.82424494449589], [-84.45115856987064, 33.82440332544437], [-84.45149795518161, 33.824425950950406], [-84.45199571886707, 33.824290195585704], [-84.45262923685655, 33.82424494449589], [-84.45307087559968, 33.824231560807554], [-84.45337887826622, 33.824342583267004], [-84.45398677810044, 33.82456170386078], [-84.4544845417859, 33.82487846429105], [-84.45464292105869, 33.82514997069816], [-84.4547560512923, 33.825511980885004], [-84.45477097680075, 33.82564632088917], [-84.45480130212812, 33.82591924275199], [-84.45471079955819, 33.826236003377055], [-84.45468817458945, 33.82643963432123], [-84.45477867626106, 33.82666588969372], [-84.4547966865842, 33.82714491586616], [-84.45656610269091, 33.82702790092494], [-84.45684610037844, 33.827059900875156], [-84.45735800085153, 33.8271184031201], [-84.45801414650471, 33.82736728590164], [-84.45834948400702, 33.8276281041482], [-84.45891917220399, 33.827616168704964], [-84.45932643421784, 33.827819799347076], [-84.45975632209873, 33.82856644610916], [-84.4603672160178, 33.83019549313979], [-84.46084235473452, 33.83114577097696], [-84.46084235473452, 33.83157565947042], [-84.46081972886745, 33.83207342372903], [-84.46081972886745, 33.83259381365714], [-84.46109009122524, 33.832902800277274], [-84.46113648831137, 33.83295582441213], [-84.46140799512284, 33.833046326301655], [-84.46186050976912, 33.833046326301655], [-84.46210939161185, 33.8329784498935], [-84.46244877602449, 33.83282007065192], [-84.46288591420806, 33.832828767608675], [-84.46322092292695, 33.8330433437494], [-84.46376314603246, 33.83331722697718], [-84.46425124923535, 33.83353153550064], [-84.46504512099465, 33.83377087821113], [-84.46617442278273, 33.83419910890565], [-84.46705898665648, 33.834503985705794], [-84.46790608808791, 33.83474824602312], [-84.46869963375877, 33.83496204579431], [-84.46937087290537, 33.83523593182845], [-84.46967613750691, 33.835449464740826], [-84.47004243903874, 33.835904040359], [-84.4702865795734, 33.836270132073366], [-84.47059166361356, 33.836544729490214], [-84.47098866147694, 33.836636521432325], [-84.47153720063721, 33.836705135878276], [-84.47158954457049, 33.83671168273636], [-84.47172529707791, 33.83684743777756], [-84.4717479238433, 33.837073693213206], [-84.4715442937347, 33.83736782774176], [-84.4713180359624, 33.83750358099458], [-84.47118176512706, 33.83756800058917], [-84.4711596566896, 33.83766196125804], [-84.47122753429079, 33.83784296616795], [-84.47149904200057, 33.838114474679344], [-84.47165742127338, 33.83838598307436], [-84.47192689968894, 33.83892101873349], [-84.47218620917548, 33.839378752962205], [-84.47249147467532, 33.83971024399468], [-84.47285786424204, 33.839710928950794], [-84.47328514072042, 33.839710720777845], [-84.47371220789132, 33.83974186463561], [-84.47420048896065, 33.83977244141639], [-84.47459715893896, 33.83971110802425], [-84.47541328017122, 33.83965301955111], [-84.47579791631799, 33.83947201325183], [-84.47623768746364, 33.83946640077452], [-84.47652193867405, 33.83938151145072], [-84.47669732754677, 33.83928707140989], [-84.47681607225091, 33.83922313213542], [-84.47720070839767, 33.83922313213542], [-84.47758534544278, 33.83931363410426], [-84.47821886163565, 33.839449387250895], [-84.47870644830725, 33.839600706912144], [-84.47919041297163, 33.83964962610626], [-84.47955668306243, 33.83952803205257], [-84.4801366964953, 33.839467145423875], [-84.4804114147839, 33.8393181340925], [-84.48074669120078, 33.839195646432785], [-84.48123809750896, 33.83899644962551], [-84.48147920263627, 33.839012690232444], [-84.48178455706932, 33.8391656059234], [-84.48229148267237, 33.839245758196206], [-84.48269874558451, 33.83967564475198], [-84.48297025149768, 33.8399245260428], [-84.4833322626757, 33.840241285510764], [-84.483715313296, 33.84039025121066], [-84.48373952379123, 33.84039966666983], [-84.48403227665749, 33.840511190425445], [-84.48421466250794, 33.84058067100428], [-84.48428405466869, 33.840655399814196], [-84.48450879698309, 33.84089743027859], [-84.48498091646213, 33.84156823953979], [-84.48562217343782, 33.84202603345522], [-84.4862327331836, 33.842240133612805], [-84.48672074655497, 33.8426062556368], [-84.48768991915206, 33.843216725615534], [-84.48845250079337, 33.84394512475911], [-84.4891854299455, 33.844494828962574], [-84.48942951029302, 33.84495250274574], [-84.4895821583143, 33.845680812483515], [-84.48985669693985, 33.84610790914143], [-84.49013156345049, 33.84653530433461], [-84.49052802412136, 33.846992621008496], [-84.49091709435237, 33.84723327492248], [-84.49149710688692, 33.84741626127089], [-84.49216879249622, 33.847447494087106], [-84.4927788159478, 33.84763012260894], [-84.49332825252502, 33.847691456285624], [-84.49393869279487, 33.84787411487477], [-84.49451080734144, 33.84802691025881], [-84.49493922737517, 33.8480697643308], [-84.49532386442024, 33.84797926268289], [-84.49566324973124, 33.84779825611512], [-84.49602526001095, 33.84782088139751], [-84.49612087938473, 33.847896011228606], [-84.49634201945487, 33.8480697643308], [-84.49679439306563, 33.84882951854595], [-84.49681715817157, 33.849201048103566], [-84.4967492814687, 33.8494725540992], [-84.49636464622024, 33.84999294626125], [-84.49607051174509, 33.85026445272432], [-84.4957311255358, 33.85062646397834], [-84.49543699375558, 33.85114685507932], [-84.49541104771522, 33.85158915398759], [-84.4951671452341, 33.852169464162756], [-84.49493922827348, 33.852459142924964], [-84.49482610073481, 33.852753276715994], [-84.49475822403194, 33.85307003413234], [-84.4945545912284, 33.853318918185266], [-84.49421520861236, 33.85352254801815], [-84.49385319743432, 33.85390718480126], [-84.49352661581112, 33.854057620941546], [-84.49325201789675, 33.85405756051442], [-84.49300745784885, 33.85384376002806], [-84.49273321926059, 33.85363037453857], [-84.49239737600679, 33.85350776789037], [-84.49235717639783, 33.853517915986664], [-84.49224677614436, 33.85363567723408], [-84.4922241502773, 33.85390718480126], [-84.4924277803859, 33.85433707368545], [-84.49249565619044, 33.854721707546574], [-84.49245040535463, 33.85485746306897], [-84.49233727871429, 33.85519684869288], [-84.49216873230911, 33.855427395782804], [-84.49188476496631, 33.855671987196], [-84.49170375802983, 33.85585299125395], [-84.49170375802983, 33.856101874657604], [-84.49174900976395, 33.85659963854303], [-84.49197526663792, 33.85723315724148], [-84.49206943163927, 33.85731947529517], [-84.49224677614436, 33.85748203886107], [-84.49240515451883, 33.85784404936491], [-84.49259600878746, 33.85832239426944], [-84.49267666312694, 33.85872645099887], [-84.49256353379162, 33.85911108597934], [-84.49240515451883, 33.859518348125164], [-84.49238252955008, 33.859902984014596], [-84.49233727871429, 33.8601971182791], [-84.49211102094199, 33.86060437972123], [-84.49213364591074, 33.86089851455357], [-84.4922241502773, 33.86128315093996], [-84.49208131904543, 33.86131420114955], [-84.49170375892814, 33.861396276589645], [-84.4910928668057, 33.86171303850235], [-84.49076456670534, 33.86194620864795], [-84.4907212418575, 33.86223371264852], [-84.49079873322887, 33.862504936278356], [-84.4910928668057, 33.86277644474093], [-84.49154538055367, 33.863138455178735], [-84.49235990368302, 33.86431499006322], [-84.4930230175679, 33.86566190300185], [-84.4934196866479, 33.86621113030203], [-84.49369461244733, 33.866633965142526], [-84.4937864040997, 33.867305380861204], [-84.49384702241507, 33.86773343229148], [-84.49403042515843, 33.8683091544442], [-84.49436599981595, 33.86852197218333], [-84.49469379506314, 33.86870630027088], [-84.49534649118564, 33.86899849996825], [-84.4954822454897, 33.86924738384399], [-84.49557274895794, 33.86965464537871], [-84.49554852678462, 33.869834139233255], [-84.4954569740841, 33.87034951067792], [-84.4953655381646, 33.87068487640364], [-84.49545679442107, 33.87102089791974], [-84.49557892487552, 33.87129615187864], [-84.49573178130595, 33.87166164739804], [-84.49597577272026, 33.87211616309752], [-84.49612845038597, 33.87208862607229], [-84.49643350657834, 33.87214662088679], [-84.496830325677, 33.87229885074758], [-84.49734909466875, 33.87242074273873], [-84.49771548423547, 33.87254296273096], [-84.4982038245936, 33.87269537088925], [-84.49862320308398, 33.87293989866832], [-84.49908090729765, 33.8730614928964], [-84.49953896993912, 33.87327595009112], [-84.49993563901913, 33.873489246213026], [-84.50336153593334, 33.87503011490509], [-84.5034832783156, 33.875091686961355], [-84.50375778819506, 33.87527395729087], [-84.50412361092484, 33.87551833672104], [-84.50458212002901, 33.87551860521866], [-84.50500158835094, 33.87542645678419], [-84.50561202951911, 33.8754573318013], [-84.50619210134248, 33.875671342193144], [-84.50671021456405, 33.875911608761676], [-84.50710709295153, 33.87643052642405], [-84.50732107344884, 33.87707097873166], [-84.50750429832574, 33.877497808031926], [-84.5078094748924, 33.87776915768568], [-84.50820617271849, 33.87776906818881], [-84.50851137892951, 33.87767796184046], [-84.50883938348417, 33.87767787383515], [-84.50917486741186, 33.87767784325701], [-84.50951068012293, 33.877922312012494], [-84.50980047843022, 33.87810538698557], [-84.51004476808522, 33.878409639474505], [-84.51016695782847, 33.87871508266516], [-84.51025842159576, 33.87895949251442], [-84.51077713040038, 33.87917290718327], [-84.5112653530792, 33.87941695848656], [-84.51166220092395, 33.87971793228095], [-84.51193697760307, 33.880114957902656], [-84.51215104793191, 33.88069485197045], [-84.51245553818566, 33.881061212614966], [-84.51287536403706, 33.88154538020473], [-84.51305861945671, 33.88191165143371], [-84.5133636756491, 33.882370010668524], [-84.51342465059562, 33.88304053372434], [-84.51351674048867, 33.883708791126786], [-84.51340177230198, 33.884610205973104], [-84.5132207662638, 33.88506271899802], [-84.51303976112393, 33.88580936587212], [-84.51303976112393, 33.88675964476891], [-84.5130171361552, 33.8869632738914], [-84.51283613011702, 33.88718953154766], [-84.51275335395685, 33.88724057638987], [-84.51221154766965, 33.88751591897566], [-84.51187570441584, 33.88772930478548], [-84.51184545544528, 33.888309078495155], [-84.51208947650402, 33.88858302165813], [-84.5124253188595, 33.88876693207039], [-84.51276873221619, 33.88885785879356], [-84.51343985098856, 33.88922022542723], [-84.51398946453388, 33.889770346601956], [-84.51429452162459, 33.89025865857246], [-84.51490484421515, 33.89059339797241], [-84.51560665842077, 33.89062412358241], [-84.5162477069873, 33.89059411234823], [-84.5168807677343, 33.89053221367827], [-84.51758276160298, 33.89062466048257], [-84.51819326295828, 33.89077689019042], [-84.51880334659697, 33.89095960798553], [-84.51944448409671, 33.89126144707371], [-84.51984112263399, 33.89156689048781], [-84.52014644742266, 33.89199356972049], [-84.52011601968735, 33.89226804987119], [-84.51996325308845, 33.89248182198541], [-84.51981072454309, 33.892996597319055], [-84.51981078383191, 33.89342414183359], [-84.51999391977562, 33.893882322143696], [-84.52032204380619, 33.89458407766153], [-84.52074917116421, 33.89525165109523], [-84.52105428664542, 33.895496089627095], [-84.52148144274953, 33.89580093701472], [-84.5219086599391, 33.89601441096241], [-84.52218331804059, 33.89628939639597], [-84.52227495877598, 33.896593768956045], [-84.52258028536127, 33.89692561799921], [-84.52288525262045, 33.89747561863912], [-84.52303816833968, 33.8979632146809], [-84.5229163073798, 33.89857395473451], [-84.52282451572744, 33.89908923685255], [-84.52303795993055, 33.899455388016634], [-84.52349551502385, 33.89979018675891], [-84.52377038243283, 33.90012692352241], [-84.52374001398634, 33.90040107552403], [-84.52387728284995, 33.90088560158483], [-84.52420522721746, 33.90122150416711], [-84.52466308055148, 33.90143408324526], [-84.52509029774103, 33.901313116240544], [-84.52557828056968, 33.90131344355947], [-84.52594478961232, 33.90122171219004], [-84.52618884121378, 33.90122171219004], [-84.52618887085818, 33.901465644495104], [-84.52618910891172, 33.90177117811348], [-84.52609764604277, 33.90201460333302], [-84.52582283882093, 33.90225877419613], [-84.52548702610984, 33.90274374674577], [-84.52539553269817, 33.90350632924926], [-84.52542619938534, 33.90384187332097], [-84.52600609334226, 33.904540380427896], [-84.52646385774307, 33.905211826675426], [-84.5270129951813, 33.90606622966507]]]}, "properties": {"areasqkm": 305.91, "states": "GA", "huc10": "0313000201", "name": "Utoy Creek-Chattahoochee River"}}, {"type": "Feature", "id": 933, "geometry": {"type": "Polygon", "coordinates": [[[-84.70968697846212, 33.75940698699631], [-84.71053065910898, 33.76013817525209], [-84.71120560200949, 33.76064438275881], [-84.71173454082856, 33.760943348393695], [-84.71219924740987, 33.761059564977735], [-84.71293751165645, 33.76124427937315], [-84.7135525423174, 33.76136721396765], [-84.71401400148896, 33.76158265490693], [-84.71460843917036, 33.76199426802176], [-84.71503027814632, 33.7626410885845], [-84.71508652436118, 33.76320354276732], [-84.7150584017029, 33.763737871680895], [-84.7148615421966, 33.764384692527315], [-84.71482785267851, 33.764721592694194], [-84.71480529867667, 33.764947144229], [-84.71488966575322, 33.765509595973285], [-84.71508652525951, 33.76581894659311], [-84.7154802424755, 33.76615641689], [-84.71556048987814, 33.766316914933746], [-84.71559273221031, 33.766381398589914], [-84.7154802424755, 33.76674699249924], [-84.71533962828576, 33.76711258708919], [-84.71533962828576, 33.767309436911475], [-84.71539831971485, 33.76742680310354], [-84.71558270791007, 33.76797993313248], [-84.71571419521652, 33.76827560310555], [-84.71593345151948, 33.76778526466308], [-84.71636385683, 33.76723165693722], [-84.7168568163253, 33.76673968006882], [-84.7175943646146, 33.76587851156108], [-84.71854809876523, 33.76510955258657], [-84.71965534511645, 33.76455594400458], [-84.72067047103191, 33.76412527069977], [-84.72226993307338, 33.763756138460174], [-84.72426898371954, 33.763110112700964], [-84.72571478444009, 33.76264898163734], [-84.72685269658015, 33.76227973176397], [-84.72817523496899, 33.76178763535602], [-84.72937489730168, 33.76141856250286], [-84.7301745236687, 33.76104957992007], [-84.73094381123362, 33.760557335298586], [-84.73217381416502, 33.75971163515096], [-84.73224249486009, 33.759669842127884], [-84.73378807145924, 33.75884453329253], [-84.73561875446495, 33.757466506158345], [-84.73740272148262, 33.75632835453674], [-84.73835642598884, 33.75577516424695], [-84.73924843959125, 33.755282888590344], [-84.74023260237549, 33.754852126119985], [-84.74152414529377, 33.7543599407644], [-84.74340058937838, 33.753621946106264], [-84.74460043137412, 33.75319106325659], [-84.74583082058112, 33.75263754425421], [-84.74696882255273, 33.75226844320908], [-84.74796187506502, 33.751560772955024], [-84.749311763561, 33.751054565587474], [-84.75041953722328, 33.75072459088331], [-84.75081379971665, 33.75054616601741], [-84.75250543968605, 33.749807843498026], [-84.75299735803395, 33.74950043237468], [-84.7555196180443, 33.74850038496372], [-84.75961067340894, 33.746993579158236], [-84.76022576425703, 33.74674759088668], [-84.7609948128701, 33.74650133450057], [-84.76176377254991, 33.74619389359714], [-84.76253276277248, 33.745947904525636], [-84.76314746465003, 33.745671070552824], [-84.76376297231641, 33.745455659841745], [-84.76450126530908, 33.74524027846811], [-84.76480900476923, 33.745148009774596], [-84.76548557721365, 33.745024956310864], [-84.76616208947097, 33.74480966349165], [-84.76730027110563, 33.7445328900841], [-84.76742347325022, 33.744532919962886], [-84.7680693493631, 33.74440965721183], [-84.76871525601868, 33.744410015010715], [-84.76933043490165, 33.74431765728138], [-84.76994597311075, 33.744225330078415], [-84.77092992658754, 33.74407160904639], [-84.77160646938756, 33.743917680079825], [-84.77216010648706, 33.74379486463013], [-84.77280598259995, 33.743671870477044], [-84.77354436542413, 33.74361032926267], [-84.77415960539254, 33.74361020899932], [-84.77486651574077, 33.74354869761983], [-84.77554380324418, 33.743456489105746], [-84.77618967935705, 33.74330235137473], [-84.7768975446144, 33.743118112993415], [-84.77732768222695, 33.7429949400879], [-84.77788134986916, 33.7428104044934], [-84.7790194713167, 33.742564356416466], [-84.7798942588252, 33.7424353121393], [-84.78061911122461, 33.742395168261396], [-84.78154158220671, 33.742210662003075], [-84.78264885820234, 33.74190325128555], [-84.78409459963407, 33.741534030085006], [-84.78452533193133, 33.7412880418415], [-84.78477129065612, 33.74085742793842], [-84.78517111821267, 33.74045762882225], [-84.7859096205128, 33.74011931333928], [-84.78763210593412, 33.73950410379985], [-84.7893851691094, 33.73893493905244], [-84.78966218169525, 33.738873487069796], [-84.7902464261931, 33.738689129363706], [-84.79064616481644, 33.738566015836234], [-84.79101559428209, 33.738442991774725], [-84.79126149281974, 33.73835078374821], [-84.79172280376929, 33.73838139078212], [-84.79218426294085, 33.738504325289256], [-84.79261487666051, 33.73856589705981], [-84.79304552092287, 33.738658283393], [-84.79329198539916, 33.73875058147842], [-84.79372233142087, 33.73884270017989], [-84.79402935582203, 33.73884278982219], [-84.79446029742677, 33.73881185501149], [-84.79476785632554, 33.738658074974275], [-84.79507544666534, 33.73847377731402], [-84.79544484648659, 33.73828906241853], [-84.79593679358057, 33.73795068758526], [-84.79633662203544, 33.73761249070439], [-84.79667508657325, 33.73727417371214], [-84.79695189074994, 33.73705879196428], [-84.79732111180644, 33.73678207796193], [-84.7976900948094, 33.736628178495266], [-84.79796731580439, 33.73647478599247], [-84.79839742287422, 33.7363515534959], [-84.79876679305107, 33.73622847023071], [-84.79916656221712, 33.7361670170564], [-84.7995049369234, 33.73604375423602], [-84.79984367095578, 33.73598245108522], [-84.80015084357898, 33.73579779581863], [-84.80045840337607, 33.73561317078349], [-84.80076590388433, 33.735367122979895], [-84.80161985047826, 33.73494029903762], [-84.80282912208955, 33.7343216009482], [-84.80436462498112, 33.73333722632962], [-84.80485395348606, 33.73308420483237], [-84.80499456587916, 33.73266236595674], [-84.80493832056258, 33.73232489530543], [-84.80502268763912, 33.73201554485963], [-84.8054164039568, 33.7315374596204], [-84.80623196194537, 33.73111562061152], [-84.8070378729261, 33.73081340498831], [-84.80750206477276, 33.73078423937807], [-84.80784047002174, 33.73078432902878], [-84.80805578990714, 33.73081520397847], [-84.80824050688575, 33.73093816875141], [-84.80856614078637, 33.731284358107516], [-84.80881924381261, 33.73142497056629], [-84.80924108278856, 33.73136872486337], [-84.80994414834737, 33.73119998977451], [-84.81092844048901, 33.730946885025], [-84.8111534226536, 33.7307781506009], [-84.81126011106832, 33.7305914423345], [-84.81137840122493, 33.73038443440913], [-84.81180024199752, 33.73030006519138], [-84.81292514832892, 33.730159452383454], [-84.81452813715619, 33.73024381949819], [-84.81545618398125, 33.7305250468484], [-84.81590614471719, 33.73060941285659], [-84.8164835925616, 33.73056909609638], [-84.81682328060482, 33.730587395343136], [-84.81694627434025, 33.73046428214335], [-84.81731528698762, 33.73015692944482], [-84.81777665632765, 33.72972604824169], [-84.81802303276905, 33.72951099420032], [-84.8186072179781, 33.72935706450827], [-84.81934545168197, 33.72911107721063], [-84.82023761350638, 33.72864970726993], [-84.82165227143267, 33.728126765343525], [-84.82232899209912, 33.72778838928199], [-84.82282123743377, 33.72754243110823], [-84.82319072708655, 33.72754243110823], [-84.82352880355216, 33.727573246707806], [-84.82380534092923, 33.72751173503632], [-84.82405150716484, 33.727419466699324], [-84.82429758536557, 33.72726577532257], [-84.82448218107163, 33.72701946002098], [-84.82478995107448, 33.726588905995655], [-84.82518956932356, 33.72611227656499], [-84.82589707615314, 33.72586607973539], [-84.82663525056819, 33.72562009214421], [-84.82740415095921, 33.72540479919021], [-84.82774243673228, 33.725343406253536], [-84.82814250324068, 33.725281864592716], [-84.82848090848968, 33.725281864592716], [-84.82872698669041, 33.72534322843504], [-84.82906518353026, 33.72546631162461], [-84.8294037684423, 33.7255894252702], [-84.82974196528215, 33.72571247822137], [-84.83008025015691, 33.72583526352279], [-84.83032647747798, 33.72605082436394], [-84.8305413526973, 33.726265817593216], [-84.83092362896981, 33.72675661388971], [-84.83126110086924, 33.727290944291695], [-84.83171106250347, 33.728134621229366], [-84.83241412716397, 33.72934389534695], [-84.83261098667028, 33.730243818751084], [-84.83273072670777, 33.731441219633524], [-84.83291010140537, 33.7317101072567], [-84.83309466746702, 33.731925250665974], [-84.83340228745122, 33.732109786516695], [-84.83370996672426, 33.732294321970556], [-84.83395601438225, 33.73235595348145], [-84.8341406397327, 33.7323866201788], [-84.83417121658833, 33.732540430881244], [-84.8341406100883, 33.73281723476522], [-84.83395607367106, 33.733094396349415], [-84.83393274981302, 33.73339355366664], [-84.83410148576273, 33.73395600622345], [-84.83441971305382, 33.734410615151646], [-84.83463282488023, 33.734570475622775], [-84.834970992974, 33.73463180891762], [-84.83537082053054, 33.73463192769943], [-84.83561704695329, 33.734570475622775], [-84.83592472622632, 33.73453968942987], [-84.83660120973755, 33.73475495199659], [-84.83721627094123, 33.73504704462926], [-84.83764724129205, 33.73507794942137], [-84.83795471305423, 33.735139371252544], [-84.83841599256273, 33.73538544959127], [-84.83872349307102, 33.73569303905172], [-84.83918498278528, 33.73627752322218], [-84.83946199537114, 33.736461850252866], [-84.83970807357186, 33.73673877371153], [-84.84004624076731, 33.73701569702339], [-84.84035436650302, 33.7372308398288], [-84.84066145019301, 33.73729250141023], [-84.84115345657581, 33.73732319697145], [-84.84146116549323, 33.73729241176632], [-84.84176869654422, 33.73716935749114], [-84.84213773793768, 33.7371078459751], [-84.84250689970536, 33.73710772570262], [-84.84278379371358, 33.737046453193486], [-84.84299917468444, 33.73686170833149], [-84.8432763058479, 33.73670795841517], [-84.8436142646342, 33.736677320902764], [-84.8438602835461, 33.73667723125819], [-84.8441987480839, 33.73667720212372], [-84.84459854599605, 33.73667726113972], [-84.84499840409532, 33.736677320902764], [-84.84552101787648, 33.73667735078428], [-84.84604407901867, 33.7364926365031], [-84.84638254355646, 33.73630813024871], [-84.84681336658356, 33.736246736894756], [-84.84718216992346, 33.73627743283021], [-84.84745912232218, 33.7364311536364], [-84.84779764794543, 33.73667729102123], [-84.84816675042431, 33.73686191675458], [-84.84850482688992, 33.73704627390518], [-84.84890489429664, 33.73716944638815], [-84.84927393569008, 33.73732319697145], [-84.84958143709667, 33.7375999114696], [-84.84976656819863, 33.737907590851265], [-84.85001228886989, 33.738368931183736], [-84.8501658900037, 33.73879936559484], [-84.8503811227525, 33.73919940252059], [-84.8506272296993, 33.73962989700776], [-84.85099642200971, 33.73987594528507], [-84.85133482725873, 33.74006063061835], [-84.8518884050694, 33.740152749407066], [-84.85247291816353, 33.740183445438895], [-84.8530880377577, 33.74018344469187], [-84.85370318789458, 33.74036795157574], [-84.85450296338193, 33.740614237524234], [-84.85567190063696, 33.74064496401803], [-84.85656391423937, 33.74066034182737], [-84.85693280830911, 33.740691008544474], [-84.85760949843285, 33.740783336563815], [-84.85847105555385, 33.74099859840456], [-84.85930104946905, 33.74118352185429], [-84.8597012354534, 33.74115246762084], [-84.8599164682022, 33.741121592655986], [-84.86031662364383, 33.74087548669752], [-84.86068548717087, 33.740568043555754], [-84.86130066605384, 33.74004519294078], [-84.86188518004627, 33.73952216134982], [-84.86231573447712, 33.73915314877597], [-84.86314635451804, 33.73890698189066], [-84.86363848037679, 33.73881477361583], [-84.86413042747078, 33.7387836893911], [-84.86468433406485, 33.73872247559953], [-84.86508416251972, 33.73869166026867], [-84.86560707364323, 33.73866105259849], [-84.86585285270496, 33.73856863564037], [-84.86622204501538, 33.73841485591421], [-84.86659135500508, 33.7383227068723], [-84.86686807024857, 33.73835334305008], [-84.86702173067121, 33.73841485591421], [-84.86720653478639, 33.73853796891158], [-84.8676677559044, 33.73906091013803], [-84.86769863100072, 33.73933783417134], [-84.86769871993393, 33.739706726428864], [-84.86785247018807, 33.740014405724416], [-84.8680986076776, 33.74022928105109], [-84.8683446265895, 33.7402602758582], [-84.86868282342937, 33.74016821619855], [-84.86920561597526, 33.74004507267242], [-84.86991321263636, 33.73989141212647], [-84.87046673115825, 33.73976817856165], [-84.87083580399272, 33.73973739348688], [-84.87108194148225, 33.73982980993289], [-84.87132816700667, 33.73995274535245], [-84.87175887145618, 33.74001431608334], [-84.87194334768628, 33.73995265571131], [-84.87225078800743, 33.739829839813304], [-84.87274294351057, 33.73958370250926], [-84.87322006211417, 33.73918681156619], [-84.87352989285229, 33.73913517406718], [-84.87355753491188, 33.73913056796335], [-84.8738668823564, 33.73913056796335], [-84.87400749564782, 33.738961832451494], [-84.87406374186271, 33.73853999184629], [-84.87406346697821, 33.73853601022071], [-84.87400749564782, 33.73772443527984], [-84.8740356183061, 33.737161984269186], [-84.87420435515413, 33.736908879924584], [-84.87473868476323, 33.73668389857114], [-84.87513240108089, 33.736740144525065], [-84.87552611829688, 33.736824511145784], [-84.8758354666397, 33.736768267488216], [-84.87665102372995, 33.73657140804667], [-84.87735408839043, 33.73631830345386], [-84.87780405002468, 33.73575585218909], [-84.8781977690373, 33.73544650365441], [-84.87906956964748, 33.73533401300157], [-84.8795757765983, 33.735305891062396], [-84.88013822796736, 33.735305891062396], [-84.88056006873994, 33.73533401300157], [-84.88092566329765, 33.735277766872805], [-84.88123501164046, 33.735277766872805], [-84.88160060619815, 33.73536213567859], [-84.88196620165418, 33.73555899266559], [-84.88231104243387, 33.73555899266559], [-84.88238803973181, 33.73555899266559], [-84.88300673821408, 33.73547462629456], [-84.88412373847264, 33.73516988754485], [-84.88446226319756, 33.73489305389797], [-84.8845235076387, 33.73452419024721], [-84.88455447166824, 33.73415491039246], [-84.88467749594638, 33.73378592702651], [-84.88476982299466, 33.733416766513166], [-84.88492351306168, 33.73317071764031], [-84.88520043761262, 33.73298633049699], [-84.88553869374128, 33.73292475920453], [-84.88600006397962, 33.73298618183005], [-84.88636919520461, 33.733170688504636], [-84.88661509374226, 33.733293563242306], [-84.88710733907693, 33.73329380155681], [-84.88756861948374, 33.73317077740578], [-84.88796871653487, 33.73298627147846], [-84.88882812219079, 33.732774853388634], [-84.88924996116674, 33.73283109742283], [-84.88986865964901, 33.732887344408425], [-84.89034674304322, 33.732859222414405], [-84.8907123367026, 33.73274672986358], [-84.8908810726523, 33.7325498724008], [-84.89107793215861, 33.7325498724008], [-84.89133103518485, 33.73269048502699], [-84.89149977023627, 33.732915466393294], [-84.89166850618595, 33.73294358911597], [-84.89217471313677, 33.73294358911597], [-84.89299778373605, 33.73286128134244], [-84.89316674875617, 33.73280176515433], [-84.89365911356677, 33.73267862076623], [-84.89390516212308, 33.73243257276499], [-84.89449632634356, 33.731862257666315], [-84.89493073275037, 33.73170619404561], [-84.89538069348627, 33.73176243878027], [-84.89573034025273, 33.73187898777], [-84.89580253246223, 33.731903051202735], [-84.89616812701993, 33.731903051202735], [-84.89633509508515, 33.73187890409712], [-84.89670428559894, 33.73175585176965], [-84.89765862790902, 33.73162182463322], [-84.8985304276209, 33.73156558130052], [-84.89985219076365, 33.73159370297147], [-84.90094897443674, 33.73173431567044], [-84.9018770203635, 33.73173431567044], [-84.90238817703153, 33.73164767889284], [-84.90273296930219, 33.73150983324693], [-84.90310210052715, 33.731386808779426], [-84.90359407816388, 33.73114079143994], [-84.90408629385412, 33.73098707012033], [-84.90451672791072, 33.730833230485366], [-84.90488606934147, 33.730648754644946], [-84.90580863015511, 33.73031034967868], [-84.90642407763437, 33.730033455527334], [-84.90703928706006, 33.730048802366554], [-84.90756204996157, 33.72986438684882], [-84.90811574724817, 33.729741274105976], [-84.90876165300544, 33.72967982076798], [-84.9094073808963, 33.729556677876346], [-84.90983805390475, 33.729495075733105], [-84.91029954361903, 33.72934144560031], [-84.91082242509815, 33.72918757611947], [-84.91128373514937, 33.729095278205826], [-84.9118683075323, 33.72906461107934], [-84.91248330854884, 33.72894152782046], [-84.912883106461, 33.72881862294341], [-84.91349840571822, 33.728388068231716], [-84.91402146596208, 33.727972804031126], [-84.91435975263344, 33.72778811807912], [-84.91466692615498, 33.72760349299329], [-84.91497535013136, 33.7274806183261], [-84.91537473122521, 33.7273576538287], [-84.91574347527629, 33.727234539731064], [-84.91620523268853, 33.7270500636258], [-84.91660520936543, 33.72686546833144], [-84.91694358497001, 33.7267424140448], [-84.91725099654506, 33.72665005671994], [-84.91761982952937, 33.72655775831865], [-84.91805068220089, 33.7264347050851], [-84.9184507783537, 33.72631180035364], [-84.91891214769373, 33.726127263241786], [-84.91928130946143, 33.72603499565772], [-84.91971183424788, 33.72594278774499], [-84.92026523329382, 33.72588127565208], [-84.92066577680764, 33.725758132539795], [-84.92112652092023, 33.72563519770126], [-84.92152649849545, 33.72545060160516], [-84.92204920031149, 33.725143340032645], [-84.92247987511658, 33.72483554091297], [-84.92284918510629, 33.72452798201686], [-84.92324916268149, 33.72422030247525], [-84.92358741881016, 33.72406643277857], [-84.92407954377056, 33.724035676438774], [-84.92444855641793, 33.724035855754316], [-84.92479626102674, 33.724035914779], [-84.92494074246378, 33.7240357063247], [-84.92531002370741, 33.723973985904905], [-84.92580217921054, 33.723851259954195], [-84.92629418559332, 33.7236666047322], [-84.9266632278851, 33.72354372965875], [-84.9271860806181, 33.7234206459536], [-84.9278936170921, 33.72308221024419], [-84.92820126582238, 33.72283622214614], [-84.92887777987633, 33.722282614100315], [-84.92924711951045, 33.722251709183034], [-84.92970819150813, 33.722251827982035], [-84.93026176931882, 33.722251709183034], [-84.93072340815344, 33.722190226572906], [-84.9309693363355, 33.72206717230785], [-84.93121538489183, 33.72175970286551], [-84.93140009917549, 33.721452112027464], [-84.93155399944827, 33.7212369102344], [-84.93183086291378, 33.7209601362442], [-84.93223060153711, 33.72071381928454], [-84.9325996141845, 33.720467861011294], [-84.933214882899, 33.72022196180777], [-84.9345373907451, 33.71962201135982], [-84.93499879062786, 33.71937599242486], [-84.93542967294378, 33.719160790657575], [-84.93595228672494, 33.71897622397487], [-84.93638313849814, 33.718760932289406], [-84.93672151410273, 33.718668693399565], [-84.93721367050418, 33.71842264558072], [-84.93764398598314, 33.71826865714785], [-84.93869001753765, 33.71793049029321], [-84.93890522064206, 33.717807258065534], [-84.93912057196849, 33.71762290067883], [-84.93927396469314, 33.7173767930752], [-84.93952034113454, 33.717069560884376], [-84.93979711476852, 33.71688475657636], [-84.94025854429569, 33.71688463702271], [-84.94053558652594, 33.716915392935775], [-84.9409045991733, 33.71691527412945], [-84.94124279601316, 33.71688469754676], [-84.94155095139327, 33.716823154304734], [-84.9420118149818, 33.71651541576372], [-84.94225795336963, 33.71626987511094], [-84.94247318522014, 33.716023319781534], [-84.94262699476307, 33.71590026564335], [-84.94287298313228, 33.71571584886748], [-84.94314978730898, 33.71556209917395], [-84.94348819255798, 33.71537792078319], [-84.94367281790844, 33.71528535545789], [-84.94385732378295, 33.7150391283226], [-84.94394971191667, 33.71479302078491], [-84.94401134263336, 33.714424185816874], [-84.94413406867083, 33.71417787028015], [-84.94444165901065, 33.71405490615418], [-84.94471873088531, 33.713962310260484], [-84.94508762405674, 33.71396272796518], [-84.9453958405223, 33.71402426952134], [-84.94570280383803, 33.714177899422246], [-84.94610287034645, 33.714424126785566], [-84.94637946521568, 33.71454703209876], [-84.94671799083893, 33.71473150817448], [-84.94696385973218, 33.71473150817448], [-84.9472714797164, 33.714731567205554], [-84.94773287959914, 33.714731687509385], [-84.94804052832944, 33.714731448396144], [-84.94847138100097, 33.71467005604552], [-84.94877900098518, 33.71467011507664], [-84.94914792380101, 33.71454718079765], [-84.9496707163469, 33.71442397733923], [-84.94994763910123, 33.714423888418665], [-84.95018866787174, 33.71442372477496], [-84.95114125397542, 33.71470950078526], [-84.95147098149879, 33.714679525683934], [-84.95177073403772, 33.71455962442677], [-84.95188565551203, 33.71417787028015], [-84.95197792327149, 33.71356280952038], [-84.95213140582767, 33.71308612121248], [-84.95234690537612, 33.712840073087435], [-84.95283906087926, 33.71240948978756], [-84.9532387707565, 33.71197893496594], [-84.95370016974094, 33.711640380172206], [-84.95410014641783, 33.71139427260756], [-84.95459215369893, 33.71127145693641], [-84.95496119599069, 33.71117907175745], [-84.95539186989747, 33.71117898059171], [-84.95619179450514, 33.71114846324164], [-84.956529991345, 33.71111758794301], [-84.95671446757511, 33.71099444457555], [-84.9568376400753, 33.71068706325993], [-84.95696072364228, 33.71034856838528], [-84.95717592674669, 33.70970275235014], [-84.95742185492875, 33.70939522218697], [-84.95766811189421, 33.708964637307034], [-84.95791424938376, 33.70871850040301], [-84.9580988154454, 33.70853396433075], [-84.9583449223922, 33.708288094467775], [-84.9586216969245, 33.70801099252397], [-84.95917527473519, 33.707857421835286], [-84.95960603757518, 33.707765093514105], [-84.96012862261024, 33.707734636228636], [-84.96062104670966, 33.707734338060014], [-84.96080665481703, 33.707734338060014], [-84.96114386800166, 33.70773418934934], [-84.9615128510046, 33.707549832006656], [-84.96175901813854, 33.70742675003239], [-84.96222032818976, 33.707303753820575], [-84.96262027612055, 33.70718067074642], [-84.96295868136956, 33.707119247589446], [-84.96352100427954, 33.707215704658935], [-84.96457013592006, 33.70712577969625], [-84.96546939174027, 33.707005879848765], [-84.96588904331853, 33.70667615272354], [-84.9660089423578, 33.706136598893345], [-84.9660089423578, 33.70526731960253], [-84.96588904331853, 33.704757740728596], [-84.9659252642891, 33.704137435060076], [-84.96594204302198, 33.70404328973708], [-84.96591164403276, 33.70379727175323], [-84.96557312020613, 33.70352067546015], [-84.96532707254815, 33.70345901502517], [-84.96498872658796, 33.70330520527321], [-84.96486555318945, 33.70318227041902], [-84.96471198170006, 33.70281304928391], [-84.96458889813309, 33.70259793604261], [-84.9643121244991, 33.70241331133924], [-84.96400432485184, 33.70222880506578], [-84.96363534274721, 33.702105660911], [-84.96335850892609, 33.70201354238821], [-84.96295832384006, 33.70182876845529], [-84.9626508529762, 33.70164432146114], [-84.96234338211232, 33.70133673180324], [-84.96203594089286, 33.70115222545959], [-84.96172817268662, 33.70096742127486], [-84.96142052305801, 33.7007214916375], [-84.96114389854436, 33.70047556353821], [-84.96098984915123, 33.70016797417978], [-84.96080522380078, 33.69992216407324], [-84.96052841962407, 33.699060847102615], [-84.96052853820169, 33.6987072424537], [-84.96034382391802, 33.69809197374129], [-84.96012856242312, 33.69750763912056], [-84.95991338896312, 33.69704614941898], [-84.95972876271433, 33.696769226456034], [-84.95945148243055, 33.69643093981317], [-84.95911379224052, 33.69615434521408], [-84.95877544628033, 33.69600053583694], [-84.95831386763282, 33.69590820747713], [-84.9579449142743, 33.69578527324885], [-84.95779104544255, 33.69563134437527], [-84.95760650902528, 33.69516997464349], [-84.95757584233814, 33.69495477200894], [-84.95757575430324, 33.69458558053841], [-84.95760657011073, 33.69443212860264], [-84.95766799151997, 33.69421662739944], [-84.95769877768306, 33.69403206166793], [-84.95776034911096, 33.693539846576925], [-84.95782159265377, 33.6931706856507], [-84.95797537255231, 33.69274010091158], [-84.9581908738974, 33.69230960594813], [-84.95822159987337, 33.69187887338834], [-84.95819078406588, 33.69150977110077], [-84.95800639676897, 33.69120233052427], [-84.9578525566833, 33.69095640133864], [-84.95754466989945, 33.69074105062337], [-84.95720641287248, 33.69058718073096], [-84.95702199682948, 33.69037168034978], [-84.95685483293151, 33.69012128879467], [-84.95680656285805, 33.68959029988935], [-84.95668666202214, 33.68872102060701], [-84.95629698363166, 33.68824141837276], [-84.95581738208463, 33.68800161662573], [-84.95486839014038, 33.6878189615163], [-84.9542536577201, 33.68778832524278], [-84.95388449685073, 33.687788145851556], [-84.95348422103484, 33.68778808680196], [-84.95314650120041, 33.687819022060815], [-84.95274661345674, 33.6878189615163], [-84.95228497731706, 33.68781914090746], [-84.95191590268595, 33.687634515840905], [-84.95166994485947, 33.6872808507166], [-84.95160852165361, 33.68703465392755], [-84.95148546773105, 33.686604159536174], [-84.95133156655994, 33.68632744435819], [-84.95093162132409, 33.68574287276756], [-84.95068563295489, 33.68555839572771], [-84.95040862036905, 33.68549679416056], [-84.94994754837137, 33.68531222838944], [-84.94982443426167, 33.68518929470059], [-84.94970173876692, 33.68485106712149], [-84.9495168753629, 33.6844819055002], [-84.94933209999381, 33.68414356002352], [-84.94911680795619, 33.68395896368948], [-84.94883994449069, 33.68371291585559], [-84.9485940755974, 33.68346704746521], [-84.94844032444496, 33.683220909270545], [-84.9481629246852, 33.68303613529161], [-84.94785599101388, 33.6828516292703], [-84.94767130547632, 33.6826672417067], [-84.94751752557777, 33.68242104515878], [-84.94745589396275, 33.6818675563321], [-84.94760994335589, 33.681375340345596], [-84.94773269813946, 33.6811909840016], [-84.94794790124388, 33.68088324488232], [-84.9482247656077, 33.68045281013534], [-84.94847093184332, 33.680114464499184], [-84.94871665161625, 33.67977605922395], [-84.94890142698536, 33.67952986187185], [-84.9491169265338, 33.6792224502086], [-84.94945521320518, 33.679037944225485], [-84.94976265442465, 33.678914949984], [-84.95019329778872, 33.67873038428519], [-84.95059333465272, 33.67857684274261], [-84.95093180008884, 33.67854569933073], [-84.95133159800099, 33.67842267523087], [-84.95154697987012, 33.67829974066042], [-84.95163924762957, 33.677930728075914], [-84.95186065629599, 33.6767609247432], [-84.95207048388174, 33.67610147033949], [-84.952669987163, 33.675232189962784], [-84.9533893912802, 33.6744828110598], [-84.95392894369435, 33.67370345566522], [-84.9543485961709, 33.673313779431034], [-84.95443852292073, 33.67289412670227], [-84.9543457458165, 33.672532662572216], [-84.95409984638053, 33.672164007262026], [-84.95400763790985, 33.67185594053188], [-84.95397664423594, 33.67142538583383], [-84.95397682300067, 33.67093364760161], [-84.95397918467155, 33.670911119123105], [-84.95413877038177, 33.67016638488902], [-84.95446849790514, 33.66896737755081], [-84.95452844697563, 33.66821799788757], [-84.95446885902787, 33.66755001021202], [-84.95434592458125, 33.66724256992726], [-84.95413027411583, 33.66684268223722], [-84.95415973526387, 33.66652189988609], [-84.9543186211865, 33.66632956193619], [-84.95461837372544, 33.66608976187498], [-84.95527782697552, 33.66561015899956], [-84.95590730613951, 33.664591001954925], [-84.95626700864726, 33.66354187054918], [-84.95626700864726, 33.662972342866176], [-84.95615965997081, 33.66263929008091], [-84.95603735614151, 33.66225982869073], [-84.95566792577753, 33.661706220563566], [-84.95579166511467, 33.66136775556121], [-84.95619143338241, 33.66055290016763], [-84.95705230329223, 33.65892268320509], [-84.9578213231592, 33.65766150807625], [-84.95852880034435, 33.65680031200523], [-84.95880581293018, 33.65646211408717], [-84.95914409960157, 33.65609283283747], [-84.95945180851899, 33.65587760042974], [-84.95982076097923, 33.655631552258704], [-84.96028236927111, 33.6553546603935], [-84.96065135137577, 33.65513948670707], [-84.96098954911393, 33.655078003925624], [-84.96126638293504, 33.65501655101018], [-84.96151260935777, 33.654954860266805], [-84.96188162200514, 33.654954949996615], [-84.96225081341723, 33.65489340801119], [-84.96249683143084, 33.65477032465596], [-84.9627429994631, 33.65449361022813], [-84.96311201121213, 33.65406305611716], [-84.96348087473913, 33.65390927612166], [-84.96397323954974, 33.653786192106686], [-84.9643421938066, 33.653755466688715], [-84.9646499009274, 33.65375552576169], [-84.96495763948923, 33.653755287226545], [-84.96526507981038, 33.653786192106686], [-84.9656343017652, 33.65384773413618], [-84.9660646774313, 33.65384758533225], [-84.96655686257884, 33.65387813200314], [-84.96692596505773, 33.65390912657007], [-84.96711044128783, 33.65341697115935], [-84.96707974405795, 33.65298644605927], [-84.96701826156328, 33.65274051823834], [-84.96692599380383, 33.652432719193946], [-84.96689523818343, 33.65218664098397], [-84.96708001265422, 33.6520021054196], [-84.96720276743781, 33.65194080210609], [-84.96757195974821, 33.65187926095637], [-84.96803332998655, 33.651879320030616], [-84.96840249175426, 33.65181774817805], [-84.96880217019046, 33.65181774817805], [-84.96896316266242, 33.65179465087036], [-84.96969519349925, 33.65167197959533], [-84.9698757396, 33.651641723774674], [-84.97047524288125, 33.65146187262577], [-84.97065509548261, 33.651282022596696], [-84.97068506777205, 33.65050266862631], [-84.97062511870156, 33.64990316387637], [-84.97040160079091, 33.64929557649059], [-84.97037108412239, 33.64892644545791], [-84.97040228620546, 33.64855743249086], [-84.9705248038338, 33.64831132525396], [-84.97067864391946, 33.64794213391469], [-84.97086297102925, 33.64732719288285], [-84.97077079310132, 33.64695797189695], [-84.97046332223744, 33.64671207321601], [-84.9702480589459, 33.64640439395211], [-84.97030960162772, 33.64615831570749], [-84.97052459542466, 33.64597389883639], [-84.97077129885282, 33.64585084460407], [-84.97107847237432, 33.64560464736773], [-84.97138612110463, 33.64538944556664], [-84.97175531251672, 33.64523560595208], [-84.97215478254378, 33.64498967692488], [-84.97249342674465, 33.644866562954505], [-84.97286234956046, 33.64465159936446], [-84.97298534419423, 33.64452806836404], [-84.97310833792967, 33.6441283600369], [-84.97310899459815, 33.64379004427051], [-84.97307785090555, 33.64345169800862], [-84.9729853136515, 33.64308247760172], [-84.9729855831461, 33.642652131150705], [-84.97298561189218, 33.642344601157845], [-84.97298561189218, 33.64203701173338], [-84.97307773142964, 33.641667700751036], [-84.97320057694304, 33.64142165309142], [-84.97335432450224, 33.641052967680004], [-84.97344680336579, 33.640775925709754], [-84.97350825531775, 33.6404990025079], [-84.97347815546753, 33.64012990031745], [-84.97323160026139, 33.63988400157878], [-84.97313903515956, 33.63960701792152], [-84.97289313572358, 33.639115011834626], [-84.97269444275578, 33.63886455331312], [-84.97346539939049, 33.63827259004769], [-84.97381605316839, 33.63786078161975], [-84.97441129663858, 33.6375062820937], [-84.9749986708669, 33.63733101447124], [-84.97576146001904, 33.63715538974209], [-84.97641791648932, 33.6370945926574], [-84.9770050823085, 33.6371552708255], [-84.97771500380952, 33.63715494249589], [-84.97841678926905, 33.63709334141421], [-84.98048432477752, 33.63620853889661], [-84.98119379891756, 33.635503327195835], [-84.98231550006001, 33.635324304681916], [-84.98266645207859, 33.63491249636577], [-84.9830784095864, 33.63438129899331], [-84.98349066533491, 33.634088371964964], [-84.98390229495766, 33.63361514040483], [-84.98461224610313, 33.63284823753131], [-84.98638211765568, 33.63155082205368], [-84.98827423734197, 33.63042968853109], [-84.98915373381922, 33.63013357295484], [-84.9900443765925, 33.62983790439281], [-84.99074625098523, 33.62966361970244], [-84.99157785468141, 33.62936526879924], [-84.99227958175042, 33.62901470380257], [-84.99263834192544, 33.628716709680695], [-84.99234082529324, 33.628362539774464], [-84.99212940768943, 33.62811434628714], [-84.99192141626013, 33.62798452645769], [-84.99156420567897, 33.62767821790401], [-84.99151309423426, 33.62742302127895], [-84.99151312477697, 33.627320858792146], [-84.99187051412285, 33.62716764512831], [-84.99207460057563, 33.62701449103133], [-84.99221645893205, 33.626816543853224], [-84.99233030422462, 33.626759502626356], [-84.99253409243673, 33.62640202301603], [-84.9927382381783, 33.626197936355155], [-84.99289154196974, 33.62594265007306], [-84.99314694827638, 33.62568703540919], [-84.99335103472914, 33.625432046815206], [-84.993555149928, 33.62512606653756], [-84.9936065003246, 33.624819370823225], [-84.99360623172832, 33.624513151997476], [-84.99365746175064, 33.62410512782283], [-84.99381049694584, 33.623747411296605], [-84.994014613043, 33.623543324331514], [-84.99416788719005, 33.62328803766372], [-84.99421887826051, 33.622879418241745], [-84.99416779735851, 33.62252205792535], [-84.99411665626937, 33.62226683031837], [-84.99416758805106, 33.62185850975611], [-84.99437203293162, 33.6216544519786], [-84.9945761786732, 33.62145006757259], [-84.99498470910822, 33.62124589288136], [-84.9951079112528, 33.62115439912985], [-84.9953420984541, 33.62078654855039], [-84.99575006205218, 33.61981660263698], [-84.99621003271531, 33.61869341183596], [-84.99697571264605, 33.6173150845616], [-84.9973843032682, 33.616753548749045], [-84.99774163242697, 33.616447240663916], [-84.99784370529775, 33.616242915723504], [-84.99820100481212, 33.61603874066414], [-84.99860950650107, 33.61583456437296], [-84.99896677637102, 33.615528285937664], [-84.99901764886387, 33.61522203708576], [-84.99922212338885, 33.61481368613496], [-84.99922188443696, 33.614405066177355], [-84.99922188443696, 33.613941281289236], [-84.99922203355733, 33.6137924494316], [-84.99922206230339, 33.61348629016985], [-84.99918239629372, 33.61340671828356], [-84.99918257505847, 33.61307534477076], [-84.99902006263706, 33.61268663366086], [-84.99889048245393, 33.612297713569056], [-84.99889057228546, 33.61190891217015], [-84.99889060103155, 33.611617474557576], [-84.99895527254549, 33.61132579955133], [-84.9990527559235, 33.61096936464163], [-84.99914991141641, 33.610678016620994], [-84.9991497928388, 33.6103050706552], [-84.9991709221126, 33.60991275149266], [-84.99906899746384, 33.60950448985454], [-84.99901794710455, 33.60909590009085], [-84.99881374117585, 33.60827907835667], [-84.99881350312229, 33.60746243442717], [-84.99884247019695, 33.60730817693156], [-84.99889441527826, 33.60643923122659], [-84.99942856342766, 33.605318633611894], [-85.00009208245271, 33.60441338824658], [-85.00128256579984, 33.60316702516311], [-85.00211443809228, 33.60215556348073], [-85.00270926294755, 33.60180085568509], [-85.00300672029095, 33.601324554944014], [-85.00431152593607, 33.59989753069797], [-85.00573786465601, 33.59852790418744], [-85.00650855359277, 33.5981125791064], [-85.00728690066731, 33.597696240396836], [-85.0078821728836, 33.596983339464835], [-85.00811829685264, 33.59638812759462], [-85.00823279701709, 33.59567495769911], [-85.00841608118282, 33.59537702338949], [-85.00859176560124, 33.59514066155322], [-85.00877445418396, 33.59454527010173], [-85.008764083134, 33.59443288537935], [-85.00866650992447, 33.594265813551736], [-85.00851335615168, 33.59406157821141], [-85.0084114018585, 33.593653286415766], [-85.00830909003585, 33.59324472704648], [-85.00830909003585, 33.593040699556916], [-85.00841152133442, 33.592734242117416], [-85.00849383486224, 33.59267499557391], [-85.00859164612531, 33.592344905019516], [-85.00924765523459, 33.59216960764397], [-85.00939931960063, 33.592123562868444], [-85.01019235413008, 33.591781292416464], [-85.01055205663785, 33.59136163960137], [-85.01067195747376, 33.590702185756754], [-85.01061200660664, 33.590222582039246], [-85.01010242917688, 33.5892334016615], [-85.0101137443562, 33.58893917698411], [-85.01013240326297, 33.588454046806035], [-85.01052208165345, 33.58782456760893], [-85.01088413415398, 33.58746251433988], [-85.01162802724413, 33.5859814815165], [-85.0119789792627, 33.58544763271371], [-85.01168155246201, 33.584734046083675], [-85.01168146263049, 33.5839640425665], [-85.01197888943118, 33.58307143309665], [-85.01299359942664, 33.5806339299906], [-85.01322999109367, 33.58003874750992], [-85.01331656712749, 33.57992976108438], [-85.01334815728276, 33.57962950324166], [-85.01336329748855, 33.57948707687508], [-85.0133359985854, 33.57915925218275], [-85.013230140214, 33.578849069248854], [-85.01322999109367, 33.578371128479816], [-85.013291324468, 33.57789914920403], [-85.01346683012169, 33.577539674510405], [-85.01394885352674, 33.577348432602875], [-85.01397588383364, 33.57724048757893], [-85.01418020833997, 33.57693388121268], [-85.0144352571171, 33.5766278717517], [-85.01463955197902, 33.576423724885196], [-85.01489498793006, 33.57611744717339], [-85.01525240692037, 33.57591321153276], [-85.015456284964, 33.57560690282041], [-85.01545664249348, 33.575300743457504], [-85.015456284964, 33.574892094937674], [-85.01555862553272, 33.574688038269954], [-85.01571172091502, 33.57443269151535], [-85.01601796917181, 33.57417758425781], [-85.01661759282732, 33.57230614595444], [-85.01667841865353, 33.571299543029504], [-85.01661759282732, 33.56981133400895], [-85.01663830528281, 33.56974949468106], [-85.01662712844407, 33.56954502017566], [-85.01672899380401, 33.56872855592262], [-85.01698439831402, 33.56740092070384], [-85.01739283891752, 33.566073793526016], [-85.01747381215891, 33.56572153026308], [-85.01739585007034, 33.56523470888901], [-85.01810523437885, 33.564459609799286], [-85.01871615165412, 33.56380994937126], [-85.01897573153357, 33.56329147850741], [-85.01933264387405, 33.5626788916947], [-85.01994534879672, 33.56186186023542], [-85.02020284188977, 33.56153451131537], [-85.02060788506486, 33.56089301668653], [-85.02045444922108, 33.5608504667435], [-85.02022759047586, 33.56070121839713], [-85.01939002016955, 33.560377610919595], [-85.01879991326616, 33.56024436095776], [-85.01803848595998, 33.56014918164609], [-85.01710573645438, 33.559920754762715], [-85.01600166654602, 33.55944486210956], [-85.01535445284169, 33.55929257809262], [-85.01506891883706, 33.55908318535299], [-85.01481466506893, 33.55882893403545], [-85.01466916943394, 33.55868343484824], [-85.01452646396622, 33.55846462042541], [-85.01438363273435, 33.55824561380966], [-85.01434950124514, 33.558233973266105], [-85.0139470937271, 33.55809672477638], [-85.01303209942309, 33.55811236505015], [-85.01253717171899, 33.55813140017206], [-85.0121945291168, 33.55807429254799], [-85.01202320601908, 33.557902970946515], [-85.01198513541735, 33.557750685708186], [-85.01222276047123, 33.55732678083247], [-85.01281791321158, 33.555899785765924], [-85.01358836229817, 33.554709838492315], [-85.01412268831399, 33.55363746114196], [-85.01442029477772, 33.55274482257327], [-85.01489293078806, 33.55215425858904], [-85.01550673884192, 33.551297587728385], [-85.01577323934232, 33.550669408239784], [-85.0158493814441, 33.5502886945783], [-85.01577323934232, 33.54996508702135], [-85.01563998864296, 33.54979376730499], [-85.01493566813771, 33.5495653384917], [-85.01428845533171, 33.549165590358555], [-85.0137794456372, 33.54877534848578], [-85.01371738193252, 33.54872776749784], [-85.01358413213148, 33.5484993403583], [-85.01358399289262, 33.5484965485588], [-85.01356509772894, 33.54811862611886], [-85.01358860035172, 33.54763399124605], [-85.0138247845079, 33.5469201354738], [-85.01394581093287, 33.54625312695463], [-85.014250382035, 33.54518712988595], [-85.01457398843802, 33.54442570273747], [-85.01489759573934, 33.54391173732289], [-85.01542725500725, 33.5434101960492], [-85.01573516604562, 33.5430932031228], [-85.01590772792012, 33.542697532541034], [-85.01611587924955, 33.54240791863405], [-85.01628720324558, 33.54229370202772], [-85.01638237974996, 33.54212238357377], [-85.01638237974996, 33.5419320260932], [-85.01632527205071, 33.54177974040589], [-85.01617298784713, 33.541494206265114], [-85.01600166564769, 33.541170598716974], [-85.01592552264758, 33.5407898843852], [-85.01584475601871, 33.53985677433775], [-85.015773238444, 33.5390576371488], [-85.01558288094371, 33.53837235211035], [-85.01556455261696, 33.53831903587845], [-85.01547676475583, 33.5380636527232], [-85.01537348814257, 33.53776320961913], [-85.01523786139929, 33.53693352412283], [-85.01512602473966, 33.53597385512082], [-85.01522120124402, 33.53475556948189], [-85.01507895571373, 33.53383294937168], [-85.0148236679847, 33.53332249500827], [-85.01466732519266, 33.533144516120416], [-85.0145953521721, 33.53312714083735], [-85.01418330573105, 33.53312699182503], [-85.01346605307896, 33.53312624751227], [-85.01251991867565, 33.532649617959734], [-85.01144447088888, 33.53205485357475], [-85.01084920136752, 33.53217382445104], [-85.00995682843902, 33.5322948214511], [-85.0082321978408, 33.53235225013172], [-85.00805675147592, 33.5322334584673], [-85.00775929413251, 33.53181771630916], [-85.00722523671296, 33.53134123679528], [-85.00639363211845, 33.53116161765152], [-85.00508804404073, 33.53078140513109], [-85.00437085696565, 33.53092939621628], [-85.00374267946052, 33.53125300316554], [-85.00322871555721, 33.53161468259812], [-85.00273378605648, 33.5317860024089], [-85.00227692985244, 33.53182407376463], [-85.00164875234731, 33.531671788989804], [-85.0008302182402, 33.531443360201415], [-85.0001449321375, 33.53129107550486], [-84.99919314912766, 33.53121493305596], [-84.99854593542335, 33.53121493305596], [-84.9979177579182, 33.53108168304753], [-84.9974037922183, 33.53087229008304], [-84.99673754411141, 33.53052964724993], [-84.99593804440687, 33.52990147031294], [-84.99523827656347, 33.52928763881208], [-84.99427034094651, 33.52871323782666], [-84.99368263973145, 33.52850363768709], [-84.99262227286165, 33.5283775739268], [-84.99190508039669, 33.52833537415728], [-84.99127142227, 33.52829320432108], [-84.99038644247626, 33.52804140399925], [-84.98958541473742, 33.528461586999455], [-84.98886810279654, 33.52862877868713], [-84.98777739802296, 33.52884305654378], [-84.98770727463355, 33.52884307226947], [-84.98769559024666, 33.52885450634773], [-84.987467160348, 33.52902582863218], [-84.9872387331443, 33.52917811282533], [-84.98710548244493, 33.5291971498283], [-84.986819947542, 33.52917811282533], [-84.98612816572148, 33.52917811282533], [-84.98528243511915, 33.529346508008494], [-84.98444305291093, 33.529472601807335], [-84.98385532115314, 33.529304516140165], [-84.98334456782868, 33.528968644111025], [-84.98245943981293, 33.52841935806593], [-84.9819559583507, 33.52816728927487], [-84.98144452050998, 33.52799577583037], [-84.98098693667056, 33.52799574737409], [-84.98043776868961, 33.52799667145498], [-84.97984261594927, 33.527828466846806], [-84.97920913748563, 33.527279060481746], [-84.97875152310348, 33.52685983177385], [-84.97828615895538, 33.526309441986406], [-84.97790463008117, 33.5258060806767], [-84.977484893163, 33.52555070399273], [-84.97700120158646, 33.52536634818199], [-84.97690827895515, 33.52536634818199], [-84.97652937136493, 33.525250684701284], [-84.97633434532013, 33.52512101485941], [-84.97626952558416, 33.524926495128916], [-84.97620521159972, 33.52460269300965], [-84.97621000950164, 33.52454222397178], [-84.97616047819352, 33.524345409114986], [-84.9762625510643, 33.52322230777663], [-84.976517837895, 33.5225075891192], [-84.97675006497235, 33.52158287319015], [-84.97673103056981, 33.52101180235933], [-84.9765597083704, 33.52059301658432], [-84.97631372179782, 33.52026117958702], [-84.97605852390035, 33.52010808434044], [-84.97575227474525, 33.51990375970785], [-84.97549701845728, 33.5197509626483], [-84.97524152231911, 33.51954660796414], [-84.97503743586634, 33.51944447575093], [-84.97473115796515, 33.51913825738118], [-84.97442490881008, 33.518933962661684], [-84.97420079531638, 33.51870999755304], [-84.97300003344577, 33.51773766319937], [-84.97233378444056, 33.51728080704823], [-84.97191499973657, 33.51705237844243], [-84.97153428653263, 33.51670973627503], [-84.97075382212897, 33.515910236850985], [-84.96980203642418, 33.514825202190664], [-84.96940228612274, 33.51440641867022], [-84.96911675301644, 33.51404473991954], [-84.96871700271501, 33.51381631175677], [-84.96747968300559, 33.51322620531228], [-84.96597174581683, 33.51268843750512], [-84.96533850630506, 33.512436667400095], [-84.96431601779754, 33.51189453332034], [-84.96398810217612, 33.51171971226918], [-84.96309245309178, 33.51085139222263], [-84.96277786577421, 33.51097999216708], [-84.96232100957018, 33.51105613595311], [-84.9617118673659, 33.511151315404135], [-84.96138535581126, 33.5112219112317], [-84.96108368986076, 33.511474921458976], [-84.96068394135595, 33.51174142176905], [-84.95998514279475, 33.5121511314766], [-84.95935144154892, 33.51236959878659], [-84.95920042217325, 33.512399804610304], [-84.95849483504345, 33.51254092002123], [-84.95825147065321, 33.512624576981516], [-84.9578856937375, 33.5127503124303], [-84.95750497963525, 33.512921633660035], [-84.95716233703305, 33.512940669747415], [-84.95703337129761, 33.51294627661432], [-84.9567245170282, 33.51295970583056], [-84.95609633772642, 33.51290259906644], [-84.95518262352172, 33.51295970583056], [-84.95415469751175, 33.513073919245706], [-84.9531458068027, 33.51324523983466], [-84.95263184289941, 33.513454632786186], [-84.95235726654461, 33.51368890165358], [-84.9522647598333, 33.51390398496998], [-84.95208022431436, 33.51451943332679], [-84.95174208676332, 33.51516527914064], [-84.95152673543689, 33.515380512323425], [-84.95134216847693, 33.515534262287666], [-84.95121914509707, 33.51556492911341], [-84.95085004351651, 33.51556498828107], [-84.94990973738275, 33.51533916676682], [-84.94945288207703, 33.51526302375419], [-84.94930460705454, 33.515238312555404], [-84.94888180957618, 33.51516784583033], [-84.94855820317316, 33.514939416888026], [-84.9482155614693, 33.51463484677293], [-84.94785388266791, 33.51453966965595], [-84.94748105397724, 33.51455842602284], [-84.94703582197296, 33.51458082610621], [-84.94624960835147, 33.51460893105754], [-84.94623584885626, 33.51461581030937], [-84.94589320535576, 33.51482520293964], [-84.94581417517031, 33.514835083273006], [-84.94558863605026, 33.51486327577048], [-84.94513177804959, 33.514806168015866], [-84.94479051346303, 33.51461146331134], [-84.94442135439029, 33.51436553401237], [-84.94402164361473, 33.51424256984976], [-84.94374466157159, 33.51408861162315], [-84.94340652402056, 33.51396570623567], [-84.94312966055503, 33.513873467349974], [-84.94282201092643, 33.513935010382156], [-84.94269698250687, 33.51388503297945], [-84.94265713773244, 33.5138543835336], [-84.94254292413059, 33.51364499080062], [-84.94240967432955, 33.51351174068386], [-84.9422383548251, 33.513473669505224], [-84.94199088872726, 33.51351174068386], [-84.9416531033158, 33.51368902148936], [-84.94140705565779, 33.513873498057855], [-84.94113025148108, 33.51411945646726], [-84.94097662070288, 33.51427341538795], [-84.94082263149689, 33.514426957608734], [-84.94069966740584, 33.51448849874923], [-84.94044899791571, 33.51453966965595], [-84.94025864131373, 33.51453966965595], [-84.93997310551246, 33.51444448943841], [-84.93955432080848, 33.514368347136305], [-84.93882074397106, 33.51444985653835], [-84.93806953679787, 33.51484424010611], [-84.9374969470425, 33.515038920320016], [-84.93711775109308, 33.515167846579295], [-84.93637535998609, 33.515282060824305], [-84.93577825879989, 33.515472750351385], [-84.93559351577015, 33.515595864054994], [-84.93534749685821, 33.515811186041255], [-84.93522480046514, 33.51608843694991], [-84.93494725158507, 33.51633406776254], [-84.93470165038975, 33.516457151780294], [-84.93442475638152, 33.516457151780294], [-84.9342094346995, 33.51633409772052], [-84.93396356580624, 33.516241770736734], [-84.93368655322038, 33.51621116331813], [-84.93344065468271, 33.51621110415086], [-84.93313312363172, 33.51621095510945], [-84.93291815947917, 33.516211043485775], [-84.93264066988792, 33.5161495612399], [-84.93230238411485, 33.5160880796993], [-84.93211784769761, 33.516026359198754], [-84.93193331217867, 33.51608778086697], [-84.93181013967849, 33.51621101427665], [-84.93156432917573, 33.51636491330396], [-84.93137985294561, 33.5163340385534], [-84.93107214312988, 33.5161495612399], [-84.93088760761096, 33.51596502586353], [-84.93059621209908, 33.51585920531156], [-84.93015068904066, 33.51594830995324], [-84.92976335435478, 33.515993003042986], [-84.92965575953995, 33.51600541770282], [-84.92944636673879, 33.51598638079189], [-84.92927504723431, 33.515796022686324], [-84.92910372593322, 33.51549145408897], [-84.92910372593322, 33.51511074052374], [-84.92921793953509, 33.51469195389164], [-84.92940829613704, 33.514216063080056], [-84.92959865273902, 33.51366402747778], [-84.92967479573913, 33.513169100222036], [-84.92973190343837, 33.512617063931565], [-84.92971286634086, 33.51210310041132], [-84.92940829523873, 33.51141781671085], [-84.92916083183584, 33.51109420894449], [-84.92839940452966, 33.51046603090664], [-84.92771411932527, 33.51004724650987], [-84.92683847841725, 33.50955231729108], [-84.92630547831477, 33.50928581697989], [-84.92611512171281, 33.509114496790396], [-84.92599695462539, 33.50887532072111], [-84.92593517478835, 33.508444945043344], [-84.92581244875088, 33.50819850985516], [-84.92559718545932, 33.50810659963435], [-84.92528941815142, 33.508137236135795], [-84.92489683820259, 33.50841017630982], [-84.92443998020191, 33.50888606909385], [-84.92417348149814, 33.5090954613593], [-84.92381180269676, 33.50919063997094], [-84.92356433839556, 33.5090954613593], [-84.92325976729343, 33.50888606909385], [-84.9228900925877, 33.50866014775559], [-84.92270579422403, 33.50853700470853], [-84.92239802601777, 33.50819880796572], [-84.92218291184659, 33.50789121727779], [-84.92212134131701, 33.507522294415736], [-84.92209085249627, 33.50678385223683], [-84.92212110236514, 33.50592262476834], [-84.9220597689908, 33.50524602301445], [-84.92193653720182, 33.504723289263794], [-84.9216036619817, 33.504108109804164], [-84.92103259037917, 33.50351800382009], [-84.92008080736935, 33.502432969571224], [-84.91916709316465, 33.5014431125983], [-84.918424700261, 33.50052940035014], [-84.9177584512558, 33.499729899745844], [-84.91722545294996, 33.498873295961104], [-84.91702299963438, 33.49850519987614], [-84.9170160592505, 33.49849258194531], [-84.91695895244958, 33.4980547601806], [-84.91676859584761, 33.49780729609337], [-84.91642595234711, 33.49773115263639], [-84.91604523914317, 33.49729333301375], [-84.91528381093869, 33.49624636918222], [-84.91437784111002, 33.494686089850745], [-84.91400080111727, 33.49415818542172], [-84.91353940123453, 33.493420131158416], [-84.91326268688935, 33.49332783291719], [-84.91292416216443, 33.49326623177984], [-84.91274207724959, 33.49322989571847], [-84.9122571352182, 33.49280090909095], [-84.91189545821345, 33.49236308925866], [-84.91168606631062, 33.49222983933763], [-84.91149570791201, 33.49222983933763], [-84.91077235210588, 33.492858016383565], [-84.91002995920226, 33.493562336062624], [-84.90943722203171, 33.49403982000907], [-84.9093446739979, 33.49411437328476], [-84.90924959091831, 33.49415911885381], [-84.90837385478888, 33.49457122963374], [-84.90804640359646, 33.4947135989561], [-84.90793603478402, 33.49476158573439], [-84.90744110528328, 33.494894835504965], [-84.90679389157897, 33.49493290661624], [-84.90620378467555, 33.49504712209717], [-84.90567078457309, 33.49535169297971], [-84.90530910756833, 33.49577047656843], [-84.90479514366504, 33.49618926337529], [-84.90467720564801, 33.496253593742075], [-84.90437635896104, 33.49641769012253], [-84.90426726934959, 33.49653517281474], [-84.90363396785406, 33.49721719060298], [-84.90331036055275, 33.497578870016156], [-84.90251086084821, 33.49835933246825], [-84.90205400374583, 33.49894943766445], [-84.90131161263884, 33.499482436701676], [-84.90091186413403, 33.49974893723688], [-84.9006643980362, 33.4998250796682], [-84.90049307763343, 33.499767973225566], [-84.90030926346166, 33.499641600910195], [-84.9001885065313, 33.49955858086556], [-84.8999410431284, 33.499463402897526], [-84.89952104659709, 33.49954476303598], [-84.8988559267742, 33.49986833608427], [-84.89868291035215, 33.50015596429562], [-84.89809839635973, 33.50057117097386], [-84.89788334327397, 33.50066346823497], [-84.89766784192888, 33.50072495099709], [-84.89742200357834, 33.500724771965494], [-84.89717574661287, 33.50060174796853], [-84.89692969805654, 33.500386456302145], [-84.89671461532639, 33.500048199993046], [-84.89659135209637, 33.49986369320251], [-84.89640696569778, 33.499678799485594], [-84.89625306542499, 33.49949462151029], [-84.89609913730442, 33.49943334762152], [-84.89579211380156, 33.499433078695624], [-84.89529936271539, 33.499494680688926], [-84.89486904543979, 33.49958680006387], [-84.89465348570423, 33.499771365124865], [-84.89443879014793, 33.500171432274875], [-84.89419211636418, 33.500417211645214], [-84.89391569936136, 33.50060201539266], [-84.89359526850289, 33.500767813693464], [-84.8934347027307, 33.50090544310608], [-84.89232599122724, 33.50185576699217], [-84.8919374375275, 33.50208889945397], [-84.89148528939388, 33.50213975634065], [-84.89147432635416, 33.50213152776389], [-84.89053212118188, 33.50103245104636], [-84.89025516788483, 33.50072521916993], [-84.88982449487636, 33.50038666454891], [-84.8895170240125, 33.500078926241706], [-84.8890861129505, 33.4998020914718], [-84.88874818380859, 33.49955619274689], [-84.88844041470406, 33.49943301951694], [-84.88812124508023, 33.49938395812541], [-84.88789647042648, 33.49939492191881], [-84.88709345830915, 33.499291308172864], [-84.88657538461344, 33.49913588507409], [-84.88639405967335, 33.49898046469271], [-84.88576443318566, 33.497956850802154], [-84.88554923097958, 33.497833708257474], [-84.88527221839372, 33.49777216650936], [-84.88490350398703, 33.49761862470235], [-84.88471840163116, 33.49743390972346], [-84.88456432349196, 33.49728003995287], [-84.88419225297937, 33.49716721028746], [-84.88370008220487, 33.49721901844709], [-84.8834669496257, 33.49740034339065], [-84.88325972176438, 33.49784070420598], [-84.883235901138, 33.498055090537775], [-84.88308818486762, 33.49832574477017], [-84.88287301230594, 33.49838746441207], [-84.88256527284578, 33.49826426255136], [-84.88225786127073, 33.49798769690153], [-84.8819809681608, 33.49780298196101], [-84.88164315849484, 33.49758766011152], [-84.881365698548, 33.49749548092748], [-84.88102759153968, 33.497464695330954], [-84.8807813049298, 33.497464755260054], [-84.88041244140278, 33.49752632719126], [-84.88028938837853, 33.497710653932856], [-84.87995095258682, 33.49771068389734], [-84.87973566054919, 33.49752582079036], [-84.87967405857859, 33.497218558489614], [-84.87955115467467, 33.496849456043144], [-84.87930504682953, 33.49660352795584], [-84.87905896862883, 33.49635730101866], [-84.87868956880759, 33.49604994991937], [-84.87818420267986, 33.49556772157668], [-84.87730375039519, 33.49453546796102], [-84.87630234085577, 33.49363809887345], [-84.87569841157512, 33.492919719696225], [-84.87541381181838, 33.49203831946769], [-84.87503430684849, 33.49143111014362], [-84.87387301784979, 33.49045198591675], [-84.87315954800336, 33.490262233168174], [-84.87271932231018, 33.49019392246653], [-84.87223033067347, 33.490282810800394], [-84.8703004215581, 33.490308561489705], [-84.86940819954657, 33.49040082923639], [-84.86903900723615, 33.490493484207974], [-84.86854694156453, 33.490493305155276], [-84.86805457675395, 33.4905548475822], [-84.8674395164486, 33.4906161210121], [-84.86707050380123, 33.490616210163765], [-84.86673174102275, 33.490616180196824], [-84.86645520454401, 33.49055437110745], [-84.86617831233241, 33.490401037507176], [-84.8659630795836, 33.490247287093034], [-84.8658087624925, 33.49012420400582], [-84.86537853684506, 33.48993960789032], [-84.86491737501586, 33.48975507131588], [-84.8647019635023, 33.489693590502625], [-84.86414835604721, 33.48953983958164], [-84.8637483191832, 33.489509113338535], [-84.86340994357862, 33.489509113338535], [-84.86301035407561, 33.48950896425108], [-84.86254892454845, 33.48938611985338], [-84.86217964330481, 33.48923216011296], [-84.86171782660378, 33.489078409871084], [-84.86131835657673, 33.488955416523474], [-84.86091864669947, 33.488893844490676], [-84.86036491976847, 33.488862969679005], [-84.85909188124671, 33.48891211120208], [-84.85818968883383, 33.48888557569713], [-84.85771205819053, 33.48899171766832], [-84.85731403085781, 33.48893864669896], [-84.85665065466489, 33.48872636624235], [-84.85582806825754, 33.48867329660879], [-84.85570117313881, 33.488647917780895], [-84.85564604083488, 33.488636890443736], [-84.85463399075095, 33.48843448135688], [-84.85381140434362, 33.48806298973928], [-84.85330723836513, 33.48787724445671], [-84.85301535147481, 33.48787724445671], [-84.8525377217298, 33.48835487512763], [-84.8521396943971, 33.48864676177981], [-84.8516355284186, 33.48877943734175], [-84.85118443221218, 33.488805970631724], [-84.85081187571102, 33.488709383603535], [-84.85070681863685, 33.48870942855492], [-84.85036847267668, 33.4887091004097], [-84.85009160921115, 33.48870945852253], [-84.84978381136052, 33.48870930868454], [-84.84947628120783, 33.488832362316806], [-84.84923038177186, 33.48901698851244], [-84.84883043384106, 33.48920137532422], [-84.84839987941021, 33.489385822427295], [-84.8480001120408, 33.489509114087724], [-84.84763086044157, 33.4897551327487], [-84.84735390714454, 33.48987806727373], [-84.84692332396759, 33.490062542902606], [-84.84658512712775, 33.49015478169352], [-84.84550592977297, 33.490132724404845], [-84.8448690880169, 33.48994697981559], [-84.8442057127223, 33.48957549019102], [-84.84375461471923, 33.48949588351228], [-84.84330352030943, 33.48957549019102], [-84.84285242410297, 33.49000004941783], [-84.84263141339025, 33.49044206833759], [-84.84258707254784, 33.49053075114302], [-84.84234825812449, 33.49068996102632], [-84.84141952947812, 33.49127373258927], [-84.84001317288339, 33.492335135904526], [-84.8390048409264, 33.493529211724656], [-84.83846470730226, 33.49396894347074], [-84.83800330741953, 33.494245747450265], [-84.83735743130666, 33.49446095100666], [-84.83689591194798, 33.49449176613858], [-84.83637353711866, 33.49449185528625], [-84.83588087406741, 33.49439949750709], [-84.83545029089046, 33.49421508131008], [-84.8351736358341, 33.49419952461686], [-84.83437371122643, 33.49444563183513], [-84.83351251343154, 33.494845340787776], [-84.83280527429991, 33.49499926957245], [-84.83182084381774, 33.49512235322144], [-84.83117496770485, 33.495368431596965], [-84.830867496841, 33.49558369379155], [-84.83068299096647, 33.49592186041986], [-84.83055987685677, 33.496168177741374], [-84.83037537098225, 33.49629117133199], [-84.83025216883766, 33.49622945019559], [-84.82997530537214, 33.49622948090973], [-84.82963722710993, 33.49641398720558], [-84.8287759098391, 33.496844809253865], [-84.82839081465322, 33.49711144675719], [-84.82812546489468, 33.49713798198877], [-84.82803325013583, 33.49713798198877], [-84.82780704536412, 33.49713798198877], [-84.82735594825938, 33.49700530574954], [-84.82690485205293, 33.49700530574954], [-84.8264802929783, 33.49711144675719], [-84.82618679630698, 33.49715220922041], [-84.82588457699427, 33.49715236953143], [-84.82569977287908, 33.49709079733425], [-84.82545408275055, 33.49678335669721], [-84.82511531907376, 33.49635286171031], [-84.82471567028195, 33.4961066055934], [-84.82416152473601, 33.496044915039626], [-84.82299339326978, 33.49549148625417], [-84.82218161090034, 33.49469675683121], [-84.82170398025704, 33.49419258980385], [-84.8211732798417, 33.49392724008105], [-84.82061604319286, 33.493794563416415], [-84.82024455299197, 33.49392724008105], [-84.82004922241825, 33.49431789955007], [-84.8200057376703, 33.494404870345], [-84.81976692055201, 33.49477636172529], [-84.81928928901038, 33.49520092242116], [-84.81873205236155, 33.49554587842005], [-84.81832787785734, 33.49565610772099], [-84.81819485982166, 33.495737354573464], [-84.81770249590936, 33.496106426552295], [-84.81748720477006, 33.49635259427305], [-84.81708749489282, 33.49702925655629], [-84.81698074000278, 33.497403331609846], [-84.8166357833404, 33.497880963672564], [-84.81626429403781, 33.49811977909023], [-84.81610508382339, 33.49811977909023], [-84.81583973316654, 33.498066708471704], [-84.81527199431372, 33.49798787968435], [-84.814903430824, 33.497936707230295], [-84.81379630484705, 33.49793652819294], [-84.81305801185438, 33.49812151177856], [-84.81244286171747, 33.49818251691689], [-84.81145858035562, 33.498274904370405], [-84.81084354969465, 33.498490226757866], [-84.81035133400441, 33.4987363929442], [-84.81010534563521, 33.499197554697844], [-84.81005509028496, 33.499844556856345], [-84.81008162472182, 33.50040179389878], [-84.80992241271075, 33.50087942514874], [-84.80959742469884, 33.50132048214065], [-84.80955092340815, 33.50138359068969], [-84.80858228441033, 33.502326050060624], [-84.80856733644401, 33.502335024694794], [-84.80770584040843, 33.50273512119501], [-84.80709078010307, 33.502919269054445], [-84.80647571979772, 33.50288857377671], [-84.80592217163144, 33.50279627589193], [-84.80518396757198, 33.50279636503104], [-84.80444552545897, 33.50279588787457], [-84.80336888650612, 33.50288893108181], [-84.80296908859397, 33.50304259163126], [-84.80275379655636, 33.50331906772294], [-84.80260010559103, 33.50365744383405], [-84.80235417651063, 33.50396512297733], [-84.80186190153157, 33.504210991949186], [-84.80140062112476, 33.504211051873675], [-84.80109303168325, 33.504457159095104], [-84.80063151232457, 33.50451864140974], [-84.80013950594177, 33.50445736808114], [-84.79977028488528, 33.50433410519733], [-84.79940115276197, 33.50427253436313], [-84.79878603316781, 33.50393430747212], [-84.79829205947455, 33.503697682617926], [-84.79811431252423, 33.503612537631795], [-84.7975305405402, 33.50345332604322], [-84.7969467685562, 33.50337372163723], [-84.79692023411933, 33.50318797474227], [-84.79699983922654, 33.50278995001087], [-84.7968790544484, 33.50244772477695], [-84.79684062811378, 33.502338854700696], [-84.79660181279215, 33.50156933846051], [-84.79654707664525, 33.501204432943574], [-84.7965407552006, 33.50118122787966], [-84.7964791541283, 33.500873876677694], [-84.79632540387418, 33.500566435992035], [-84.79614089799965, 33.50041250661852], [-84.7957715565689, 33.50022803056811], [-84.79552544962208, 33.500074250411195], [-84.79531024651767, 33.49985892821824], [-84.79524849632503, 33.49970529722458], [-84.79518737135986, 33.49949000557598], [-84.79521788892667, 33.49909014727204], [-84.79527943071017, 33.49875171285469], [-84.7954639365847, 33.49822871140508], [-84.79558719981472, 33.4977367342698], [-84.79564868141108, 33.49736769246356], [-84.79564853229073, 33.49693704831114], [-84.79558699140557, 33.49666027466038], [-84.79543333008463, 33.496414315321665], [-84.79527934177695, 33.49619884468803], [-84.79503353127419, 33.495983611740634], [-84.79481803172573, 33.49582968395693], [-84.79454131648224, 33.49564532624183], [-84.79417227419047, 33.49564526631141], [-84.79374145206168, 33.49579898691436], [-84.79331095691964, 33.49589122558759], [-84.79294206374823, 33.4960451247951], [-84.79260344919176, 33.49622980902646], [-84.79220362163522, 33.496383440194954], [-84.79183457934346, 33.496383321833406], [-84.79146550740731, 33.49638347090903], [-84.79106567895244, 33.49653713102056], [-84.79072718477023, 33.49684495907782], [-84.79051201131023, 33.497306300207285], [-84.79023523767624, 33.49770600868804], [-84.78998918911992, 33.4979213602076], [-84.78974302198597, 33.49804444419705], [-84.78937389076101, 33.49801368801098], [-84.78903533639168, 33.49789060397782], [-84.78845124011583, 33.4977983067567], [-84.78792805949774, 33.497798126969926], [-84.78737436310944, 33.49789063319312], [-84.78669767118906, 33.49810592657202], [-84.78641325109538, 33.498174802601284], [-84.78601432365075, 33.498411665786996], [-84.78553669300743, 33.49888929753021], [-84.78519173724338, 33.4992873222196], [-84.78476717637211, 33.49944653398002], [-84.78413033461607, 33.49984455835449], [-84.78383844862405, 33.50021604961534], [-84.78362616773927, 33.500401794647885], [-84.78333428264557, 33.50056100510764], [-84.78280358133192, 33.50069368114104], [-84.78256820925274, 33.50067014259667], [-84.7817421787046, 33.50058753928186], [-84.78099919740447, 33.500348724679235], [-84.78052156586284, 33.500348724679235], [-84.78014601617517, 33.500474256983416], [-84.7798077295038, 33.500628037178814], [-84.77956168184578, 33.50090481162783], [-84.77948669946902, 33.50135705675949], [-84.77953977013937, 33.50170201294839], [-84.77953977013937, 33.5021531085812], [-84.77948669946902, 33.50252460042161], [-84.7793009539194, 33.50289608991847], [-84.77884985861127, 33.50355946738451], [-84.77855797261925, 33.50387788838022], [-84.77829262196244, 33.50398402770271], [-84.77793164384698, 33.504041953828946], [-84.777347040023, 33.5040574218629], [-84.77647810144532, 33.50414661880712], [-84.77640863292775, 33.50416977513646], [-84.77609021160058, 33.50459433470812], [-84.7756921869628, 33.50496582505928], [-84.77516148564914, 33.50509850108236], [-84.77457771366514, 33.50525771039368], [-84.77390260727124, 33.50519560240049], [-84.77248738340631, 33.505164668234734], [-84.77202604281239, 33.50510318563002], [-84.77156470311675, 33.50504173369264], [-84.77110300499334, 33.50504170373068], [-84.77064181441803, 33.50510309649328], [-84.77014948015017, 33.50501079797382], [-84.76971904429693, 33.504857018074425], [-84.76922703791413, 33.50473417298146], [-84.76876537033343, 33.50473408384435], [-84.76836575028771, 33.504887953099136], [-84.7677504222844, 33.50498022103861], [-84.76701522039463, 33.50507196604384], [-84.76669679996576, 33.505231175403985], [-84.76627223909449, 33.505602667515916], [-84.76600688933598, 33.50578841222488], [-84.76539658201676, 33.506080297781196], [-84.76491895137349, 33.506106833259615], [-84.76436171472464, 33.50605376304366], [-84.76399022542203, 33.506106833259615], [-84.76364526875967, 33.50642525387184], [-84.76290228745954, 33.50687634960624], [-84.76249069736267, 33.50694875633626], [-84.76196778623914, 33.50694875633626], [-84.76162932170134, 33.50697933257598], [-84.76122934412614, 33.50713317162291], [-84.7608603314788, 33.50731785616709], [-84.7604611884385, 33.50756375531273], [-84.75999913368389, 33.50762535751169], [-84.75978378235746, 33.5075945418117], [-84.75916907868326, 33.50762535751169], [-84.75889188823099, 33.507809833525634], [-84.75876892413996, 33.50805576273227], [-84.75858423860238, 33.50817896488792], [-84.75855378122267, 33.50836338129813], [-84.7586460184394, 33.50842489379457], [-84.75879944170678, 33.5085483650713], [-84.75910694131676, 33.50891701990569], [-84.75932244266183, 33.50913243041869], [-84.75938419285445, 33.509409203888005], [-84.75929177597467, 33.5095937113026], [-84.75908123782152, 33.50998095201451], [-84.75894856204395, 33.5104055145362], [-84.75868321228543, 33.510697398001774], [-84.7584987989374, 33.51080964977925], [-84.75807290496624, 33.5110688898678], [-84.75754220365258, 33.511254634079215], [-84.75689250969975, 33.51142381240414], [-84.75636971715386, 33.51166986091543], [-84.75603134065094, 33.51191590947606], [-84.7557239003298, 33.512131320013566], [-84.75541619141237, 33.512469547074936], [-84.75526261992299, 33.512807893400215], [-84.75520098830796, 33.51326917341506], [-84.75520089937476, 33.51376150790193], [-84.75535456069568, 33.51413046033635], [-84.75541613122525, 33.514684127953736], [-84.75541613122525, 33.515237646729524], [-84.75529319677864, 33.515730189458885], [-84.75517008356726, 33.51634504214081], [-84.75498516087444, 33.51726772226754], [-84.75492460274619, 33.517759936637866], [-84.7548011014626, 33.51828246132186], [-84.75455481485275, 33.51849802152203], [-84.75418571237385, 33.5186826765666], [-84.75375539689489, 33.51874397951573], [-84.75332463405489, 33.51880552282783], [-84.75289363316136, 33.51898996826506], [-84.75267869865323, 33.51917465371443], [-84.7524938639953, 33.519666719432635], [-84.75200209656437, 33.52009733436611], [-84.75154051791688, 33.520404953557644], [-84.75077167771298, 33.520743388674525], [-84.75040260577681, 33.5209585922518], [-84.75021809900397, 33.5214815327286], [-84.75018713497444, 33.52280401124837], [-84.75015649793168, 33.52335756044636], [-84.75015664705202, 33.52392663498764], [-84.75000274677923, 33.5244803627228], [-84.7498181519715, 33.524787833025556], [-84.74957231272262, 33.52509542280407], [-84.74938759843896, 33.525280018831864], [-84.74907982933443, 33.5256491505446], [-84.74904904317133, 33.526048919078065], [-84.74904925247878, 33.526448717215764], [-84.7488953225616, 33.52687927142491], [-84.74868009071109, 33.52724852211921], [-84.74846485796229, 33.5275560529724], [-84.74806473216505, 33.527802129736436], [-84.74751115345605, 33.52789418902269], [-84.74689603206524, 33.52810948189244], [-84.74628082443617, 33.528294225749036], [-84.74581939490902, 33.528386375121805], [-84.74523517915726, 33.52850937010019], [-84.74480441631727, 33.52872492952433], [-84.74428174324731, 33.52872492952433], [-84.74375877193667, 33.528755447146736], [-84.74326673590947, 33.52884768588913], [-84.74277431181007, 33.52897076857465], [-84.7420722658391, 33.529059660517866], [-84.74171089875314, 33.529068927422415], [-84.74106393298383, 33.52908619493914], [-84.74042709122776, 33.5292188699188], [-84.73992292435098, 33.52972303583059], [-84.73955143415006, 33.53017413289872], [-84.7391268732788, 33.530439483808834], [-84.73865256011385, 33.53067663908217], [-84.73856963662995, 33.530784437875944], [-84.73856963662995, 33.531049789159546], [-84.73867577797067, 33.53150088604528], [-84.73880845284994, 33.53179277171613], [-84.73880845284994, 33.531951982075114], [-84.73862270819862, 33.532323471772685], [-84.73827775153627, 33.5326684280579], [-84.73798586464595, 33.53293377805235], [-84.73782665532981, 33.53296031353114], [-84.73734902558483, 33.53282763979969], [-84.73665911136177, 33.53280110428013], [-84.73612841004812, 33.532880708567895], [-84.73573038451204, 33.5331460586596], [-84.73530582543741, 33.53322566487614], [-84.73464244744787, 33.5331460586596], [-84.73392600148291, 33.53293377805235], [-84.73294420486111, 33.53258882207704], [-84.73267885420428, 33.532323471772685], [-84.7325023738785, 33.53215287638126], [-84.73243942982486, 33.53216963259106], [-84.73200899486997, 33.53235431685365], [-84.73157814219844, 33.53241582951405], [-84.7311782849975, 33.532415560690595], [-84.7303171159487, 33.53249271896762], [-84.72985565767544, 33.532584808454025], [-84.72957933050415, 33.53246184398358], [-84.72893741057179, 33.532111192140974], [-84.72869859435183, 33.53205812140277], [-84.72838017392296, 33.532137727123455], [-84.72800868372205, 33.53248268340089], [-84.72779640193895, 33.53296031427996], [-84.72782293727411, 33.53359715658901], [-84.72769026239487, 33.53402171627106], [-84.72731877129563, 33.534791232915204], [-84.72686767508921, 33.53518925793699], [-84.72660232443236, 33.53569342647388], [-84.72660232443236, 33.536091451085724], [-84.7267615346468, 33.53646294321324], [-84.72705342063881, 33.53672829279274], [-84.72721263175157, 33.53696710881445], [-84.72720573538513, 33.537036084944816], [-84.72718609641637, 33.53723245984149], [-84.72694728109474, 33.537524345629436], [-84.72639420544228, 33.53772347562373], [-84.72631859693976, 33.537767314351136], [-84.72591856097407, 33.5373984215636], [-84.72567286994725, 33.53727536734845], [-84.72548803618764, 33.53727530744692], [-84.72524192834251, 33.53727536734845], [-84.72505748265512, 33.53727536734845], [-84.72487300552669, 33.53727536734845], [-84.72462689768155, 33.53727545645203], [-84.72441154635511, 33.537398361662106], [-84.72419610519717, 33.537459783876514], [-84.72404223636542, 33.537521445652814], [-84.72376558130905, 33.537521296648116], [-84.72372789518624, 33.53753071389674], [-84.72365693277037, 33.53736513355202], [-84.7237100025424, 33.53707324872398], [-84.72365693277037, 33.53680789720827], [-84.72341811744873, 33.536542547124334], [-84.7229404859071, 33.53619759207042], [-84.72222760086393, 33.535860441691746], [-84.72204312553212, 33.53567581658506], [-84.72185861875928, 33.535552941872474], [-84.72167411288478, 33.53543003553615], [-84.72133549922664, 33.535337650314595], [-84.72102817658478, 33.5353375305088], [-84.72068986116732, 33.535306863954695], [-84.72044378296658, 33.53524547091083], [-84.7202589788514, 33.535091422775096], [-84.72007447207855, 33.53484537499277], [-84.71982797795785, 33.5344456366443], [-84.71970545943118, 33.53419952936671], [-84.71948998862884, 33.53395351049552], [-84.71921327428366, 33.533769004119456], [-84.71905940545192, 33.5334920809526], [-84.71884432182343, 33.5332769385162], [-84.7186593982323, 33.53321569454055], [-84.71822896327738, 33.5330923423372], [-84.71786006920766, 33.53299998531852], [-84.71749072957354, 33.532907926226585], [-84.7171218364021, 33.53278469339346], [-84.71669101427331, 33.53259976968221], [-84.71638363234264, 33.53247710325993], [-84.71613755414194, 33.53235425844623], [-84.71582990541164, 33.532169513529645], [-84.71558379666818, 33.532046698980395], [-84.71530672479352, 33.53186219227911], [-84.71496849920759, 33.531738632219735], [-84.71478360526086, 33.531646870563314], [-84.7145073373784, 33.5315543936871], [-84.71416866353312, 33.53155454270214], [-84.71392225834562, 33.53152369733591], [-84.71361532377598, 33.53152387555495], [-84.71330764450298, 33.53155457265491], [-84.71293842344646, 33.53164678070509], [-84.71256950063065, 33.53173904856235], [-84.7121386758069, 33.53180044110096], [-84.71183135675831, 33.5318620432646], [-84.7114616586964, 33.531923912711676], [-84.71121602695837, 33.531985156104746], [-84.71072390199795, 33.532046698980395], [-84.71038567461537, 33.532138846600596], [-84.71010860274073, 33.53229265738213], [-84.70986252453999, 33.53247728222578], [-84.70980125135279, 33.532723419865555], [-84.70977028732325, 33.533092373038194], [-84.70970871499705, 33.533369057868256], [-84.70946260805025, 33.53355368265975], [-84.70912435012494, 33.533645861621025], [-84.70875578573693, 33.53370755232587], [-84.70853959897728, 33.53379976107509], [-84.70817109387805, 33.53395345134045], [-84.70801722414798, 33.5341073809476], [-84.70780178388834, 33.53426113056977], [-84.70746349721695, 33.53444560669253], [-84.70715581794393, 33.53456857133666], [-84.70700197785827, 33.53459932800778], [-84.70690971009881, 33.534937792189616], [-84.7069096804544, 33.53530698376053], [-84.70697131117112, 33.53555294262121], [-84.7069096804544, 33.53579904978982], [-84.70678683494098, 33.536229574661576], [-84.70674079538436, 33.53635637275597], [-84.70675409853538, 33.53651601274503], [-84.7066744943265, 33.53683443299551], [-84.70643567810653, 33.53728552964964], [-84.70635607389764, 33.537869300630256], [-84.70624993345523, 33.53850614346601], [-84.7060907241391, 33.53906337934466], [-84.70582537258397, 33.53938179844782], [-84.70553348749027, 33.53946140491219], [-84.70502932061348, 33.53943486918263], [-84.70431287464852, 33.53906338009343], [-84.70382463759667, 33.538874742506515], [-84.7031453315788, 33.53861228148578], [-84.70229620893795, 33.53837346701423], [-84.70209571035643, 33.5382230918863], [-84.70198833203558, 33.5380442680002], [-84.70161946850857, 33.53758295763182], [-84.70140405699499, 33.53739836315966], [-84.70125018816324, 33.53718307020761], [-84.7010964073664, 33.53702923068815], [-84.70085032916566, 33.53693696248663], [-84.70054268043536, 33.53684478478818], [-84.70032759680689, 33.53666015878867], [-84.70008151860617, 33.536445015999824], [-84.6998045060203, 33.536291026908756], [-84.69946619060283, 33.5362911459645], [-84.69915851132984, 33.53629099695763], [-84.69885115994188, 33.536260539650954], [-84.69857417700044, 33.536106491077675], [-84.69832806915532, 33.53610655098006], [-84.69792815176724, 33.536106491077675], [-84.697497567692, 33.53610672918965], [-84.6971899180634, 33.536075943852374], [-84.69685163139201, 33.53604492039202], [-84.69654433929287, 33.53595277094482], [-84.69629793230875, 33.53586041398685], [-84.69599061236185, 33.53573738977998], [-84.69559072461819, 33.535552973321394], [-84.69534467696019, 33.53542985957156], [-84.69509865894658, 33.53530668649225], [-84.69494481975923, 33.53506084673709], [-84.69485228250517, 33.534937763735556], [-84.69466780717337, 33.5347534062233], [-84.69457559870273, 33.53469180387341], [-84.69423731203133, 33.53463020297722], [-84.69324775306718, 33.5346585604959], [-84.69261091220943, 33.53444627836088], [-84.69140728201813, 33.53396900912398], [-84.69113059731737, 33.53387677060331], [-84.69106500503027, 33.53385489368625], [-84.6909922738316, 33.53380943781385], [-84.69088613249089, 33.53354408751176], [-84.69088613249089, 33.533146060157236], [-84.69088613249089, 33.53258882357468], [-84.69083306182054, 33.53232347327033], [-84.69064731716924, 33.53208465789919], [-84.69019622186111, 33.531713168673114], [-84.68962352251128, 33.53129326580767], [-84.68919276056961, 33.53092395600521], [-84.68888514058541, 33.53070884312193], [-84.6885775502456, 33.53040113402779], [-84.68823935340575, 33.53015520469139], [-84.6879007684937, 33.52990897811751], [-84.68759315030611, 33.52969386495558], [-84.6871627737417, 33.529355459621414], [-84.68685524358904, 33.529047750203944], [-84.68636279074353, 33.52867876779022], [-84.68602468283689, 33.52843257071011], [-84.68562491456915, 33.52806352950766], [-84.68537853902608, 33.527848325636796], [-84.68507097833067, 33.52757146213638], [-84.68476335924477, 33.52726431999445], [-84.68451749035152, 33.52695628337278], [-84.68424050651177, 33.52671023490503], [-84.68402515518531, 33.52649500295384], [-84.68377925664765, 33.526156656992015], [-84.68328712989062, 33.52618750202625], [-84.68288727268967, 33.52624880489838], [-84.68257959341663, 33.52624883485298], [-84.68230299764909, 33.526248596713856], [-84.68199534891879, 33.52612578124326], [-84.68178465266216, 33.52565203219766], [-84.68170500084256, 33.525265149197494], [-84.68146618552089, 33.52457523683952], [-84.68065481637649, 33.52355920638397], [-84.68021903734396, 33.52266471367373], [-84.67929031139252, 33.52115221472637], [-84.67842717413494, 33.52026655381527], [-84.67777781166045, 33.51995813728101], [-84.67724711034678, 33.51985199658212], [-84.67652012355028, 33.519559255778], [-84.67627413518109, 33.51946692774271], [-84.67599721152845, 33.51931314881953], [-84.67584349091871, 33.519036433992916], [-84.67568944332223, 33.51866730176761], [-84.67559744326071, 33.51826738452754], [-84.67547435969374, 33.51802142517871], [-84.67535130577117, 33.51780607424251], [-84.67522822220421, 33.51752929992227], [-84.67510522757046, 33.51709874560145], [-84.67495129855158, 33.516606470548936], [-84.67491202420736, 33.515924808511784], [-84.67432825491828, 33.514279634824966], [-84.67402315021687, 33.513435529404056], [-84.67381302798371, 33.51285420890743], [-84.6728953593951, 33.510830077221776], [-84.67252387009252, 33.5102993755991], [-84.6720293583084, 33.509993900829215], [-84.67089126740358, 33.50990157307154], [-84.67082975526449, 33.51039375819496], [-84.67086048124047, 33.511531999205665], [-84.6708606303608, 33.51208530895739], [-84.6708298145533, 33.512454291009234], [-84.67067597446766, 33.51319258593454], [-84.6705221065342, 33.51402293737625], [-84.6703989331357, 33.51469974762329], [-84.67030693307419, 33.514976522008695], [-84.67009161139217, 33.51556085628154], [-84.66993759254177, 33.51596080325967], [-84.6696301522206, 33.51639120821131], [-84.66929195448243, 33.51694481717277], [-84.66901512155964, 33.517436643930864], [-84.66873819880533, 33.517836979923125], [-84.66836918615797, 33.518175146483436], [-84.66787682134738, 33.51866742159649], [-84.66750774941121, 33.51909785577077], [-84.6671385876435, 33.519528589619284], [-84.66676951570736, 33.51995908466435], [-84.66656935758732, 33.52042433774202], [-84.66651814553128, 33.52098766721724], [-84.6665949640645, 33.52149978507432], [-84.66644132969303, 33.52213993056566], [-84.6659548165082, 33.52298492536486], [-84.66487937051804, 33.524470066364636], [-84.66416240622516, 33.52567354274613], [-84.66331741224134, 33.5271330790734], [-84.66295892874746, 33.527978073013934], [-84.66247241735924, 33.52861821997844], [-84.66188348185898, 33.52900230827869], [-84.66111530640838, 33.52925836744577], [-84.66003985682495, 33.52956563804443], [-84.65960285967691, 33.52967848762094], [-84.65911079400529, 33.52973949297727], [-84.65828020360875, 33.52983223763071], [-84.65766511276068, 33.53004741110378], [-84.65720383235387, 33.5302318879804], [-84.65692693834563, 33.530478203494184], [-84.65671164720632, 33.53072416186494], [-84.65631187804027, 33.53109317448912], [-84.65594259769495, 33.53109317448912], [-84.65548107833627, 33.53109329430085], [-84.65462008984883, 33.53097030000263], [-84.65351260544408, 33.530970121782445], [-84.65280524683654, 33.53109335420667], [-84.65145135634596, 33.53146227689449], [-84.65019077745721, 33.53195434309121], [-84.6492370433066, 33.53235434980137], [-84.64852980417498, 33.532384957497854], [-84.64779142135077, 33.532569582893224], [-84.64686898091139, 33.532723273099], [-84.64609969244816, 33.532954063238655], [-84.645300156811, 33.533015574723535], [-84.64499247663966, 33.53301554402245], [-84.64450052864737, 33.53316941389757], [-84.64422375501339, 33.5332616524241], [-84.64379305146218, 33.53344603932565], [-84.64327011069429, 33.53356933186908], [-84.64302385372882, 33.533753837922404], [-84.64271638286493, 33.53399958854333], [-84.64253196592364, 33.5342766298919], [-84.64231652476568, 33.53464570223317], [-84.64203986970932, 33.53498401872193], [-84.64179355435336, 33.5352299770039], [-84.64133248235566, 33.53553756707743], [-84.64084005825627, 33.535722221681915], [-84.64053267722392, 33.535845096902676], [-84.6401325217823, 33.536029693194216], [-84.639701758044, 33.53615316400638], [-84.63933283522817, 33.53621434824509], [-84.63874835088012, 33.53621449725203], [-84.63825655290648, 33.53621434824509], [-84.63785663641674, 33.53621434824509], [-84.63736436143766, 33.53627585965657], [-84.63699519966997, 33.536460455777046], [-84.63641104410532, 33.53658350965466], [-84.6360109183081, 33.53673722941471], [-84.63567275111265, 33.53695240292477], [-84.6352729235561, 33.53716790386071], [-84.63490388036604, 33.53726020176653], [-84.63441157574256, 33.53732168398061], [-84.63388881373939, 33.5373215050248], [-84.63355055671241, 33.537260022810536], [-84.63318124672269, 33.537198540552595], [-84.63287371657002, 33.537075605856344], [-84.63250461409112, 33.53682949857821], [-84.63225856643312, 33.53676795686087], [-84.6319508575157, 33.536737290065396], [-84.63155094012762, 33.536706414350974], [-84.63121259416744, 33.53676783705699], [-84.63081276571256, 33.53695243287567], [-84.63041296780042, 33.537137029048885], [-84.63004380603273, 33.53732159487711], [-84.6296133701795, 33.53750621946393], [-84.62936708536627, 33.53772130270541], [-84.6290903997672, 33.537998137448554], [-84.62884438175358, 33.5382443342459], [-84.62841349943766, 33.53849038208777], [-84.62813696385723, 33.53867491807109], [-84.62779873647467, 33.53885945440921], [-84.62770608154132, 33.53892096618478], [-84.62742924861853, 33.5388441356102], [-84.62684497267962, 33.53869020620103], [-84.62632191243577, 33.538567361979695], [-84.62567588720258, 33.538475212975165], [-84.62499937494526, 33.53835189073926], [-84.62463042158672, 33.53835186078883], [-84.6241380271317, 33.538505641048694], [-84.62367695513403, 33.538690266850345], [-84.62327697845714, 33.53899800559362], [-84.62290793616539, 33.5393363514716], [-84.62260028653677, 33.539612886783736], [-84.6221695829856, 33.53967457772283], [-84.62164685062682, 33.53958231009879], [-84.62112411736973, 33.53949007157749], [-84.62057036079432, 33.53942841120547], [-84.61998581805578, 33.539489893374885], [-84.61946281710073, 33.539613095684786], [-84.61900132738644, 33.53979769141731], [-84.61838629672549, 33.54007440570103], [-84.6176787297088, 33.540535776149476], [-84.61715578804257, 33.54087418114817], [-84.61371099686299, 33.54305782762807], [-84.61192717806732, 33.54422622805483], [-84.61088117615725, 33.54490321746417], [-84.60971226764829, 33.54558002936961], [-84.60789751626415, 33.54673334931999], [-84.60663672806793, 33.5476559402924], [-84.60580592926226, 33.5482404834873], [-84.60500642147286, 33.548640132583806], [-84.60399117518317, 33.549132436398466], [-84.60340687139649, 33.54950138990508], [-84.60273032859646, 33.549808950152865], [-84.60211508862804, 33.54983982567856], [-84.60125377135721, 33.54983964599993], [-84.600361698466, 33.54987061060527], [-84.59962358423807, 33.54990127723274], [-84.59897770812522, 33.54993215272545], [-84.59756281214538, 33.54993191390288], [-84.59700926397909, 33.55014735552397], [-84.59620951813616, 33.55060866545873], [-84.59590183886314, 33.551039190677], [-84.59571763122929, 33.55153140520888], [-84.59574817844054, 33.55180829902847], [-84.59584023779084, 33.55214661496669], [-84.59605547053965, 33.55233112104158], [-84.59617864303985, 33.55266943792697], [-84.59620951813616, 33.553007514673446], [-84.59602504190605, 33.55340767100122], [-84.5957172728015, 33.553623022354536], [-84.59522529696142, 33.55386898074597], [-84.59488686116971, 33.55411490998939], [-84.59460999770418, 33.5545766082342], [-84.59430237771998, 33.55497619732886], [-84.59387197240947, 33.55546823446721], [-84.59353356716048, 33.55589902592848], [-84.59325652493024, 33.556268068817786], [-84.59291832809039, 33.55657571801542], [-84.59254901720234, 33.55694478945483], [-84.59197594864494, 33.55740362641551], [-84.59165703414266, 33.557698311932825], [-84.59107269891497, 33.557974907510456], [-84.59070356769, 33.55822107434429], [-84.59045760986352, 33.55852869412837], [-84.59014998987931, 33.55883631431399], [-84.5898727688843, 33.55908218300341], [-84.5896271084002, 33.55920547565533], [-84.58919637520462, 33.559205326687966], [-84.58873503461066, 33.55920523760699], [-84.5881199446609, 33.559082302776346], [-84.58775081253762, 33.55908242180068], [-84.58738138217365, 33.559082272833116], [-84.58707412061725, 33.559205267550176], [-84.58682807295925, 33.559328261343566], [-84.58652036404182, 33.55945152370105], [-84.58645861384919, 33.55951297590396], [-84.58645187828118, 33.55968392301855], [-84.58605213965784, 33.560114477117615], [-84.58592902554815, 33.560237440421986], [-84.58592893661495, 33.560514304090084], [-84.58595969223533, 33.56085265030868], [-84.58605213965784, 33.56122163385672], [-84.58611368144132, 33.561467890246895], [-84.58611338320065, 33.56186768774852], [-84.58602138313915, 33.562144372525914], [-84.5858676032406, 33.56226757547133], [-84.5855908287083, 33.56226712858514], [-84.58525218540576, 33.562328938838476], [-84.58488326258994, 33.56245199255883], [-84.58457567225012, 33.56269816010614], [-84.58429883932735, 33.56294399983654], [-84.58399116005432, 33.563251589325], [-84.58374511239631, 33.56362063074069], [-84.58343758134532, 33.56408167260859], [-84.583191532789, 33.56438956120139], [-84.5828526514329, 33.56478941853324], [-84.58254565757444, 33.56515878871756], [-84.58220722178272, 33.565558438888814], [-84.58186884617814, 33.56589690382178], [-84.58149965566436, 33.56614304133885], [-84.58125411375785, 33.56638896931799], [-84.58088453517188, 33.56663507773738], [-84.58054606973575, 33.56681949447995], [-84.57993094924326, 33.56712693543194], [-84.57943876409573, 33.56737313231752], [-84.57891603173694, 33.56761909047593], [-84.57851644223396, 33.56789616326343], [-84.57802416725488, 33.56823435930287], [-84.57753192192023, 33.568511134458895], [-84.5770394672781, 33.568726426448336], [-84.57654781842479, 33.56888035549049], [-84.57602487765688, 33.569003408856965], [-84.5755326026778, 33.56909582619784], [-84.575071322271, 33.569218581357035], [-84.57470230962362, 33.56934157660761], [-84.57430209399487, 33.56955683808364], [-84.57405607598126, 33.56983382157065], [-84.57371796897296, 33.5702334703125], [-84.57325641996987, 33.570664233033476], [-84.57273362652566, 33.570910131668434], [-84.57227210806528, 33.57131005011818], [-84.57184149434563, 33.571556515752796], [-84.57141085098158, 33.57167921127797], [-84.5707037016815, 33.57198662220136], [-84.56938098452791, 33.57235587327774], [-84.56839655404572, 33.57247868891801], [-84.56793520087534, 33.572478806426986], [-84.56721852583999, 33.57235307401615], [-84.56683443676722, 33.57235307401615], [-84.56650156154713, 33.572506708433515], [-84.56617368724821, 33.57271976378342], [-84.56559769826781, 33.57309404735785], [-84.56470571430981, 33.57386294734257], [-84.5645824519781, 33.57420132283845], [-84.56461338636323, 33.574631699022284], [-84.56461320939512, 33.575062371688816], [-84.56458257055571, 33.57561592074283], [-84.56450430303995, 33.57609153267585], [-84.56422263718093, 33.57670607352426], [-84.56401779075345, 33.5768597099238], [-84.56342885615149, 33.57709016213923], [-84.56291673559116, 33.57706455553635], [-84.56253264921334, 33.576834103252494], [-84.56179007754497, 33.576654861579826], [-84.56120114294302, 33.576654861579826], [-84.56053539070618, 33.57691092099831], [-84.55999766636361, 33.577295007953275], [-84.55966478934688, 33.57773030827795], [-84.55940872996504, 33.57783273310552], [-84.55892310880728, 33.57787675505027], [-84.55876932890874, 33.57778445712729], [-84.55852322106361, 33.57769245772485], [-84.55827729198323, 33.577569075464105], [-84.5579387376139, 33.57735420069378], [-84.55769307712977, 33.57726169415031], [-84.55741582559206, 33.57726169415031], [-84.55720095127103, 33.57744611139456], [-84.55689297375734, 33.57763070711713], [-84.55655453796562, 33.57775364173532], [-84.5562163716685, 33.577753701608835], [-84.55597008505863, 33.577753701608835], [-84.55569351893548, 33.57778436731704], [-84.5551703392157, 33.57790786826841], [-84.55483244061652, 33.57799968931805], [-84.55452496975265, 33.57815317148659], [-84.55424783769087, 33.578399547980545], [-84.55400158162371, 33.57873792290566], [-84.55381722397122, 33.57913775120531], [-84.55363247914482, 33.579537579149495], [-84.55350960398701, 33.579845079586], [-84.5532943128477, 33.580029705352395], [-84.55307896062295, 33.580244937931134], [-84.55277125170554, 33.5804909858955], [-84.55246360207691, 33.580706218072216], [-84.55221767389484, 33.58089090336447], [-84.55200238095891, 33.58107523053108], [-84.55172572680085, 33.58129079128988], [-84.55147946893707, 33.58144451083136], [-84.5508951947948, 33.58184436924966], [-84.5508819697972, 33.582211338254226], [-84.55077954748177, 33.58267224492212], [-84.55065151779085, 33.583081938752386], [-84.55034424725127, 33.583337999308476], [-84.5499089479191, 33.5835940561112], [-84.54964879491452, 33.58385421095454], [-84.54948482901897, 33.58426327503884], [-84.54942313901344, 33.58460162098608], [-84.5494232584894, 33.58487854422325], [-84.54948456132101, 33.58537063996833], [-84.54960761524357, 33.585985879554535], [-84.54973078864208, 33.58623192761365], [-84.54982302675712, 33.58660085058908], [-84.54973081828648, 33.58703152414406], [-84.54948471044133, 33.58746219779433], [-84.54923857295182, 33.58789260288897], [-84.54919198272793, 33.588254327333935], [-84.5492688003628, 33.588868869125804], [-84.54919198272793, 33.589483409533436], [-84.54914077157021, 33.590379616393925], [-84.5489359251427, 33.59081491507049], [-84.54860304812597, 33.5912246091494], [-84.5485055198322, 33.59143824387087], [-84.54850057819982, 33.59146053722626], [-84.54840777414614, 33.59201399681192], [-84.54840834008476, 33.59256790331746], [-84.54837743444573, 33.59318287382858], [-84.54837740569964, 33.59385953559374], [-84.54834676865688, 33.59435166167542], [-84.54834691777721, 33.594936055646], [-84.54822356561398, 33.59576646727187], [-84.54810072010055, 33.596197141462675], [-84.54779310101465, 33.597181362647], [-84.54714351306303, 33.59813819816923], [-84.54627291260206, 33.5990856162808], [-84.54550473625316, 33.59980257992035], [-84.54422525591251, 33.60061071730399], [-84.54360998719802, 33.60091821745769], [-84.54281009223473, 33.60134892054218], [-84.54228729879053, 33.60159499885529], [-84.54176435802259, 33.6019024992402], [-84.5413857217236, 33.602091817702025], [-84.54094688931742, 33.60233756244007], [-84.5407420410933, 33.60277286286951], [-84.54046037792921, 33.60300331695286], [-84.5401018944353, 33.60318255776051], [-84.53964098862595, 33.60318255776051], [-84.53922482520596, 33.603172407702225], [-84.53893483555751, 33.60331748398939], [-84.53831965487791, 33.60356353199433], [-84.53761223698157, 33.6039324848451], [-84.53681243274812, 33.6043017062132], [-84.53576708570988, 33.6047938617441], [-84.53395185642201, 33.605654820785105], [-84.53204483458343, 33.606393203795456], [-84.53090656491388, 33.606946692500124], [-84.5301994147155, 33.60731594360575], [-84.52967653323638, 33.60740821143242], [-84.52903050800319, 33.607408182254126], [-84.52853844143324, 33.6074387289386], [-84.52807692207456, 33.607500449982034], [-84.52767703433089, 33.60759268843296], [-84.52727726606317, 33.60780759263538], [-84.52696967572335, 33.60805390913361], [-84.52653956865352, 33.60839228446288], [-84.52601624071171, 33.60879226187118], [-84.52540411699901, 33.60909751758455], [-84.52440548774544, 33.609379183972486], [-84.52368852255424, 33.60994251174312], [-84.522228986593, 33.6107618995214], [-84.52120475086224, 33.61173492263198], [-84.52105960826516, 33.611976826707405], [-84.52097429885589, 33.61211901240342], [-84.52048778746769, 33.61242628373649], [-84.51910506914133, 33.61316885353512], [-84.51667251040368, 33.61442354202261], [-84.51559706261689, 33.61485883903344], [-84.51514693030275, 33.61510963068503], [-84.51380464963891, 33.615857470838726], [-84.51368518718085, 33.61594317328417], [-84.5126267795367, 33.61670246456158], [-84.51132087974354, 33.617752306718494], [-84.5098869511578, 33.61887896433618], [-84.50906756185454, 33.61954471902592], [-84.50848902704863, 33.61990630322953], [-84.5084526371948, 33.61992904553748], [-84.5080433270221, 33.62018486579272], [-84.50727514887654, 33.62051774322427], [-84.50666060869574, 33.62059456096803], [-84.50580784697968, 33.6205262739611], [-84.50534644709694, 33.620449175638356], [-84.50488519633451, 33.62038763367382], [-84.50457760599471, 33.62020297834249], [-84.50433137957197, 33.62014146612414], [-84.50402379102879, 33.62007992393985], [-84.50353148460869, 33.62014155514221], [-84.50313177652808, 33.6202646386308], [-84.50276291300106, 33.62032603182137], [-84.50245517354091, 33.62032594280348], [-84.5023014834739, 33.62020303818656], [-84.50205501720097, 33.62008007355019], [-84.50180926778363, 33.6199877160564], [-84.50150164779943, 33.61992620443243], [-84.50113275462802, 33.62001844230385], [-84.50085580133096, 33.62020297834249], [-84.50070217055276, 33.62044896693282], [-84.50060963509534, 33.6208795806723], [-84.50057899715426, 33.621248771344995], [-84.50057884893224, 33.621679415497304], [-84.50051757574504, 33.62204836860823], [-84.50033285966474, 33.622417499666845], [-84.49996363860822, 33.622602005882754], [-84.4995947157924, 33.622540464707754], [-84.49922561511013, 33.622417499666845], [-84.49891793314218, 33.62226366015604], [-84.49854889264705, 33.622232993803834], [-84.49811830947012, 33.62229462496228], [-84.49771818277459, 33.62241767919434], [-84.49744155736262, 33.62263276261527], [-84.49722632461382, 33.62297107846755], [-84.49688789061874, 33.62321727533468], [-84.49648803162114, 33.62337093660938], [-84.49616219559961, 33.62371847863483], [-84.49580371300401, 33.624051355879764], [-84.4952403839809, 33.62425620162508], [-84.49485629670477, 33.62425620162508], [-84.49411372503641, 33.624051355879764], [-84.49344797279957, 33.62407696050254], [-84.49244934354597, 33.624307412985296], [-84.4917067709793, 33.624768319093604], [-84.4909385955287, 33.62520361920394], [-84.49009360064657, 33.62558770804217], [-84.48942784840973, 33.62574134264915], [-84.48904376023529, 33.62576694901373], [-84.488454824735, 33.626048614781325], [-84.48791710129079, 33.62627906647819], [-84.48745619458312, 33.6265351259389], [-84.48702089525095, 33.62661194355388], [-84.48658559502047, 33.626483914406826], [-84.48620150594769, 33.62617664307926], [-84.48594544746416, 33.62607421955849], [-84.48558696486857, 33.626125431334096], [-84.48522848137466, 33.62622785554192], [-84.48497242468775, 33.62622785554192], [-84.48430667245091, 33.62589497847824], [-84.48343607109163, 33.625254831497045], [-84.48284713648967, 33.62492195590985], [-84.48241183625919, 33.62446104987535], [-84.48204876956069, 33.62424748126156], [-84.4819765360287, 33.62420499023437], [-84.48113947416884, 33.624032220851284], [-84.48083179489585, 33.62400155438044], [-84.48052429348924, 33.62390937612616], [-84.4802780967109, 33.623847535181326], [-84.48003204905291, 33.623601666252284], [-84.47957067881455, 33.62310939145128], [-84.47929396446938, 33.62286379045378], [-84.4790168333059, 33.622771075394034], [-84.47870939118812, 33.6227712549208], [-84.47846343246333, 33.622986338207106], [-84.47803272981048, 33.62317102273096], [-84.47744842512547, 33.623232535030624], [-84.47695606031489, 33.62329401736549], [-84.47652559571559, 33.62329413630126], [-84.47615652377941, 33.623293987444534], [-84.47455089031195, 33.62342596640308], [-84.47452522274932, 33.62461468424748], [-84.47442279953559, 33.62528043800617], [-84.47447058182385, 33.626188317093934], [-84.4744740106933, 33.62625346101389], [-84.47437158837786, 33.626868002025134], [-84.47365462228835, 33.62740572704983], [-84.47239281091103, 33.628405943529856], [-84.47155494056744, 33.62907010996194], [-84.47109403385977, 33.629556621259276], [-84.47104282270206, 33.63009434446083], [-84.4711452459158, 33.63070888499898], [-84.47145251645539, 33.63114418501061], [-84.4718622120053, 33.63150266814117], [-84.4723859666469, 33.631851838558134], [-84.47239993455125, 33.6318611497798], [-84.47240509088097, 33.63186771153901], [-84.47268159861362, 33.6322196321703], [-84.47283523568004, 33.63257811531258], [-84.47273667522202, 33.632761153249376], [-84.47265599303478, 33.63291099048563], [-84.47227190486032, 33.63301341560082], [-84.47170857493892, 33.633167049679486], [-84.47106297101558, 33.63334086655222], [-84.47104282270206, 33.63334629058741], [-84.47032313561556, 33.63362261077027], [-84.46981932716658, 33.63392823327498], [-84.46939222945292, 33.634233826273864], [-84.46878178918307, 33.634748154378016], [-84.46829353685985, 33.635145241408125], [-84.46775188059131, 33.63517552022875], [-84.46723319963446, 33.63508477273761], [-84.46677531755438, 33.63499226603804], [-84.46601225800931, 33.63480954771866], [-84.46555473256038, 33.6348402447465], [-84.46491383401249, 33.63496183831643], [-84.46442540382284, 33.635297173906814], [-84.4639142633245, 33.6356943496513], [-84.46327321565627, 33.636029714549785], [-84.46269341153089, 33.63627078680636], [-84.462174582352, 33.636484081045694], [-84.46150304676136, 33.636880601386196], [-84.46089272417082, 33.63749083346369], [-84.45977129252294, 33.63828029709139], [-84.45903872179863, 33.63864707454011], [-84.45789457984208, 33.6395626916885], [-84.45755870784218, 33.63989793831494], [-84.4571925266846, 33.64029129886489], [-84.45667372715015, 33.640809204507306], [-84.45597948214912, 33.64126729634114], [-84.4551249013446, 33.641816999734964], [-84.45469762486623, 33.64211830118886], [-84.45393471533984, 33.64269742052653], [-84.45357425914557, 33.642988175672876], [-84.4527346164259, 33.643665463552736], [-84.4525041617246, 33.64404955232818], [-84.4522481041394, 33.64435682121742], [-84.45127508046467, 33.645124999112234], [-84.45071175144156, 33.64566272232722], [-84.4499691797732, 33.64671256303831], [-84.44971312128968, 33.64730149870357], [-84.44966191013197, 33.6479416448472], [-84.4496363054514, 33.648761033190425], [-84.44975098707553, 33.64908870318846], [-84.44981554450342, 33.649273151524376], [-84.44999838849468, 33.64967946890186], [-84.45000539715052, 33.6497316342869], [-84.45000539715052, 33.650189457299746], [-84.45040218570645, 33.65040317021936], [-84.45079885478646, 33.650495169813816], [-84.45125697581842, 33.65058630561629], [-84.45098216949492, 33.65083038658259], [-84.45061580867429, 33.65101358164097], [-84.45023436873329, 33.651380299611034], [-84.45008172071199, 33.651773302605385], [-84.4500513235194, 33.652139394443466], [-84.45011223917714, 33.652505157948845], [-84.45020429852747, 33.65293276243808], [-84.45038695656744, 33.653359949046795], [-84.45063136569837, 33.653722613884234], [-84.45081473879732, 33.65421017932139], [-84.45096708947625, 33.65460732539795], [-84.45099751721155, 33.65503457099197], [-84.45081435162342, 33.65567165594153], [-84.45035634916907, 33.65588459330056], [-84.45023439837769, 33.656129508672], [-84.44989873478694, 33.65661796971772], [-84.4495626840223, 33.65686088805245], [-84.44937999633792, 33.65689182247435], [-84.44859425702688, 33.656891732746516], [-84.44804467312595, 33.656861513156585], [-84.44752596342302, 33.65707504799877], [-84.44712941292063, 33.657712698076566], [-84.44703756197946, 33.65823164591155], [-84.44697658703294, 33.65853661279729], [-84.44685439728967, 33.65908587018991], [-84.44661040587535, 33.659661770144425], [-84.44685475481916, 33.65999671792467], [-84.44688503433244, 33.66057708900962], [-84.4468546056988, 33.66091317047369], [-84.44604580034623, 33.66313323427665], [-84.44537462228507, 33.66529608004774], [-84.44555751927692, 33.66547924431129], [-84.44613747252266, 33.66587498886092], [-84.44653369513998, 33.666150363531166], [-84.44693087086979, 33.66657704340957], [-84.4470836671131, 33.666913690579285], [-84.44738866401669, 33.66721430606657], [-84.44778536274109, 33.667366595412226], [-84.44809074771688, 33.66761145193306], [-84.44818218094144, 33.66806838134835], [-84.44797192216436, 33.66850316874283], [-84.44763904604594, 33.66893846980224], [-84.44762234456816, 33.66894746300939], [-84.44697329201246, 33.66929695256092], [-84.44671723442724, 33.66970664734198], [-84.44664041679235, 33.67032118772355], [-84.44653799178197, 33.67062845701536], [-84.44633314625278, 33.67111496971556], [-84.44597466275889, 33.672062387542674], [-84.4457410127501, 33.673032049243126], [-84.44571019694258, 33.673550430700026], [-84.44577120243187, 33.67388558755384], [-84.44586284496388, 33.67428338889523], [-84.44561879426077, 33.674588624074964], [-84.4451304224616, 33.67488903182421], [-84.44468037818235, 33.675072971078265], [-84.44428344050607, 33.675347064118], [-84.44464613530204, 33.67548087706866], [-84.44501502847346, 33.67551169265977], [-84.44532291525731, 33.67554247758946], [-84.44581507165877, 33.675542508239786], [-84.44605279013746, 33.675542508239786], [-84.4468004507619, 33.675687215950866], [-84.44756683946339, 33.6758730082111], [-84.44877448422571, 33.6758730082111], [-84.4492621876783, 33.675849783546425], [-84.45016792214835, 33.67559432004399], [-84.4512129987937, 33.67524596099454], [-84.45160780476779, 33.67503694623312], [-84.45185181145348, 33.674731937665285], [-84.45207228317703, 33.674456346011276], [-84.45265288320977, 33.67415443560611], [-84.4529083470086, 33.673991867795884], [-84.4533031529827, 33.673829299678275], [-84.45397664600235, 33.67378285297661], [-84.45470406399019, 33.67358932166799], [-84.45507313592636, 33.673558685556515], [-84.45544265522354, 33.673527780302656], [-84.4557809418949, 33.67352795897603], [-84.45618050085518, 33.67355871546], [-84.45648803100788, 33.67358944128189], [-84.45691876510176, 33.67358941137842], [-84.45738010479741, 33.673620226899736], [-84.4581490042901, 33.673650923543796], [-84.4585982113395, 33.673643508235536], [-84.45917881137227, 33.673806075956776], [-84.45973618546333, 33.67427055517566], [-84.4598656524587, 33.67465895544517], [-84.45987184813923, 33.67466593109031], [-84.46002562624113, 33.674881193494976], [-84.46033321747926, 33.675004187525865], [-84.46067153379504, 33.67500409781691], [-84.46100999833284, 33.67506569867926], [-84.46119420686499, 33.675250354477285], [-84.46147107033052, 33.67549619403581], [-84.4617173874831, 33.67568096852039], [-84.4619633758523, 33.675865355368195], [-84.46224017913069, 33.67623439774825], [-84.46233262565488, 33.67654216621544], [-84.46239410814955, 33.676726523556916], [-84.46260922142244, 33.676849756409794], [-84.46294786562332, 33.67709568484028], [-84.46322455032409, 33.677157256544646], [-84.463470569236, 33.677126500600224], [-84.46371673547162, 33.67703432240768], [-84.46400939131982, 33.67694130834688], [-84.46433452575712, 33.6770342042937], [-84.46440419729393, 33.67726644297408], [-84.464461746066, 33.67735687612671], [-84.46456676541091, 33.67752190674165], [-84.4650080205734, 33.67756835366644], [-84.46579763341995, 33.67738256207909], [-84.46599281038172, 33.67737475537437], [-84.46637823345269, 33.677359338569644], [-84.46691238429705, 33.67724321868577], [-84.4672607437777, 33.67701097919509], [-84.46760910146173, 33.67689485958829], [-84.46812002816105, 33.67689485958829], [-84.46853806007681, 33.67705742789096], [-84.46886319451413, 33.67738256133151], [-84.4689793134427, 33.67773092144327], [-84.4691651048064, 33.67824184844968], [-84.46939734535849, 33.67859020657517], [-84.4696528091573, 33.67917080579655], [-84.4696528091573, 33.679379821722605], [-84.4695366893304, 33.67961206079533], [-84.4695366893304, 33.6797746284458], [-84.47011728756652, 33.68003009148902], [-84.47060682627723, 33.680540506232845], [-84.4709451129486, 33.68066353029255], [-84.47153394873588, 33.6810519457891], [-84.47206809778359, 33.68128418408269], [-84.47243968320593, 33.68133063346017], [-84.47267192106308, 33.68135385589696], [-84.4726762482478, 33.681366837315586], [-84.47271836935316, 33.68149320085108], [-84.47267192106308, 33.68174866252542], [-84.47260224862795, 33.682189917749035], [-84.4726254736713, 33.682515053458836], [-84.47271105527012, 33.68278606173484], [-84.47295060810862, 33.68295630848631], [-84.47350798219968, 33.68316532417936], [-84.47364941565296, 33.68321246697085], [-84.47380554105273, 33.68332407285009], [-84.47417485104243, 33.68357021074937], [-84.47442101817637, 33.68372381139682], [-84.47466691761234, 33.68393931274864], [-84.47503593025971, 33.68406230652976], [-84.4752822761584, 33.684062157778094], [-84.47552808486452, 33.6839699189992], [-84.47586655119896, 33.68393919314913], [-84.47626584246129, 33.68393928284877], [-84.47663533121573, 33.68393919314913], [-84.47694319015181, 33.6837547473709], [-84.47718917852102, 33.68350852029991], [-84.47734286858802, 33.68320110866034], [-84.4776195532888, 33.68283203638184], [-84.47780447687992, 33.68283188762805], [-84.47838863244458, 33.68286261312636], [-84.47887271299162, 33.68288663647568], [-84.47952690301244, 33.68283188762805], [-84.47977244402063, 33.68304729927273], [-84.47977268207417, 33.68320110866034], [-84.47968555177981, 33.683606578111636], [-84.47968555177981, 33.683862042475866], [-84.47984811989679, 33.684117504585956], [-84.47989456908518, 33.68437296817932], [-84.47989456908518, 33.68462843176101], [-84.47975522421495, 33.6849071190504], [-84.47980167070838, 33.685325150159045], [-84.48008065958787, 33.685969357749194], [-84.4807880774842, 33.686891918457164], [-84.48140310904348, 33.68756870005784], [-84.48168024020697, 33.68787596153482], [-84.48192631840767, 33.68793777143372], [-84.48217221784367, 33.68806067577807], [-84.48232599774221, 33.68818384903216], [-84.48257207504462, 33.688368236721914], [-84.48263343896168, 33.688614254038946], [-84.48260259081482, 33.68876824257162], [-84.48257216487616, 33.688921963240055], [-84.48263355753929, 33.68904483852128], [-84.48275667075067, 33.68929088678943], [-84.48291024313838, 33.68959859581043], [-84.4831255935665, 33.68990612658526], [-84.48331027910407, 33.690213626361974], [-84.48346405900261, 33.690459704171424], [-84.48367938068463, 33.69089034742489], [-84.48392539959656, 33.691228425670545], [-84.48411014442294, 33.69138250369582], [-84.48429467994185, 33.691505348551736], [-84.48465547659764, 33.69194397357268], [-84.48490509865216, 33.69220548224803], [-84.4851431782536, 33.69245489981832], [-84.48539864295071, 33.69271036329681], [-84.48544762628653, 33.69274610493826], [-84.48577111770517, 33.692982143650475], [-84.48595547445937, 33.693166440324795], [-84.48614001087661, 33.69328931551684], [-84.48632451675113, 33.69341254854475], [-84.48644769014962, 33.69353545328143], [-84.4869778695421, 33.69377866422609], [-84.48739590145789, 33.69377866422609], [-84.4877210367935, 33.6937089927662], [-84.48816229015938, 33.69336063312455], [-84.48864999451028, 33.69280325864712], [-84.48911447291951, 33.69217621158904], [-84.4894860565452, 33.69171173343393], [-84.49025244524671, 33.691200805759685], [-84.49152976244413, 33.690736326817365], [-84.49278408187199, 33.690382843378124], [-84.49306079711548, 33.69035205703543], [-84.4934605357388, 33.690229271821266], [-84.49364525092079, 33.690167879148376], [-84.49373754832466, 33.689983045358076], [-84.4936761853059, 33.68961391325221], [-84.49355286368538, 33.68918329948044], [-84.49346086362388, 33.688783560908874], [-84.49352234611857, 33.68862984148778], [-84.49376827519896, 33.6885067570727], [-84.49413734713511, 33.68838367322884], [-84.4944141207691, 33.68832231063088], [-84.49475267513843, 33.68838385261882], [-84.49499857457442, 33.688383881769674], [-84.49524468152124, 33.688445363916905], [-84.49555236079424, 33.68856829818111], [-84.49579837970617, 33.68866062695251], [-84.49607524317167, 33.68881437696419], [-84.4965365235785, 33.6889064954368], [-84.49687492882748, 33.688875977648586], [-84.49715188212453, 33.68878347121429], [-84.49730530449358, 33.68863001938231], [-84.4973362092343, 33.688475763012235], [-84.49733635835464, 33.68816835119767], [-84.49715191266725, 33.687891726266145], [-84.49699807258159, 33.68764570837594], [-84.49721327299105, 33.68727660659471], [-84.49758228743502, 33.68718409993395], [-84.49782863333371, 33.68690729617902], [-84.49825927759608, 33.68672252115425], [-84.49881258681049, 33.6866614563596], [-84.4990590521851, 33.686599824936536], [-84.49945876116404, 33.68672302794067], [-84.49967405409997, 33.68684590337566], [-84.49985838120975, 33.68703049874242], [-84.49998167408418, 33.68721509371271], [-84.50016606048278, 33.68764570837594], [-84.50038162111667, 33.68792233335178], [-84.50065833546185, 33.68826064900544], [-84.50081934051022, 33.68866939759762], [-84.50123736973104, 33.68959835438485], [-84.50153928271826, 33.69003960967654], [-84.50207305177861, 33.69032142016988], [-84.50256532675768, 33.69041380760069], [-84.50287282636765, 33.69059840352644], [-84.50348827474521, 33.69084424254926], [-84.50401133498906, 33.690905755076194], [-84.50425690743828, 33.6909057244313], [-84.50481084277844, 33.6907829983083], [-84.50521058140178, 33.69053671214153], [-84.50567189235132, 33.690229093182595], [-84.50591790946662, 33.68992168165969], [-84.50628725089736, 33.68955287816732], [-84.50659484033885, 33.689490919192785], [-84.50687155468403, 33.689552639731446], [-84.50717917466824, 33.68970641879268], [-84.50757909295463, 33.689921591966296], [-84.50794804451654, 33.6900753128142], [-84.50844017127358, 33.690229390664506], [-84.50929607888978, 33.69085244716197], [-84.50994634866268, 33.691456268481645], [-84.51029470814335, 33.691781405018226], [-84.51063715940438, 33.69200970603061], [-84.51064306762402, 33.69201364347387], [-84.51089853232114, 33.69201364347387], [-84.5112004426134, 33.691688509310765], [-84.51145590641222, 33.69122403076205], [-84.51165018326208, 33.691029750168795], [-84.51203895165918, 33.69085979969618], [-84.51243880975842, 33.690705841071264], [-84.51293090597277, 33.69073671623236], [-84.51400763385884, 33.690921371259435], [-84.51468411647176, 33.691290232411035], [-84.5149304030816, 33.691413407763655], [-84.51517639145081, 33.691536252575396], [-84.5154839225018, 33.691720818435314], [-84.5156991543523, 33.69184396177884], [-84.51591462515468, 33.692028556874966], [-84.51606819844069, 33.69239765917666], [-84.51619119127781, 33.69258222468144], [-84.51634521012822, 33.69279739738162], [-84.51659125778623, 33.69288972534684], [-84.51692954355929, 33.69292053992984], [-84.5171447466637, 33.69292053992984], [-84.51739100273086, 33.69292086804663], [-84.51769850413744, 33.69301283786602], [-84.51800621215656, 33.693135743174395], [-84.5183447090337, 33.69338173189595], [-84.51849818979326, 33.69362798823437], [-84.51871351147528, 33.693874006938046], [-84.51886735156097, 33.694150840574004], [-84.51899034529639, 33.69448909658107], [-84.51929802456941, 33.694765990269914], [-84.51975951428369, 33.694919650881836], [-84.52009744252727, 33.694950526023774], [-84.52052850270961, 33.695011978809084], [-84.52089748661089, 33.69504282402183], [-84.52114362140547, 33.69498110294174], [-84.52145154052867, 33.694735144957725], [-84.52160496379605, 33.694612269590905], [-84.52191228553959, 33.69461224044215], [-84.52212778598636, 33.69479650820877], [-84.5224351975614, 33.694919650881836], [-84.52286560287193, 33.69491962098577], [-84.52317343036695, 33.69485849699127], [-84.52341962804361, 33.69476590058158], [-84.52378869997979, 33.69491962098577], [-84.52403477638387, 33.69513503223281], [-84.52428091477172, 33.695350115579686], [-84.52452714119447, 33.69550416454047], [-84.52489618438454, 33.69553468146976], [-84.52529628053736, 33.69553497893336], [-84.52566499494404, 33.69553494978493], [-84.52621884135101, 33.6955963730038], [-84.52661860961875, 33.69559631246475], [-84.5271108549534, 33.69559631246475], [-84.52763379661964, 33.695596283316334], [-84.5282181013046, 33.695596223524696], [-84.52883307177845, 33.69559646119644], [-84.52935598380029, 33.695596432048035], [-84.52987916352008, 33.695657794683946], [-84.53043259310873, 33.695719456233824], [-84.53070945657424, 33.69578087782599], [-84.53098634968416, 33.6959654442856], [-84.53123218893302, 33.69614995055751], [-84.53141675499467, 33.696273063637484], [-84.53166283319538, 33.69636530191863], [-84.53203235249256, 33.69648844533297], [-84.53240112618806, 33.69658095169476], [-84.53277013883542, 33.69664204681066], [-84.53310620217646, 33.69670130480888], [-84.5334257544826, 33.69689067048735], [-84.53398312857367, 33.6973783731362], [-84.53461017599817, 33.697657059441475], [-84.53484241565195, 33.69728547675283], [-84.53521399927766, 33.696797775071424], [-84.53572492597698, 33.69635651935333], [-84.53618940438619, 33.696193951672676], [-84.53649131557677, 33.69603138368445], [-84.53656098801189, 33.695915264358696], [-84.5365537529806, 33.69536585053891], [-84.53673819956632, 33.69493526708308], [-84.5371378187137, 33.69484290992473], [-84.53759948719272, 33.694781427122464], [-84.5378453569843, 33.694658254355176], [-84.53827611982429, 33.69453534898215], [-84.53876827442913, 33.69441211681707], [-84.53960332316441, 33.694336036861365], [-84.5408341929701, 33.69447537945529], [-84.541670255005, 33.69491663437015], [-84.54285467562228, 33.69577592111014], [-84.54378363244075, 33.696681654539255], [-84.54416207200869, 33.69719145545984], [-84.54442785655179, 33.697549497553986], [-84.5445732470839, 33.69802864276528], [-84.54473581520087, 33.69872536165006], [-84.54513506603901, 33.69939491648824], [-84.5453198405098, 33.69961026868445], [-84.54553495378268, 33.699979340661216], [-84.5457197884406, 33.70050213267943], [-84.54630394400523, 33.701209639632495], [-84.54688842745496, 33.70179406416527], [-84.54725758832434, 33.702101355492154], [-84.54768832151991, 33.7024706663771], [-84.54802639978216, 33.70277822656558], [-84.54830323270495, 33.70302418469218], [-84.54864178707427, 33.70330092906028], [-84.54891811424557, 33.7035779124285], [-84.54922630106672, 33.703885322924506], [-84.54944144398401, 33.704070097665074], [-84.54987217717958, 33.70431596615098], [-84.55030276125484, 33.704438961410126], [-84.55076395183012, 33.70443916991194], [-84.55110199954963, 33.70443899055553], [-84.55134834544832, 33.704592979128094], [-84.55150218553398, 33.704931176089474], [-84.55171774526956, 33.7053002476258], [-84.55196385311469, 33.70554641525058], [-84.55227141381009, 33.70579231463403], [-84.55251746146809, 33.705915398203175], [-84.55294816501927, 33.70616153566745], [-84.55340935559457, 33.70634589300088], [-84.55374770155476, 33.70653066693221], [-84.55405541137048, 33.70671514304115], [-84.55433227483599, 33.706961042067896], [-84.55457805479605, 33.70720720941655], [-84.55479346541128, 33.707483954506216], [-84.5549166989969, 33.70779163349827], [-84.55503969273235, 33.7081915212788], [-84.55522401984211, 33.70846829532997], [-84.55534722288502, 33.70862198598606], [-84.55571641519545, 33.70877585496722], [-84.55599324811824, 33.708868033493076], [-84.55645437940473, 33.709237254755436], [-84.55688529316167, 33.70923716508221], [-84.55725403631445, 33.70923731379029], [-84.55765416211167, 33.70911408178972], [-84.55826937153736, 33.70889876014458], [-84.55861352869913, 33.70862970466242], [-84.55898179754142, 33.70846248370656], [-84.55935146326398, 33.70837045345502], [-84.55965869607432, 33.70824742945047], [-84.56005879312545, 33.70812419677684], [-84.56033547782621, 33.70793983952401], [-84.56061240058054, 33.70781663854245], [-84.56172220802861, 33.70733622895073], [-84.56178112852811, 33.70714000520478], [-84.56178118781692, 33.70674038529235], [-84.5617809803061, 33.7061558726013], [-84.56179341298962, 33.70608752792812], [-84.56185186097527, 33.705901558101615], [-84.5625718031833, 33.704972600453104], [-84.56315240141943, 33.70422943472329], [-84.56398846255604, 33.703230804967134], [-84.56449939015367, 33.702487637619825], [-84.56517288407163, 33.70190704045233], [-84.56568381077095, 33.7017676979532], [-84.566403752979, 33.70174447131656], [-84.56717014257879, 33.70211605489819], [-84.56789008478684, 33.70220895054242], [-84.5684242356312, 33.70202315915346], [-84.56913261831816, 33.70191130552452], [-84.56956317274901, 33.702034538144], [-84.5699939957761, 33.702065204463636], [-84.5705164298942, 33.702126626750726], [-84.57091619906026, 33.70212677696576], [-84.57125463485198, 33.70209608002719], [-84.57159304010099, 33.70209593055945], [-84.57196226115747, 33.70203435878251], [-84.57245414806434, 33.702034389423446], [-84.57279252366892, 33.702065145423845], [-84.57310014365315, 33.702065264250784], [-84.57346930721748, 33.70203456729023], [-84.57374619853077, 33.70191130552452], [-84.57405369903903, 33.70181915689966], [-84.57433050321573, 33.70154223287944], [-84.57457655087374, 33.70129615541847], [-84.57469981320546, 33.70105013704046], [-84.57491453840612, 33.70074260653782], [-84.57516103432346, 33.70043510632318], [-84.57534580879425, 33.70015797530807], [-84.5754992311633, 33.69994301012125], [-84.57577606498441, 33.69966578933026], [-84.57611458970935, 33.6995739678829], [-84.57648351252517, 33.69945091409005], [-84.57682209653892, 33.69935852665947], [-84.57716014425843, 33.69932774129029], [-84.57762157378559, 33.69920471778672], [-84.57802178941434, 33.69914341298888], [-84.57848306982115, 33.699081783043496], [-84.57885214175732, 33.69908187123256], [-84.57971369798, 33.6989586388618], [-84.58035915637626, 33.698866579743324], [-84.58085152028856, 33.69960457454465], [-84.58146649255902, 33.70040441102222], [-84.5832616031778, 33.70243831047579], [-84.58368131224822, 33.70268041408074], [-84.58435773557233, 33.70311081897088], [-84.58460375358591, 33.703234110403216], [-84.5848500994846, 33.70341882526376], [-84.58521917231907, 33.70366460593471], [-84.58558815442372, 33.70391092248047], [-84.58583441138919, 33.704156760781764], [-84.58611124521029, 33.70446426187373], [-84.58644959117046, 33.70471033922718], [-84.58675685272688, 33.70495638673041], [-84.58706450235549, 33.70520249555578], [-84.58731072967655, 33.705448632821], [-84.58755698664201, 33.70572528717432], [-84.5878029157224, 33.70594058015766], [-84.58804908195803, 33.70624810998687], [-84.58851294591962, 33.7067376187934], [-84.58923288902596, 33.70713242688605], [-84.58955802436157, 33.70759690537486], [-84.58967414418846, 33.70827039950452], [-84.58958124850662, 33.70868843054751], [-84.58944190363638, 33.709036790063884], [-84.58944300766588, 33.70904782661904], [-84.58948835282477, 33.709501267968264], [-84.5898637767483, 33.71018496755585], [-84.5901097049304, 33.710400497452675], [-84.59029444975677, 33.71055412860599], [-84.59054055670359, 33.71067709326142], [-84.59084782005664, 33.71070802775231], [-84.59109416595531, 33.71070787904679], [-84.59158673827673, 33.710769629927604], [-84.59198611937059, 33.71080017655555], [-84.59223204845097, 33.710800325260934], [-84.59257039441115, 33.710861807808016], [-84.59284731716549, 33.7109233493448], [-84.59309312676994, 33.7109851904893], [-84.5935240989174, 33.710954075260936], [-84.59392401630546, 33.71092329031105], [-84.59469051549974, 33.71082503201846], [-84.5950388749804, 33.71082503201846], [-84.59527111463417, 33.710964376264215], [-84.59543368185282, 33.71124306333004], [-84.59538723446106, 33.71156819747079], [-84.59541045770779, 33.71189333411681], [-84.59551067915078, 33.71217172673995], [-84.5957693759863, 33.7124304239695], [-84.59601539399988, 33.712645656057084], [-84.59623068693584, 33.712830341710216], [-84.59641531228627, 33.71326074655076], [-84.59663054413679, 33.713937885366235], [-84.59675365824647, 33.714460260656544], [-84.59699961607294, 33.71492174945966], [-84.59727564410524, 33.715197908523315], [-84.59766318001375, 33.71528402838789], [-84.59845279465694, 33.71514468592114], [-84.5989404972112, 33.715098236887506], [-84.59928885669184, 33.715237581671296], [-84.59968366356428, 33.71560916366694], [-84.60021781440862, 33.716120089647724], [-84.60089130742828, 33.71623621080265], [-84.60200605830538, 33.716212985837025], [-84.60270277547006, 33.716329106866304], [-84.60404342838662, 33.71676719866421], [-84.60438195221322, 33.716951794006604], [-84.60487380947568, 33.71725935464268], [-84.60532046710631, 33.71755104131558], [-84.60549766159272, 33.71723056475492], [-84.60586700212517, 33.717107511599764], [-84.60663584322738, 33.716953791297875], [-84.60758921984852, 33.7168308266641], [-84.60875486387972, 33.71685745650059], [-84.61004850616081, 33.71691370349415], [-84.61072344636639, 33.71688557925478], [-84.61134214484866, 33.7166887220237], [-84.6123545605469, 33.71604190084169], [-84.61314199318225, 33.715788797718645], [-84.61407004000732, 33.71550757140034], [-84.61491371706092, 33.71522634565545], [-84.61541992491004, 33.714860750286896], [-84.61609486781055, 33.71427017452058], [-84.61729324375578, 33.71345618590734], [-84.6178103490676, 33.7131733932013], [-84.61876102894627, 33.712893780585574], [-84.61876651855097, 33.71289216653654], [-84.61878666327122, 33.71289378581631], [-84.61955422876572, 33.71295544993943], [-84.62039763183314, 33.71325776132004], [-84.62079134815083, 33.71334212786136], [-84.62141004573478, 33.71339837416884], [-84.62199336227293, 33.713382609633946], [-84.62245058229468, 33.713370250272455], [-84.62329426114489, 33.71345461894503], [-84.62377234723407, 33.71353898753464], [-84.62433479950143, 33.71387645732806], [-84.62458790252768, 33.71418580739658], [-84.62458790252768, 33.71446703356068], [-84.62464414694593, 33.71494511898938], [-84.62473440158085, 33.71517576824761], [-84.62496797253787, 33.71549276070841], [-84.62533704447402, 33.71583119644986], [-84.6258534221505, 33.71618251286726], [-84.62621901670819, 33.716351248339], [-84.62647211793781, 33.716351248339], [-84.62727021447388, 33.71602549642662], [-84.62745950657224, 33.71604642823252], [-84.62773601250828, 33.71616954193854], [-84.62825916348196, 33.71635419759587], [-84.62856636485125, 33.716507828558505], [-84.62887443219647, 33.71653846505248], [-84.62922813755138, 33.716351248339], [-84.6297343445022, 33.715901287838584], [-84.63161855991231, 33.71432642096739], [-84.63274316710472, 33.71310110194376], [-84.63311873116542, 33.71293995283678], [-84.63351876713112, 33.71275535708888], [-84.63391877345241, 33.71257099931622], [-84.63544323784576, 33.71193599631017], [-84.63668512369176, 33.71174380106358], [-84.63680971912336, 33.7117098614854], [-84.63736356642863, 33.7115253863906], [-84.63804034638389, 33.711279038626216], [-84.63834790707931, 33.71103311011591], [-84.63856313982812, 33.71075612687681], [-84.63898668829805, 33.710333007294444], [-84.63935228285577, 33.71019239390979], [-84.63983036624995, 33.710276761968196], [-84.6399991039963, 33.71064235518312], [-84.6400885824868, 33.710784469830244], [-84.64032255588909, 33.71115607483277], [-84.6407021686568, 33.71120480812977], [-84.6410677632145, 33.71112044023577], [-84.64165833814016, 33.71058611005948], [-84.6420079310077, 33.71029475691962], [-84.6423463955455, 33.71020275777497], [-84.64312071457432, 33.710248638544016], [-84.64348631003034, 33.710276761968196], [-84.64570799644156, 33.710192393162515], [-84.64700163782435, 33.71005178104213], [-84.64764845806657, 33.70996741201537], [-84.64795780730772, 33.70974243027887], [-84.64818278857398, 33.70929246877399], [-84.64812654146078, 33.70875813992788], [-84.64821091033394, 33.70833630106205], [-84.64843589160023, 33.70819568515538], [-84.64860987281287, 33.708218885387254], [-84.6488577305762, 33.708251932591885], [-84.6491131647306, 33.70832649145687], [-84.6494516589128, 33.708203587702386], [-84.64991305969386, 33.708018604393175], [-84.65028222056326, 33.707865092753906], [-84.65080489363321, 33.70771140223796], [-84.6514507706444, 33.70752674667696], [-84.6520045263215, 33.707373085447294], [-84.65243517058389, 33.70721921619488], [-84.65283502868316, 33.707096221180414], [-84.65323449871022, 33.70697349651115], [-84.65378825618394, 33.706850055008225], [-84.65511097333753, 33.7065118581292], [-84.65624429508651, 33.706307801520246], [-84.65661840477479, 33.70625040271167], [-84.6569260840478, 33.70625037207224], [-84.65738718568987, 33.70625067024601], [-84.65784873469296, 33.70631188403223], [-84.65815635467716, 33.70637321734304], [-84.65846394411867, 33.70649627093498], [-84.65883289568058, 33.70665008095134], [-84.65944801707138, 33.706988456637184], [-84.65984787517064, 33.70735761797628], [-84.66058601904298, 33.70784977333467], [-84.66117068125745, 33.70837271548448], [-84.66151291422787, 33.70870189357016], [-84.6617941399124, 33.70920810049584], [-84.66210348825521, 33.709770553868836], [-84.66255345168608, 33.710417375214774], [-84.66291904444715, 33.7110360707644], [-84.66356586648601, 33.712160976036245], [-84.66401582812024, 33.712976531942616], [-84.66362211180258, 33.71359523072421], [-84.66325651634656, 33.71398894621728], [-84.66308778129519, 33.714523276889615], [-84.66280655561066, 33.715423201008875], [-84.66241283839466, 33.71612626763633], [-84.66210348825521, 33.716660596963415], [-84.66153984302514, 33.71712294742637], [-84.66083797042903, 33.71753239706965], [-84.6602192737434, 33.71764488789394], [-84.65976931031253, 33.71767301188457], [-84.65923498160174, 33.71789799227015], [-84.65892563236062, 33.718263585913895], [-84.65881314172749, 33.718629180989524], [-84.65886938614574, 33.718994776002674], [-84.6589332365995, 33.7192430757058], [-84.65912249096861, 33.719979067070994], [-84.65954432994457, 33.72085086784954], [-84.659881801844, 33.721807036677156], [-84.65999429247712, 33.722313244050525], [-84.65985368008401, 33.722763206808764], [-84.6597974329708, 33.72335378093719], [-84.659881801844, 33.7239724804007], [-84.659968301521, 33.72437614510607], [-84.66005053689537, 33.72475991153343], [-84.66027551816165, 33.72526612091827], [-84.66069735713761, 33.72568795954266], [-84.66163226080324, 33.726488626722684], [-84.6622164163679, 33.726919211135936], [-84.66398770636029, 33.727853401734826], [-84.66514073445163, 33.728781448419525], [-84.66604065861844, 33.72951263707386], [-84.66682809215209, 33.73038443963876], [-84.6671374404949, 33.731171873204154], [-84.66736242176117, 33.73176244699814], [-84.66749507418255, 33.73192571161388], [-84.66750695619882, 33.731932648244516], [-84.66802992750945, 33.732178546769724], [-84.66849099950714, 33.73242495260118], [-84.66889118459316, 33.73267070254226], [-84.66929089357208, 33.73300895849801], [-84.66959875160984, 33.73337847786374], [-84.66987567526247, 33.733778008157635], [-84.67021396103554, 33.734116294112965], [-84.67058300512394, 33.73436234251548], [-84.6709521058062, 33.73451612278224], [-84.67138395740429, 33.734490341104355], [-84.67163706222718, 33.73451846331085], [-84.67180579727857, 33.734743445113416], [-84.67186204079852, 33.73519340769577], [-84.672143269178, 33.735671491240936], [-84.67315568218129, 33.736852641551614], [-84.67402804513685, 33.737899475894665], [-84.67473548189781, 33.73860699816976], [-84.67528888094377, 33.73908365680673], [-84.67562728709109, 33.7392683117241], [-84.67590403108068, 33.73932961476797], [-84.67633461515591, 33.739391305468416], [-84.67676525941827, 33.73945275857413], [-84.67750358115703, 33.739698806612495], [-84.67787271417863, 33.73994482481177], [-84.67818009521098, 33.74000636641501], [-84.67906143503119, 33.740114867148044], [-84.67968013441175, 33.74036797099789], [-84.68038319907224, 33.74098666731554], [-84.6810564522417, 33.74208265924598], [-84.68110230315213, 33.74212853119281], [-84.68128722674325, 33.74225170384853], [-84.68162533375157, 33.742374608158535], [-84.6819634416582, 33.74240554392543], [-84.68230196638314, 33.74246705537774], [-84.68260943634868, 33.74246693660671], [-84.68294799161635, 33.74249760267793], [-84.68325537264869, 33.74258996012616], [-84.68353238523454, 33.74283609776773], [-84.68371653357957, 33.74302060417468], [-84.68393218314668, 33.74326653217291], [-84.68414738535279, 33.74351272912519], [-84.68436226057212, 33.743727991586006], [-84.68457823802429, 33.74397395042284], [-84.68482419764739, 33.7441892430989], [-84.68510121023324, 33.74443537913891], [-84.68547001357312, 33.744712124476386], [-84.68574702615899, 33.74492741604649], [-84.68605437844523, 33.74508143433052], [-84.6863315096087, 33.7451736425916], [-84.68657755726672, 33.74517358358146], [-84.68691572536048, 33.7451736425916], [-84.68731570113904, 33.74517367321709], [-84.68780779825168, 33.745173552955926], [-84.68814596544712, 33.745173612713046], [-84.68851521614805, 33.74523506615794], [-84.68879199068034, 33.745234976522326], [-84.6890994902903, 33.745112011325155], [-84.68943804465962, 33.745050708679], [-84.68968406357155, 33.74505064892179], [-84.69002261794088, 33.745173552955926], [-84.69026824878058, 33.74523512516805], [-84.69048351027548, 33.74535817907723], [-84.69085276187472, 33.745481054286145], [-84.6911295067626, 33.74554262478356], [-84.69146800184313, 33.74563501256612], [-84.69168335227124, 33.745696346166895], [-84.69195967944253, 33.745850126284395], [-84.69260573521846, 33.74569643580204], [-84.69319033724581, 33.74569643580204], [-84.69442099504906, 33.746173183519936], [-84.69454378037535, 33.746326903026095], [-84.69469758991829, 33.74669600574405], [-84.69481136065072, 33.74695630644261], [-84.6950069661089, 33.747173644988116], [-84.69542880598317, 33.74742674966989], [-84.69615999420024, 33.74751111623727], [-84.69711616278529, 33.74798920059896], [-84.69783512043979, 33.748541454423666], [-84.69814253201484, 33.74884913414566], [-84.6984195446007, 33.74912605720122], [-84.69869628769196, 33.749433497302924], [-84.69891152044077, 33.7497718738938], [-84.69918823478595, 33.750171581790276], [-84.69955706866857, 33.750417749957464], [-84.69995737412884, 33.750694493915965], [-84.70051086300631, 33.75106350613171], [-84.70189530070812, 33.75186334197191], [-84.70229491985553, 33.75214002599397], [-84.70244875904288, 33.75235540721729], [-84.70247945627275, 33.75272438987816], [-84.70235652182613, 33.75306270642802], [-84.70214113995698, 33.75337029598464], [-84.70204887129921, 33.75373945801269], [-84.70226419387954, 33.753985595023856], [-84.70271256639407, 33.75400744445751], [-84.7034999999277, 33.753951197129574], [-84.7044775771626, 33.75374286308092], [-84.7053279727162, 33.753782461646395], [-84.70572168903388, 33.754260547640506], [-84.70589042408527, 33.75473863096868], [-84.70589042408527, 33.75527295962237], [-84.70572168903388, 33.75589165895193], [-84.70524360384304, 33.75634162187636], [-84.70499049991848, 33.75681970480248], [-84.70490613194363, 33.757354036169616], [-84.70496237815851, 33.757719629003475], [-84.7052014189573, 33.75797705969261], [-84.70597479295844, 33.758253958495594], [-84.70664973585895, 33.75864767522997], [-84.70729655610118, 33.759097638625455], [-84.70737734608626, 33.75913151838674], [-84.70770869237376, 33.75921423486697], [-84.70820084877519, 33.75927571708521], [-84.70863119389858, 33.75927583583288], [-84.70900056587205, 33.75927556771697], [-84.70968697846212, 33.75940698699631]]]}, "properties": {"areasqkm": 1008.94, "states": "GA", "huc10": "0313000203", "name": "Dog River-Chattahoochee River"}}, {"type": "Feature", "id": 1005, "geometry": {"type": "Polygon", "coordinates": [[[-84.44168953446193, 33.67656442932982], [-84.44211654324235, 33.676624660291345], [-84.44275762055497, 33.67659488719862], [-84.44318483684621, 33.676475946479776], [-84.44349004305725, 33.67607954575224], [-84.44379518908116, 33.67574373286124], [-84.44416134059433, 33.67550024736131], [-84.44428344050607, 33.675347064118], [-84.44468037818235, 33.675072971078265], [-84.4451304224616, 33.67488903182421], [-84.44561879426077, 33.674588624074964], [-84.44586284496388, 33.67428338889523], [-84.44577120243187, 33.67388558755384], [-84.44571019694258, 33.673550430700026], [-84.4457410127501, 33.673032049243126], [-84.44597466275889, 33.672062387542674], [-84.44633314625278, 33.67111496971556], [-84.44653799178197, 33.67062845701536], [-84.44664041679235, 33.67032118772355], [-84.44671723442724, 33.66970664734198], [-84.44697329201246, 33.66929695256092], [-84.44762234456816, 33.66894746300939], [-84.44763904604594, 33.66893846980224], [-84.44797192216436, 33.66850316874283], [-84.44818218094144, 33.66806838134835], [-84.44809074771688, 33.66761145193306], [-84.44778536274109, 33.667366595412226], [-84.44738866401669, 33.66721430606657], [-84.4470836671131, 33.666913690579285], [-84.44693087086979, 33.66657704340957], [-84.44653369513998, 33.666150363531166], [-84.44613747252266, 33.66587498886092], [-84.44555751927692, 33.66547924431129], [-84.44537462228507, 33.66529608004774], [-84.44604580034623, 33.66313323427665], [-84.4468546056988, 33.66091317047369], [-84.44688503433244, 33.66057708900962], [-84.44685475481916, 33.65999671792467], [-84.44661040587535, 33.659661770144425], [-84.44685439728967, 33.65908587018991], [-84.44697658703294, 33.65853661279729], [-84.44703756197946, 33.65823164591155], [-84.44712941292063, 33.657712698076566], [-84.44752596342302, 33.65707504799877], [-84.44804467312595, 33.656861513156585], [-84.44859425702688, 33.656891732746516], [-84.44937999633792, 33.65689182247435], [-84.4495626840223, 33.65686088805245], [-84.44989873478694, 33.65661796971772], [-84.45023439837769, 33.656129508672], [-84.45035634916907, 33.65588459330056], [-84.45081435162342, 33.65567165594153], [-84.45099751721155, 33.65503457099197], [-84.45096708947625, 33.65460732539795], [-84.45081473879732, 33.65421017932139], [-84.45063136569837, 33.653722613884234], [-84.45038695656744, 33.653359949046795], [-84.45020429852747, 33.65293276243808], [-84.45011223917714, 33.652505157948845], [-84.4500513235194, 33.652139394443466], [-84.45008172071199, 33.651773302605385], [-84.45023436873329, 33.651380299611034], [-84.45061580867429, 33.65101358164097], [-84.45098216949492, 33.65083038658259], [-84.45125697581842, 33.65058630561629], [-84.45079885478646, 33.650495169813816], [-84.45040218570645, 33.65040317021936], [-84.45000539715052, 33.650189457299746], [-84.45000539715052, 33.6497316342869], [-84.44999838849468, 33.64967946890186], [-84.44981554450342, 33.649273151524376], [-84.44975098707553, 33.64908870318846], [-84.4496363054514, 33.648761033190425], [-84.44966191013197, 33.6479416448472], [-84.44971312128968, 33.64730149870357], [-84.4499691797732, 33.64671256303831], [-84.45071175144156, 33.64566272232722], [-84.45127508046467, 33.645124999112234], [-84.4522481041394, 33.64435682121742], [-84.4525041617246, 33.64404955232818], [-84.4527346164259, 33.643665463552736], [-84.45357425914557, 33.642988175672876], [-84.45393471533984, 33.64269742052653], [-84.45469762486623, 33.64211830118886], [-84.4551249013446, 33.641816999734964], [-84.45597948214912, 33.64126729634114], [-84.45667372715015, 33.640809204507306], [-84.4571925266846, 33.64029129886489], [-84.45755870784218, 33.63989793831494], [-84.45789457984208, 33.6395626916885], [-84.45903872179863, 33.63864707454011], [-84.45977129252294, 33.63828029709139], [-84.46089272417082, 33.63749083346369], [-84.46150304676136, 33.636880601386196], [-84.462174582352, 33.636484081045694], [-84.46269341153089, 33.63627078680636], [-84.46327321565627, 33.636029714549785], [-84.4639142633245, 33.6356943496513], [-84.46442540382284, 33.635297173906814], [-84.46491383401249, 33.63496183831643], [-84.46555473256038, 33.6348402447465], [-84.46601225800931, 33.63480954771866], [-84.46677531755438, 33.63499226603804], [-84.46723319963446, 33.63508477273761], [-84.46775188059131, 33.63517552022875], [-84.46829353685985, 33.635145241408125], [-84.46878178918307, 33.634748154378016], [-84.46939222945292, 33.634233826273864], [-84.46981932716658, 33.63392823327498], [-84.47032313561556, 33.63362261077027], [-84.47104282270206, 33.63334629058741], [-84.47106297101558, 33.63334086655222], [-84.47170857493892, 33.633167049679486], [-84.47227190486032, 33.63301341560082], [-84.47265599303478, 33.63291099048563], [-84.47273667522202, 33.632761153249376], [-84.47283523568004, 33.63257811531258], [-84.47268159861362, 33.6322196321703], [-84.47240509088097, 33.63186771153901], [-84.47239993455125, 33.6318611497798], [-84.4723859666469, 33.631851838558134], [-84.4718622120053, 33.63150266814117], [-84.47145251645539, 33.63114418501061], [-84.4711452459158, 33.63070888499898], [-84.47104282270206, 33.63009434446083], [-84.47109403385977, 33.629556621259276], [-84.47155494056744, 33.62907010996194], [-84.47239281091103, 33.628405943529856], [-84.47365462228835, 33.62740572704983], [-84.47437158837786, 33.626868002025134], [-84.4744740106933, 33.62625346101389], [-84.47447058182385, 33.626188317093934], [-84.47442279953559, 33.62528043800617], [-84.47452522274932, 33.62461468424748], [-84.47455089031195, 33.62342596640308], [-84.47615652377941, 33.623293987444534], [-84.47652559571559, 33.62329413630126], [-84.47695606031489, 33.62329401736549], [-84.47744842512547, 33.623232535030624], [-84.47803272981048, 33.62317102273096], [-84.47846343246333, 33.622986338207106], [-84.47870939118812, 33.6227712549208], [-84.4790168333059, 33.622771075394034], [-84.47929396446938, 33.62286379045378], [-84.47957067881455, 33.62310939145128], [-84.48003204905291, 33.623601666252284], [-84.4802780967109, 33.623847535181326], [-84.48052429348924, 33.62390937612616], [-84.48083179489585, 33.62400155438044], [-84.48113947416884, 33.624032220851284], [-84.4819765360287, 33.62420499023437], [-84.48204876956069, 33.62424748126156], [-84.48241183625919, 33.62446104987535], [-84.48284713648967, 33.62492195590985], [-84.48343607109163, 33.625254831497045], [-84.48430667245091, 33.62589497847824], [-84.48497242468775, 33.62622785554192], [-84.48522848137466, 33.62622785554192], [-84.48558696486857, 33.626125431334096], [-84.48594544746416, 33.62607421955849], [-84.48620150594769, 33.62617664307926], [-84.48658559502047, 33.626483914406826], [-84.48702089525095, 33.62661194355388], [-84.48745619458312, 33.6265351259389], [-84.48791710129079, 33.62627906647819], [-84.488454824735, 33.626048614781325], [-84.48904376023529, 33.62576694901373], [-84.48942784840973, 33.62574134264915], [-84.49009360064657, 33.62558770804217], [-84.4909385955287, 33.62520361920394], [-84.4917067709793, 33.624768319093604], [-84.49244934354597, 33.624307412985296], [-84.49344797279957, 33.62407696050254], [-84.49411372503641, 33.624051355879764], [-84.49485629670477, 33.62425620162508], [-84.4952403839809, 33.62425620162508], [-84.49580371300401, 33.624051355879764], [-84.49616219559961, 33.62371847863483], [-84.49648803162114, 33.62337093660938], [-84.49688789061874, 33.62321727533468], [-84.49722632461382, 33.62297107846755], [-84.49744155736262, 33.62263276261527], [-84.49771818277459, 33.62241767919434], [-84.49811830947012, 33.62229462496228], [-84.49854889264705, 33.622232993803834], [-84.49891793314218, 33.62226366015604], [-84.49922561511013, 33.622417499666845], [-84.4995947157924, 33.622540464707754], [-84.49996363860822, 33.622602005882754], [-84.50033285966474, 33.622417499666845], [-84.50051757574504, 33.62204836860823], [-84.50057884893224, 33.621679415497304], [-84.50057899715426, 33.621248771344995], [-84.50060963509534, 33.6208795806723], [-84.50070217055276, 33.62044896693282], [-84.50085580133096, 33.62020297834249], [-84.50113275462802, 33.62001844230385], [-84.50150164779943, 33.61992620443243], [-84.50180926778363, 33.6199877160564], [-84.50205501720097, 33.62008007355019], [-84.5023014834739, 33.62020303818656], [-84.50245517354091, 33.62032594280348], [-84.50276291300106, 33.62032603182137], [-84.50313177652808, 33.6202646386308], [-84.50353148460869, 33.62014155514221], [-84.50402379102879, 33.62007992393985], [-84.50433137957197, 33.62014146612414], [-84.50457760599471, 33.62020297834249], [-84.50488519633451, 33.62038763367382], [-84.50534644709694, 33.620449175638356], [-84.50580784697968, 33.6205262739611], [-84.50666060869574, 33.62059456096803], [-84.50727514887654, 33.62051774322427], [-84.5080433270221, 33.62018486579272], [-84.5084526371948, 33.61992904553748], [-84.50848902704863, 33.61990630322953], [-84.50906756185454, 33.61954471902592], [-84.5098869511578, 33.61887896433618], [-84.51132087974354, 33.617752306718494], [-84.5126267795367, 33.61670246456158], [-84.51368518718085, 33.61594317328417], [-84.51380464963891, 33.615857470838726], [-84.51514693030275, 33.61510963068503], [-84.51559706261689, 33.61485883903344], [-84.51667251040368, 33.61442354202261], [-84.51910506914133, 33.61316885353512], [-84.52048778746769, 33.61242628373649], [-84.52097429885589, 33.61211901240342], [-84.52105960826516, 33.611976826707405], [-84.52120475086224, 33.61173492263198], [-84.522228986593, 33.6107618995214], [-84.52368852255424, 33.60994251174312], [-84.52440548774544, 33.609379183972486], [-84.52540411699901, 33.60909751758455], [-84.52601624071171, 33.60879226187118], [-84.52653956865352, 33.60839228446288], [-84.52696967572335, 33.60805390913361], [-84.52727726606317, 33.60780759263538], [-84.52767703433089, 33.60759268843296], [-84.52807692207456, 33.607500449982034], [-84.52853844143324, 33.6074387289386], [-84.52903050800319, 33.607408182254126], [-84.52967653323638, 33.60740821143242], [-84.5301994147155, 33.60731594360575], [-84.53090656491388, 33.606946692500124], [-84.53204483458343, 33.606393203795456], [-84.53395185642201, 33.605654820785105], [-84.53576708570988, 33.6047938617441], [-84.53681243274812, 33.6043017062132], [-84.53761223698157, 33.6039324848451], [-84.53831965487791, 33.60356353199433], [-84.53893483555751, 33.60331748398939], [-84.53922482520596, 33.603172407702225], [-84.53964098862595, 33.60318255776051], [-84.5401018944353, 33.60318255776051], [-84.54046037792921, 33.60300331695286], [-84.5407420410933, 33.60277286286951], [-84.54094688931742, 33.60233756244007], [-84.5413857217236, 33.602091817702025], [-84.54176435802259, 33.6019024992402], [-84.54228729879053, 33.60159499885529], [-84.54281009223473, 33.60134892054218], [-84.54360998719802, 33.60091821745769], [-84.54422525591251, 33.60061071730399], [-84.54550473625316, 33.59980257992035], [-84.54627291260206, 33.5990856162808], [-84.54714351306303, 33.59813819816923], [-84.54779310101465, 33.597181362647], [-84.54810072010055, 33.596197141462675], [-84.54822356561398, 33.59576646727187], [-84.54834691777721, 33.594936055646], [-84.54834676865688, 33.59435166167542], [-84.54837740569964, 33.59385953559374], [-84.54837743444573, 33.59318287382858], [-84.54840834008476, 33.59256790331746], [-84.54840777414614, 33.59201399681192], [-84.54850057819982, 33.59146053722626], [-84.5485055198322, 33.59143824387087], [-84.54860304812597, 33.5912246091494], [-84.5489359251427, 33.59081491507049], [-84.54914077157021, 33.590379616393925], [-84.54919198272793, 33.589483409533436], [-84.5492688003628, 33.588868869125804], [-84.54919198272793, 33.588254327333935], [-84.54923857295182, 33.58789260288897], [-84.54948471044133, 33.58746219779433], [-84.54973081828648, 33.58703152414406], [-84.54982302675712, 33.58660085058908], [-84.54973078864208, 33.58623192761365], [-84.54960761524357, 33.585985879554535], [-84.54948456132101, 33.58537063996833], [-84.5494232584894, 33.58487854422325], [-84.54942313901344, 33.58460162098608], [-84.54948482901897, 33.58426327503884], [-84.54964879491452, 33.58385421095454], [-84.5499089479191, 33.5835940561112], [-84.55034424725127, 33.583337999308476], [-84.55065151779085, 33.583081938752386], [-84.55077954748177, 33.58267224492212], [-84.5508819697972, 33.582211338254226], [-84.5508951947948, 33.58184436924966], [-84.55107940332698, 33.58150626245228], [-84.55135225042486, 33.58080372991417], [-84.55165416161543, 33.58029280241172], [-84.55167738486215, 33.57973542758682], [-84.55165416161543, 33.57917805365265], [-84.55160252375796, 33.578368672935156], [-84.5516331895468, 33.577845969628044], [-84.55164454874357, 33.57767652836545], [-84.55174705729726, 33.57697177775235], [-84.55188639947258, 33.576158940290604], [-84.55188639947258, 33.57564801373168], [-84.55181672973241, 33.57511386299844], [-84.55160771242703, 33.574695831831846], [-84.55132902538149, 33.574440367594], [-84.55105033833595, 33.574022338404916], [-84.55070197885532, 33.57323272402073], [-84.550376844418, 33.57181606394608], [-84.5503303952296, 33.57151415144618], [-84.55037204471944, 33.57111025578972], [-84.55052585426237, 33.57067958286636], [-84.5506179729015, 33.57024887935221], [-84.55064929535882, 33.56994140834992], [-84.5506487590646, 33.56951070564413], [-84.55064893782935, 33.56926465781576], [-84.55064866923308, 33.568711049322346], [-84.55067789681917, 33.56790412510338], [-84.55077694236745, 33.56665613646261], [-84.55090570328701, 33.56567557242588], [-84.55124246192409, 33.564179964492446], [-84.5512919860457, 33.56361539693929], [-84.55121274924775, 33.56309044848793], [-84.55060619688643, 33.561041040051215], [-84.55053941163665, 33.5605989005004], [-84.55012138061917, 33.55892677750847], [-84.55002848403902, 33.55832295414006], [-84.54977302024022, 33.557417219407135], [-84.5495640056298, 33.55683662278667], [-84.54940143751281, 33.556302471706836], [-84.54920310656608, 33.55577761280666], [-84.54904938595635, 33.55534717857688], [-84.54892603469142, 33.55503964852539], [-84.5488031298892, 33.55470130274262], [-84.5484647246402, 33.55402455105458], [-84.5476342824657, 33.55270192349512], [-84.54708070375668, 33.551840844811906], [-84.54668075582588, 33.55147159435037], [-84.54615835135219, 33.55104124871694], [-84.54560411687304, 33.550364140445836], [-84.5448044006745, 33.54901117323298], [-84.54450118513013, 33.548499227308746], [-84.54396703428577, 33.5474077016965], [-84.54317741964262, 33.546409072594365], [-84.54268971708835, 33.54571235410185], [-84.54231813436095, 33.545085306474185], [-84.54217878949072, 33.54450471008271], [-84.5421555671423, 33.54397055837676], [-84.54217878949072, 33.54338995823954], [-84.54231813436095, 33.54301837608784], [-84.54245849342917, 33.54286924517974], [-84.54268971708835, 33.54262356993897], [-84.54287550845203, 33.54236810591147], [-84.54292195764044, 33.54208941858573], [-84.54287550845203, 33.541857179334656], [-84.54258978939447, 33.54149091333682], [-84.54243586037556, 33.54118338338176], [-84.54218984236198, 33.54081443104798], [-84.54188246132964, 33.5401684652944], [-84.54169774614765, 33.539768637002545], [-84.54154375783996, 33.539491922488615], [-84.54114387009629, 33.538938314096924], [-84.54034454196996, 33.53804600363278], [-84.53960603966982, 33.53743118168069], [-84.53911400274431, 33.53718510311936], [-84.53825289478094, 33.5371235908573], [-84.53763738711457, 33.537123530955604], [-84.53714550020771, 33.537123531704395], [-84.53652999164304, 33.53709316229726], [-84.5356691217332, 33.53681588213068], [-84.53542277583452, 33.53644683927139], [-84.53511548373538, 33.53607785698539], [-84.53459233366, 33.53543186257311], [-84.53410014851248, 33.53493991500897], [-84.53351625974746, 33.5347506536657], [-84.53270342095925, 33.53472742989343], [-84.53202992793962, 33.53456486256433], [-84.53164441234217, 33.53438048628576], [-84.5316086144781, 33.53435543235926], [-84.531270596403, 33.5340784788725], [-84.53099376168358, 33.53380176411441], [-84.53043997546374, 33.53377112771633], [-84.52939427089602, 33.53377100790831], [-84.52935063882434, 33.53377506565546], [-84.52877857458344, 33.53391459243723], [-84.52807149445361, 33.53389397276319], [-84.52724108282182, 33.53380185397039], [-84.52607229468713, 33.533586412035405], [-84.52484229265403, 33.53334045357019], [-84.52416524320417, 33.533032774808305], [-84.52321180729422, 33.53272533382159], [-84.52173540007362, 33.532248467680304], [-84.52087399297127, 33.53203335359943], [-84.52044117927748, 33.531824438438484], [-84.5200231473617, 33.53154575081542], [-84.51955866895248, 33.53122061511824], [-84.5190477440498, 33.53117416791752], [-84.51853681555386, 33.531429632080155], [-84.51727539135044, 33.53224864589785], [-84.51638322862767, 33.5329252491372], [-84.51586028785975, 33.53323265946088], [-84.51539873885666, 33.53335571344023], [-84.5142608851071, 33.53329429055623], [-84.51324593705806, 33.53310966595962], [-84.5125071383139, 33.53310972511527], [-84.51207712017728, 33.53301763543916], [-84.51176929178392, 33.53292518848383], [-84.51158469607786, 33.53267905141848], [-84.51130786225677, 33.532156467693284], [-84.5112464399492, 33.531694889279066], [-84.51121550466577, 33.53126436428942], [-84.5110122581378, 33.53080258492031], [-84.51061745216369, 33.5304542260014], [-84.50985106076723, 33.52980395565897], [-84.50974521407396, 33.52964518615307], [-84.50952389434076, 33.52917280804415], [-84.5086320298587, 33.52745041134861], [-84.50820138649465, 33.526404678044344], [-84.5079858564035, 33.52575865254405], [-84.50777083206381, 33.525451301768], [-84.50730943218106, 33.525113015377144], [-84.5068788481058, 33.52498999160406], [-84.50647872230859, 33.52492835983163], [-84.50598647607562, 33.52492847890301], [-84.50555613095223, 33.52498981187378], [-84.50524839239041, 33.52498999160406], [-84.50481786760398, 33.524989872532764], [-84.50423344434137, 33.524836152105856], [-84.50401827177967, 33.52474376455099], [-84.50352596625788, 33.524574785265095], [-84.50321843610521, 33.52439004020239], [-84.5029107568322, 33.524236439279385], [-84.50266470827589, 33.52395966531473], [-84.50244947642538, 33.52362114018502], [-84.50223391579148, 33.52325230686159], [-84.50208031465769, 33.52291387257494], [-84.50192659494627, 33.52260622261483], [-84.50174190940868, 33.52229860226524], [-84.50155746192466, 33.522021858795384], [-84.50134223007416, 33.52168363163399], [-84.50095324608141, 33.521118708518436], [-84.50061881228427, 33.520633006342734], [-84.50032924304739, 33.52021246776484], [-84.49967897327447, 33.519376406015255], [-84.49930739054709, 33.51879580696357], [-84.49905192674828, 33.518215209257434], [-84.49900548025482, 33.51770428149051], [-84.49891258457296, 33.51723980242002], [-84.49856422509232, 33.5169146691068], [-84.49803007334965, 33.51679854720242], [-84.49743568058403, 33.516546962065114], [-84.49715866799819, 33.516393331485915], [-84.49695023459776, 33.51624420557899], [-84.4968688759791, 33.51610183047764], [-84.49677598029726, 33.5158231438644], [-84.49677598029726, 33.51542833560559], [-84.49668308461541, 33.51505675235953], [-84.49645084585995, 33.51466194584608], [-84.4961747432675, 33.51411735710385], [-84.49589746298368, 33.51368671315176], [-84.49574380166275, 33.51337906407793], [-84.49543609364365, 33.51288699779694], [-84.4951595868093, 33.51245641438051], [-84.49478991929013, 33.5122103658589], [-84.49436069077264, 33.51189829624313], [-84.49405877868374, 33.51152671281596], [-84.49328308343588, 33.51087236043207], [-84.49300601156123, 33.51062640103104], [-84.4920847443216, 33.50992426272807], [-84.49150414518718, 33.50959912738908], [-84.49113256156147, 33.50943655851242], [-84.49083065126922, 33.50943655851242], [-84.49031972367159, 33.509645574941395], [-84.48978557282723, 33.509831367148564], [-84.48950688488338, 33.509831367148564], [-84.48939076685312, 33.50969202171987], [-84.48929787027296, 33.50932043930429], [-84.48925142198289, 33.50908819892254], [-84.4890656306192, 33.50887918414331], [-84.48883339186374, 33.50878628819091], [-84.4884846694637, 33.50871938003368], [-84.48802329922536, 33.508688535511546], [-84.48765419854311, 33.5086575112142], [-84.48706837121371, 33.50846115307031], [-84.48662711694952, 33.50832181067822], [-84.48609296520685, 33.50832181067822], [-84.48596711303217, 33.50833978866299], [-84.4856052635509, 33.50839148227683], [-84.48507111180822, 33.50829858654992], [-84.48432794635347, 33.50815924239806], [-84.48365445333381, 33.50792700414312], [-84.48331721319975, 33.50767361801734], [-84.48294817090799, 33.507366116844175], [-84.48273281958156, 33.5071198883124], [-84.48257909897183, 33.50684311576047], [-84.48245586628452, 33.506597156891495], [-84.48224063443402, 33.50619715090077], [-84.48205645554626, 33.505766596365575], [-84.4820235852917, 33.50570567447263], [-84.48191265593053, 33.50516335365606], [-84.48191265593053, 33.504582756600975], [-84.48168041717507, 33.50404860545842], [-84.48128561030263, 33.50351445401553], [-84.48061211548637, 33.503073199213645], [-84.4802637560057, 33.502840961542674], [-84.48005474049697, 33.502562271919466], [-84.48000829130858, 33.50230681013771], [-84.48003151725025, 33.50207456966142], [-84.48014763617883, 33.501842330809154], [-84.48051921980452, 33.50167976309206], [-84.48084435514014, 33.50142429945479], [-84.48098369821373, 33.50114561351026], [-84.48098369821373, 33.50079725350693], [-84.48093449479069, 33.50062504008189], [-84.4808908025319, 33.50047211758727], [-84.48065856377644, 33.50005408935386], [-84.48035665078923, 33.49968250451016], [-84.47993862156841, 33.49917157742763], [-84.47950293146907, 33.49836947911626], [-84.4792877885518, 33.49781593109956], [-84.47916485500348, 33.49750825182285], [-84.47904183072531, 33.49723147700179], [-84.47891871661562, 33.49695467282935], [-84.47879590164493, 33.49670880422147], [-84.47867305613151, 33.49649348189798], [-84.47854961503506, 33.49633955277342], [-84.47836489985308, 33.496185923025266], [-84.4782113580081, 33.49600120723693], [-84.47805733915767, 33.49560143919523], [-84.47793446489817, 33.49526321213385], [-84.4778114109756, 33.494770877288886], [-84.47768847563066, 33.49446319842752], [-84.47765742266793, 33.494125001380226], [-84.47753445767857, 33.49381762138036], [-84.47726786644834, 33.49345848759476], [-84.47682661128582, 33.49315657703219], [-84.47615311826618, 33.49290111371435], [-84.47554929498669, 33.492854666915186], [-84.47480612953194, 33.49299400948539], [-84.47401651399045, 33.49320302441851], [-84.4735288123345, 33.49327269620049], [-84.47326199023722, 33.49324305005915], [-84.47311078041871, 33.493226249600696], [-84.472576631371, 33.49299400948539], [-84.4720285063341, 33.49252569020372], [-84.47178257815202, 33.49227976032313], [-84.471536530494, 33.49184905715115], [-84.47132105969165, 33.491418384800134], [-84.47116754838937, 33.49111070526341], [-84.47092143964592, 33.490680299691604], [-84.47064481423396, 33.49024962677202], [-84.47055215930061, 33.48994191761049], [-84.47039840904648, 33.489573053849256], [-84.4703060514555, 33.489296249916], [-84.47006003254357, 33.48895790382737], [-84.46981380522251, 33.488588653787325], [-84.46950624632375, 33.4882199985316], [-84.46929098393053, 33.48797368257368], [-84.46904484554267, 33.48778941526731], [-84.46870676907707, 33.48754306811673], [-84.46833751747783, 33.487358412556816], [-84.46793768902299, 33.487143180859775], [-84.46750713549046, 33.48686643658847], [-84.46732271854917, 33.48665105532558], [-84.46701494944462, 33.48637407198209], [-84.4667380266903, 33.48603599468269], [-84.46578470935796, 33.48509778737716], [-84.46529261314363, 33.484698079132926], [-84.46507705340805, 33.48454411929992], [-84.46473867780345, 33.48426740493448], [-84.46449289784341, 33.48411347580362], [-84.46418524821479, 33.48380588644482], [-84.46381596697115, 33.48362152860464], [-84.46344680520347, 33.48340626739181], [-84.46313918701588, 33.48331399893631], [-84.46273950768138, 33.48319079660672], [-84.46123231429766, 33.48276024228483], [-84.45963279296738, 33.4822681757626], [-84.45889461855234, 33.481929710809574], [-84.4584024630492, 33.481776079472134], [-84.45803336146865, 33.4816529064237], [-84.45757208106183, 33.481529883050534], [-84.4568644835024, 33.481406948663796], [-84.45544988666158, 33.4814070078548], [-84.45498818943646, 33.48152982385961], [-84.4544655756553, 33.48165293714296], [-84.45391163941683, 33.48177596109063], [-84.453388727395, 33.48177584121065], [-84.4528967515549, 33.481683663176234], [-84.45209706500077, 33.481407156956195], [-84.45132792565788, 33.4809762453643], [-84.450528211256, 33.480299732618235], [-84.4498823046004, 33.479623069980136], [-84.44954410776054, 33.479130795322185], [-84.44945166033801, 33.47879247920514], [-84.44939035750642, 33.4775622396992], [-84.44944710138797, 33.47512643618183], [-84.44958492541042, 33.47436840936674], [-84.44967782109227, 33.47299819675855], [-84.449701044339, 33.471279625359784], [-84.44962072866439, 33.47034795067384], [-84.44958492451211, 33.46993263655295], [-84.4495152529753, 33.46916624491902], [-84.4495152529753, 33.46877143893614], [-84.44962069901999, 33.46847968164671], [-84.44998989043208, 33.46783356771765], [-84.45051289138712, 33.46724941112106], [-84.45103589324049, 33.466572571626926], [-84.45134333356164, 33.466080207086875], [-84.45146606498902, 33.46575232770841], [-84.45146606498902, 33.465473640127726], [-84.45139639255389, 33.464939489049684], [-84.45095513739139, 33.464242770127676], [-84.45026726054742, 33.463573860616805], [-84.4498671643946, 33.463204401210035], [-84.44937488941552, 33.46268193601861], [-84.44915956683518, 33.462066726944215], [-84.44912848332972, 33.461574661310756], [-84.44937482922839, 33.461236374825326], [-84.45008200907121, 33.46080555252898], [-84.45106646919781, 33.46003677117329], [-84.45183536958884, 33.45954452614271], [-84.4522044118806, 33.45911397198438], [-84.45232785297705, 33.45871414387045], [-84.45229664999566, 33.45825289397643], [-84.45214316743947, 33.457760736996526], [-84.45183554745527, 33.45739169574687], [-84.45134348178367, 33.45696066398117], [-84.4509124503474, 33.45665349161852], [-84.45060521843541, 33.45628444940347], [-84.4502360566677, 33.45591531792934], [-84.44980529382771, 33.455546126424586], [-84.44955927581411, 33.455177084742864], [-84.44937476993958, 33.45480810144918], [-84.44925168637262, 33.454254761470445], [-84.44915929913724, 33.453823790559014], [-84.44912854261852, 33.45345462912297], [-84.44915932788332, 33.45308555755412], [-84.44937456153045, 33.45277811663364], [-84.44962090742914, 33.452439859534174], [-84.44992822827435, 33.45216275783507], [-84.45026657423452, 33.451855405832646], [-84.45057434333907, 33.45154778591488], [-84.45094335508811, 33.45111726175272], [-84.45109448136331, 33.450935452429746], [-84.4514196149023, 33.450378076300986], [-84.45148928823573, 33.449983270196086], [-84.45153573652581, 33.44949556795164], [-84.45148928823573, 33.449077536558555], [-84.45151251058415, 33.448798850092416], [-84.45165185545439, 33.448636281012085], [-84.45206988737017, 33.44854338564999], [-84.45223245369051, 33.44835759462723], [-84.45227890287892, 33.44812535641344], [-84.45223245369051, 33.447800219920595], [-84.45195854208903, 33.44742645161244], [-84.45171216564762, 33.44705708155344], [-84.45155859505654, 33.44671849782182], [-84.45134294459112, 33.44628824201434], [-84.45115912413117, 33.445949896639796], [-84.4508508780212, 33.445334864925364], [-84.45051268207966, 33.44478104849197], [-84.45011315186547, 33.44435073210347], [-84.44978985627957, 33.44397960393233], [-84.44894010212306, 33.44325525861334], [-84.4481709924246, 33.44270159156378], [-84.4475558728304, 33.44239394142873], [-84.44718703894779, 33.44214804241464], [-84.44675627700612, 33.44171733966626], [-84.44611054911529, 33.44110201108522], [-84.44515669638702, 33.44079462963294], [-84.444633843654, 33.44054852219284], [-84.44414177798241, 33.440363955397125], [-84.44361895489378, 33.44030253399197], [-84.44337302671171, 33.440240843433635], [-84.44312694851098, 33.43999500353299], [-84.44306531689597, 33.439010512535155], [-84.44306510489356, 33.438515543211366], [-84.44315189113317, 33.438255180411694], [-84.44336090754021, 33.43797649365919], [-84.44370926522424, 33.43758168508221], [-84.44380343202221, 33.43719587932974], [-84.44383406816667, 33.4366729380895], [-84.4438341579982, 33.436242384327805], [-84.44383412745549, 33.435935002901054], [-84.44395715173363, 33.43575040680069], [-84.44417241412685, 33.43544263831087], [-84.44426483100665, 33.43504304815655], [-84.4443130885037, 33.43463224653355], [-84.4442434160686, 33.434423230510205], [-84.44408085064657, 33.4341445441949], [-84.44368604197751, 33.43386585623496], [-84.44332922396013, 33.43351894994304], [-84.44324985331322, 33.433228176049255], [-84.44328066912072, 33.432951431295265], [-84.44337272847103, 33.43258235945073], [-84.4435882280195, 33.43218259119664], [-84.44401875370423, 33.431844185563826], [-84.44429564591583, 33.43150592854841], [-84.4445107295443, 33.431229005874506], [-84.44469550491341, 33.43089069023473], [-84.44481840881734, 33.43052167784878], [-84.44478807001525, 33.43015251620377], [-84.44472605122635, 33.4297529856577], [-84.44454169447216, 33.42938370528896], [-84.44438779509768, 33.428830007451985], [-84.44414189656001, 33.42815325643959], [-84.44371119300885, 33.427415142346426], [-84.44352659730279, 33.42710758195924], [-84.44343444812095, 33.42680014118805], [-84.44343435918775, 33.426308045657166], [-84.44371110317731, 33.425815651941576], [-84.44414159831935, 33.42535457947954], [-84.44444933688118, 33.424831608872736], [-84.4446846712311, 33.4239260085279], [-84.4447078935795, 33.42336863431851], [-84.44463822383933, 33.422997051273676], [-84.44429567645858, 33.422493704993705], [-84.44417253270447, 33.422094115203876], [-84.44423410413236, 33.421786525467915], [-84.44444933688118, 33.42135612053923], [-84.44459177465093, 33.420814000538726], [-84.44456940121047, 33.42025465016979], [-84.44456855140422, 33.4202334013528], [-84.44445243247564, 33.41974569908518], [-84.4443130876054, 33.419397339502346], [-84.44403440055986, 33.419048980021444], [-84.44387183334122, 33.418630951148366], [-84.44386732200186, 33.41860613665425], [-84.44377893676103, 33.41812002307073], [-84.44382538505113, 33.417794887364714], [-84.44377893676103, 33.417260738078504], [-84.44363959458576, 33.416680138377366], [-84.44324979222777, 33.41583509021495], [-84.44294193508833, 33.415373838779274], [-84.44263458190377, 33.41491235019756], [-84.44232696371617, 33.41448170649052], [-84.44227224463728, 33.41439051417497], [-84.44219970927135, 33.41414872964056], [-84.44219970927135, 33.41382359481201], [-84.44240872388177, 33.41340556327949], [-84.44280353075419, 33.412801739818484], [-84.4432447859167, 33.412290814186804], [-84.4435002488172, 33.411710214252345], [-84.44361636774576, 33.41133863155681], [-84.44363959368744, 33.41066513808731], [-84.44371390951427, 33.40988481055037], [-84.44373249026759, 33.40968973281991], [-84.44391828073297, 33.40880722160275], [-84.44414162706543, 33.40777671835763], [-84.44416535875861, 33.40767118034929], [-84.44435953589549, 33.40708865080022], [-84.44461499789766, 33.40634548477298], [-84.44459177465093, 33.40588100558967], [-84.44452210221581, 33.40539330371143], [-84.4441415372339, 33.40487021663381], [-84.44392618590749, 33.40462407932855], [-84.44374173842345, 33.40450093692246], [-84.44355744185638, 33.40431663844137], [-84.4433419405113, 33.40400901873473], [-84.44303444000303, 33.403270695647905], [-84.44269642282623, 33.402717088515345], [-84.44229614701037, 33.40216360009526], [-84.4416827854192, 33.401514086932956], [-84.44182812564564, 33.400911081498045], [-84.44182812564564, 33.400400156423665], [-84.44173522906549, 33.39979633330331], [-84.44173522906549, 33.39928540617397], [-84.4418745721391, 33.39863513577793], [-84.44236227649, 33.39735781925242], [-84.4425016186653, 33.39577859203332], [-84.44291965058108, 33.39475673852601], [-84.44338412988863, 33.393247182451944], [-84.44343057638208, 33.39264335913129], [-84.44333768070022, 33.39208598516994], [-84.44317511348156, 33.39155183380106], [-84.44291964968276, 33.391110578325005], [-84.44284997814594, 33.39064610020671], [-84.44284997814594, 33.390344190161514], [-84.44303592940977, 33.39001095428599], [-84.44334349010515, 33.389088185235856], [-84.44349727000372, 33.38867300939787], [-84.44347702377384, 33.388254035533755], [-84.44329123330846, 33.38797534805321], [-84.44296609707452, 33.38771988386959], [-84.44245517127354, 33.38753409242366], [-84.44217648422799, 33.38727862919355], [-84.44208358854615, 33.386930269169945], [-84.44210681179288, 33.38648901423646], [-84.44213003503958, 33.38597808913445], [-84.44199069286431, 33.38556005638574], [-84.44166555663037, 33.385095578613665], [-84.44141009283155, 33.384654323369396], [-84.4413171971497, 33.38425951687138], [-84.4413171971497, 33.3837950389023], [-84.44145654201995, 33.383423455340576], [-84.44183644494349, 33.38301357668245], [-84.44208252314422, 33.3827678860435], [-84.44248220158042, 33.3825521172397], [-84.44285145317966, 33.382490724698414], [-84.44328236424167, 33.38258299239462], [-84.44374367519119, 33.38273647462879], [-84.44432777056872, 33.38270613585412], [-84.44497397546499, 33.382644474883485], [-84.44517237288706, 33.382564168460334], [-84.445660074543, 33.38237837649822], [-84.44610132970553, 33.38209969043604], [-84.44647291333122, 33.38151909204192], [-84.44696061498718, 33.38063658126934], [-84.44718641731362, 33.38006339187845], [-84.44726252797437, 33.37987019303778], [-84.44777315733133, 33.379199742758324], [-84.44851103440402, 33.37858501007909], [-84.44940301836202, 33.3779387766404], [-84.45044842468907, 33.377108453777254], [-84.45118668803732, 33.376062540623934], [-84.45134994156886, 33.375806002459676], [-84.45153573293257, 33.37545764298171], [-84.4515254202731, 33.37497067283764], [-84.45152539152701, 33.37423258844141], [-84.45152530169547, 33.37361746806567], [-84.45167908159402, 33.3732481575931], [-84.45201757667455, 33.373002258568356], [-84.45238652913478, 33.37290963261864], [-84.45275577983568, 33.37291002046705], [-84.45321694166489, 33.372971651580606], [-84.45361682940855, 33.372971473035435], [-84.45398613939828, 33.37275623956791], [-84.4538014251146, 33.37251010359167], [-84.45355534691389, 33.372325685512905], [-84.45312485177185, 33.37214085218421], [-84.45272481580615, 33.371956584862694], [-84.45217141676021, 33.37177163146794], [-84.4518022828403, 33.37158736336429], [-84.45140230796004, 33.371402797789784], [-84.45115634833694, 33.37118753568399], [-84.45087933575108, 33.37091073129043], [-84.4507870087028, 33.37066468311813], [-84.45094069966814, 33.3702956406886], [-84.45127922349477, 33.36974206210531], [-84.4515866045271, 33.36943438305313], [-84.45207887950617, 33.36869617965786], [-84.45278635669133, 33.36725073670597], [-84.45398608010947, 33.36549746647671], [-84.45543116487273, 33.36365225437239], [-84.45644658992717, 33.36262189927039], [-84.45656967349416, 33.36237579089214], [-84.45681569240607, 33.36191448154975], [-84.45693886490625, 33.361422444667014], [-84.45690778050248, 33.360807264475056], [-84.4567850850077, 33.36040734748682], [-84.45656955491654, 33.35991528107396], [-84.45653897716258, 33.359392250470826], [-84.456569465085, 33.358869426061176], [-84.4566311550905, 33.35846971925978], [-84.45669263758518, 33.35782378357602], [-84.45681578044098, 33.357331746824514], [-84.45706170952135, 33.3571163351049], [-84.45758468083199, 33.35705476479094], [-84.4587222956297, 33.35702403739279], [-84.45992240532343, 33.35659339422772], [-84.46054662125815, 33.35613532269276], [-84.46096465227562, 33.35581018694038], [-84.46122011517612, 33.3553457086174], [-84.46124476494751, 33.35521937948508], [-84.46124476494751, 33.35459416455925], [-84.46115267505448, 33.35317935868744], [-84.46109095450625, 33.352133743890626], [-84.46112183050087, 33.35170309979216], [-84.46149105155737, 33.35148783847482], [-84.4618908189268, 33.35136493296231], [-84.46213680729599, 33.351118617162655], [-84.46222910559818, 33.350134663172916], [-84.46235218916516, 33.3493810510643], [-84.46247533291924, 33.348888746721414], [-84.46253651717325, 33.348396859069275], [-84.46247500413584, 33.34808912105387], [-84.46222904630937, 33.3477814412329], [-84.46179852062461, 33.347535422962174], [-84.46130678373642, 33.347166619376274], [-84.46062964445503, 33.34667467246721], [-84.45989138110676, 33.34612058716809], [-84.45958376112254, 33.34553628318298], [-84.45915341599917, 33.34445979297579], [-84.45906099822106, 33.34359856556297], [-84.45906111769699, 33.34267600505223], [-84.4589379739429, 33.34166060895362], [-84.45878407456843, 33.34046127450823], [-84.4586919855737, 33.33960010661399], [-84.45841512120987, 33.33907737346885], [-84.45804581122017, 33.33858506865742], [-84.45767694859144, 33.33818521018192], [-84.45687720274852, 33.337846984095634], [-84.45616957644302, 33.33750822084225], [-84.45527774160536, 33.33707805377132], [-84.45472419254077, 33.33677040484081], [-84.45438575674906, 33.33644755635557], [-84.45410880435031, 33.335862984079206], [-84.45389360124591, 33.33518641123866], [-84.45346307735778, 33.33463289303734], [-84.45290940971559, 33.33414070795629], [-84.45229402062681, 33.33331011577824], [-84.45217090741545, 33.33272566279724], [-84.45214024072827, 33.33211075115756], [-84.45220184269888, 33.33186458429067], [-84.45244791910298, 33.3316800778332], [-84.45272484365393, 33.331526208320476], [-84.45290917076372, 33.33143399981514], [-84.45303243309542, 33.331126142562844], [-84.45297065325838, 33.330757695799484], [-84.45272481311122, 33.33057271339742], [-84.45226320481932, 33.33038832579418], [-84.4517095668215, 33.33032681388644], [-84.45124807890386, 33.330019194402084], [-84.45038693949945, 33.329281019996316], [-84.45004871391352, 33.328450399499175], [-84.44974097355505, 33.32783545843498], [-84.44949492589706, 33.3275892021784], [-84.44863426439639, 33.326820450770214], [-84.44795727423532, 33.32595910373358], [-84.44755735774557, 33.325405585452636], [-84.44740396502091, 33.32509769789229], [-84.44706502257938, 33.32509784651157], [-84.4468498796621, 33.325159447679454], [-84.4467574924267, 33.324974822688766], [-84.44672694431715, 33.324759470532534], [-84.44697296322906, 33.32417510656073], [-84.4473418860449, 33.323421733696684], [-84.44768029129389, 33.32292960763168], [-84.44872608569315, 33.32123784890133], [-84.44927960331673, 33.32046906773468], [-84.44983327095892, 33.319853857913515], [-84.45069452894094, 33.31893123809198], [-84.45161738799526, 33.31816230746572], [-84.45217129369102, 33.31757803362795], [-84.45244771069385, 33.31702424667245], [-84.45290931898575, 33.316316888625366], [-84.45358574230983, 33.31530194047972], [-84.45423167860983, 33.31468682030457], [-84.45469316742579, 33.31444077237051], [-84.45549288272602, 33.31437923043832], [-84.45598486036272, 33.31425611716657], [-84.45660027819756, 33.31394876450275], [-84.45764586239105, 33.31308747792738], [-84.45832279326329, 33.3126568644801], [-84.45893767480392, 33.31228791097045], [-84.45939907468666, 33.311734094161785], [-84.45967617710404, 33.31127278379049], [-84.45976841432078, 33.31075002107578], [-84.45976820591164, 33.310257746139804], [-84.45986035509348, 33.309765650102115], [-84.4600756767755, 33.309396608533035], [-84.46050661838024, 33.309027506093415], [-84.46081385029223, 33.30878154804225], [-84.46149072097735, 33.308473927581936], [-84.46201318563818, 33.308227850101886], [-84.4625980562618, 33.307797415355985], [-84.46296733660708, 33.30748976739967], [-84.46330550380253, 33.30712081304587], [-84.46382877335385, 33.30641318695406], [-84.46407434490477, 33.30589054300515], [-84.46428954621254, 33.305213761480026], [-84.46432048239429, 33.30475245189858], [-84.46441257138902, 33.30416790950317], [-84.46441274925544, 33.30342973537769], [-84.46416804368047, 33.30287678277945], [-84.46392205441296, 33.302553754666135], [-84.46336841731348, 33.30178470587065], [-84.46253773618709, 33.30089293034836], [-84.4622917774623, 33.30064673387045], [-84.46226518912651, 33.30032819188068], [-84.46229186370057, 33.300269510358085], [-84.46238130895341, 33.30007272796549], [-84.46240453220013, 33.29977081755836], [-84.46233486245997, 33.299561802395466], [-84.46194005379088, 33.29928311548335], [-84.46133623320637, 33.298981203093994], [-84.46096464958067, 33.298679292662975], [-84.46040727369295, 33.29853994753298], [-84.4599892435738, 33.298470277137014], [-84.45983125057658, 33.29825084029157], [-84.45983117691473, 33.298001509125505], [-84.4599660203271, 33.29737875173506], [-84.4599892435738, 33.29696072070745], [-84.4599660203271, 33.29649624244181], [-84.45989634789197, 33.29600853782656], [-84.45994279438543, 33.29552083574074], [-84.46005891600893, 33.29507958069651], [-84.4601692740416, 33.2949140434975], [-84.46033760305447, 33.294661551416105], [-84.46091820039227, 33.294266742977435], [-84.46124333662621, 33.29391838313841], [-84.46135945555478, 33.293593248686726], [-84.46136891840798, 33.293265322766395], [-84.46124610253898, 33.29292658895776], [-84.4608770306028, 33.292649666445016], [-84.46050760113715, 33.29234234425304], [-84.46032327312905, 33.29194204008354], [-84.4602002488509, 33.291634987221464], [-84.46019998115294, 33.29117361708765], [-84.46032330277346, 33.290804514868896], [-84.46035379069589, 33.29037375234568], [-84.4603230054311, 33.290004739855554], [-84.46010789125991, 33.28932810690034], [-84.459800123952, 33.28852830183455], [-84.45967712841991, 33.28791324211275], [-84.45967733682907, 33.28729803312684], [-84.45980015269808, 33.28674439404675], [-84.46020004044175, 33.286160149249085], [-84.46090766674726, 33.28514517228177], [-84.46176862559028, 33.283914931726684], [-84.46241453224587, 33.28286928698963], [-84.46250694912567, 33.28250012561486], [-84.4625990677648, 33.28210032750903], [-84.46262997340382, 33.28154662917185], [-84.46261354770887, 33.2810058719997], [-84.46249742698366, 33.28072718514398], [-84.46224196587978, 33.280402051106684], [-84.46173103828217, 33.27991434665359], [-84.46148047658984, 33.279580264496644], [-84.46127655991867, 33.2790706225397], [-84.46103054100675, 33.27817854951014], [-84.46096908905481, 33.27740961930179], [-84.46103048171794, 33.27651781468651], [-84.46121513671281, 33.276056324828744], [-84.46158432902322, 33.27550268728977], [-84.46207648362804, 33.27488762665041], [-84.46232223394368, 33.27451858548317], [-84.46238407396785, 33.27405730511289], [-84.46226069216021, 33.273319160874976], [-84.46229147742498, 33.27291930269586], [-84.46250697877007, 33.2724578734289], [-84.46312257536967, 33.271873598347035], [-84.46346026555968, 33.27138132408849], [-84.46361416403586, 33.27098158546779], [-84.46376797447712, 33.269935701689164], [-84.46389096821255, 33.2688591820915], [-84.46404486848533, 33.268459443191546], [-84.46416768345605, 33.267828975293334], [-84.464475482205, 33.26712161713194], [-84.46475225583899, 33.2665987055198], [-84.46496784611728, 33.26598370308961], [-84.46515241128061, 33.26530683435249], [-84.46528604556059, 33.265086594545366], [-84.4653173374752, 33.26471770198971], [-84.46537813455531, 33.26447138542399], [-84.46550130705549, 33.26422551658601], [-84.46559348678005, 33.264040801658545], [-84.46571674911176, 33.263887080942666], [-84.46590107622154, 33.26373333066216], [-84.46605488576449, 33.2635796101563], [-84.4662089935481, 33.26345649730133], [-84.46633195853747, 33.263395133474475], [-84.46660873217144, 33.26330271696865], [-84.46676263154592, 33.263241085629794], [-84.46700850133749, 33.263148937116384], [-84.46713158490446, 33.26305666907502], [-84.46737781222554, 33.26287213269999], [-84.4674697215572, 33.26262617448142], [-84.4676236811188, 33.26222586923393], [-84.46768537112429, 33.261887881037424], [-84.46774661556542, 33.26170340378728], [-84.46780815645059, 33.26142657075329], [-84.4679005445843, 33.26127279060262], [-84.46805429394013, 33.26114964745478], [-84.46811595609786, 33.26093462369928], [-84.46830019337611, 33.260688455710515], [-84.46839272973185, 33.260503801658636], [-84.46848484837098, 33.26007336659516], [-84.46848478908217, 33.25976559769303], [-84.46848487891369, 33.2594890026472], [-84.46836182409281, 33.25911990016115], [-84.46825696554632, 33.25885023188679], [-84.46814084661776, 33.258362530247524], [-84.4681872931112, 33.2577587067575], [-84.4681872931112, 33.25717810955281], [-84.4680711732843, 33.25671362916125], [-84.46802347813261, 33.25616723446647], [-84.4681872931112, 33.255668551834276], [-84.4681872931112, 33.25529696926112], [-84.4680479500376, 33.25506472850526], [-84.46783893363053, 33.25494861014949], [-84.4674905750482, 33.25494861014949], [-84.46702609484232, 33.25485571445231], [-84.46644549750454, 33.25457702676816], [-84.46574877854322, 33.25436801229978], [-84.46535397256912, 33.254158995077724], [-84.46517130464767, 33.253895142423005], [-84.46514495706037, 33.25385708510401], [-84.46504005629308, 33.25315272986349], [-84.46497848486518, 33.25263005540211], [-84.46497848486518, 33.25229164995898], [-84.46497839503365, 33.25198411957994], [-84.46497788838384, 33.251676560322906], [-84.46497788838384, 33.25133818424169], [-84.46497833574485, 33.25109222585363], [-84.46500924048556, 33.25080004363141], [-84.46510138966741, 33.25058502069711], [-84.46534767627729, 33.25027692388234], [-84.46556269971865, 33.249815702539365], [-84.46602418853459, 33.24907758781738], [-84.46648558841734, 33.24837008157084], [-84.46676266119033, 33.24781656302252], [-84.46707010151148, 33.24732455661414], [-84.46719285719337, 33.24707838859362], [-84.46743911415882, 33.2467705603939], [-84.46774670360033, 33.246432453056705], [-84.4680850495605, 33.24612501249732], [-84.46836185373722, 33.24590960091617], [-84.4686385689807, 33.24557146320212], [-84.46885394995152, 33.245232998871636], [-84.4692230218877, 33.24440264635795], [-84.46949955746814, 33.24378758534325], [-84.46977677936144, 33.24341830533779], [-84.47005328439916, 33.24314165027991], [-84.4704226249316, 33.24292635756637], [-84.47088405445874, 33.24264961379934], [-84.47143751459014, 33.24255716633405], [-84.4723602236258, 33.24215730933468], [-84.4727909864658, 33.241911439309604], [-84.47300601080545, 33.24178832597505], [-84.47315999911314, 33.241665480688496], [-84.47328299284858, 33.24160379051027], [-84.47328320215604, 33.24141931325907], [-84.473313928132, 33.24123456964987], [-84.47331374936726, 33.24105030123936], [-84.47325235580581, 33.240804252290076], [-84.4731906065115, 33.24058878251672], [-84.47316014823346, 33.24034276382443], [-84.47309860644998, 33.24003520417273], [-84.4730678202869, 33.23975851887332], [-84.4730674627574, 33.239512501601226], [-84.47315999911314, 33.239081827141995], [-84.47328299284858, 33.23852810025654], [-84.47328281408384, 33.23829737098272], [-84.47325220758378, 33.23808225718206], [-84.47328284372824, 33.23792838861243], [-84.47328290391538, 33.237682339141635], [-84.4731906658003, 33.2374362619296], [-84.47306767206487, 33.2371595173128], [-84.47291389126799, 33.236974862378716], [-84.47263702780249, 33.23688274326827], [-84.4723910088906, 33.236821022666085], [-84.47196027659331, 33.236821171435736], [-84.47174516332043, 33.236851868321075], [-84.47173929732163, 33.236851871326515], [-84.47146186791748, 33.23676426401776], [-84.4712992989022, 33.23655524752252], [-84.4712992989022, 33.23625333684708], [-84.47141541962739, 33.23574240969629], [-84.47162443603445, 33.23485990176245], [-84.47164626419755, 33.234810410683615], [-84.4717744960094, 33.2345196798033], [-84.47189888393017, 33.23423766776932], [-84.47239082653257, 33.2334896887413], [-84.47266951357811, 33.232978761221354], [-84.47273918421659, 33.23251428296088], [-84.47273918421659, 33.23223559542158], [-84.4726488658013, 33.23198722161991], [-84.47264628763644, 33.23198013212814], [-84.47243727302602, 33.23167822143556], [-84.47214499087698, 33.231346394612636], [-84.47205242397852, 33.23110025673908], [-84.47205260364157, 33.23079275699957], [-84.47205263328597, 33.230546708489165], [-84.47202193695442, 33.23014676199509], [-84.47205239523244, 33.22980865423511], [-84.47192954882071, 33.229500765976134], [-84.47180643650765, 33.22925489717899], [-84.4715602397293, 33.22900887965919], [-84.47122219111148, 33.22876286069588], [-84.47076049388636, 33.22870113962247], [-84.47048398705202, 33.22863968751821], [-84.47002258806758, 33.2285782646767], [-84.46962261049238, 33.22851663364497], [-84.46922260327278, 33.228455270831745], [-84.46885385922168, 33.22839369907666], [-84.46848475764112, 33.2283321573357], [-84.46811553658462, 33.22817840761909], [-84.46780809536516, 33.228024478038634], [-84.46743878537544, 33.2279016337026], [-84.46728485635656, 33.22765546584531], [-84.46700799199273, 33.227470929858605], [-84.46688532524405, 33.227224821656066], [-84.46667773626, 33.227033430822], [-84.46633142763312, 33.226876020025294], [-84.46616680866236, 33.226801193871125], [-84.46584167242844, 33.22661540191269], [-84.46563265781802, 33.226336714362276], [-84.46557394662598, 33.22606273378548], [-84.4655629853829, 33.226011578515966], [-84.46558621042625, 33.225663219164474], [-84.46567910610808, 33.225384531586144], [-84.46577200268827, 33.22498972554418], [-84.46588812071852, 33.22450202358035], [-84.46590095494896, 33.22358020675677], [-84.46593456811028, 33.22310858536541], [-84.46598101640035, 33.222806674859584], [-84.46612035947398, 33.22250476481477], [-84.46621325515581, 33.222202852225024], [-84.46621325515581, 33.221854492735595], [-84.46620842491454, 33.22142722575854], [-84.46620830633692, 33.22111969576919], [-84.46620860457759, 33.22068890367221], [-84.46633138990389, 33.22044300484518], [-84.46633138990389, 33.22031998077365], [-84.46633127132627, 33.22001242058943], [-84.46636202604834, 33.21970494950514], [-84.46645468277832, 33.2194587225083], [-84.46648531892276, 33.21930485348633], [-84.4666390691769, 33.21902807929938], [-84.46688490842577, 33.21878203151319], [-84.46706953377621, 33.21859767445666], [-84.46731561197694, 33.21829014353953], [-84.46750008820706, 33.21804400650151], [-84.46762338018318, 33.21776723208372], [-84.46774613586506, 33.2175210349555], [-84.46793064173958, 33.21727489800855], [-84.46811553568631, 33.217121236326335], [-84.46836137583348, 33.21699815272219], [-84.4686070956064, 33.21690594418065], [-84.46879195990873, 33.216875277871154], [-84.46909966882616, 33.216844432685924], [-84.4692227227487, 33.21684455142822], [-84.46953016306988, 33.21687518843869], [-84.47051462409479, 33.21718289793263], [-84.47103732591084, 33.21733673686745], [-84.47168338168676, 33.217674963479], [-84.47199088219503, 33.217674993540065], [-84.47214454351597, 33.217644237316875], [-84.4725446693132, 33.217428676659324], [-84.47263663883199, 33.21736752250835], [-84.47340580692097, 33.217090509969765], [-84.47438991041639, 33.21669068156671], [-84.47469782864128, 33.216444723404315], [-84.47506663198118, 33.21622934241564], [-84.47543594197089, 33.216198824673754], [-84.47577425738835, 33.216229491220325], [-84.476112365295, 33.21632190789918], [-84.47632786664009, 33.21638336114132], [-84.4765431577794, 33.21638327095681], [-84.47691205184913, 33.216260336622334], [-84.47706583174767, 33.21619867511747], [-84.47728130165173, 33.21601440731192], [-84.47728112378529, 33.21595286588036], [-84.4771895710848, 33.21586041875006], [-84.4770043501513, 33.215645067136435], [-84.4767892063357, 33.21533762654908], [-84.4766659736484, 33.21502991808159], [-84.47660469956288, 33.21475329270723], [-84.47666606347993, 33.21463029821323], [-84.47678905721537, 33.21453803005852], [-84.47691237883588, 33.21447636884307], [-84.47740435647259, 33.21435328527639], [-84.47795781570568, 33.21429198242281], [-84.47820419035043, 33.21427666346669], [-84.47829642936382, 33.214276455285784], [-84.47854259739606, 33.214276424472], [-84.47872701343906, 33.214276574031565], [-84.47885012754875, 33.2141534308109], [-84.47909608537522, 33.21396910383479], [-84.47928050231653, 33.21384599024383], [-84.4794036451723, 33.21359976329382], [-84.47940367571502, 33.21332316721897], [-84.4794036451723, 33.21310772668907], [-84.47943449062423, 33.212861768226276], [-84.47949621207076, 33.21261577976096], [-84.4795879731804, 33.212400428429824], [-84.47975281493335, 33.21217010973187], [-84.48000827693554, 33.21189142351491], [-84.48054242777988, 33.21158951037819], [-84.48088139986584, 33.21138318150004], [-84.48107657862424, 33.21126437609409], [-84.48154105703347, 33.211148255179445], [-84.48175007344051, 33.211032136365475], [-84.48188941651414, 33.2107766720274], [-84.48197500529945, 33.21051990819983], [-84.48202876138437, 33.210358642853485], [-84.48204526253782, 33.21029970997048], [-84.4820559354217, 33.21026158933075], [-84.48219132680639, 33.20977804275656], [-84.48220601246464, 33.20975846447661], [-84.48253968628705, 33.20931356456584], [-84.48284159927425, 33.2090348767689], [-84.48298094144955, 33.20877941336559], [-84.48302739063794, 33.20854717455924], [-84.4830041655946, 33.20819881481851], [-84.48307383802971, 33.20773433651502], [-84.48342219661207, 33.207014394708295], [-84.4837008845559, 33.20615510702999], [-84.48400279484817, 33.205249373532574], [-84.48450979680801, 33.20409615781583], [-84.48463246355668, 33.20397322350952], [-84.48478585628133, 33.20378856842184], [-84.48491716212811, 33.20348577120812], [-84.48497819995673, 33.20334501067976], [-84.48528011294393, 33.20315921927393], [-84.48560524738124, 33.2027876367827], [-84.48560975512731, 33.20277636873328], [-84.48574459225146, 33.20243927742252], [-84.48574459225146, 33.201974797873326], [-84.48567491891804, 33.20148709616694], [-84.48564737297816, 33.20123572987472], [-84.48548912845267, 33.199791747290405], [-84.48528011294393, 33.19821252110462], [-84.48474596209957, 33.19700487579861], [-84.48409569053001, 33.19584367878661], [-84.4839248372512, 33.19556768285231], [-84.48379378023776, 33.19535597450188], [-84.483747332846, 33.194984392721665], [-84.48383268806934, 33.19453080295798], [-84.48386335475652, 33.19446929002137], [-84.48392465758812, 33.19434632641194], [-84.48398649761229, 33.194315540191006], [-84.4840477411551, 33.19422312358037], [-84.48410925419249, 33.19416170063506], [-84.48420161088518, 33.19410027764672], [-84.48438635571156, 33.19397716542834], [-84.48444786785065, 33.1939157122413], [-84.4845401652545, 33.19388489655155], [-84.48466315988827, 33.19379256894247], [-84.48533985180863, 33.193362133968975], [-84.48540118428465, 33.193362133968975], [-84.48558586982223, 33.19326965771681], [-84.48583182854702, 33.19317744898532], [-84.48592415649361, 33.19311602605836], [-84.48610824465153, 33.19299285306906], [-84.48626220421312, 33.19293175852254], [-84.48632377564101, 33.19287003773449], [-84.48644682956359, 33.19274686439917], [-84.48660034086586, 33.19262398933207], [-84.48706221775402, 33.19243933436509], [-84.48730796806967, 33.192362414476484], [-84.48746195637736, 33.19233168844949], [-84.48767739753531, 33.192270087517635], [-84.48792353502485, 33.192239450164124], [-84.48816949374965, 33.19214724185146], [-84.48835408945568, 33.192085610720085], [-84.48859995834896, 33.19202430730682], [-84.48884561883307, 33.192054794386344], [-84.48903078137606, 33.192024128391175], [-84.48921516777465, 33.1919012530618], [-84.4894614238418, 33.19183971121536], [-84.4897073834649, 33.19174753330358], [-84.48992252638219, 33.19165499671009], [-84.4901073610401, 33.191501246449555], [-84.49032253270349, 33.19137843127862], [-84.49059939616899, 33.19128598375377], [-84.49087602247926, 33.19113232380776], [-84.49102998024424, 33.19097854331125], [-84.49118370175229, 33.19079385856364], [-84.49130696408399, 33.19070188778812], [-84.49142989853064, 33.19060953051197], [-84.49152225612161, 33.19042484648977], [-84.49158376736239, 33.19036336374682], [-84.49167588689981, 33.1902404297054], [-84.49186051225027, 33.190055505844164], [-84.49198326703386, 33.18999435136282], [-84.49216747556602, 33.18993269014945], [-84.49238345391652, 33.18980963672465], [-84.49259877559854, 33.189625279538085], [-84.49275246656386, 33.18944062426312], [-84.4929061269865, 33.18913318335752], [-84.49296755019235, 33.18894870671887], [-84.49302921055344, 33.18857969514106], [-84.49305990688504, 33.18824128844503], [-84.49309066250541, 33.1879028541292], [-84.49318295990929, 33.18759538301738], [-84.49321377571678, 33.187349126588366], [-84.4932754666206, 33.18722616200403], [-84.49333668141732, 33.18713377475047], [-84.49339825284521, 33.18704171517973], [-84.49352118729185, 33.18694941719469], [-84.49361348559403, 33.18688826355202], [-84.49370599140703, 33.18679566769586], [-84.49382886656487, 33.18673397641452], [-84.49419790885663, 33.18661098164677], [-84.4946281354024, 33.186426505710756], [-84.49493641115676, 33.186241999314475], [-84.49505937524779, 33.18611909557518], [-84.49530521359834, 33.185934468995406], [-84.49542832770803, 33.18578065982666], [-84.49558207796215, 33.18556533796404], [-84.49567434661995, 33.18541152739539], [-84.49592060268708, 33.18507333174678], [-84.49603456655728, 33.18487774009992], [-84.49621191106237, 33.18447637897744], [-84.49631512748851, 33.184072591413205], [-84.496263375545, 33.18382448613706], [-84.49617760080841, 33.18361862486551], [-84.4960872940712, 33.18347271325968], [-84.49596958512458, 33.18328252363723], [-84.49574014551956, 33.183206903126646], [-84.49550855175448, 33.18322405745459], [-84.49493385634807, 33.18332698936622], [-84.49424765216718, 33.18367009060466], [-84.49345851812268, 33.18414185533892], [-84.49237594310243, 33.184588834856655], [-84.49176580017493, 33.18492464689023], [-84.49151945068299, 33.185026954307936], [-84.49110932214508, 33.18511421797063], [-84.49057517130072, 33.18509099317837], [-84.4900642437031, 33.18492842622679], [-84.48943719627859, 33.184626514084655], [-84.48874048001221, 33.18453361812079], [-84.4879973118625, 33.18455684230892], [-84.48753283345329, 33.18432460315756], [-84.48733922405167, 33.18411960464049], [-84.48713802747918, 33.18390657248694], [-84.48683726972541, 33.18349348078184], [-84.48665347801155, 33.18312768658148], [-84.48650127824958, 33.18282212338336], [-84.48610454898244, 33.18245609030577], [-84.48576906415644, 33.18221597391747], [-84.4854941976458, 33.182093993042514], [-84.48500588603376, 33.182063564898236], [-84.4846094253629, 33.18221600323886], [-84.48390722308508, 33.18230740702207], [-84.48366358920026, 33.18236859168019], [-84.48330479848252, 33.18242986501133], [-84.48275545263515, 33.18224634186235], [-84.48226696225838, 33.1821240332311], [-84.48177882941107, 33.18197147518903], [-84.48135143435508, 33.1817275441656], [-84.48092436808248, 33.18151403930505], [-84.48055797761747, 33.18129990914625], [-84.48034456395709, 33.181147053444306], [-84.4798868588451, 33.180841937451646], [-84.47917221400228, 33.18021396618646], [-84.47868451234633, 33.179726263593345], [-84.47838260115574, 33.17919211234682], [-84.47801101573343, 33.17865796085165], [-84.47761620975932, 33.17805413967996], [-84.47701238647984, 33.177519988766846], [-84.47636988533749, 33.17718814230759], [-84.47600301966368, 33.17700509614715], [-84.47564440771067, 33.176974578266254], [-84.47524806561744, 33.17694328669423], [-84.47494256296234, 33.1768830553867], [-84.47445451994658, 33.176611944065634], [-84.47402712399226, 33.17639835155238], [-84.4737848106309, 33.17627727310754], [-84.47285530134855, 33.17552273019], [-84.47248371951947, 33.175151147737445], [-84.47185667209496, 33.174547324959555], [-84.47122962646709, 33.17382738175128], [-84.47009165144495, 33.17266618502266], [-84.46916269462648, 33.17203913792662], [-84.4675370188467, 33.17048313482128], [-84.46625970164926, 33.16920581801521], [-84.46477336984141, 33.167417575401714], [-84.46407665088009, 33.16667440787526], [-84.46349605084734, 33.1661867058851], [-84.46254386988385, 33.16581512370808], [-84.461278253243, 33.165491593382384], [-84.46048479560704, 33.1653393034168], [-84.45927151301801, 33.16527880470325], [-84.45896657540324, 33.165278118901085], [-84.45826455099184, 33.16497702639309], [-84.4577248988647, 33.16459365478001], [-84.45715591674352, 33.164189446983954], [-84.45664498824756, 33.16377141576687], [-84.45606439090977, 33.16312114586929], [-84.45543371788477, 33.16272295629322], [-84.45497619153751, 33.16241772051095], [-84.45467119463393, 33.162234466784035], [-84.4540299978454, 33.16202039705708], [-84.4535114372628, 33.16174570834317], [-84.45320620140734, 33.16159389541216], [-84.45287038869625, 33.16162351849523], [-84.45257290260676, 33.16186786869258], [-84.45193236069007, 33.16217316354118], [-84.45150466829172, 33.162325722206695], [-84.45113863535616, 33.16250897649485], [-84.45083319198989, 33.16266156390402], [-84.45037563599824, 33.1627526399067], [-84.44994839006259, 33.162874889092876], [-84.44924624707357, 33.162813556217834], [-84.44888775459653, 33.16272250960639], [-84.44852151415013, 33.16266138568036], [-84.44815554050338, 33.16263116586088], [-84.44781960921466, 33.16278405160039], [-84.44742282065874, 33.16296638298368], [-84.44696517663218, 33.16318045265706], [-84.44644634745332, 33.163542223494424], [-84.4460800171754, 33.16378690072388], [-84.44568355650455, 33.16399962760104], [-84.44507308569196, 33.1642444847824], [-84.44468389688332, 33.16445816782387], [-84.44422628250118, 33.16451917393998], [-84.44376840042109, 33.164549780379716], [-84.44315763136782, 33.16451881524424], [-84.44224266940317, 33.16439641720146], [-84.44144903390081, 33.1643055203746], [-84.44087697774472, 33.16418371835856], [-84.44005297289753, 33.16409192719947], [-84.4395950009859, 33.16403068315824], [-84.43889327481519, 33.16390894167139], [-84.43828247521924, 33.16387791615058], [-84.43737487494833, 33.163908970998904], [-84.43700863450194, 33.16406072352255], [-84.4365202941438, 33.164183449899724], [-84.43597112616285, 33.16430558053335], [-84.43545244700266, 33.16442741245944], [-84.4351163656953, 33.164488417845014], [-84.4347505726099, 33.164549482594694], [-84.43423144519038, 33.164366854461925], [-84.43365187911851, 33.16433559147617], [-84.43304879874579, 33.164182764840916], [-84.43256084556155, 33.164153022304724], [-84.43176744811272, 33.16400052396962], [-84.43127874932681, 33.16390801747827], [-84.4309431755676, 33.16387833425594], [-84.43057714353034, 33.164060694947075], [-84.43021183733185, 33.16456032317184], [-84.429997684358, 33.165155188766434], [-84.42971214945506, 33.16560728680653], [-84.42921246247658, 33.16589282263442], [-84.4286413926707, 33.166059384019235], [-84.42773134898222, 33.16619331944631], [-84.42343575980377, 33.166193200635334], [-84.42290688925668, 33.16603559170357], [-84.42228823030028, 33.16603559170357], [-84.4216457740737, 33.16627353637694], [-84.42100331964376, 33.16658286672033], [-84.4204798371917, 33.16665424997014], [-84.42000394658511, 33.16665424997014], [-84.41950425781002, 33.16639250959938], [-84.41869524225164, 33.1658690280176], [-84.41821708968716, 33.165592911331835], [-84.41819451232912, 33.16558246115655], [-84.41786621043214, 33.1654910579767], [-84.41743914236291, 33.165369077133555], [-84.41701171766252, 33.1653993862464], [-84.41670675040335, 33.16546098727144], [-84.41637105716819, 33.165644122962796], [-84.41606564344632, 33.16588823335623], [-84.41585204922458, 33.1660400170447], [-84.41554714215253, 33.16634599669532], [-84.41521109138789, 33.16665102404312], [-84.41504303546286, 33.16686408160214], [-84.41500925251998, 33.16688667732096], [-84.41472154099908, 33.166987375545794], [-84.41404409179894, 33.166864021445136], [-84.41370842820818, 33.16686458767292], [-84.4135255006736, 33.167017295335235], [-84.41312847496243, 33.167135670492], [-84.41248484643442, 33.16715393861089], [-84.41200895582782, 33.16713014283246], [-84.41158065167676, 33.166939786899896], [-84.41127132130025, 33.16682081366817], [-84.41093819724682, 33.16679701930321], [-84.41045052613357, 33.166925295089584], [-84.41011492183164, 33.16704778284503], [-84.40980947846535, 33.167135103514], [-84.40950427315262, 33.16731797026686], [-84.40932140490686, 33.16759254000921], [-84.40907708650577, 33.167775794568485], [-84.4088025173375, 33.1678976863403], [-84.40858907223611, 33.16817285056434], [-84.40834475383504, 33.16835604601039], [-84.40816179665606, 33.16869129162504], [-84.40779534780053, 33.169023528181704], [-84.4077037349129, 33.169236883007336], [-84.40725003179551, 33.16965237217766], [-84.40648860448933, 33.169842728987504], [-84.40572717628483, 33.17008067611032], [-84.40479918695193, 33.17050897945419], [-84.40377601752142, 33.17119902254499], [-84.40334731990826, 33.17149160823469], [-84.40282855001821, 33.171765611491026], [-84.402470148271, 33.17191852716848], [-84.40207326988352, 33.17201028832718], [-84.40152410280088, 33.172101662152315], [-84.40094408936801, 33.17219270804641], [-84.40037969314636, 33.17225404187906], [-84.39955583831782, 33.1723153749169], [-84.39889169316703, 33.17231513655961], [-84.39840350013262, 33.17240627170984], [-84.39680419529631, 33.17231736974937], [-84.3963283028931, 33.17250772603517], [-84.396090355344, 33.17281705618559], [-84.39589999874202, 33.17319777143661], [-84.39568584846315, 33.17336433172424], [-84.39506718771011, 33.17355469024763], [-84.39459655134961, 33.17368455318937], [-84.39395556207188, 33.17365361910098], [-84.39310071177279, 33.173501389180934], [-84.3928264713879, 33.17334891989007], [-84.39233830889621, 33.173287795101885], [-84.39194149069587, 33.17322702817932], [-84.39154464285112, 33.17322631311486], [-84.39100283656391, 33.17328800338023], [-84.39071277325361, 33.173483305849814], [-84.39035585372662, 33.17384022650564], [-84.38966580924786, 33.1748158050224], [-84.38926130146868, 33.175720001381954], [-84.38902335481791, 33.176291070888716], [-84.38869022986614, 33.176695579274735], [-84.38821433925955, 33.17702870428351], [-84.38788657635172, 33.17713358857226], [-84.38761947308177, 33.177219061614686], [-84.38709599152804, 33.17717147100489], [-84.38700491583297, 33.17712308864536], [-84.38672307300583, 33.17694141151536], [-84.38641816593379, 33.17654846817062], [-84.38611260219326, 33.17618237655453], [-84.38595986523876, 33.17578618466659], [-84.38574630155973, 33.17538903834372], [-84.3854303676676, 33.174649242981836], [-84.3855022203139, 33.17408071623114], [-84.38559353496085, 33.17350129970417], [-84.38528868717762, 33.17304341658048], [-84.38492223652544, 33.17283354860982], [-84.38428133797755, 33.1726803638402], [-84.38367104592972, 33.17277242346227], [-84.38340389774403, 33.17295147679679], [-84.38303792499558, 33.1732567119958], [-84.38254952445033, 33.173348920641935], [-84.38206127392374, 33.17334814542597], [-84.38163390761383, 33.17340974688066], [-84.3811455960018, 33.17353086312289], [-84.38080984257952, 33.17404990108296], [-84.38068798161966, 33.17447756471627], [-84.38074907604214, 33.174870031623], [-84.38102352663279, 33.175145583740694], [-84.3813594579215, 33.17557178637263], [-84.38169494364583, 33.17593868280037], [-84.381786495448, 33.1761820194103], [-84.38129878031732, 33.175908284849704], [-84.3806577613952, 33.17575533853882], [-84.38013884418143, 33.175633715591054], [-84.3798029416388, 33.175633059945326], [-84.37904760221532, 33.17554135897109], [-84.37862017661661, 33.1755111390801], [-84.37801012352062, 33.17532764580181], [-84.37746056836579, 33.17535905750112], [-84.37697249480732, 33.175481008653485], [-84.37657579698121, 33.17566316099614], [-84.37630116762581, 33.175876902670765], [-84.37596544474627, 33.17621334132939], [-84.37569826691613, 33.17669798678861], [-84.3752710802693, 33.1775523011735], [-84.375057547133, 33.177948998602446], [-84.37496605372131, 33.17834498222034], [-84.37489715114239, 33.178467738973985], [-84.3741646693513, 33.17858176267904], [-84.37315782769939, 33.17805190663637], [-84.37257030345243, 33.17787619299389], [-84.37209728116655, 33.17775772783218], [-84.37127312809733, 33.177815723233344], [-84.37038811686257, 33.177815574363365], [-84.36986180920896, 33.17775781805647], [-84.36932769070397, 33.17752080003577], [-84.36880141179644, 33.17740325919634], [-84.36797615469774, 33.17751615046478], [-84.36737250928469, 33.1778310418022], [-84.36684757066358, 33.178408522226185], [-84.36624368629867, 33.1788810077533], [-84.36526193818592, 33.17977978642963], [-84.36476975214006, 33.18027188176988], [-84.36424678172774, 33.18067147201266], [-84.36409303147359, 33.180948753168664], [-84.36406215547898, 33.18119474188968], [-84.3640622749549, 33.18140991435257], [-84.364215993768, 33.18193273623797], [-84.36430847173325, 33.182178992855725], [-84.3644619237467, 33.18291725633714], [-84.364523823958, 33.183286239139846], [-84.36446216269859, 33.183531899519544], [-84.36433925789635, 33.18380894231906], [-84.36406224531049, 33.1841471684103], [-84.3637854114894, 33.18451636029933], [-84.36332398196222, 33.18470089664339], [-84.36304717778553, 33.184823949726706], [-84.36277070239223, 33.185131331327575], [-84.36246275362461, 33.18546979589774], [-84.36209326576846, 33.185623576292016], [-84.36181684876567, 33.18574665965502], [-84.36157094932967, 33.18586953459659], [-84.3612942349845, 33.18580808248723], [-84.36120214509147, 33.18571572531379], [-84.36080201929424, 33.18525456348769], [-84.36076129327252, 33.18521383144936], [-84.36017020001894, 33.18474095605096], [-84.35948455998002, 33.18449336465109], [-84.35879892263604, 33.18464572809398], [-84.35782759947216, 33.18533136857773], [-84.3567229600319, 33.186340780776916], [-84.35609620096659, 33.187161287202144], [-84.35578861152511, 33.1874379727028], [-84.35523485494967, 33.18802230619479], [-84.35458918724595, 33.188545247997034], [-84.35358044745384, 33.18933092834474], [-84.35319953572224, 33.18986420436869], [-84.35289480741494, 33.19056888816767], [-84.35269556916974, 33.19099393099555], [-84.35260912428996, 33.19117834544168], [-84.3520568059173, 33.192016349316624], [-84.35116166438107, 33.1931209897794], [-84.35080944124638, 33.19381383993323], [-84.35016698771474, 33.19527006887401], [-84.34948170251036, 33.19700469689308], [-84.3489463227707, 33.198696494631335], [-84.34834670091182, 33.1998314983727], [-84.34757575326026, 33.200773764295], [-84.34723202639151, 33.201142953001536], [-84.34705289334072, 33.20147820697142], [-84.34680732178981, 33.2018165527491], [-84.34656118430027, 33.202123964163256], [-84.34640728582411, 33.202339315222076], [-84.34631516718498, 33.202616119640474], [-84.34613042235861, 33.20313906149378], [-84.34594820359479, 33.20426443473827], [-84.34594820359479, 33.204842644373194], [-84.34579231445197, 33.20539959780217], [-84.34570004669249, 33.2056454674974], [-84.3456075408795, 33.20576860991139], [-84.34539242760661, 33.20595329539736], [-84.34491770660651, 33.20635848758747], [-84.34368752580866, 33.20692750312071], [-84.34304129126801, 33.207142735633646], [-84.34239535586632, 33.20735799843358], [-84.34187274208516, 33.20738872444927], [-84.34141137184682, 33.20735799843358], [-84.3410112460496, 33.20735799843358], [-84.3403348820143, 33.207419272321566], [-84.33916585582604, 33.20754244531122], [-84.33756672256797, 33.207849885473614], [-84.33661286983973, 33.2080652675435], [-84.33584367120802, 33.20809593393385], [-84.3348596575441, 33.20809587455676], [-84.3338756438802, 33.20809578511534], [-84.3331987740934, 33.208249684369726], [-84.33276827895138, 33.20837267881171], [-84.33239905789486, 33.20864942281458], [-84.33193762836771, 33.20892628619874], [-84.33141504423097, 33.20901843550427], [-84.33070732809392, 33.209080156183646], [-84.33054157185602, 33.20912750322601], [-84.32980451764013, 33.20946852744342], [-84.32817616847406, 33.21035869095524], [-84.32775460348427, 33.21037164008509], [-84.32723172110684, 33.2102179798096], [-84.32686288812253, 33.21006410957022], [-84.3263091899376, 33.210063722500465], [-84.32593999852551, 33.21009495564218], [-84.32550938480586, 33.210094866202795], [-84.32517106849008, 33.21000256771206], [-84.32486332992826, 33.20981815157277], [-84.32443268566587, 33.20960262124221], [-84.32394073857189, 33.20951059055234], [-84.32344867290028, 33.20944907912054], [-84.32261799267222, 33.2094642493539], [-84.32181839594962, 33.20946421929001], [-84.32144941294666, 33.20961817776914], [-84.32089556743803, 33.20971020759427], [-84.32071109030959, 33.209710385722225], [-84.32040335174779, 33.20974114172754], [-84.32024969132515, 33.209833201487136], [-84.32018802916743, 33.20995637408623], [-84.32018814954166, 33.21014097031619], [-84.32021884497495, 33.210325327902915], [-84.32018811899896, 33.21050980385227], [-84.32003424926889, 33.210633066441154], [-84.3199422797501, 33.21078678686634], [-84.31984968410555, 33.21100201966003], [-84.31984989341302, 33.2113096686355], [-84.3198806481351, 33.211555508201414], [-84.31984998144792, 33.2118633363612], [-84.31984983232756, 33.21210911650068], [-84.31972686913487, 33.21229368188511], [-84.31960393378992, 33.21253978925228], [-84.31945024282459, 33.21284735014969], [-84.31926561837244, 33.21321659992058], [-84.31914229585361, 33.21383151145306], [-84.31902717046174, 33.21439131920823], [-84.31908099302198, 33.21476977873915], [-84.31911156987762, 33.215815363045145], [-84.31914256355157, 33.21692251999098], [-84.31920410533505, 33.217660873109466], [-84.31929640363722, 33.21821448036121], [-84.31941939827098, 33.21852204085352], [-84.31951178460808, 33.218768357662356], [-84.31945000477104, 33.21892183909419], [-84.31932716015594, 33.2190139876447], [-84.3190194808829, 33.21895262568044], [-84.31877355180252, 33.21882963032538], [-84.31840439093314, 33.2187987858291], [-84.31815801449174, 33.21882936278552], [-84.31775839534434, 33.21892174966383], [-84.31732775108196, 33.218983172522485], [-84.31680492889166, 33.218952505437954], [-84.31577900253156, 33.218695839247374], [-84.31497568498705, 33.21867412790041], [-84.31484805414811, 33.2187321420504], [-84.31449803458081, 33.218891241127686], [-84.31417236474759, 33.21934717790282], [-84.31375985028428, 33.2198031160595], [-84.31304337557323, 33.220324188442596], [-84.31232690355714, 33.22073670435198], [-84.3114801623501, 33.22119264052794], [-84.31087224454956, 33.221344619977735], [-84.31017748122063, 33.2214097542689], [-84.30963469936303, 33.221561733341524], [-84.3089399360341, 33.22203938249855], [-84.30846228832277, 33.22223478592923], [-84.30804977116453, 33.22223478592923], [-84.30801329507241, 33.222210467047574], [-84.30772410402625, 33.22201767198126], [-84.30720303175413, 33.221865692949244], [-84.30685565053881, 33.221865692949244], [-84.30639971151469, 33.22203938249855], [-84.30604893826084, 33.222094769467994], [-84.30598719705138, 33.222104518526905], [-84.3055165220633, 33.22208940985236], [-84.30532251740297, 33.22205066535225], [-84.30494505250712, 33.22190911480528], [-84.30451082666171, 33.22164857958829], [-84.30412002358051, 33.22127948714109], [-84.30362066269048, 33.22097552775119], [-84.3030251964381, 33.220859170225246], [-84.30253306968105, 33.22085911085682], [-84.3020716697983, 33.220889776521545], [-84.30173380084354, 33.2209820146821], [-84.3013336157575, 33.22110491983769], [-84.30105660317163, 33.22135117677031], [-84.3006260783852, 33.221720129889086], [-84.30031860752133, 33.22196605819206], [-84.29991866048886, 33.222181410029464], [-84.29951901079873, 33.222335249944805], [-84.29844246167741, 33.22255042277156], [-84.29668907151537, 33.222796529847706], [-84.29468969298412, 33.223257810324256], [-84.29358271433088, 33.223780752088096], [-84.29290608259763, 33.22424209200123], [-84.29232165843672, 33.22464180173105], [-84.29198310406738, 33.22491851607646], [-84.29182959276511, 33.225226045486444], [-84.29173705640937, 33.225533695551626], [-84.29155314611788, 33.226025732165674], [-84.2914598947032, 33.22639480383632], [-84.29128863179258, 33.226815874158035], [-84.29083269366676, 33.22722838951382], [-84.29059124987458, 33.22738949827865], [-84.29050702473185, 33.22779288319413], [-84.29037675733755, 33.22807513017098], [-84.29020306538243, 33.22833566578492], [-84.28998275176238, 33.22847822337386], [-84.28983397278503, 33.22857449022998], [-84.2890740771064, 33.22894358270602], [-84.28829246914736, 33.229377810248366], [-84.28764113037926, 33.22983374872603], [-84.28731151514532, 33.23014063116516], [-84.28701150209493, 33.23041995281377], [-84.2861647608879, 33.231331830051694], [-84.28573053324587, 33.23204830243318], [-84.28538315292887, 33.23274306484654], [-84.28510090496154, 33.233502961302705], [-84.28488379293715, 33.23415430091154], [-84.28440614342921, 33.23552211340063], [-84.28401534034802, 33.23662939210956], [-84.28353768994178, 33.23743270951541], [-84.28310346319806, 33.23838800769495], [-84.28256068044215, 33.239582131894764], [-84.28180078476353, 33.24068940952525], [-84.28127971338972, 33.24173155251985], [-84.28119286786131, 33.24197037644287], [-84.28121457834509, 33.24225262349052], [-84.28121457834509, 33.24243280747951], [-84.28121457834509, 33.24253487037813], [-84.28110602233289, 33.242730272344865], [-84.28087535742581, 33.24287705963238], [-84.28063372229248, 33.24294135370147], [-84.2803570663378, 33.242972110796565], [-84.28004926848718, 33.243310397557785], [-84.27980336994949, 33.243556415411476], [-84.27961883353227, 33.2436795593132], [-84.27928027916292, 33.24386409490385], [-84.27878839135774, 33.244048571503555], [-84.27841928977718, 33.244048511399555], [-84.2779270147981, 33.244048362642204], [-84.27749649001167, 33.2440484227462], [-84.27721962654616, 33.24417159600674], [-84.27700421593092, 33.244417703094825], [-84.2768197684469, 33.24466357208088], [-84.27666581068193, 33.245032286362196], [-84.2765733929038, 33.24543232329138], [-84.27645063722193, 33.245739942839386], [-84.27608171440609, 33.245832271240715], [-84.27537435579855, 33.245893693231565], [-84.27340549483414, 33.245893782634354], [-84.27186793300395, 33.24583230054081], [-84.27029860135542, 33.24580127699477], [-84.26977637564647, 33.24595502652782], [-84.26937633878246, 33.24613968202731], [-84.26913038005766, 33.24638567088203], [-84.26882264149586, 33.2466318077974], [-84.26857671241545, 33.24693930817871], [-84.26857674295817, 33.24736995219087], [-84.26857662258392, 33.24801573880998], [-84.26854601608389, 33.249707288801595], [-84.26857674295817, 33.250107087222624], [-84.26833057492591, 33.25044549211068], [-84.26891493889971, 33.250953055667495], [-84.27011457248632, 33.251537569861405], [-84.27097594904596, 33.25199876033094], [-84.27183658180054, 33.2526446960449], [-84.27322107879115, 33.253875233716826], [-84.2740209423134, 33.25479803376333], [-84.27534395770765, 33.25605896908256], [-84.27620473868424, 33.256950954087756], [-84.27706602631068, 33.25775084789178], [-84.27771163472558, 33.25833527154176], [-84.27826560060849, 33.25901193364649], [-84.27875754770247, 33.259780833564776], [-84.2795265963155, 33.261411050482465], [-84.28044924696069, 33.263071964463705], [-84.2812489326165, 33.26488674711055], [-84.28186426061981, 33.266086260504224], [-84.28247932182349, 33.26670147026833], [-84.28303298946571, 33.267439584822604], [-84.28358647834318, 33.268270086459864], [-84.28444782525841, 33.26951606332634], [-84.2854318685667, 33.270961326151344], [-84.28589323880506, 33.271576415951394], [-84.2860165909683, 33.27194551837316], [-84.28629324602467, 33.272376221638794], [-84.28690836561884, 33.27292991805779], [-84.28810802884985, 33.273914170705496], [-84.28733895059241, 33.27385274738371], [-84.28644711575474, 33.27357594384671], [-84.2858625128291, 33.273360204893535], [-84.28540123242227, 33.273299020766466], [-84.28509379120281, 33.273298841265905], [-84.28472465997783, 33.27391419999618], [-84.28453341853532, 33.27431989895972], [-84.283709353501, 33.27606718088819], [-84.28321752678126, 33.27723587904793], [-84.28287900115802, 33.278158558470906], [-84.28272537037981, 33.27877391674381], [-84.28272514759762, 33.2792354117616], [-84.28302073644522, 33.28056556414331], [-84.28340294534411, 33.28223772684405], [-84.28388070624312, 33.28400544151788], [-84.28383293024307, 33.284292098291985], [-84.28343255112092, 33.2846639592641], [-84.2830640747678, 33.284910007852304], [-84.28284836501356, 33.28512518058517], [-84.28257141261483, 33.285432859362196], [-84.28254074592766, 33.28570975371452], [-84.28269437670588, 33.28580196177416], [-84.2831556571127, 33.28586344427295], [-84.28355551431365, 33.28586353363484], [-84.28374005073088, 33.285894051087865], [-84.28383264727374, 33.286232485539806], [-84.28386331396092, 33.28684763595559], [-84.28404793841305, 33.287432000804515], [-84.28429377856024, 33.28780107298444], [-84.28469357647238, 33.288262650933184], [-84.28540105365752, 33.28909291319335], [-84.2858008821124, 33.28967751681361], [-84.28607780576502, 33.29007728471434], [-84.2862624616582, 33.29053862385106], [-84.28632370520101, 33.29121537657323], [-84.28628821545908, 33.291535933441715], [-84.28586341383931, 33.29200793497559], [-84.28577384282235, 33.29247072437251], [-84.28572008673743, 33.292748462909955], [-84.28605451873791, 33.29559113996263], [-84.28634117563665, 33.29664221406185], [-84.28679504763733, 33.29776495350314], [-84.28720114543455, 33.29817104992103], [-84.28746225244998, 33.29832265899594], [-84.28794167343564, 33.29860103437869], [-84.28806111433414, 33.298816026188064], [-84.28794167343564, 33.29917434719568], [-84.28760724143517, 33.29948489263016], [-84.28756405402956, 33.29971522528916], [-84.28746391433327, 33.3002493096457], [-84.28767890723189, 33.301419823028304], [-84.28798945123235, 33.30247089747098], [-84.28832388323285, 33.3035458583339], [-84.28851498633482, 33.30488358862462], [-84.28861054102991, 33.30617354297346], [-84.28853887523316, 33.3085623465974], [-84.28858665302988, 33.30975674939399], [-84.28849110102973, 33.31025839927507], [-84.28789232089227, 33.31090020142637], [-84.28740031450947, 33.311484625873405], [-84.28684664686726, 33.31197678052425], [-84.28656981394447, 33.312253615403], [-84.28626213467145, 33.31277637811083], [-84.2862928013586, 33.31391443881003], [-84.2862928013586, 33.314683428677725], [-84.28610853353764, 33.31505258974913], [-84.2859544248557, 33.31529851884932], [-84.28567788927526, 33.315452358463425], [-84.28537018035786, 33.31579061518659], [-84.28515497815175, 33.316159716019115], [-84.28506273913838, 33.31671332455173], [-84.28507018347713, 33.316847546573435], [-84.28521843873668, 33.317377034000856], [-84.28526621473677, 33.317998123986875], [-84.28514677473659, 33.31857143614409], [-84.28493178273625, 33.319001421353015], [-84.2847645658377, 33.31955084497845], [-84.28495566983798, 33.320195823005996], [-84.28567231073735, 33.321079680816055], [-84.28607840853458, 33.322106866735076], [-84.28619784943307, 33.323038500165424], [-84.2861500725347, 33.32373125300878], [-84.28586341473763, 33.32435234275146], [-84.28533787873685, 33.32483010246548], [-84.28505122363474, 33.32542730330352], [-84.2850273347364, 33.32631116134932], [-84.2850273347364, 33.32709946774494], [-84.28490789563455, 33.32788777301343], [-84.28505122363474, 33.32862830100786], [-84.28513178814269, 33.32903113057025], [-84.28564686685525, 33.33029296374238], [-84.28629286154573, 33.331892454991724], [-84.28666190204086, 33.3326304804307], [-84.28706170264796, 33.33310731738158], [-84.28764615555495, 33.33356865704348], [-84.2879535662317, 33.33439918896617], [-84.28810800279872, 33.335014368148], [-84.28816885916764, 33.33550649425578], [-84.28792275042419, 33.336059982889694], [-84.28767682224213, 33.33658289475197], [-84.28718457780576, 33.33698278309849], [-84.28696955346611, 33.3373209787682], [-84.28681556515842, 33.33772083745882], [-84.28681568373604, 33.338213141901846], [-84.28712318514263, 33.33864375515915], [-84.28792275042419, 33.33935105430413], [-84.28869230748369, 33.33984318067555], [-84.29019908315078, 33.340612139871546], [-84.2907498294717, 33.34090873287324], [-84.29179851464954, 33.341473427588426], [-84.29345930916702, 33.342365410853134], [-84.29468963908522, 33.34282678102765], [-84.2957047066102, 33.343196061518], [-84.29622276054296, 33.343359437317254], [-84.29651748521127, 33.34484828136092], [-84.29666081231316, 33.34589935518852], [-84.29685191721175, 33.34647266911398], [-84.29701913321202, 33.347045981515656], [-84.29699524431365, 33.34754762986597], [-84.2966847003132, 33.34802539069266], [-84.29627619682762, 33.34827598728678], [-84.29314736828631, 33.34844431145603], [-84.29247654775463, 33.348554162626556], [-84.2918050418084, 33.350401489764245], [-84.2912480962137, 33.351126280774935], [-84.29063026370738, 33.351518868727574], [-84.29012672385464, 33.35196474176608], [-84.2898447633482, 33.35252535332475], [-84.28962291540564, 33.35319730655702], [-84.28951625304207, 33.353754609364145], [-84.28968407001524, 33.35476040630554], [-84.28940193164239, 33.355096221122864], [-84.28760902369268, 33.35610052965368], [-84.28733406735051, 33.356996744983384], [-84.28721959683051, 33.35761115001685], [-84.2871129335686, 33.358392060889294], [-84.28711278534658, 33.35900673368749], [-84.28744063988256, 33.359735430408136], [-84.28828011282064, 33.361074150637016], [-84.28873042479783, 33.36252743158555], [-84.28906582158893, 33.36381256819958], [-84.28895167895399, 33.36471009434493], [-84.28880164682683, 33.36520089196989], [-84.28889719972528, 33.3655114362096], [-84.28930329572587, 33.36591753431329], [-84.2899119708062, 33.36624833418774], [-84.29040214642244, 33.36651473550838], [-84.29116656332188, 33.36656251037655], [-84.29200264511975, 33.36644306978083], [-84.29252971634135, 33.36638379356747], [-84.293032928309, 33.36666679587765], [-84.2940404868165, 33.36755907768719], [-84.29481865422801, 33.367952170697095], [-84.29526884852591, 33.3685668134775], [-84.29594005712978, 33.36968407326334], [-84.29632945344925, 33.370523098180115], [-84.2965583064544, 33.37135887487487], [-84.29649706201327, 33.37292647664031], [-84.29605419976473, 33.37342653021902], [-84.29571871493873, 33.37354082171045], [-84.29526896800185, 33.37393027931791], [-84.29582549677824, 33.37499452006945], [-84.29562737064737, 33.3752263230136], [-84.29523070156736, 33.37547088045134], [-84.29474233066652, 33.375802283139876], [-84.29419310339676, 33.37613863188726], [-84.2934070972861, 33.37668797788123], [-84.29270522289336, 33.37702301568346], [-84.29227785748178, 33.37729812103445], [-84.29145394246612, 33.377629552767566], [-84.29090468465363, 33.377904211362605], [-84.29081316159755, 33.37820926795578], [-84.2907365703381, 33.378728305716315], [-84.29067577325797, 33.37924683553773], [-84.29027916436509, 33.38000655686487], [-84.2898897366046, 33.38046458899278], [-84.28952379439889, 33.38101354760309], [-84.28888283566388, 33.38158953766297], [-84.28839458423896, 33.381956076305784], [-84.28763155523664, 33.38219974169078], [-84.28702105388135, 33.38223085400554], [-84.28628866192177, 33.382199918716815], [-84.28544179944218, 33.3822605366001], [-84.28470955570465, 33.38250506450574], [-84.2838852831595, 33.382749176165305], [-84.28324462176687, 33.382932699021104], [-84.28277145036063, 33.383268302343964], [-84.28243563764954, 33.38372177545327], [-84.28241283930593, 33.384271925649365], [-84.28246624414959, 33.384759313265185], [-84.28261877359326, 33.38500324532595], [-84.28264938009329, 33.38536576113545], [-84.28274117174566, 33.38591483956851], [-84.28274108191414, 33.38673890300899], [-84.2828325456814, 33.38716695473998], [-84.28292457448902, 33.387712693769544], [-84.28301577055834, 33.38810811163592], [-84.28304601952891, 33.38865760703058], [-84.2830460788177, 33.389234282250065], [-84.28310723342732, 33.38963116028552], [-84.28341240909562, 33.38999746026495], [-84.28383950680926, 33.39027211879558], [-84.28429724066733, 33.39054659794923], [-84.28475500506813, 33.390759565777905], [-84.28506015019373, 33.390943386739245], [-84.28542636189403, 33.39154986347354], [-84.28591494120403, 33.39225167826114], [-84.28630377158485, 33.39304158888207], [-84.2867308701968, 33.39365205978728], [-84.28709716993201, 33.39429224239177], [-84.28755511309754, 33.39508155771838], [-84.28747899704689, 33.39532605706233], [-84.28726483778483, 33.39560080375433], [-84.28702111496678, 33.39614964354156], [-84.28714324452292, 33.39642471987439], [-84.28775356621516, 33.39651633229325], [-84.28833331105176, 33.396760889849446], [-84.2888828365622, 33.3970014845601], [-84.2892491075513, 33.39718342711786], [-84.28958471095493, 33.39748908054767], [-84.28985936905642, 33.39791683259874], [-84.29007296327815, 33.39825267506401], [-84.29064516765625, 33.3991029355424], [-84.29067556664546, 33.399896154952664], [-84.29104147920678, 33.40020127012276], [-84.29152999922796, 33.400109628590556], [-84.29201824975456, 33.40007946836893], [-84.29265935850822, 33.40004924814032], [-84.29336126254535, 33.40026281214654], [-84.29388009082591, 33.40050644646748], [-84.2942995295034, 33.40099091350394], [-84.29433019619059, 33.40138767186031], [-84.29408599546882, 33.40172309669262], [-84.29363586135804, 33.40187619191103], [-84.29330019776728, 33.40215055117442], [-84.29284249445192, 33.40266505813827], [-84.29265912045467, 33.40312324010792], [-84.29247613363128, 33.403611223202816], [-84.29226242083192, 33.40409974350011], [-84.29226265978379, 33.40458456695936], [-84.29198770344163, 33.405103574732934], [-84.29165218897123, 33.4055615766131], [-84.29131646609167, 33.4061099695368], [-84.29104156903831, 33.40626312376643], [-84.29073675089948, 33.40644205707631], [-84.29037000290495, 33.40686995927659], [-84.2901871652019, 33.40714429002222], [-84.28999666936106, 33.40754086880055], [-84.28981353431567, 33.40787668156596], [-84.28950829846022, 33.408329886061644], [-84.28914208675992, 33.40854413460359], [-84.28850121785645, 33.40866587724831], [-84.28828726700355, 33.4087267631293], [-84.28782223882537, 33.40920266422416], [-84.28760724682505, 33.40982375376045], [-84.28760724682505, 33.41023423936163], [-84.28760724682505, 33.41054039578287], [-84.28753558372327, 33.411280925410026], [-84.28732059172295, 33.41197367708661], [-84.28673098967273, 33.41311429235211], [-84.28663946661665, 33.413633269409026], [-84.28654794356055, 33.41414744967313], [-84.28660871099626, 33.41485024793193], [-84.2866701333038, 33.41530744559836], [-84.28666989525026, 33.415735585308376], [-84.2865784620257, 33.41615794406729], [-84.28654782408461, 33.416737927165194], [-84.28639523714878, 33.41707350117426], [-84.2859755604177, 33.41740907538624], [-84.28548757669074, 33.41759253929937], [-84.28496868822307, 33.41777510755992], [-84.28466342362154, 33.4180157617951], [-84.28426678418593, 33.41835208066431], [-84.28402258436248, 33.41859538682871], [-84.28367142393476, 33.41902302071384], [-84.28354959082266, 33.41923646534545], [-84.28324459391908, 33.41963274673026], [-84.28297296853, 33.420238939991684], [-84.28235187873246, 33.4210272443266], [-84.28149190983287, 33.42205443083806], [-84.280655828035, 33.42315327896846], [-84.27995578800207, 33.42374192145793], [-84.28056628845904, 33.42395509807447], [-84.28108502870471, 33.42407690008899], [-84.28160397646118, 33.424046530761714], [-84.28221432779782, 33.42419903032207], [-84.28269456175883, 33.42432116038333], [-84.2831222559538, 33.4243518864938], [-84.28339685476648, 33.42450444474767], [-84.28376300627966, 33.42462630597091], [-84.28415982358169, 33.4246269020174], [-84.28455661303596, 33.42480997805755], [-84.28502734012628, 33.42527931552911], [-84.2856962050256, 33.42668871095827], [-84.28703393662083, 33.42848031309911], [-84.28787001662207, 33.428981963318755], [-84.28920774642067, 33.43010469981389], [-84.29018715711706, 33.43077356460687], [-84.29152488781398, 33.43156186999243], [-84.293842028309, 33.43225462329666], [-84.29525142300602, 33.43244572727788], [-84.29617615414939, 33.43257694079774], [-84.29672565001542, 33.43269844508843], [-84.29758017242945, 33.432820336789966], [-84.29818295366319, 33.432912275164234], [-84.29909821297021, 33.43303476480327], [-84.29970886434413, 33.433035062422746], [-84.30019693520768, 33.43321733357592], [-84.30019714451514, 33.43379371077358], [-84.30025806017288, 33.434373216971466], [-84.30056335531712, 33.434587256573295], [-84.30092938735437, 33.43486119914579], [-84.30123453337828, 33.43519707268191], [-84.30160047648232, 33.43510602581722], [-84.30208154497822, 33.434983895937236], [-84.30253927973462, 33.43483095053794], [-84.30296661550177, 33.434679077628424], [-84.30348538449351, 33.43449501936035], [-84.30385168512703, 33.43431250950014], [-84.30440097168561, 33.434373573809545], [-84.3050722988671, 33.43452547649041], [-84.30564468290828, 33.43473975560678], [-84.30585812621304, 33.43473945724342], [-84.30617850137597, 33.434861139922994], [-84.30660574910824, 33.43498380672836], [-84.30730795138605, 33.43513663266344], [-84.30791806377084, 33.43525444058369], [-84.3088031639388, 33.435315386535], [-84.30919980247609, 33.435045019746546], [-84.30974163930601, 33.43467839169213], [-84.31013827784332, 33.434403763353714], [-84.3103213832443, 33.43415950444389], [-84.3107487791986, 33.433915810092984], [-84.3110538946798, 33.43428196158643], [-84.3116031524923, 33.434617267624596], [-84.31215240850814, 33.43483163572336], [-84.31273197547831, 33.435166643524745], [-84.31318267552771, 33.435559855091846], [-84.31385409254075, 33.43610926175724], [-84.31437280224368, 33.436506287726246], [-84.31492193968191, 33.43678097612854], [-84.3155628391281, 33.437386946192554], [-84.31611245357176, 33.43781458046307], [-84.31653904463556, 33.438303011051495], [-84.31723373609928, 33.43876047651335], [-84.31756957935309, 33.439034627798584], [-84.31796624843311, 33.439397769722206], [-84.31854620167883, 33.439824598743286], [-84.31918701129351, 33.44040422358199], [-84.31988903480656, 33.44070940032982], [-84.3204688398303, 33.440526204906924], [-84.32097968118966, 33.44058750846559], [-84.32122403013346, 33.44095392790019], [-84.32203289477484, 33.44235427908721], [-84.32227697691901, 33.442903088786814], [-84.322582003467, 33.44363187530846], [-84.32294836338933, 33.444272923331525], [-84.32325353905765, 33.444879580145326], [-84.32365044708952, 33.44555069892538], [-84.32401630036202, 33.44640531072222], [-84.32438283904906, 33.44719426712166], [-84.32462697958374, 33.44795813066291], [-84.32496037852165, 33.448721010831854], [-84.3249853831276, 33.44877832032214], [-84.32516854871571, 33.449662197861535], [-84.32556530672893, 33.45094101534238], [-84.32571771579835, 33.45155115796659], [-84.32602318970733, 33.452222724296874], [-84.32632842466447, 33.45273785719082], [-84.32660287525513, 33.45325635901025], [-84.32692319023094, 33.45404969606463], [-84.32713678355435, 33.454472382533126], [-84.32716750953034, 33.45496143883455], [-84.32698452360526, 33.45508365900905], [-84.326404480528, 33.45538895424378], [-84.32591599104954, 33.45569350417436], [-84.32564151171279, 33.45602895829567], [-84.32539813474614, 33.45700263249034], [-84.32532004240186, 33.45733061691156], [-84.32527869384765, 33.457504282686], [-84.32544590984789, 33.45812536988274], [-84.3260431107471, 33.45865090755069], [-84.32692696854502, 33.45896145134558], [-84.32826470014027, 33.45948698769278], [-84.32974575883739, 33.46082471923428], [-84.331083488636, 33.46192356878008], [-84.3320867855358, 33.46256854718326], [-84.33300498772368, 33.463328437574866], [-84.33319476401397, 33.46361281705519], [-84.33353063601388, 33.46434130439965], [-84.33395755406444, 33.46489130664377], [-84.33435446119799, 33.46540995685545], [-84.33465978688497, 33.465714536032586], [-84.33479726505605, 33.46629094310339], [-84.33497989345163, 33.46674835012457], [-84.33510199426168, 33.46717628101767], [-84.33528515895148, 33.46787791770748], [-84.33525514803446, 33.46848367950905], [-84.33537674129639, 33.469063662844], [-84.33537668200758, 33.469643586096005], [-84.33543777643004, 33.47021933683355], [-84.33543744944329, 33.470830672381275], [-84.33571258365185, 33.47150158207417], [-84.33586499361961, 33.47216977998166], [-84.33610889520239, 33.47278022205913], [-84.33631509808598, 33.47323753863232], [-84.33658978673017, 33.47354238628294], [-84.3367118560992, 33.474332625114734], [-84.336956205043, 33.47524767555781], [-84.33732229726736, 33.47628151829697], [-84.3375663192244, 33.477498525597824], [-84.33761197609871, 33.47835245235855], [-84.33767375683406, 33.478658552037906], [-84.33776480288475, 33.47896337012583], [-84.33785635558525, 33.47959976922009], [-84.33803937115471, 33.480210717153284], [-84.33810058595141, 33.48091196508722], [-84.33831426820805, 33.48170169764217], [-84.33849683731482, 33.48234295420614], [-84.33852771241114, 33.48313653004462], [-84.33855814014645, 33.48371278901379], [-84.33861908634688, 33.48429187698133], [-84.33861935494318, 33.484597291859984], [-84.33857369806884, 33.48502415012925], [-84.33848196660362, 33.4853257796174], [-84.33814648087929, 33.48566200987371], [-84.33784088839268, 33.485997673917694], [-84.33771893760128, 33.48636355681531], [-84.33756652763356, 33.48736741871066], [-84.33756652763356, 33.487763730507524], [-84.3375375605589, 33.48831283789056], [-84.33751097671468, 33.488439527167884], [-84.33740863524763, 33.48971581197386], [-84.33761275224312, 33.49048170193775], [-84.33781710639386, 33.49114537081806], [-84.33822536913091, 33.49175816566295], [-84.33848035772093, 33.49231946275392], [-84.33894023675593, 33.49293202004899], [-84.3392975084225, 33.493851093960686], [-84.339757029928, 33.49425935561673], [-84.34011447946102, 33.49456566352821], [-84.34052274040147, 33.4950251859164], [-84.34066620943716, 33.49516871415201], [-84.34083945043803, 33.495773909826426], [-84.34111404925069, 33.496597944751095], [-84.34126693442722, 33.49711257043323], [-84.34148026005268, 33.497815280121834], [-84.3416633070632, 33.49827292522886], [-84.34227389645338, 33.49948939581119], [-84.34254843507894, 33.49985563670088], [-84.34262484847196, 33.5000970662443], [-84.34408197425329, 33.50300273306852], [-84.34382278334435, 33.50336536733515], [-84.34378889799352, 33.503501892994535], [-84.34358597396074, 33.503805786195336], [-84.34348416878791, 33.50431606196172], [-84.3434841094991, 33.50452056572756], [-84.34368831542781, 33.504724681750545], [-84.34384138026736, 33.50492909616303], [-84.34404546582184, 33.50503096087285], [-84.34415534774737, 33.505055428549795], [-84.34460086361929, 33.50533741793335], [-84.34517303745466, 33.50565081904006], [-84.3456385210787, 33.50622272532695], [-84.34600458276034, 33.5065312694756], [-84.34618983333823, 33.50631126837678], [-84.3461896554718, 33.50612881831601], [-84.34618992316975, 33.505414158430334], [-84.34639386050219, 33.505209742916385], [-84.34655237901384, 33.50510764171777], [-84.34656939580029, 33.50502848676453], [-84.34714112407127, 33.50476902708555], [-84.34791967955498, 33.504613429555384], [-84.34838501405868, 33.50481933334334], [-84.3488049288433, 33.50539150878882], [-84.3493234894259, 33.5063256326727], [-84.35087997606418, 33.50866001967361], [-84.35258905053661, 33.51167035225378], [-84.35238293748458, 33.51203236224595], [-84.35258925894576, 33.5129170431582], [-84.35295520115149, 33.51353883935979], [-84.35336707062442, 33.514420094819116], [-84.35363442632095, 33.51493859452659], [-84.35384056991573, 33.516342761585285], [-84.35352764537977, 33.51732668577442], [-84.35321495889735, 33.51810467541016], [-84.35280279298037, 33.51867741682639], [-84.35269598059814, 33.51976475403511], [-84.35274962529196, 33.52018079454343], [-84.35310811776904, 33.520752284260645], [-84.3535274953611, 33.521167758337235], [-84.35415304709069, 33.52142739501442], [-84.35419888362806, 33.52230894980708], [-84.35441268715725, 33.52568051697341], [-84.35409993958939, 33.526252572438885], [-84.35384879489047, 33.52649294283164], [-84.35356213978837, 33.52685126406777], [-84.35377713178866, 33.527137918939225], [-84.35394434689061, 33.52754401739271], [-84.35404647455863, 33.52884728226297], [-84.35410011835414, 33.52957547326156], [-84.3539396037859, 33.530769920387485], [-84.35346658778822, 33.53191552896727], [-84.353323259788, 33.532512728694954], [-84.35341881178813, 33.532847161226684], [-84.35360991489011, 33.53308604113538], [-84.35384879578878, 33.533444362007316], [-84.35409170383487, 33.5337747174635], [-84.35420427621469, 33.53392781547362], [-84.3542002733218, 33.53428425188225], [-84.35399819909526, 33.53476188254267], [-84.35388797670822, 33.53505580963448], [-84.35361242029144, 33.5352211435588], [-84.35307967800544, 33.535294625035064], [-84.3529966206726, 33.5353055550755], [-84.35238160168973, 33.53538647866458], [-84.35176531518401, 33.535595215244086], [-84.35129223271099, 33.5357519753224], [-84.35072780594662, 33.53616679403626], [-84.3498960827745, 33.5369451712801], [-84.34906453836716, 33.53730718031895], [-84.34828637005734, 33.53741050519022], [-84.34756136853761, 33.53772381631218], [-84.34750781367532, 33.53850174675308], [-84.34730211744156, 33.53953952428569], [-84.34678307985355, 33.54005826274854], [-84.34539004886773, 33.54134651778438], [-84.34493855650425, 33.541948506372606], [-84.34426969250327, 33.543357901179974], [-84.34405469960463, 33.54419398038449], [-84.34410247470638, 33.5454361609949], [-84.34435711295345, 33.54649388646194], [-84.34441302050347, 33.54672611325283], [-84.34474745340229, 33.54725165079731], [-84.34512966050454, 33.547729412694714], [-84.3450341094027, 33.54866104371658], [-84.34524910140303, 33.55016599112036], [-84.34542439325767, 33.55153755383945], [-84.34552631700814, 33.55194620433689], [-84.34562838987893, 33.55230329486606], [-84.34582487658439, 33.55269585130831], [-84.345844754505, 33.55282599784521], [-84.34631032706224, 33.55329136153785], [-84.34656972638031, 33.55365328264248], [-84.3463101186531, 33.55438153043195], [-84.34600706390715, 33.554767277732715], [-84.34576824858549, 33.55493261063138], [-84.34538247068, 33.55515305550137], [-84.34470276401353, 33.555391872263364], [-84.34420676372098, 33.555630688365156], [-84.34399514040298, 33.55590501105162], [-84.34382284622643, 33.5564566968842], [-84.34392211815016, 33.556975257438246], [-84.34434194310325, 33.557494651807794], [-84.34475369220192, 33.55775387321394], [-84.34527255012688, 33.558066737783], [-84.34550227270124, 33.5582361344398], [-84.34570297430201, 33.55852680544711], [-84.34582241430219, 33.558885126392894], [-84.34555964720012, 33.55967343173235], [-84.34510577430113, 33.56029452116439], [-84.34460412540207, 33.56105893820814], [-84.34372913038273, 33.56174803838411], [-84.34347194631015, 33.56206033530287], [-84.34341053298574, 33.5622554137283], [-84.34315964879826, 33.56305234000434], [-84.34259174196046, 33.56491605794975], [-84.34241930495179, 33.56532956522062], [-84.3423702515474, 33.56581382386793], [-84.34231031864658, 33.56593368841286], [-84.34210587376602, 33.56705678869727], [-84.3420037416064, 33.568026646178424], [-84.34195266070441, 33.5696093880474], [-84.34205512074908, 33.57032392905299], [-84.34241271940245, 33.570732400102436], [-84.34282086176526, 33.570732400102436], [-84.34312711092035, 33.57083444252788], [-84.34322909485792, 33.57103885709522], [-84.34338248758257, 33.57134495747476], [-84.34358648420381, 33.57175348731339], [-84.34369028633152, 33.57185725824598], [-84.34376973962347, 33.57218132941593], [-84.34330425599943, 33.57239069114407], [-84.3425260876896, 33.57295902146218], [-84.34184713021808, 33.57337494215848], [-84.33790276345114, 33.587801027341634], [-84.33781726000575, 33.58875315295523], [-84.33756230195844, 33.589467872972094], [-84.33746046803954, 33.59008028016539], [-84.33751131088798, 33.59043763878403], [-84.3376135921679, 33.590846259339976], [-84.33761344304757, 33.59110145725804], [-84.33764333448866, 33.591339876017514], [-84.33764327519985, 33.59174539584488], [-84.3368650467029, 33.59190248354972], [-84.3364583039153, 33.59235227270511], [-84.33469058831943, 33.59478885288936], [-84.33433313159989, 33.59523398773748], [-84.33385450831818, 33.59629379924514], [-84.33387839721655, 33.59677156067779], [-84.33427271540545, 33.59743473480345], [-84.33440393321733, 33.59765541609257], [-84.3347383652178, 33.59834817034153], [-84.33471447631946, 33.59904092351526], [-84.33411727542025, 33.59961423736119], [-84.33302725156966, 33.59999635044731], [-84.33271462527439, 33.60031001889929], [-84.33302746087715, 33.60207142679433], [-84.33328683055082, 33.60373466421334], [-84.33330306131137, 33.60390073008461], [-84.33349618831765, 33.604415733066446], [-84.33363951631789, 33.605084598185265], [-84.33352007721601, 33.60604012050889], [-84.33328119541903, 33.606613434206864], [-84.3328512123167, 33.60699564122086], [-84.33263425480254, 33.60723670494149], [-84.33313406305359, 33.60741987153014], [-84.33380562918695, 33.60762637133761], [-84.33410842791302, 33.607733287033966], [-84.33524001591351, 33.60833337262646], [-84.33617190932463, 33.608605173397244], [-84.33638664171183, 33.608667804853056], [-84.33705550750946, 33.608930573670705], [-84.3371340445198, 33.60902220085123], [-84.33748549061177, 33.60943222216381], [-84.33750937951011, 33.6099816461688], [-84.33760493151026, 33.61062662434215], [-84.3380826933076, 33.61139104074208], [-84.33811632802846, 33.61198639294224], [-84.3381619858011, 33.61281766903409], [-84.33842162317272, 33.613492751585696], [-84.33894057182752, 33.61401146098122], [-84.33956642089943, 33.61416378086486], [-84.3401916725917, 33.614423090169815], [-84.34114800017855, 33.61431270260162], [-84.34200738068162, 33.614060933103694], [-84.34267909503701, 33.6138018015066], [-84.34413633939597, 33.6141146072947], [-84.35015596358959, 33.615930313658666], [-84.35050217699502, 33.61636652993536], [-84.35073427830825, 33.616830582302946], [-84.35088743208102, 33.617136890521785], [-84.35114259943582, 33.61744337718979], [-84.35134689519603, 33.617596412898784], [-84.35160221077282, 33.61785166855252], [-84.35191442024983, 33.6179210491136], [-84.35284940925541, 33.61826508747904], [-84.35461934009678, 33.618734146136255], [-84.35762561956874, 33.61961495325152], [-84.35882316726725, 33.6199774692338], [-84.3602727822345, 33.61997782605486], [-84.36114205588379, 33.619899089004925], [-84.36141731046663, 33.61987408457555], [-84.36390467272481, 33.620705957832925], [-84.36800952711054, 33.62205299220948], [-84.36956601285051, 33.62241917376089], [-84.37184726295497, 33.62257208917699], [-84.37492193925435, 33.62221654680237], [-84.3763944127523, 33.622041876416354], [-84.37739431132538, 33.62210288160705], [-84.37881314102783, 33.62233575626137], [-84.37939881564364, 33.62228789416663], [-84.37952302390134, 33.62227743143618], [-84.38057951993056, 33.622188434219126], [-84.3818455875257, 33.62233176251827], [-84.382693343829, 33.62277811284351], [-84.38279544724253, 33.623033368857065], [-84.38310178533081, 33.623288507422664], [-84.38340806413031, 33.623543883851625], [-84.3835613364807, 33.6238501614757], [-84.38371437257419, 33.62405439731738], [-84.38386776529885, 33.62446319517829], [-84.38412552698817, 33.624462868296355], [-84.38447439132202, 33.624578620325536], [-84.38464944961468, 33.62504747032954], [-84.3845715207638, 33.62561746961212], [-84.38452104891955, 33.625986633251905], [-84.3845593728462, 33.62709804387526], [-84.38456882402131, 33.62737213938961], [-84.38471215291983, 33.62784990138248], [-84.38511824802212, 33.62863820575775], [-84.38540490671748, 33.629498174167516], [-84.38578711471806, 33.62999982336597], [-84.38667147916583, 33.630514022673715], [-84.3871292426683, 33.630666281972886], [-84.38759478558113, 33.63091098935694], [-84.38774740305969, 33.63106283209072], [-84.38802221028153, 33.6313373413234], [-84.38838827196318, 33.631459798488564], [-84.38875457169837, 33.63167321309561], [-84.38899874277574, 33.631825622927465], [-84.38954794040113, 33.63222312582693], [-84.38994472895705, 33.632462855707885], [-84.39018886949171, 33.632737335048674], [-84.3902500537457, 33.633469936357365], [-84.39031094065734, 33.634050128052586], [-84.39037203418151, 33.63456469509419], [-84.39067718110374, 33.634931203409494], [-84.39082961981757, 33.6351138923018], [-84.39095198832555, 33.63569360697068], [-84.39080360460694, 33.636377929482485], [-84.3906602748101, 33.637094571716084], [-84.39054083570824, 33.63797842876412], [-84.39049306060647, 33.63845618951535], [-84.39056879936471, 33.638730018536386], [-84.39098259482563, 33.63953158052118], [-84.39121895774653, 33.640077171944995], [-84.39140215208074, 33.6405657210971], [-84.39116537323986, 33.64093130642782], [-84.39070778760379, 33.64117553667262], [-84.39015873999708, 33.64160263430109], [-84.38994464002384, 33.641847162534624], [-84.3894871145749, 33.642392365357125], [-84.38933482498142, 33.6428501892627], [-84.38916623366048, 33.64324733540566], [-84.38907518671148, 33.643945364956544], [-84.3893804216686, 33.64431130761428], [-84.38980766850257, 33.644555270266906], [-84.39011263576175, 33.64486092202453], [-84.39026543290338, 33.64525768048869], [-84.39044820952098, 33.645955949496766], [-84.39050936413058, 33.646718561304986], [-84.39075368432829, 33.64742034665103], [-84.39096718782018, 33.648088067349555], [-84.39126461551916, 33.64860591263061], [-84.39157008942817, 33.6492168011807], [-84.39184465859644, 33.64958301157508], [-84.3925466812112, 33.65046361093319], [-84.39330944341388, 33.65116605295816], [-84.39395034196177, 33.65168163265132], [-84.39474344116991, 33.6522003125126], [-84.3955601454088, 33.652688593215], [-84.3962927161331, 33.652962625975476], [-84.39714744695625, 33.653268158897184], [-84.39754426425829, 33.65335890741348], [-84.3981848654638, 33.65347829585424], [-84.39861208265337, 33.65375244648948], [-84.39894041509308, 33.65420976356948], [-84.39991679846699, 33.654942811790725], [-84.40037456196947, 33.65537023667345], [-84.40074080331416, 33.655854196890076], [-84.40104597898248, 33.65634301467344], [-84.40116861518845, 33.656281620984835], [-84.40158021606511, 33.656281710713316], [-84.40176329182168, 33.65625116414788], [-84.40240410143636, 33.65628192007976], [-84.40315953069137, 33.65631202023535], [-84.40380028101724, 33.65640303697014], [-84.40462425622002, 33.656617017104224], [-84.40550959354323, 33.6566169864471], [-84.40599772639052, 33.65649560216858], [-84.40624183638246, 33.656098664452486], [-84.40681416113482, 33.65582317161851], [-84.40754655309436, 33.655732454114904], [-84.40797376938562, 33.65591490445791], [-84.40858433002973, 33.656281710713316], [-84.40910292025673, 33.656678201188065], [-84.40971354018963, 33.65704473949329], [-84.41004899537124, 33.657345475454576], [-84.41035423032837, 33.65786457205799], [-84.41041517652883, 33.65838325129363], [-84.410743419137, 33.65884161224937], [-84.41117072436148, 33.65896371177161], [-84.4116893460295, 33.65932536302432], [-84.41199484868459, 33.65966099626681], [-84.41245243432064, 33.6601497243842], [-84.41275758034456, 33.660759420664306], [-84.41297138207712, 33.66115272252367], [-84.41551206024575, 33.66264736878402], [-84.41596988393535, 33.66252655003626], [-84.4166717888708, 33.66258695905753], [-84.41749549547733, 33.662770780319164], [-84.41834277567351, 33.66289255201555], [-84.4192887313121, 33.66313246117795], [-84.41992936216201, 33.66337686993057], [-84.42053998209492, 33.66368189708506], [-84.42102814458663, 33.663895132381505], [-84.42173007916648, 33.66432246793516], [-84.42211971443781, 33.66462844800005], [-84.4228517192235, 33.66511264698413], [-84.42327887622594, 33.665296109954106], [-84.42379779433801, 33.66547882861382], [-84.42437759846342, 33.66575262251454], [-84.42465240568524, 33.665936413087096], [-84.43109185483195, 33.66797694855845], [-84.43167172004279, 33.668068412001396], [-84.43246505730448, 33.66822099963589], [-84.43319759838438, 33.6684041943053], [-84.43383083879449, 33.66864869200073], [-84.43444124941993, 33.668858471411426], [-84.43489892488752, 33.66888848193766], [-84.4356010966226, 33.66898021430461], [-84.43639458480128, 33.66916394564723], [-84.43700520473418, 33.669407429648906], [-84.43742428498392, 33.669834736323686], [-84.43766851445179, 33.6701405375388], [-84.43797386978315, 33.67059806357085], [-84.43818740291945, 33.67108187383807], [-84.43852330546206, 33.67154026357907], [-84.43901140776663, 33.671784553497446], [-84.43959127207917, 33.67199799672635], [-84.44014061792656, 33.67205852618831], [-84.44065953603862, 33.672211978444274], [-84.4408730098861, 33.67233339288084], [-84.44108666339666, 33.67263830005934], [-84.4409341348513, 33.673092756651585], [-84.4409340459181, 33.67339823080016], [-84.4409952598165, 33.67391687992759], [-84.44099514034056, 33.674252663321276], [-84.44105833322755, 33.67462297528128], [-84.44098151559265, 33.67490464119874], [-84.44059742921483, 33.67585205914071], [-84.4402931177258, 33.67644912396251], [-84.44065956658133, 33.676476602091384], [-84.44132332365994, 33.67644525009657], [-84.44168953446193, 33.67656442932982]]]}, "properties": {"areasqkm": 791.74, "states": "GA", "huc10": "0313000501", "name": "Morning Creek-Flint River"}}, {"type": "Feature", "id": 3537, "geometry": {"type": "Polygon", "coordinates": [[[-84.19062466342419, 33.83022184822494], [-84.19083223623858, 33.83032326575242], [-84.19107044699403, 33.83050428545693], [-84.19118983399362, 33.83061467294751], [-84.19132653781693, 33.830654488941384], [-84.19147256974614, 33.83066289285457], [-84.19163594544855, 33.83062796459796], [-84.19202888921508, 33.8304555878794], [-84.19271318088275, 33.83027024744687], [-84.19323439329207, 33.830098109544736], [-84.19407317991725, 33.82979347000127], [-84.194435338419, 33.82971839813095], [-84.19498975076458, 33.82964419405713], [-84.1952898770027, 33.82964419405713], [-84.1956114388401, 33.82972994375038], [-84.19606162505316, 33.829880006066325], [-84.19664043923514, 33.83013725641714], [-84.19709062544818, 33.83022300710824], [-84.19781949870678, 33.83022300710824], [-84.19813696602313, 33.83037625417624], [-84.19793389376834, 33.82991968211207], [-84.19757653406683, 33.82915414959934], [-84.19727022562294, 33.82838805204545], [-84.19711713024064, 33.827775404574254], [-84.19712928983634, 33.82761602244094], [-84.19702897496855, 33.8273319764586], [-84.19702885639093, 33.826807633691644], [-84.1969640662994, 33.826678112577156], [-84.19696388663633, 33.8260142065113], [-84.19696403575665, 33.82570789795359], [-84.19708556972978, 33.82570804720596], [-84.19909659941025, 33.82563014341376], [-84.19979811896843, 33.825474128901284], [-84.20038480778219, 33.82524840619403], [-84.20104847502925, 33.82514633339456], [-84.20196713176466, 33.82489107548977], [-84.20237581132001, 33.824584827087996], [-84.20273290242524, 33.82422758689503], [-84.202988368919, 33.82376818419683], [-84.20298836802068, 33.82341061521323], [-84.20314167181212, 33.8227979984967], [-84.20339692899843, 33.82249175006161], [-84.20370308742366, 33.82238955755017], [-84.20421363144067, 33.82238961650713], [-84.20467330116819, 33.82218529306037], [-84.20503054319038, 33.821777089494724], [-84.20528574108785, 33.82157270488062], [-84.20584718724213, 33.821419580844996], [-84.20646001164074, 33.82126654683759], [-84.20693994825938, 33.82135628121794], [-84.20723737595837, 33.821320370013645], [-84.20733694522445, 33.82131023600479], [-84.20812009199759, 33.821517184034654], [-84.20847736186754, 33.821466519318875], [-84.20883454280428, 33.821364297969225], [-84.20903871819029, 33.821058048877546], [-84.20909003804414, 33.820598616464444], [-84.20919187196307, 33.8201900859044], [-84.20949844900322, 33.81988380797955], [-84.21011118446863, 33.8193734129853], [-84.2105971119519, 33.819130255833215], [-84.210960878438, 33.818768217137205], [-84.21260882704694, 33.817864312298724], [-84.2152639182434, 33.817546559385846], [-84.21649237068264, 33.81759698535843], [-84.2173394721141, 33.817596180811954], [-84.21769125148103, 33.817582658757864], [-84.22013216724578, 33.81810571246201], [-84.22077618384601, 33.81819771451586], [-84.22159634749704, 33.818023814109196], [-84.22186370409192, 33.81786329878228], [-84.2224510783202, 33.8172264826956], [-84.22308455588552, 33.817227019311034], [-84.22361861510171, 33.817440701690145], [-84.22399251458421, 33.81764976523271], [-84.2244122802485, 33.81781048918659], [-84.22494598103688, 33.818024141001196], [-84.22542660307008, 33.81818432838849], [-84.22585405741488, 33.81850062135996], [-84.22601424499636, 33.81876827535033], [-84.22632702041199, 33.819088472398754], [-84.22670080131685, 33.81951124792822], [-84.22771563078828, 33.81967164373726], [-84.22813536590984, 33.819778277076736], [-84.22850908842423, 33.8198318914755], [-84.22888298790673, 33.81977821737165], [-84.22925706615398, 33.81983186087664], [-84.22973003004937, 33.81988461101186], [-84.23074476879096, 33.81993861342626], [-84.23111863952735, 33.81977845619195], [-84.23149236114344, 33.819355560333676], [-84.2316985038399, 33.81924791445977], [-84.23217930463782, 33.81940500234054], [-84.23292689519369, 33.81961835687026], [-84.23308702348635, 33.819194360146746], [-84.23324730089934, 33.8187669939149], [-84.2337201444205, 33.818237108646656], [-84.23398735189504, 33.8175463213056], [-84.23430766776914, 33.81701285799564], [-84.23500197205898, 33.81653667684145], [-84.23542212489716, 33.81642959762556], [-84.2354987475976, 33.81635866742297], [-84.23568876733134, 33.815978270303404], [-84.23579080965942, 33.815467548237656], [-84.23579116808722, 33.81495715375804], [-84.2357911375445, 33.81434450783426], [-84.23606254823623, 33.8139822301964], [-84.23632972516803, 33.81366373291513], [-84.23659666494461, 33.81318325939592], [-84.23776369417799, 33.81217233414417], [-84.23824461445184, 33.81190846457017], [-84.23919834950081, 33.811695318455904], [-84.23930530920671, 33.81137473546565], [-84.23935850653953, 33.81100521646362], [-84.2391980207174, 33.81063027257184], [-84.23941203175742, 33.80999336680967], [-84.23962577420119, 33.80988694295235], [-84.24015980107802, 33.80871562166212], [-84.24005298959412, 33.80818609510652], [-84.23973237727596, 33.807704667503245], [-84.2394119419259, 33.80733538717981], [-84.23903816102103, 33.806907842270725], [-84.23867209844106, 33.806537906129385], [-84.23845823652137, 33.806057164928205], [-84.2384583263529, 33.80568657347003], [-84.23893149865744, 33.80568722884125], [-84.23935853618394, 33.805897007081896], [-84.24005284047378, 33.80595077051081], [-84.24079298130098, 33.80584294504512], [-84.2414339409343, 33.80574045571454], [-84.24265476308351, 33.805526683647756], [-84.24388318587836, 33.80515308173454], [-84.24451636610132, 33.804993222265985], [-84.24521073057828, 33.80478311486702], [-84.24585142161533, 33.804409721698526], [-84.24637805805233, 33.80408869041139], [-84.24680536327678, 33.80387891221634], [-84.24749948970017, 33.803772339674154], [-84.24829306591376, 33.80345178522054], [-84.24994858642222, 33.80319617070536], [-84.2505055014742, 33.80288703046684], [-84.25087180210771, 33.802764960887515], [-84.25136780240025, 33.80263859971824], [-84.25192477853766, 33.8025174225556], [-84.25242051113224, 33.8021473375484], [-84.25303858079383, 33.80134231653129], [-84.25365671064249, 33.80090756055915], [-84.25464886034794, 33.80016709135698], [-84.25588449481786, 33.798805214933424], [-84.25650271359977, 33.79793990469693], [-84.25687655469179, 33.79763076488118], [-84.25898205929238, 33.7973216545557], [-84.25960021968378, 33.7970088792325], [-84.25984453898316, 33.79657775842962], [-84.2602793541234, 33.79571212034682], [-84.26059215918343, 33.79540238496912], [-84.26095840142645, 33.79521653708307], [-84.2616371783366, 33.79496807585769], [-84.26250713829877, 33.794906563262046], [-84.26306387548432, 33.79472050676355], [-84.26336937993604, 33.79435033279881], [-84.26386532004148, 33.7939801878414], [-84.26423913059075, 33.793671077024484], [-84.2644831821922, 33.793423390704874], [-84.26510876266785, 33.79323584461171], [-84.2655971928575, 33.7929887236622], [-84.265666065792, 33.7927596334039], [-84.2654528605408, 33.79201007457549], [-84.26529961693647, 33.791397457710445], [-84.26499363637767, 33.79047841370147], [-84.26464140246318, 33.789730762559074], [-84.2642389221816, 33.78946334622547], [-84.26392641446394, 33.788907116232494], [-84.26343780550954, 33.7872353845867], [-84.26312511902714, 33.7865574110228], [-84.26300322752455, 33.7856909690601], [-84.26318657097909, 33.785008375149836], [-84.26343804176646, 33.78432876303616], [-84.26374298027955, 33.78371134788434], [-84.26380431365389, 33.783088956448864], [-84.26356005454161, 33.78271913985809], [-84.26330831425966, 33.78241098290941], [-84.26318636256995, 33.78173137034296], [-84.2629802504162, 33.781591984982526], [-84.26269611508847, 33.781519148832544], [-84.26233857572392, 33.78136605391408], [-84.26223668251619, 33.78111073706738], [-84.26233857572392, 33.78090659130667], [-84.26259389309735, 33.78090653157446], [-84.26305341460284, 33.780702265862296], [-84.26366597220182, 33.78070235546084], [-84.26397239922333, 33.780549111991206], [-84.2643000758929, 33.78043070800215], [-84.26491823628429, 33.78012130037843], [-84.26523077274805, 33.77987409005922], [-84.26529583053757, 33.77986607315392], [-84.2654018973181, 33.77970698779021], [-84.26581048704193, 33.77960497415091], [-84.266218749779, 33.77960479644489], [-84.26657601964895, 33.77960470684521], [-84.26662728021401, 33.77940058960152], [-84.26652514805441, 33.77909428141037], [-84.26621869049019, 33.77868584090909], [-84.26621883961053, 33.778277608276014], [-84.26642298535211, 33.777869018278125], [-84.26703557169716, 33.77679696940906], [-84.26723974798148, 33.77623552362857], [-84.2674543240618, 33.77614128790095], [-84.26770281693402, 33.77597549850754], [-84.26832094588438, 33.77585268268649], [-84.26937383338114, 33.77573052228989], [-84.27011379544359, 33.77585318894678], [-84.2705489384689, 33.77604046696704], [-84.27092254060906, 33.776223572055486], [-84.27135768453269, 33.77610111500338], [-84.27160167594701, 33.7757917066742], [-84.27191448190536, 33.77554473475051], [-84.27214080076307, 33.7753677982002], [-84.2722940443674, 33.775265576290266], [-84.27280425960102, 33.775265635279695], [-84.27326419972142, 33.775265486686045], [-84.274163752884, 33.77529132480154], [-84.27673617122656, 33.774987610153566], [-84.27785036155491, 33.77498689481102], [-84.27834630255866, 33.77498668648054], [-84.27890336673096, 33.775048049111575], [-84.27946034286836, 33.77504855612334], [-84.28013941801919, 33.77492654466772], [-84.28087944026879, 33.77473923733084], [-84.28156602623369, 33.774243386324514], [-84.28236729202608, 33.77455213791593], [-84.28289717766948, 33.774817319626216], [-84.28327060014657, 33.774755241485444], [-84.28388318738995, 33.77460205681991], [-84.2841526002285, 33.77454808478517], [-84.2844120893781, 33.77436974758952], [-84.28551823259814, 33.77430847482451], [-84.28620484820746, 33.77442976957309], [-84.28670090868714, 33.77430811640369], [-84.2876852493378, 33.77412128561019], [-84.28843278060485, 33.77418235017664], [-84.28882527790869, 33.774581225171715], [-84.28883287765598, 33.774667174168975], [-84.28901780124711, 33.774962783730906], [-84.28927627709707, 33.775036843329815], [-84.2894240670293, 33.774815173594256], [-84.28944761097458, 33.7746741484114], [-84.28966898281006, 33.77436959824759], [-84.29000959252475, 33.77344691867244], [-84.2900097120007, 33.77276438548557], [-84.29031584167984, 33.771743358208454], [-84.29077551320398, 33.77092638574555], [-84.29113296183868, 33.770313829384925], [-84.29164350585569, 33.769905358967605], [-84.29220498075604, 33.769497096440375], [-84.2928174485235, 33.76949706657029], [-84.29363456958065, 33.76949694708995], [-84.29403716843986, 33.7694350480485], [-84.29429790984096, 33.76939493473352], [-84.29467934888365, 33.769356816724425], [-84.29709274296302, 33.76892590543485], [-84.29789370961643, 33.768925964428654], [-84.29866836192022, 33.768705248922046], [-84.29880944592885, 33.768441885326375], [-84.29910466826381, 33.76792454628577], [-84.29940006846522, 33.76751825176578], [-84.29973287182013, 33.76714858302255], [-84.30010215216541, 33.766890167252576], [-84.30054569982855, 33.7667794219857], [-84.30106300905794, 33.766557781666975], [-84.30146942306214, 33.76648375207766], [-84.30187580742195, 33.76640999201164], [-84.30235595334806, 33.76640996288726], [-84.30279956119828, 33.76648411053122], [-84.3031368336717, 33.76663717529101], [-84.30358285619343, 33.76670327622375], [-84.30383411946997, 33.766631691707964], [-84.30438802516572, 33.76644688736155], [-84.30490536314122, 33.76640984265589], [-84.30545965780752, 33.766409932269305], [-84.30608783082108, 33.766409902398145], [-84.30653379315568, 33.76641005100716], [-84.30668271496515, 33.766388891771506], [-84.30717898385397, 33.76595464162666], [-84.30754486587257, 33.765458671823794], [-84.30785790988446, 33.764718202997955], [-84.30835385088822, 33.76447078393588], [-84.30849588800936, 33.76447078393588], [-84.30897186126096, 33.764470933295065], [-84.31017197185298, 33.76442050813506], [-84.3105952544216, 33.76422995166394], [-84.31107602557515, 33.764045385594926], [-84.3115931560398, 33.76408245970108], [-84.31199959968842, 33.76419326520987], [-84.31251673015308, 33.76445173989436], [-84.3126286377796, 33.76461934837417], [-84.312741231719, 33.76465734676323], [-84.31299326844501, 33.76514974034617], [-84.31335891420667, 33.76558485486724], [-84.31410659549239, 33.765584883991885], [-84.31466348089992, 33.76539781536808], [-84.31502978153347, 33.765150098805314], [-84.31540389032341, 33.76508802038139], [-84.31589977203835, 33.76514941325223], [-84.31639553337902, 33.76527562587572], [-84.31747911630903, 33.764829484885304], [-84.31775359564577, 33.764719008041475], [-84.31800551469247, 33.76428425132117], [-84.3183107200052, 33.763478783210644], [-84.31843285045966, 33.762612877019876], [-84.3186845898433, 33.762243209521266], [-84.31948561758215, 33.762121108136554], [-84.31998137892283, 33.76156362590689], [-84.32091225544106, 33.76075923155911], [-84.32196511149678, 33.7601408929793], [-84.32243777625318, 33.76018821905937], [-84.32268361640037, 33.76038476514259], [-84.32299007396459, 33.76058894113363], [-84.32350073655921, 33.76064008176977], [-84.32390885017594, 33.76064002202342], [-84.32426638864217, 33.760793236130745], [-84.3245214958098, 33.76099741189564], [-84.32472599997918, 33.76120167679303], [-84.32513372552371, 33.76089527814413], [-84.3255425533011, 33.76058897100676], [-84.3260020164161, 33.76058891051359], [-84.32651276794392, 33.76058912037271], [-84.32702334250365, 33.760691162629094], [-84.32720486866636, 33.760781761867165], [-84.32804022732043, 33.76081370966653], [-84.32824866431413, 33.761074122099416], [-84.32860581560645, 33.76138040136421], [-84.32896329478389, 33.76173767089861], [-84.32911635962346, 33.761992898358706], [-84.32942257823584, 33.76214611154137], [-84.32988213118236, 33.76209506067497], [-84.33023955107097, 33.761992869232834], [-84.33051191307861, 33.76193847925261], [-84.33086918384687, 33.76205652642906], [-84.3313039100539, 33.762120660793606], [-84.33192207134361, 33.762368943982786], [-84.33235679755064, 33.76236906421984], [-84.33334885652624, 33.762677488180586], [-84.33440198207653, 33.763048198590766], [-84.33467816012747, 33.763146784682526], [-84.33528445916387, 33.763247874702955], [-84.33611826912238, 33.76327338486051], [-84.33674980991994, 33.76322254227781], [-84.33733110524871, 33.76314687429941], [-84.33793713568885, 33.76307102776715], [-84.3385690043715, 33.762995299163514], [-84.33884795282678, 33.762877819361705], [-84.33897929280953, 33.76286062332056], [-84.33959721424907, 33.762242880175755], [-84.34065054731019, 33.76075961841607], [-84.34113876909069, 33.76038905568878], [-84.34190811684273, 33.75997906520599], [-84.34270139481562, 33.76013069944802], [-84.34318133143427, 33.7603328790159], [-84.34366132824003, 33.76050963600718], [-84.34424244300743, 33.7607371172285], [-84.3444443842833, 33.76088845363923], [-84.34487416346806, 33.760989751700436], [-84.34542988735396, 33.76098981144654], [-84.34621321289183, 33.760838147357525], [-84.3466930003901, 33.76071139720409], [-84.34719853719771, 33.76058530332647], [-84.34740628877685, 33.76053645766649], [-84.34763931265987, 33.76051151428534], [-84.34887518608167, 33.76020249327928], [-84.34961517778854, 33.7597058972001], [-84.35036348430168, 33.7592752226764], [-84.35092010201129, 33.75908880945172], [-84.35153808363796, 33.75933613949256], [-84.35190360992368, 33.759397114519], [-84.35221695127795, 33.75939663728823], [-84.35252200836865, 33.75927507405502], [-84.35259111935672, 33.758967007538786], [-84.35259073218283, 33.758778984192055], [-84.3525910007791, 33.758470172779106], [-84.35289596713997, 33.75822287384788], [-84.35297902716775, 33.7581731634823], [-84.35312315107532, 33.75824519570455], [-84.35341884951738, 33.75824501646058], [-84.35356634120893, 33.75806036132485], [-84.35389908437669, 33.75772791610185], [-84.3541168198319, 33.75746172179346], [-84.35456698448539, 33.757169956436954], [-84.35506280511488, 33.75698604659337], [-84.35509809183756, 33.75687810270461], [-84.35515540165774, 33.756878073577], [-84.35545077221474, 33.756841059091066], [-84.35552489131052, 33.75650885112383], [-84.35526608667715, 33.756102258259936], [-84.35522919197012, 33.755658591708944], [-84.35541381732057, 33.75536328002756], [-84.35563560687265, 33.75506773056869], [-84.35596799251093, 33.754735255068375], [-84.35637455473714, 33.75469839052721], [-84.35674401384722, 33.75469836065197], [-84.35718762259577, 33.75477229959184], [-84.35770487163805, 33.75495695508813], [-84.3578389227363, 33.75511356644186], [-84.35790872003726, 33.75512915302317], [-84.35883947618125, 33.755250716907476], [-84.35964047337737, 33.75506808757627], [-84.36031966800412, 33.754511469926115], [-84.36069362767374, 33.75414010268091], [-84.3611285335438, 33.75414069869578], [-84.36149459612378, 33.7540148737417], [-84.36236455518765, 33.75426327601044], [-84.36292147113794, 33.7542625306195], [-84.3636006370186, 33.754201525799914], [-84.36427950376029, 33.75432401340153], [-84.36483647989768, 33.754384690251996], [-84.36545437169282, 33.75451108154718], [-84.36619472092917, 33.75444957051776], [-84.3667513691815, 33.75469365156758], [-84.36849087138924, 33.755808585995524], [-84.36879631565385, 33.755498463574554], [-84.36904054602002, 33.754881465039155], [-84.36935332053733, 33.75432404178311], [-84.37015425844466, 33.753645621778944], [-84.37058928379066, 33.75333567825707], [-84.37158107596662, 33.7530877826832], [-84.37226032988218, 33.75259222913992], [-84.37269514592073, 33.752035431844014], [-84.37319108602614, 33.750982069465664], [-84.37374800197642, 33.75067358475217], [-84.37493038072307, 33.7499944494424], [-84.37505251027922, 33.7499027774267], [-84.37523585373374, 33.74975027957568], [-84.37554085153565, 33.7497503983366], [-84.37599125424268, 33.74972011877782], [-84.3763879529671, 33.7496288348699], [-84.37669283039475, 33.74951001244975], [-84.3770285829187, 33.74929612092279], [-84.3773644549186, 33.749143354592235], [-84.37766951290763, 33.74899118329321], [-84.3780053256187, 33.748960725696726], [-84.37846288071205, 33.74893029796673], [-84.37928742185345, 33.748839191734746], [-84.3799202140042, 33.74877717245682], [-84.38062205965085, 33.748808822969266], [-84.38150742751678, 33.748808822969266], [-84.38223981947634, 33.74886908320014], [-84.38291117630226, 33.74896129187037], [-84.38346049250522, 33.74908261726592], [-84.38406312551696, 33.74935751315329], [-84.38464319823863, 33.74953632814707], [-84.38503992750577, 33.74972044667758], [-84.38561979091998, 33.75014665033175], [-84.38651254922574, 33.7506277188695], [-84.38717633774537, 33.75099404920734], [-84.3878781815954, 33.75147887293079], [-84.38851899210837, 33.75190588047775], [-84.38928202021239, 33.75251644123643], [-84.38992286036978, 33.75285144910619], [-84.39047226640427, 33.75351994547656], [-84.39056393858071, 33.754079633291745], [-84.39093748053372, 33.754049831028446], [-84.39133420980087, 33.75383644675997], [-84.39184537814698, 33.753713838959484], [-84.39239538066283, 33.753470324251595], [-84.39297491709029, 33.75319498071585], [-84.39355451190822, 33.75285931691908], [-84.39428720300678, 33.75237514781752], [-84.39483637098775, 33.75185578328664], [-84.3954695512107, 33.75136803828883], [-84.39589709538703, 33.751123867852], [-84.39635453100443, 33.750818154702365], [-84.39669028352839, 33.7506084364737], [-84.39717862478483, 33.75042571808068], [-84.39769730484336, 33.750394931602735], [-84.39806390281925, 33.75021188635069], [-84.3982772886318, 33.75002904984599], [-84.39878085812896, 33.749842575435345], [-84.39901760732545, 33.74932726407978], [-84.39913958865958, 33.748656115525236], [-84.3995667753064, 33.74783154470695], [-84.3999633841993, 33.747286966404396], [-84.4005127605894, 33.74655415671256], [-84.40072638355723, 33.7461576072619], [-84.40081820485399, 33.745699336992054], [-84.40103185746622, 33.74533729849078], [-84.40161133370654, 33.745123614669865], [-84.40252695054303, 33.74466546361873], [-84.40325180294242, 33.744207670907805], [-84.40386209588858, 33.74384145948054], [-84.40408629831549, 33.7436332607223], [-84.40435058536703, 33.743388047140954], [-84.40486917559403, 33.742747207342134], [-84.40544921777298, 33.742258152607334], [-84.40609014776189, 33.74171270900447], [-84.40660122807313, 33.74131604005919], [-84.40715078232964, 33.741438109820855], [-84.40763888553253, 33.74165244822707], [-84.40800509633452, 33.74183534516933], [-84.40840191363657, 33.74201460686144], [-84.40876806604805, 33.74195351190617], [-84.40937862579383, 33.74177439948508], [-84.41008035196455, 33.74162213966428], [-84.41092718569806, 33.741316606283235], [-84.41187332010136, 33.74134727201869], [-84.4128194841491, 33.74150021806968], [-84.41333828278523, 33.74156026979528], [-84.41361284925858, 33.741682549114785], [-84.41419268662165, 33.74204491528556], [-84.41430721643049, 33.741469283470245], [-84.41413162094527, 33.74095024581115], [-84.41382644527694, 33.74024875850831], [-84.41342977529862, 33.73955037080147], [-84.41312471910624, 33.73872600900442], [-84.4128195137935, 33.73796736122177], [-84.41269744262786, 33.737082142020604], [-84.4126059797589, 33.73647176048181], [-84.41269726476143, 33.73589627728243], [-84.41269726476143, 33.73491935689794], [-84.41291109613842, 33.734279024585305], [-84.41318575423989, 33.734068739236484], [-84.41339931791892, 33.73367186087962], [-84.41373501115407, 33.73333727040658], [-84.4141013710764, 33.733152734954466], [-84.41458178470045, 33.73318378909549], [-84.41500921029915, 33.73315347978186], [-84.41506994629383, 33.73287888084192], [-84.41500897134728, 33.73257400362906], [-84.41473446236613, 33.732149648330015], [-84.41452069027797, 33.73169274807761], [-84.41433755433425, 33.731051820163714], [-84.41452077921117, 33.73044063294333], [-84.41494817426717, 33.72968231308958], [-84.41580233915171, 33.72849135239975], [-84.41638235168627, 33.727916197450654], [-84.41711477418855, 33.72736646385579], [-84.41775561344762, 33.7268175650125], [-84.4181142541467, 33.72645451216844], [-84.4185719889031, 33.726301953951435], [-84.41915188286002, 33.726333425227644], [-84.41954867051766, 33.726210282017014], [-84.41976223419667, 33.72602768349075], [-84.42009795707622, 33.725173340618916], [-84.42022008753067, 33.72468446214857], [-84.42061675571239, 33.724169866346756], [-84.42122713759174, 33.72365148388568], [-84.42171533062616, 33.72319348116332], [-84.42237947487864, 33.722311809497654], [-84.42286748735168, 33.72185491066435], [-84.42320327131667, 33.72124455828986], [-84.42366118393949, 33.720576210864444], [-84.42381362265331, 33.7196003638737], [-84.42411924568265, 33.719081236513865], [-84.42424083894457, 33.71883742398512], [-84.42460707939095, 33.718959732699], [-84.42506490308057, 33.719142898434875], [-84.42530898432639, 33.71871910885019], [-84.42506484379174, 33.718047603522834], [-84.42469857280264, 33.71765099404131], [-84.42417971397937, 33.717070920804], [-84.42405785212118, 33.71673972818687], [-84.42424071946864, 33.71634225411362], [-84.42457638305937, 33.71631137918803], [-84.42485121992563, 33.71631140907663], [-84.4251870326367, 33.71643428404138], [-84.42549229723824, 33.71646402689379], [-84.42549173219793, 33.716098202916406], [-84.4252786149816, 33.71585394329854], [-84.4252938441206, 33.71536563194786], [-84.42541567633438, 33.71469805995949], [-84.42535490889868, 33.7140574280717], [-84.42535505801901, 33.713751984845395], [-84.42514122664204, 33.71332509599512], [-84.4248359314978, 33.71308128355957], [-84.42451937417482, 33.712978545018466], [-84.42443913934859, 33.712609463137184], [-84.42446980783238, 33.71211878322864], [-84.42517515960358, 33.711352096610206], [-84.42566584007304, 33.71089208389427], [-84.42635418044769, 33.7107082429643], [-84.42672057091272, 33.71064711824699], [-84.42693401511582, 33.71022016987271], [-84.4269339261826, 33.70942692085478], [-84.42705599644992, 33.7089425439973], [-84.42705599644992, 33.70842332828522], [-84.42693386599548, 33.708119046478664], [-84.42681185591526, 33.707599532102705], [-84.42681179572816, 33.70699314442678], [-84.42687297998215, 33.70644308254657], [-84.42702559746071, 33.70589471950631], [-84.42717806581895, 33.7054672348521], [-84.4271170019392, 33.70498312636796], [-84.42699502060509, 33.70473797198377], [-84.42693392528429, 33.70434133241491], [-84.42705596590721, 33.704036992054924], [-84.42701045815323, 33.70345665122981], [-84.42701042850882, 33.703002284160455], [-84.42697979056774, 33.7025750683511], [-84.4269795830569, 33.702087262922795], [-84.42679650640201, 33.70163033419216], [-84.42655242605447, 33.70120568093755], [-84.42633895130868, 33.700809042247585], [-84.42618639401724, 33.70044330777812], [-84.42658312238605, 33.700199524539805], [-84.42697967199013, 33.69977233739151], [-84.42762080948987, 33.69922650867677], [-84.42832250511786, 33.698799023722216], [-84.42881084637429, 33.69873816780307], [-84.42936007364406, 33.69873816780307], [-84.42965794780577, 33.69852427602382], [-84.42977957071207, 33.698005297779964], [-84.42965788851696, 33.69767070730064], [-84.42951286988738, 33.697276779483], [-84.4292075154543, 33.69694126538991], [-84.42887170274322, 33.696514347542845], [-84.42871908526465, 33.69620887331696], [-84.42887164345441, 33.695873091224094], [-84.42923806176724, 33.69538901163425], [-84.42963485032317, 33.69487009292985], [-84.42996270575748, 33.69432128305832], [-84.43026832878681, 33.69404555239961], [-84.43081752641217, 33.69365314464164], [-84.43106145853768, 33.69356165160964], [-84.43139712212843, 33.69359252723958], [-84.43191624954795, 33.693623103893366], [-84.43237380374299, 33.69359249659564], [-84.43283168672141, 33.693562217401364], [-84.43325887336823, 33.693591900907606], [-84.43358714651914, 33.693714388332005], [-84.43373943611262, 33.693954952940025], [-84.43398393417678, 33.69425959285108], [-84.43428919967663, 33.6945033750058], [-84.43438686271767, 33.694438823861184], [-84.43447242545187, 33.69438222880497], [-84.43407524882372, 33.69398493452695], [-84.43386219269284, 33.693775244819726], [-84.43386144709115, 33.69359258628519], [-84.4341059460536, 33.6933177195425], [-84.43438054396798, 33.69325656525932], [-84.43459428641174, 33.693226553521626], [-84.43477700463883, 33.693226226900805], [-84.43483839730199, 33.692951597412765], [-84.43453310215773, 33.69273788481046], [-84.4343194199011, 33.69258529733169], [-84.43431921059364, 33.69240180438576], [-84.43454815163369, 33.692128040024166], [-84.43470097841971, 33.691857136692], [-84.43482272080196, 33.691612192250716], [-84.43494500037674, 33.691490479158304], [-84.43540273423483, 33.69109380982003], [-84.43613569303133, 33.690544046764174], [-84.43662340726371, 33.69014734764449], [-84.4372035096298, 33.689540602080974], [-84.43726442528752, 33.689113951678806], [-84.43740935498388, 33.68868628785141], [-84.4378672083179, 33.688625729732244], [-84.4385081966973, 33.68844250563893], [-84.43902684711142, 33.688198721987575], [-84.4396377940311, 33.687835759999274], [-84.43988148810305, 33.68734819379543], [-84.43969832341327, 33.68655402123383], [-84.4392099219697, 33.6862188935793], [-84.43878237779337, 33.686249203017454], [-84.43844701244329, 33.68612695386333], [-84.43814171729905, 33.685978031496624], [-84.43805013405583, 33.68588716490411], [-84.43863023732023, 33.685825413328985], [-84.43927137392166, 33.68582568242197], [-84.43988115931967, 33.68521550902777], [-84.44000343889446, 33.68494144669958], [-84.44027803770713, 33.684452510369525], [-84.44040010707616, 33.684029525846256], [-84.44067479572035, 33.68405980466153], [-84.44110225006516, 33.68408978596301], [-84.44146059432019, 33.68384638987759], [-84.44231829946527, 33.683597997562366], [-84.4424103004251, 33.683229986946934], [-84.44213429395236, 33.68286197849365], [-84.44139827369735, 33.68240196496414], [-84.44118579158994, 33.68206938583959], [-84.44069292102785, 33.681297933214665], [-84.44057025068591, 33.680776586687905], [-84.44060091737308, 33.679580553709066], [-84.44090759232961, 33.6784765223578], [-84.44069292102785, 33.67801651077965], [-84.44047824882776, 33.67746449468383], [-84.4402931177258, 33.67644912396251], [-84.44059742921483, 33.67585205914071], [-84.44098151559265, 33.67490464119874], [-84.44105833322755, 33.67462297528128], [-84.44099514034056, 33.674252663321276], [-84.4409952598165, 33.67391687992759], [-84.4409340459181, 33.67339823080016], [-84.4409341348513, 33.673092756651585], [-84.44108666339666, 33.67263830005934], [-84.4408730098861, 33.67233339288084], [-84.44065953603862, 33.672211978444274], [-84.44014061792656, 33.67205852618831], [-84.43959127207917, 33.67199799672635], [-84.43901140776663, 33.671784553497446], [-84.43852330546206, 33.67154026357907], [-84.43818740291945, 33.67108187383807], [-84.43797386978315, 33.67059806357085], [-84.43766851445179, 33.6701405375388], [-84.43742428498392, 33.669834736323686], [-84.43700520473418, 33.669407429648906], [-84.43639458480128, 33.66916394564723], [-84.4356010966226, 33.66898021430461], [-84.43489892488752, 33.66888848193766], [-84.43444124941993, 33.668858471411426], [-84.43383083879449, 33.66864869200073], [-84.43319759838438, 33.6684041943053], [-84.43246505730448, 33.66822099963589], [-84.43167172004279, 33.668068412001396], [-84.43109185483195, 33.66797694855845], [-84.42465240568524, 33.665936413087096], [-84.42437759846342, 33.66575262251454], [-84.42379779433801, 33.66547882861382], [-84.42327887622594, 33.665296109954106], [-84.4228517192235, 33.66511264698413], [-84.42211971443781, 33.66462844800005], [-84.42173007916648, 33.66432246793516], [-84.42102814458663, 33.663895132381505], [-84.42053998209492, 33.66368189708506], [-84.41992936216201, 33.66337686993057], [-84.4192887313121, 33.66313246117795], [-84.41834277567351, 33.66289255201555], [-84.41749549547733, 33.662770780319164], [-84.4166717888708, 33.66258695905753], [-84.41596988393535, 33.66252655003626], [-84.41551206024575, 33.66264736878402], [-84.41297138207712, 33.66115272252367], [-84.41275758034456, 33.660759420664306], [-84.41245243432064, 33.6601497243842], [-84.41199484868459, 33.65966099626681], [-84.4116893460295, 33.65932536302432], [-84.41117072436148, 33.65896371177161], [-84.410743419137, 33.65884161224937], [-84.41041517652883, 33.65838325129363], [-84.41035423032837, 33.65786457205799], [-84.41004899537124, 33.657345475454576], [-84.40971354018963, 33.65704473949329], [-84.40910292025673, 33.656678201188065], [-84.40858433002973, 33.656281710713316], [-84.40797376938562, 33.65591490445791], [-84.40754655309436, 33.655732454114904], [-84.40681416113482, 33.65582317161851], [-84.40624183638246, 33.656098664452486], [-84.40599772639052, 33.65649560216858], [-84.40550959354323, 33.6566169864471], [-84.40462425622002, 33.656617017104224], [-84.40380028101724, 33.65640303697014], [-84.40315953069137, 33.65631202023535], [-84.40240410143636, 33.65628192007976], [-84.40176329182168, 33.65625116414788], [-84.40158021606511, 33.656281710713316], [-84.40116861518845, 33.656281620984835], [-84.40104597898248, 33.65634301467344], [-84.40074080331416, 33.655854196890076], [-84.40037456196947, 33.65537023667345], [-84.39991679846699, 33.654942811790725], [-84.39894041509308, 33.65420976356948], [-84.39861208265337, 33.65375244648948], [-84.3981848654638, 33.65347829585424], [-84.39754426425829, 33.65335890741348], [-84.39714744695625, 33.653268158897184], [-84.3962927161331, 33.652962625975476], [-84.3955601454088, 33.652688593215], [-84.39474344116991, 33.6522003125126], [-84.39395034196177, 33.65168163265132], [-84.39330944341388, 33.65116605295816], [-84.3925466812112, 33.65046361093319], [-84.39184465859644, 33.64958301157508], [-84.39157008942817, 33.6492168011807], [-84.39126461551916, 33.64860591263061], [-84.39096718782018, 33.648088067349555], [-84.39075368432829, 33.64742034665103], [-84.39050936413058, 33.646718561304986], [-84.39044820952098, 33.645955949496766], [-84.39026543290338, 33.64525768048869], [-84.39011263576175, 33.64486092202453], [-84.38980766850257, 33.644555270266906], [-84.3893804216686, 33.64431130761428], [-84.38907518671148, 33.643945364956544], [-84.38916623366048, 33.64324733540566], [-84.38933482498142, 33.6428501892627], [-84.3894871145749, 33.642392365357125], [-84.38994464002384, 33.641847162534624], [-84.39015873999708, 33.64160263430109], [-84.39070778760379, 33.64117553667262], [-84.39116537323986, 33.64093130642782], [-84.39140215208074, 33.6405657210971], [-84.39121895774653, 33.640077171944995], [-84.39098259482563, 33.63953158052118], [-84.39056879936471, 33.638730018536386], [-84.39049306060647, 33.63845618951535], [-84.39054083570824, 33.63797842876412], [-84.3906602748101, 33.637094571716084], [-84.39080360460694, 33.636377929482485], [-84.39095198832555, 33.63569360697068], [-84.39082961981757, 33.6351138923018], [-84.39067718110374, 33.634931203409494], [-84.39037203418151, 33.63456469509419], [-84.39031094065734, 33.634050128052586], [-84.3902500537457, 33.633469936357365], [-84.39018886949171, 33.632737335048674], [-84.38994472895705, 33.632462855707885], [-84.38954794040113, 33.63222312582693], [-84.38899874277574, 33.631825622927465], [-84.38875457169837, 33.63167321309561], [-84.38838827196318, 33.631459798488564], [-84.38802221028153, 33.6313373413234], [-84.38774740305969, 33.63106283209072], [-84.38759478558113, 33.63091098935694], [-84.3871292426683, 33.630666281972886], [-84.38667147916583, 33.630514022673715], [-84.38578711471806, 33.62999982336597], [-84.38540490671748, 33.629498174167516], [-84.38511824802212, 33.62863820575775], [-84.38471215291983, 33.62784990138248], [-84.38456882402131, 33.62737213938961], [-84.3845593728462, 33.62709804387526], [-84.38452104891955, 33.625986633251905], [-84.3845715207638, 33.62561746961212], [-84.38464944961468, 33.62504747032954], [-84.38447439132202, 33.624578620325536], [-84.38412552698817, 33.624462868296355], [-84.38386776529885, 33.62446319517829], [-84.38371437257419, 33.62405439731738], [-84.3835613364807, 33.6238501614757], [-84.38340806413031, 33.623543883851625], [-84.38310178533081, 33.623288507422664], [-84.38279544724253, 33.623033368857065], [-84.382693343829, 33.62277811284351], [-84.3818455875257, 33.62233176251827], [-84.38057951993056, 33.622188434219126], [-84.37952302390134, 33.62227743143618], [-84.37939881564364, 33.62228789416663], [-84.37881314102783, 33.62233575626137], [-84.37739431132538, 33.62210288160705], [-84.3763944127523, 33.622041876416354], [-84.37492193925435, 33.62221654680237], [-84.37184726295497, 33.62257208917699], [-84.36956601285051, 33.62241917376089], [-84.36800952711054, 33.62205299220948], [-84.36390467272481, 33.620705957832925], [-84.36141731046663, 33.61987408457555], [-84.36114205588379, 33.619899089004925], [-84.3602727822345, 33.61997782605486], [-84.35882316726725, 33.6199774692338], [-84.35762561956874, 33.61961495325152], [-84.35461934009678, 33.618734146136255], [-84.35284940925541, 33.61826508747904], [-84.35191442024983, 33.6179210491136], [-84.35160221077282, 33.61785166855252], [-84.35134689519603, 33.617596412898784], [-84.35114259943582, 33.61744337718979], [-84.35088743208102, 33.617136890521785], [-84.35073427830825, 33.616830582302946], [-84.35050217699502, 33.61636652993536], [-84.35015596358959, 33.615930313658666], [-84.34413633939597, 33.6141146072947], [-84.34267909503701, 33.6138018015066], [-84.34200738068162, 33.614060933103694], [-84.34114800017855, 33.61431270260162], [-84.34103820898285, 33.61444228343968], [-84.34071823536685, 33.61465082893353], [-84.33954757065152, 33.61524304804518], [-84.33739578215254, 33.616112456347295], [-84.33611340294848, 33.61659063087813], [-84.33428764540548, 33.617460041295764], [-84.33083174296415, 33.61911191802098], [-84.33037749726431, 33.61969193487605], [-84.33014930182595, 33.62014773030369], [-84.32989896201752, 33.620553609117266], [-84.32964337784446, 33.621087547312854], [-84.32945994455838, 33.621599104633276], [-84.32919857703152, 33.62229421429251], [-84.3289980667719, 33.622878071792584], [-84.32876474464821, 33.62357326987288], [-84.32852558167856, 33.62417390643213], [-84.32834217713857, 33.62446313758122], [-84.32813117725136, 33.62465771738121], [-84.32771919009915, 33.624896672434375], [-84.32747424467398, 33.62503570041518], [-84.32709641057053, 33.62514161836643], [-84.3264658821743, 33.625172880593375], [-84.32593662265667, 33.62521841852378], [-84.32562375740952, 33.62533607770113], [-84.32521838724766, 33.62538814338983], [-84.32464332083707, 33.62537532781009], [-84.32412726385918, 33.62525787663222], [-84.32371605105472, 33.625244764074445], [-84.32287306211063, 33.62525784745996], [-84.3222066226626, 33.62531658690703], [-84.32179523199171, 33.62541451880876], [-84.32144895750082, 33.625603763194164], [-84.32062915497254, 33.6262638252738], [-84.32011950657588, 33.62655105973908], [-84.31931618453979, 33.626929728603116], [-84.3189829338239, 33.6269887960266], [-84.31841430563894, 33.626982210708], [-84.31811389822813, 33.626975564053595], [-84.31770879486594, 33.62702140022775], [-84.31715384622612, 33.62704101106271], [-84.3161410137096, 33.62701487325494], [-84.31576869346534, 33.62708666693621], [-84.31544879530783, 33.62721726079206], [-84.31530476033349, 33.62740030638056], [-84.31507581929344, 33.62785088797357], [-84.31484094667758, 33.6281384215759], [-84.31457981900091, 33.628314701971114], [-84.31422687002745, 33.62843227239814], [-84.3140051110181, 33.62843894885933], [-84.31371763755077, 33.6284193383426], [-84.31354779397832, 33.628321258764636], [-84.31335205197622, 33.62826919410063], [-84.31297916579335, 33.62822317907501], [-84.31269184144637, 33.628223417680886], [-84.31220189040893, 33.628229854804395], [-84.31195354755539, 33.62828215809795], [-84.31169215218074, 33.62843236215566], [-84.31146377707934, 33.62868055622272], [-84.311410937276, 33.62881123966327], [-84.31137219473442, 33.62905937280083], [-84.31133524253521, 33.62963176970576], [-84.31109615592234, 33.62995779816676], [-84.31022674752575, 33.63067505927954], [-84.30983551325322, 33.630935882877395], [-84.30916041584247, 33.630566489879676], [-84.30809669466339, 33.63065332431804], [-84.30740116776646, 33.63078373550062], [-84.30679258161935, 33.63124017532876], [-84.30646655156173, 33.63134885158482], [-84.3058362306763, 33.63137058711878], [-84.30540152602885, 33.63137058711878], [-84.30509723340445, 33.631327116045426], [-84.30487988152987, 33.631327116045426], [-84.30470599823359, 33.63154446820103], [-84.30470599823359, 33.63178355598588], [-84.30472773476852, 33.632218261932806], [-84.30503202739293, 33.632587760038305], [-84.30498855791633, 33.63278337683259], [-84.30476605869518, 33.63296879053764], [-84.30472773476852, 33.63300072905316], [-84.30452728649266, 33.63306754470031], [-84.3035540310526, 33.63339196331334], [-84.30296718054211, 33.63360931549394], [-84.30129356796382, 33.634174430241885], [-84.29985904379502, 33.634391782691644], [-84.29872881135232, 33.634304842076745], [-84.29826193713622, 33.63414385264545], [-84.29782336883473, 33.633743167180405], [-84.29765373456975, 33.63362562644022], [-84.29750338174401, 33.63357976087115], [-84.29724204475987, 33.63355350537787], [-84.29706516737873, 33.63352105024437], [-84.29690232797056, 33.63345560441892], [-84.2965822214039, 33.63342273264828], [-84.29622286474753, 33.63339692437292], [-84.29595544886386, 33.633449076437806], [-84.29571971206869, 33.633592903573415], [-84.29554989814065, 33.633638382453704], [-84.2952885908009, 33.63366451899964], [-84.29435446687293, 33.63362547760134], [-84.29356434827488, 33.633579850623235], [-84.2930871533145, 33.633501321215014], [-84.29282605528222, 33.63340994743337], [-84.29259055743891, 33.63329237781685], [-84.29229658645714, 33.633063674116684], [-84.29200288496993, 33.6328675755373], [-84.29182654478134, 33.63280227880348], [-84.29164987580937, 33.63278940374351], [-84.29153907221232, 33.63282850460811], [-84.29144754735961, 33.6329394286636], [-84.29120564183337, 33.63334462119328], [-84.2910946882177, 33.63359928195681], [-84.29095110060437, 33.633847445429566], [-84.29068305859494, 33.63425895592736], [-84.29046097080219, 33.63465750291891], [-84.29034337145004, 33.6347880374297], [-84.29023912285963, 33.63485360191043], [-84.29010167523127, 33.634833872438385], [-84.28990581375325, 33.634755433176565], [-84.28963139370529, 33.6347358831839], [-84.28929814478603, 33.63479462364738], [-84.28914162322924, 33.63487309279044], [-84.28889307106822, 33.6350428465013], [-84.2887494834549, 33.6351084122839], [-84.2885992797495, 33.63513445938115], [-84.28844889638106, 33.63508209667505], [-84.28834440973709, 33.63497766958841], [-84.2882071705179, 33.634833664515696], [-84.28798526238819, 33.6347884540233], [-84.28774359491551, 33.63482716730387], [-84.2875149215734, 33.63492578321374], [-84.2873190017049, 33.635029972524194], [-84.28697005382772, 33.63526119373653], [-84.28681790616805, 33.63539160542159], [-84.28662228813347, 33.63545681044213], [-84.28629625987244, 33.63543507593941], [-84.28605717236125, 33.63523945843651], [-84.28594034556025, 33.63493180399137], [-84.28592738107407, 33.63480117994765], [-84.28596651168785, 33.63463801273804], [-84.28609093643952, 33.63447472555103], [-84.28612991793297, 33.63438320097281], [-84.28613003740891, 33.63420027568074], [-84.2860384254196, 33.63401723033129], [-84.28586205378997, 33.63380181856904], [-84.28575759768876, 33.63360595801751], [-84.28558769482748, 33.633154959261056], [-84.28545710044642, 33.632769674546545], [-84.28541126390905, 33.63244962756749], [-84.28538338110094, 33.632261732556415], [-84.28529644035112, 33.63184876149422], [-84.28505735283993, 33.63156620443355], [-84.28460091345418, 33.63124017607673], [-84.2841662070101, 33.630979353400235], [-84.28375323799925, 33.63082720759619], [-84.28327506387521, 33.630783736996555], [-84.28290556434098, 33.630696795731446], [-84.2826882124664, 33.630544649428316], [-84.28253417924294, 33.63032215624622], [-84.28249259533014, 33.630262091829444], [-84.28221003744403, 33.63010994475848], [-84.28188400918302, 33.62997953479966], [-84.28164492077353, 33.62980565205423], [-84.28144930363725, 33.62954483026987], [-84.28124987584754, 33.62926188119393], [-84.2810864390597, 33.62907230825625], [-84.28079724711523, 33.6288493011519], [-84.28047121885423, 33.628588478715734], [-84.2801451905932, 33.628414596902246], [-84.2798191623322, 33.62832765623789], [-84.2795148697078, 33.62806683446624], [-84.27929751783323, 33.627740806328276], [-84.2790149581505, 33.62752345355073], [-84.27848016590903, 33.627217053598926], [-84.27825787060546, 33.62715846205366], [-84.2779770428746, 33.62711933168751], [-84.2778268391692, 33.62704741910292], [-84.27757202934392, 33.626890599629085], [-84.27718677425791, 33.62664875387128], [-84.27692510938869, 33.626433252621716], [-84.27655275950003, 33.62626334954709], [-84.27630465559837, 33.626204639169444], [-84.27600403977841, 33.626224188854486], [-84.27562516183262, 33.62638112847292], [-84.27544223519637, 33.62652477592351], [-84.27517440159609, 33.626772850571555], [-84.27495878167338, 33.627001523851284], [-84.27464541067472, 33.627164900004686], [-84.27366541966666, 33.62752407811986], [-84.27302514724452, 33.627792029828846], [-84.27246993000846, 33.62813177725462], [-84.27234592297337, 33.62830814667314], [-84.27223484898344, 33.62840586873188], [-84.27212365641589, 33.628490866068965], [-84.27175539296348, 33.62865368439882], [-84.27103490907132, 33.62868883183921], [-84.27086424713363, 33.6286971553254], [-84.2702121906116, 33.6287188907805], [-84.27019068314709, 33.628726059388065], [-84.2698209572374, 33.6288493011519], [-84.26947319423807, 33.629066653576054], [-84.26910369290721, 33.629197064916895], [-84.26838643127198, 33.629262271635234], [-84.26758222888692, 33.62917532958246], [-84.26679976124014, 33.629110124294286], [-84.26599555616012, 33.629110124294286], [-84.26549564639947, 33.629044918956694], [-84.26519135287676, 33.628936243533744], [-84.26495226536557, 33.62889277272776], [-84.26489505525839, 33.628918778322166], [-84.26471317785439, 33.62900144820561], [-84.26458276762796, 33.629305741506776], [-84.26456103199136, 33.62984912389549], [-84.26458276762796, 33.63069679647942], [-84.26456610387945, 33.63166855186512], [-84.26401765005915, 33.631327117541296], [-84.2636046810483, 33.63119670643344], [-84.26284394813985, 33.63097935414821], [-84.26217015687952, 33.630805472673075], [-84.26149636382256, 33.63069679647942], [-84.2607356309141, 33.630609855874525], [-84.26012704476699, 33.63056638516521], [-84.25945325350666, 33.630262092577425], [-84.25884466556293, 33.62984912389549], [-84.2585186373019, 33.62943615323364], [-84.25830128542734, 33.629066653576054], [-84.25799699190463, 33.62830592143208], [-84.2575622881555, 33.627262631588216], [-84.25697543674669, 33.62648016245869], [-84.25660593721246, 33.62615413429991], [-84.25632337842802, 33.62593678275523], [-84.25584520430397, 33.62565422425417], [-84.25525835289517, 33.62550207802084], [-84.25467150328298, 33.62519778549612], [-84.25432373938536, 33.62474134581593], [-84.25422984387862, 33.62453477780232], [-84.25410638481586, 33.6242631686398], [-84.25406291444092, 33.62371978841792], [-84.25395423805449, 33.6232850837178], [-84.25380209219145, 33.62295905693262], [-84.25334565280572, 33.62254608690299], [-84.2528022717718, 33.62215485350123], [-84.25232409764776, 33.62191576442582], [-84.25204153976166, 33.62182882318743], [-84.25160683331758, 33.621633206950314], [-84.25104171844369, 33.621198502195696], [-84.25088866797715, 33.62109136681965], [-84.25060701379626, 33.62089420943268], [-84.25012883877388, 33.62065512209567], [-84.2495854586383, 33.620589917091195], [-84.2491072827176, 33.620568181829434], [-84.2484986965705, 33.62032909433583], [-84.24808572666134, 33.62002480149489], [-84.24782490531018, 33.6195683613408], [-84.24754234652576, 33.61904671484101], [-84.24725978953798, 33.61882936257227], [-84.24669467196917, 33.618698953491254], [-84.24578089937394, 33.6186790153498], [-84.2453284700676, 33.61869612207048], [-84.24499298434328, 33.618695854263734], [-84.24454288616514, 33.61843812950082], [-84.24415165009596, 33.618394658634315], [-84.2436517403353, 33.61837292431493], [-84.24347178083443, 33.61834645921665], [-84.24319888522753, 33.61822628895628], [-84.24281309294899, 33.618083953248416], [-84.24245251458382, 33.61786582953462], [-84.24208371034561, 33.61759763824264], [-84.24184043399026, 33.61737128970844], [-84.2415975753515, 33.61722886431543], [-84.24132083136193, 33.6172035912999], [-84.24108595874607, 33.61726239159538], [-84.24087626950087, 33.617438613451235], [-84.2407004656065, 33.61770662420458], [-84.24065862387721, 33.61803349673172], [-84.24059988304077, 33.61827665409591], [-84.24048237262183, 33.618460982161906], [-84.23997084494958, 33.61907318196842], [-84.23953495542428, 33.61944186646521], [-84.23908228896272, 33.61971011709855], [-84.23819346348127, 33.62019661018797], [-84.23779962589103, 33.62036421824264], [-84.23750992190685, 33.62042614995718], [-84.23719637843165, 33.62041603484335], [-84.23667473123773, 33.62032909433583], [-84.23608788072724, 33.62030735900828], [-84.23580532373947, 33.62030735900828], [-84.23552276495506, 33.62017694842374], [-84.23526194270556, 33.619916125914465], [-84.23484897279641, 33.619155391517886], [-84.23452294453541, 33.61885109827263], [-84.23423657779252, 33.61877977723719], [-84.23404357924528, 33.618779628372664], [-84.2338090345145, 33.61888864500649], [-84.23337293747834, 33.61922415986508], [-84.23316339645517, 33.6195175945017], [-84.23305446943877, 33.619810938372645], [-84.23307097957537, 33.62008750394652], [-84.23315475376381, 33.6205233924812], [-84.23314667790942, 33.620699614401104], [-84.23308769901945, 33.62092578438714], [-84.23297063506318, 33.62100958849413], [-84.23281947824528, 33.621034980080445], [-84.23266015484312, 33.62100973735482], [-84.23239178494862, 33.620892286210115], [-84.23193080368078, 33.62069126994494], [-84.2314444575826, 33.620573669504786], [-84.23100859949832, 33.62054014126903], [-84.23072356855025, 33.62059903129765], [-84.2305055950415, 33.62071636390267], [-84.23039693572305, 33.620842039294246], [-84.23032946326205, 33.62107670293468], [-84.23020372697005, 33.621646851164726], [-84.2301617352221, 33.621998935480455], [-84.23001939986028, 33.622367858798], [-84.22979278366019, 33.62270328455905], [-84.22956625549499, 33.62290424152451], [-84.22918925592644, 33.62310567526146], [-84.2285355123683, 33.623390586424506], [-84.22771380271668, 33.623566747875024], [-84.22736177721134, 33.623566836889566], [-84.22693735108737, 33.623589379257794], [-84.22628529276871, 33.62380673074036], [-84.2256549718833, 33.62419796412165], [-84.22515506122433, 33.62452399444708], [-84.22500291536127, 33.624893492644674], [-84.22491369468726, 33.625558854538845], [-84.2248722086908, 33.625853420273444], [-84.2247603019626, 33.62601253500362], [-84.2245893561573, 33.62613034419225], [-84.22444824160596, 33.62633055563906], [-84.22410637874144, 33.62686073901589], [-84.22370002492433, 33.62735566644156], [-84.22310487218398, 33.62795648232696], [-84.22255686662301, 33.62829837356355], [-84.22215963160437, 33.62851342809225], [-84.22197655494946, 33.62853694153787], [-84.22176454176264, 33.628525110018046], [-84.22163472262767, 33.62846607207111], [-84.22153461616904, 33.62831303621937], [-84.22148168743249, 33.62807154899838], [-84.22140512581745, 33.627653303246454], [-84.22124008014693, 33.627252520268904], [-84.22095749441306, 33.626881363417354], [-84.22065666928567, 33.62664562650587], [-84.22042719195139, 33.62646302736351], [-84.22025627579049, 33.62623358072025], [-84.22017971327713, 33.626003713837854], [-84.22013551616516, 33.62570014715161], [-84.22008845881732, 33.62551161807021], [-84.2199821530849, 33.625364483971644], [-84.21988195859137, 33.62523490310057], [-84.21981606447035, 33.625126154802466], [-84.2196651169599, 33.6244972656932], [-84.21944729077485, 33.624078155085535], [-84.2190111937387, 33.62336564135408], [-84.21859223206661, 33.62270346333796], [-84.21822321941926, 33.622275978756974], [-84.21812239879998, 33.622066201001466], [-84.21798012272696, 33.621722430648106], [-84.21777886686564, 33.6214456863038], [-84.21739274849864, 33.62105172876882], [-84.21693197384334, 33.6205320069988], [-84.21653792784396, 33.62018829635317], [-84.21612722168932, 33.61988654714432], [-84.2156997664462, 33.61961841600104], [-84.2151295895657, 33.6193582710378], [-84.21494508279287, 33.61921590578121], [-84.21466827861617, 33.61893931047977], [-84.21448395150637, 33.61883008445257], [-84.21421584930984, 33.618729680198236], [-84.21385521165588, 33.6185032127027], [-84.21341914426414, 33.61815124800792], [-84.21310058639304, 33.617991924262114], [-84.21288279075071, 33.61795830749761], [-84.21234620008205, 33.61794149911045], [-84.21199396616757, 33.61793369075356], [-84.21166700455696, 33.61784097487754], [-84.21139029021181, 33.617681652054294], [-84.21115550742746, 33.6174974143344], [-84.21094133289405, 33.617244918032725], [-84.21072286890517, 33.61680798729713], [-84.21050551703058, 33.616329813224176], [-84.21035337026923, 33.61604725463835], [-84.21015775313296, 33.61580816881552], [-84.20985346050855, 33.61563428589621], [-84.20948396187265, 33.61541693399806], [-84.20893368447231, 33.61504095780315], [-84.20862376929254, 33.61477255797837], [-84.20836371420431, 33.61463010285539], [-84.20798650532831, 33.614563226526506], [-84.20778536984126, 33.61459663514755], [-84.20740780433408, 33.614755986865], [-84.20708927700568, 33.61482298273991], [-84.20682108587592, 33.614823072511584], [-84.20659485595141, 33.61477276594954], [-84.20651068111432, 33.614740887257135], [-84.20613673581775, 33.614504054079994], [-84.20554988440895, 33.614004144520955], [-84.205077112753, 33.613548754991676], [-84.204809100388, 33.61317151681238], [-84.20463291021805, 33.61277759027858], [-84.20452395265893, 33.612459062522525], [-84.20434773104796, 33.61203139919385], [-84.20404604174126, 33.61165442893549], [-84.20370227175339, 33.611285357260066], [-84.20336702498093, 33.6110255709341], [-84.2029225242053, 33.61067333779571], [-84.20252856624082, 33.61043858448043], [-84.20219335001109, 33.6103212820226], [-84.20174893816866, 33.61028766525875], [-84.20126238455964, 33.61032116232077], [-84.20074266155706, 33.61044698828385], [-84.20047441203683, 33.61049717392836], [-84.20035704983991, 33.61048069476171], [-84.20022296909721, 33.61037990297199], [-84.1998540759258, 33.61000278409303], [-84.19953548841029, 33.609843401892], [-84.19905760803533, 33.609684257305425], [-84.19884782985693, 33.609659014247704], [-84.1985211071982, 33.60970085707511], [-84.19814366026864, 33.60980981486744], [-84.19777464762129, 33.6098518955303], [-84.19748967775864, 33.60985180650159], [-84.19731390350869, 33.60982662259604], [-84.1971881088262, 33.60973453466726], [-84.19704535574775, 33.60951649979981], [-84.19691949997981, 33.60924824960896], [-84.19685247398152, 33.6089297522038], [-84.19674369608546, 33.60856932273192], [-84.19658416337585, 33.60826724629974], [-84.19633414696091, 33.60778787043658], [-84.19555167841582, 33.60698366534003], [-84.19500829828024, 33.60652722644889], [-84.19453012235955, 33.60622293276171], [-84.19383439154505, 33.60597026202729], [-84.19348218996993, 33.60589495154004], [-84.19301286155648, 33.605844763964555], [-84.19248467462731, 33.60583632978548], [-84.19153734726127, 33.60589465376646], [-84.19122686704121, 33.60589495154004], [-84.1910175056811, 33.605844763964555], [-84.19079085893829, 33.605702041203585], [-84.19061448910529, 33.605542867274856], [-84.1903048128774, 33.605199096853376], [-84.19006177367729, 33.60492250146142], [-84.18970963049264, 33.604679463542844], [-84.1893656215529, 33.60451173595237], [-84.18904733317638, 33.60445293593698], [-84.18877884380593, 33.604461488464885], [-84.18853595462447, 33.6045033008947], [-84.1883095162908, 33.604603914753156], [-84.18810811220746, 33.60476323780772], [-84.18801614179037, 33.604880568777304], [-84.18792369526616, 33.60490578255871], [-84.18786489514092, 33.60495602829081], [-84.18781467841823, 33.605173883905955], [-84.18777289597773, 33.60547613876873], [-84.1876972865769, 33.60561004089479], [-84.18761360221998, 33.605702100309514], [-84.18745407040868, 33.605802802550144], [-84.18724482852448, 33.605903384965174], [-84.18692618172018, 33.60610452176082], [-84.1867583360009, 33.6062554707508], [-84.18641450492758, 33.60659077592097], [-84.18608775352278, 33.60680025691489], [-84.18587854038469, 33.60685065267263], [-84.1856267111695, 33.60684236747711], [-84.18540861728651, 33.60680866107298], [-84.18510657045033, 33.60676696722344], [-84.18474614120552, 33.60663276762679], [-84.18437733786561, 33.60643151235628], [-84.1840840522984, 33.606196879168266], [-84.18389942784626, 33.606062678684246], [-84.18359776818397, 33.60590344556734], [-84.18316184901425, 33.60580289233122], [-84.18265881581132, 33.6056602884611], [-84.18227145417599, 33.605462201701016], [-84.18168460186887, 33.60496229132951], [-84.18129336849462, 33.60459279296858], [-84.18074998835905, 33.604158086811175], [-84.18025007770008, 33.60402767573374], [-84.1800544605638, 33.60389726371086], [-84.17961975681466, 33.60348429511876], [-84.17905463924583, 33.60333214939944], [-84.17853299474687, 33.60328867839638], [-84.17798961461129, 33.603419089843364], [-84.17768532019026, 33.60367991214561], [-84.17744623357738, 33.604136351894745], [-84.17740276320248, 33.604636263314106], [-84.17748970395232, 33.60500576223695], [-84.17748970395232, 33.60531005498266], [-84.1774244988391, 33.60544046636508], [-84.17729408681605, 33.60554914224169], [-84.17715354359319, 33.60554914224169], [-84.17707673314483, 33.60554914224169], [-84.17672897014553, 33.60544046636508], [-84.17653420730709, 33.60541264234392], [-84.17638721418052, 33.605425505034866], [-84.17572512527342, 33.60559323309229], [-84.17528133865844, 33.60569384567887], [-84.1748450017721, 33.6057356881863], [-84.17425798597161, 33.60569384567887], [-84.17408121010011, 33.605698168642434], [-84.1738164496364, 33.6057664950804], [-84.17351215701203, 33.60594037620864], [-84.17316439311438, 33.60626640452992], [-84.17283836485338, 33.60672284405371], [-84.17270795372863, 33.60720101979938], [-84.17275142410355, 33.60778787118476], [-84.17303394426041, 33.6086699954382], [-84.17308425081464, 33.60891297347812], [-84.17307587671955, 33.60910591403722], [-84.1729836978933, 33.609357505734955], [-84.17279093739964, 33.60972645848033], [-84.17269846033271, 33.609977662327125], [-84.17267333714916, 33.61012032564026], [-84.17269014552643, 33.61026272163245], [-84.17276560490862, 33.61037185751911], [-84.17301704694991, 33.61069881846274], [-84.17315145467936, 33.610941857367884], [-84.1731933871385, 33.61111807793248], [-84.17317639999648, 33.61136940116496], [-84.17305765259738, 33.611608327980015], [-84.17296877687644, 33.61178715140034], [-84.17268621809201, 33.61204797606793], [-84.17257483328498, 33.61209571143251], [-84.17253407222898, 33.61211318155037], [-84.1722949847178, 33.61211318155037], [-84.17205589540998, 33.61206971198236], [-84.17162119076252, 33.61198276903988], [-84.1712299573883, 33.612026238651744], [-84.17074512584968, 33.61213245987223], [-84.17013313508764, 33.612216264300905], [-84.1696553140015, 33.61226660078366], [-84.16928648101721, 33.61229160442773], [-84.16913526311386, 33.612341851840306], [-84.16888255265138, 33.61250441640188], [-84.1686434651402, 33.61267829740624], [-84.16840437852733, 33.61272176741548], [-84.16801314425479, 33.61265656239341], [-84.16766538035716, 33.612547885750736], [-84.16729588261954, 33.612547885750736], [-84.16675249978903, 33.61270003316173], [-84.16622971532797, 33.61288553722044], [-84.16607870852872, 33.61293911937725], [-84.16560053440466, 33.61300432568182], [-84.16522841628135, 33.61300423815263], [-84.16501908456564, 33.612928838051495], [-84.16487630184281, 33.61276117064902], [-84.1647838256742, 33.61257675408438], [-84.16471665055556, 33.61232507228254], [-84.1646332042522, 33.612056791929206], [-84.16451587259799, 33.61186408989284], [-84.16429807785399, 33.6116796736533], [-84.16408829787896, 33.61153706903029], [-84.16392692092805, 33.61143938918618], [-84.16366609778025, 33.61141765386094], [-84.16314445328129, 33.61154806498205], [-84.16184033844061, 33.61209144639504], [-84.16083534372494, 33.612501413458716], [-84.16042469865573, 33.61256831981584], [-84.15990482653281, 33.61260190726187], [-84.15949394161343, 33.61256000524515], [-84.15907489010982, 33.6125853073027], [-84.15886523140733, 33.612568498615786], [-84.15873931635059, 33.61249306895686], [-84.15870578852923, 33.61238390283865], [-84.15868060605688, 33.612199694940465], [-84.15858854670655, 33.611990124574056], [-84.15852983641285, 33.61172166512469], [-84.15853829944115, 33.61144509963644], [-84.15855507817402, 33.61111807868056], [-84.15852992444776, 33.61081632988377], [-84.15847115486523, 33.61066541057529], [-84.15830333789206, 33.6104639170861], [-84.15821130818617, 33.610263109915465], [-84.15821115906581, 33.61007019962746], [-84.1582697211375, 33.609910905831576], [-84.15846286970337, 33.60968452738463], [-84.15871425245584, 33.60933253116555], [-84.15884830355412, 33.60910618337007], [-84.1589069536607, 33.608837872798716], [-84.1589060831932, 33.60843992833275], [-84.15892781703317, 33.60807042916453], [-84.15901475868132, 33.60776613643518], [-84.15921037581758, 33.60733143206237], [-84.1592321114542, 33.60694019692613], [-84.15918381712622, 33.60633116922387], [-84.15909989471575, 33.60593709321961], [-84.15906621867238, 33.605668752584414], [-84.15911679202625, 33.60544270341931], [-84.15932618392908, 33.605140774646394], [-84.159418361857, 33.60500651490846], [-84.15944369434803, 33.6048808680507], [-84.15942694525954, 33.604679583252505], [-84.15923409403602, 33.604277132704766], [-84.15894060005968, 33.60375743996794], [-84.15873925706178, 33.60353946555186], [-84.15854661424741, 33.60342228314473], [-84.15810226169381, 33.603329865902246], [-84.15765781841037, 33.603321581116596], [-84.15726412994047, 33.60330483197558], [-84.15700410539495, 33.60323759820024], [-84.15671892712317, 33.60310342827554], [-84.1565680963937, 33.60301145811475], [-84.15643365901987, 33.60281848745629], [-84.1563667228531, 33.60252517404167], [-84.15628285883312, 33.60228210542331], [-84.1562578245828, 33.60207232688844], [-84.15629942915685, 33.601728705739944], [-84.15626605045584, 33.60148560794079], [-84.15621550584807, 33.601217358201964], [-84.15613211793517, 33.6010663495131], [-84.15597240735914, 33.60100784718328], [-84.1555785401245, 33.60097431956684], [-84.15533553146709, 33.60092401315345], [-84.15508396994989, 33.600848822462886], [-84.154983178975, 33.600773214200466], [-84.15489097140266, 33.6006389536477], [-84.15480749365827, 33.600362179766826], [-84.15468983411897, 33.60022803978637], [-84.15453048107241, 33.60016953838427], [-84.15421213340707, 33.600161044540336], [-84.15394379225866, 33.60023638397892], [-84.15297119348708, 33.6006390434341], [-84.1525855817699, 33.60075640470689], [-84.15238423697538, 33.600772945589746], [-84.15223364519777, 33.60072266973591], [-84.15211622461035, 33.6006389536477], [-84.15211622461035, 33.600580332808995], [-84.15215809688237, 33.60048800604829], [-84.15235073879842, 33.60019472062132], [-84.15251846594006, 33.60002684438897], [-84.15257699836737, 33.5999264706081], [-84.15258582072175, 33.59979218105259], [-84.1525185261272, 33.599616078753314], [-84.15232567580199, 33.59933116831155], [-84.15218325060864, 33.59903773454108], [-84.15200693916614, 33.59861022012711], [-84.15186436485247, 33.5984258032216], [-84.15167994791116, 33.59833347639894], [-84.15132789276142, 33.598232863454704], [-84.15122742877331, 33.598157553692], [-84.15118537773655, 33.59796461257673], [-84.151210472174, 33.5975788816937], [-84.1513278038282, 33.59718498343027], [-84.15140344197512, 33.59671538849163], [-84.15148670951376, 33.59620436739832], [-84.15161319050914, 33.59591075463041], [-84.15187303718821, 33.595458147356844], [-84.15207414392918, 33.59512263278119], [-84.15222500250643, 33.594955114076114], [-84.15256042804361, 33.59468674450404], [-84.15295438510978, 33.594367888763045], [-84.15336532931798, 33.59395765962821], [-84.1536502398918, 33.59368085532613], [-84.15381799667784, 33.59346282176737], [-84.15389354499325, 33.59325328143433], [-84.15395201813172, 33.59290957052188], [-84.1540442266024, 33.59227245682588], [-84.15413646381911, 33.59205433440158], [-84.15430440026822, 33.59166863171236], [-84.15439645961852, 33.591325249724726], [-84.154505566298, 33.59089737755602], [-84.15459753581679, 33.59033587246369], [-84.15463961739627, 33.58981611891238], [-84.15471501748965, 33.589539404588294], [-84.15484099093689, 33.58929618787144], [-84.15506728104853, 33.58903640114712], [-84.15536047588591, 33.58882662182348], [-84.15570445428291, 33.58865084809928], [-84.15596430096201, 33.58846622281826], [-84.1562326412121, 33.5881560404113], [-84.15653438980762, 33.587770308319556], [-84.15674404940842, 33.58741008749552], [-84.15688638566854, 33.58701598190282], [-84.15691147830938, 33.586722608010575], [-84.15692840616259, 33.5858423658512], [-84.15691144866499, 33.584207618561535], [-84.15694476717886, 33.583352411424684], [-84.15698705716751, 33.58243855291504], [-84.15702898872833, 33.582086468684686], [-84.15699546090698, 33.58186002991864], [-84.15699599809952, 33.58166747668509], [-84.15708784904068, 33.581449294519906], [-84.15735609856094, 33.58104675353701], [-84.15749849500821, 33.58086227737964], [-84.15768294159392, 33.58072825675348], [-84.15788422620132, 33.58050208683938], [-84.15811039593872, 33.58017515584758], [-84.15823643047139, 33.57984804474955], [-84.15827803414713, 33.5796554024573], [-84.15828661754968, 33.57944574252274], [-84.15821109798037, 33.579211079328005], [-84.1582027535297, 33.578934335483254], [-84.15815247661989, 33.57871653932373], [-84.15816079142614, 33.578456395934815], [-84.1582280258336, 33.57815458748847], [-84.15837891495356, 33.57776071953206], [-84.15847920017691, 33.57744219265946], [-84.15847094465946, 33.57729130251183], [-84.15840374079474, 33.57718231635895], [-84.15824474437935, 33.57699777955141], [-84.1580685533111, 33.57693060610065], [-84.15780855840997, 33.57688885290202], [-84.15739806066449, 33.576888614153994], [-84.156802699515, 33.57682176768085], [-84.15631650433379, 33.576721124408536], [-84.15590561941438, 33.576603822492025], [-84.15572099406394, 33.57651995875751], [-84.15559516883872, 33.57650318046242], [-84.15536074358387, 33.57656189100918], [-84.15491612243397, 33.57664563645121], [-84.15463970632949, 33.57663746959956], [-84.15432123828991, 33.576553605897786], [-84.1538849319463, 33.57643615481592], [-84.15360002137247, 33.576285266651716], [-84.15323935317579, 33.57600020655644], [-84.15294597957367, 33.57571532664137], [-84.15245978439246, 33.57525401608338], [-84.15216635150152, 33.57501926290544], [-84.15165494240689, 33.57466717834505], [-84.15136150951598, 33.574524782709], [-84.15110160264976, 33.57443263388486], [-84.15079115207409, 33.57439058234407], [-84.15038071451572, 33.574365400058866], [-84.14980207191199, 33.57434882941363], [-84.14949165098074, 33.574306868394295], [-84.14927373676078, 33.57422291485951], [-84.14903904290965, 33.57402177931188], [-84.14883737112838, 33.573770277636875], [-84.14871205255297, 33.573585801644036], [-84.14868707759146, 33.573443464849134], [-84.14872909898382, 33.573183439541445], [-84.14869545258483, 33.57304113351837], [-84.14860309499386, 33.57285641870515], [-84.14841873734136, 33.57264708729658], [-84.14817510345651, 33.5724456831207], [-84.14790726985623, 33.572076819386474], [-84.14763085285342, 33.57182522821625], [-84.14749665263483, 33.57164927615462], [-84.14747966549278, 33.57151507581024], [-84.14748827853974, 33.57133912236806], [-84.14755494611025, 33.57119645927573], [-84.14758871198514, 33.57102885070475], [-84.14763892960615, 33.57088633604686], [-84.1476556185075, 33.57076068963732], [-84.14762215087326, 33.57068528927906], [-84.1475602919845, 33.57035981133308], [-84.14716905681364, 33.56990337175064], [-84.14669088179126, 33.56957734146539], [-84.14645179428008, 33.56935998875489], [-84.1462344415072, 33.5690556964361], [-84.14599535489432, 33.568838343909306], [-84.14569106137162, 33.56870793257976], [-84.14538676874722, 33.56853405124905], [-84.14523462288419, 33.56840364020834], [-84.1450390057479, 33.568208023277904], [-84.14486512334994, 33.56796893581569], [-84.14466950531535, 33.56781678958455], [-84.14440868306588, 33.5677733186489], [-84.1441913311913, 33.56781678958455], [-84.1438653029303, 33.56788199482423], [-84.14362621541912, 33.5678602597498], [-84.14310457002183, 33.56762117207305], [-84.1428220112374, 33.56736035003108], [-84.14213911734832, 33.56686245540977], [-84.14161107953947, 33.56642653664832], [-84.14116663805265, 33.56609945653401], [-84.14088160800289, 33.56590684344006], [-84.1405714556679, 33.565797678239136], [-84.14013517807038, 33.565739116812935], [-84.13974956725151, 33.56563012880013], [-84.1392549665342, 33.56538691206678], [-84.13901204770832, 33.565244487650155], [-84.13892806600903, 33.565135619526124], [-84.13892803546632, 33.56495117298862], [-84.13898689488035, 33.564724764123206], [-84.13909576350628, 33.56449013127179], [-84.1391545034444, 33.56431405796961], [-84.13913796366337, 33.56415470587234], [-84.13895318829425, 33.563844433092655], [-84.1387575235473, 33.56357841898539], [-84.13849670039949, 33.56331759745707], [-84.13810546882189, 33.56303503885202], [-84.13777943876426, 33.56286115807413], [-84.13730126374188, 33.56273074595103], [-84.13669267669647, 33.56257860022127], [-84.13636664843544, 33.5624699241082], [-84.13597541416291, 33.56220909923196], [-84.13520002793554, 33.561493359249646], [-84.1351447132736, 33.5614422992213], [-84.13512774050461, 33.56142663260235], [-84.13445394744767, 33.56075284103684], [-84.13356280341445, 33.55955740169031], [-84.13215001308566, 33.5571447924804], [-84.13160663295007, 33.556210177668966], [-84.13156316167685, 33.555840679378164], [-84.13162836679007, 33.55540597537671], [-84.1316718380633, 33.55505821119936], [-84.13158489731346, 33.554558299987534], [-84.13130233852904, 33.55397144885372], [-84.13106325191617, 33.55344980388094], [-84.130824164405, 33.553058570704465], [-84.1305416065189, 33.55275427784079], [-84.13019384351958, 33.5525803950815], [-84.12978953696305, 33.55250992285218], [-84.12959662645072, 33.552510220061336], [-84.12937051600213, 33.55254392671689], [-84.12888396418974, 33.55270319018721], [-84.12799519799708, 33.55297957791809], [-84.12776914863394, 33.55304672283921], [-84.1275593992016, 33.55310546206279], [-84.12736654797813, 33.55310546206279], [-84.12723246813374, 33.55305524527705], [-84.12685508139131, 33.55287902438944], [-84.12635213622329, 33.55271147608998], [-84.12579888629769, 33.55267788853291], [-84.1254466523832, 33.55275337798085], [-84.12514502326364, 33.55284555593044], [-84.12492052259603, 33.552885313667346], [-84.12417617944993, 33.553059627025526], [-84.12384221367506, 33.55318867102845], [-84.12365270148946, 33.55335529608985], [-84.12340242096984, 33.553673941771606], [-84.12323528941123, 33.55381809588069], [-84.12293160404796, 33.55394746814575], [-84.12264332569013, 33.55401541708608], [-84.12234750777215, 33.554045815732024], [-84.12188452865111, 33.55409880409637], [-84.12158856251108, 33.55417479986924], [-84.12120902969345, 33.5543267021284], [-84.120738390638, 33.5545313848515], [-84.12029812092734, 33.55469076817997], [-84.11996451358029, 33.55472125567386], [-84.11966806953653, 33.55468331717704], [-84.11927387531512, 33.55449350690957], [-84.11857581427077, 33.554038425312065], [-84.11829492814942, 33.55382572513125], [-84.1181586115, 33.55363621243061], [-84.11812034506553, 33.55340080456764], [-84.1181126860294, 33.55292295350017], [-84.11805993605762, 33.552786160725645], [-84.11795351174759, 33.55271791361], [-84.11757421698348, 33.55263434783995], [-84.11708078048277, 33.5524144063655], [-84.11670130785222, 33.55215631884838], [-84.1163294044263, 33.55185275198536], [-84.1160792433826, 33.551716405954366], [-84.1157602094044, 33.551625270411606], [-84.11535829416313, 33.55163278082126], [-84.11483439938438, 33.55174677471491], [-84.11415174714209, 33.55193625862007], [-84.11371910772148, 33.55196659660898], [-84.11274010126695, 33.55192886652234], [-84.11224245975238, 33.55191194494969], [-84.1114363403625, 33.55162404487919], [-84.11082775331708, 33.551384958669075], [-84.1103831555234, 33.55125073955908], [-84.10967578523777, 33.55103719477495], [-84.10904546435235, 33.55073290227816], [-84.10874117172796, 33.55051555005243], [-84.10819779159237, 33.54984175797204], [-84.10745178925795, 33.54900856038168], [-84.10652417811578, 33.54797252866728], [-84.10606773873003, 33.547537824006035], [-84.10489403501408, 33.54682055941625], [-84.1028726603348, 33.54573380051231], [-84.10072087183585, 33.544342744385645], [-84.09923186574339, 33.54339953133055], [-84.09788888349533, 33.54248901002686], [-84.09738814369133, 33.54214756403029], [-84.09695556355952, 33.54193528306568], [-84.09665175872031, 33.541896897204005], [-84.09631019409647, 33.54191239440828], [-84.09615101981464, 33.541889774538795], [-84.0960373829312, 33.54181371929292], [-84.09587031155971, 33.54153310069522], [-84.09554788823795, 33.54095204916633], [-84.09517838960201, 33.54058255151036], [-84.09470021278302, 33.54027825888572], [-84.09417856828406, 33.54021305227472], [-84.09365692198847, 33.540321728684454], [-84.09313527748948, 33.54047387542857], [-84.09272230847864, 33.54060428671029], [-84.0924180131593, 33.54060428671029], [-84.09217892564813, 33.5405390803453], [-84.09203099647702, 33.54040758778094], [-84.09198330941017, 33.540365199210136], [-84.09189636866033, 33.54001743589032], [-84.09189381654662, 33.539688961936264], [-84.09193914553585, 33.539226072240766], [-84.0919090151429, 33.53887723661204], [-84.09178736169386, 33.53858904826838], [-84.0915068034576, 33.53836865922523], [-84.09085410284352, 33.538019704077925], [-84.09005712830323, 33.53775410537982], [-84.08960952744155, 33.537670450261686], [-84.08926640603732, 33.53764829576351], [-84.08885343612816, 33.53753961973627], [-84.08826658561767, 33.53734400329167], [-84.08765929214626, 33.53728361654334], [-84.08718096530862, 33.53728370639572], [-84.08665733912612, 33.53740497179094], [-84.08638434919611, 33.53753410506443], [-84.08613380097853, 33.537799702940944], [-84.08595927808177, 33.53793625737315], [-84.08569382950859, 33.538042562318104], [-84.0853753021802, 33.5380880107233], [-84.0851438198062, 33.53809309781635], [-84.08504977248417, 33.53812647090653], [-84.08441944980211, 33.538256882734956], [-84.08394127477975, 33.5383655586092], [-84.08359351178044, 33.5383655586092], [-84.08315880713299, 33.538235146944736], [-84.08283277887197, 33.537996059630075], [-84.0823763376896, 33.53760482611777], [-84.08236118311075, 33.53758750564239], [-84.08191989740551, 33.53708317892981], [-84.08139825290655, 33.53643112319305], [-84.08107222464555, 33.536170299820654], [-84.08081140239607, 33.536061624181606], [-84.08030473640616, 33.53591384779635], [-84.08028975789709, 33.535909477907644], [-84.07974637506658, 33.53558344959701], [-84.07972144951238, 33.53556350797097], [-84.07937940608649, 33.535289872485045], [-84.07931167041912, 33.53523568650744], [-84.07925762417835, 33.5351546145172], [-84.0789639074198, 33.53471403924998], [-84.0786378791588, 33.53397504219166], [-84.07842052638591, 33.53349686729758], [-84.07826838052287, 33.53314910480002], [-84.07798582263678, 33.53293175252866], [-84.07761632400086, 33.53282307656248], [-84.07725446373979, 33.53287501837782], [-84.07663263912033, 33.53283693026227], [-84.07626851330812, 33.532768594008104], [-84.07496462484289, 33.532171017896744], [-84.07369476905221, 33.531847783549985], [-84.07338454215704, 33.53169863037367], [-84.07295193148252, 33.53149391827797], [-84.07268660058863, 33.53145601001961], [-84.07221593278709, 33.53144826272695], [-84.07166214566895, 33.53152434581356], [-84.07140420701151, 33.531531648300685], [-84.07122190560271, 33.53150908786679], [-84.07106270167648, 33.53143288345781], [-84.07075144621031, 33.531213180812145], [-84.06999255933977, 33.530643926576865], [-84.06961305706483, 33.53047715213892], [-84.06906672057364, 33.530302630732834], [-84.06839136983798, 33.530150816539745], [-84.06782202659409, 33.53000666263803], [-84.0673061178382, 33.52990047735967], [-84.06675197319056, 33.52986230106901], [-84.06622077690517, 33.52990825624206], [-84.06553797644087, 33.53015075738208], [-84.06511311373568, 33.5304012763053], [-84.06493823330942, 33.53053776978771], [-84.06472607100226, 33.53086425444035], [-84.06451340204526, 33.53113739323673], [-84.06420989454843, 33.53131936597602], [-84.06383033208635, 33.53141047276214], [-84.06348131683555, 33.53141035295091], [-84.06259728027287, 33.53130160992492], [-84.06234725397647, 33.53122160131695], [-84.06205389923898, 33.53112772892887], [-84.06164093022814, 33.53084517062842], [-84.06105407881932, 33.53034526086815], [-84.06075169511492, 33.529895560518575], [-84.06051419672346, 33.52946786690938], [-84.06022814079766, 33.52893246981227], [-84.0600977296729, 33.528649912575275], [-84.0600977296729, 33.52830214930346], [-84.06011946530953, 33.52795438538183], [-84.06011946530953, 33.527389270332165], [-84.06004207724443, 33.52711067999387], [-84.06001078712644, 33.526998034500046], [-84.05979343435357, 33.52669374123643], [-84.05968475886544, 33.52641118417282], [-84.05958051925819, 33.52574975897059], [-84.05951262908059, 33.52547629237392], [-84.05941383416227, 33.52515028463073], [-84.05935294904725, 33.5249755532725], [-84.05924676279078, 33.52486191722853], [-84.05895106434872, 33.52465699648516], [-84.05863968940662, 33.524429306284055], [-84.05827535608357, 33.52408035104009], [-84.05791126081408, 33.5237994045301], [-84.05756263273715, 33.52352647545943], [-84.05747858995242, 33.52342770971094], [-84.05744840027067, 33.523306355064435], [-84.05747847137481, 33.523124202952594], [-84.05756224556326, 33.52296476065834], [-84.0578810109452, 33.522615686421815], [-84.05811982267359, 33.522390166397024], [-84.05835891018478, 33.522064138033656], [-84.05848932130952, 33.52171637448952], [-84.05851105694614, 33.521390346582], [-84.05840238055971, 33.52110778941616], [-84.05816329304852, 33.520933906645155], [-84.05777205967429, 33.52084696625198], [-84.05741143819, 33.52075206632703], [-84.05735908886682, 33.52073829007587], [-84.05727767634924, 33.520684014096446], [-84.057098265719, 33.52056441030663], [-84.05692438421936, 33.52036879140393], [-84.05685917820783, 33.52017317430549], [-84.05685917820783, 33.519825409898765], [-84.056772237458, 33.51949938160396], [-84.05653314994682, 33.51906467754613], [-84.05625059206074, 33.518477826561146], [-84.05607671145938, 33.51793444590918], [-84.05594629943633, 33.51734759399706], [-84.05594629943633, 33.51684768559977], [-84.05586835890733, 33.51642233533766], [-84.0556621587187, 33.51602826079208], [-84.05529557601419, 33.51555170476697], [-84.05495190753595, 33.51524469444747], [-84.05465278651263, 33.51500178152284], [-84.05403417067538, 33.515187852825804], [-84.05372935792643, 33.51544186329912], [-84.05357695065365, 33.51574667548183], [-84.05355154989067, 33.516229296943614], [-84.0535007474664, 33.516737318518324], [-84.05344994683878, 33.51716913735725], [-84.05332293943063, 33.517423148004795], [-84.05296732605406, 33.51790576910115], [-84.0526879140681, 33.518159779083554], [-84.05215449175745, 33.5184391921236], [-84.05174807326165, 33.518616999066836], [-84.05136705732548, 33.518616999066836], [-84.0509860413893, 33.518616999066836], [-84.05057962379182, 33.518667801304424], [-84.05027182594118, 33.518799714129614], [-84.05017812177557, 33.519033952795745], [-84.05003402751242, 33.51948933254653], [-84.04992775232274, 33.519785478931745], [-84.04983670627206, 33.51991443331639], [-84.0496849529728, 33.51995254959156], [-84.04927493223272, 33.51998256104439], [-84.04915357702437, 33.52003581743639], [-84.04900948365953, 33.520187451672555], [-84.04879717133369, 33.52057452514363], [-84.04874409347683, 33.52074881005434], [-84.04875929297144, 33.52087040194977], [-84.04877419332703, 33.521007016821116], [-84.0487288337951, 33.521113171829775], [-84.04840223061231, 33.52136371993048], [-84.04809145215155, 33.521530821991554], [-84.04772702899699, 33.521652236795035], [-84.04669524292626, 33.5219327364449], [-84.0461034570716, 33.5220997190803], [-84.04562518952275, 33.52217553554589], [-84.0450709262975, 33.52218319529911], [-84.04444147138804, 33.522115037101685], [-84.04384149110136, 33.52205421059627], [-84.04346210650571, 33.521963314129685], [-84.04299155728181, 33.52193282556431], [-84.0425514070471, 33.5219707042969], [-84.04217186614461, 33.52212234862135], [-84.04194325568459, 33.5221985522485], [-84.0416892444616, 33.52222395344264], [-84.04143523234028, 33.5221985522485], [-84.04128282686412, 33.52204614492701], [-84.04096541614162, 33.521712735562964], [-84.04073766716594, 33.52164463690716], [-84.04010809367887, 33.52168242664636], [-84.03971330117948, 33.52175067430428], [-84.03909824087413, 33.52188731849024], [-84.03871915541748, 33.52206937959434], [-84.0379757060951, 33.52242602440185], [-84.03725443078716, 33.522775159315465], [-84.03695092329032, 33.52297239038589], [-84.03617713606415, 33.5235794645629], [-84.0354182797363, 33.52414856984611], [-84.03462115607569, 33.524725332410206], [-84.03452613857314, 33.52504347406875], [-84.03452613857314, 33.525195879852824], [-84.03427212824846, 33.525475291132274], [-84.03418705240117, 33.52554335382159], [-84.03401811792378, 33.52567850026629], [-84.03371330517481, 33.525856308054], [-84.03335768820499, 33.52623732329703], [-84.0330473490204, 33.52660117069713], [-84.03261036355046, 33.52688045986521], [-84.03239778262837, 33.526933688046356], [-84.0319430590248, 33.52693356747999], [-84.03140180789644, 33.52687235196103], [-84.031020788367, 33.52684695063444], [-84.03087492082948, 33.526808563314724], [-84.03053816758229, 33.52671994463825], [-84.03008094756056, 33.5265675392935], [-84.02964913099675, 33.5265675392935], [-84.02926811326392, 33.5265675392935], [-84.02876009261456, 33.52659294070223], [-84.02822666940558, 33.52666914263689], [-84.02779485284178, 33.52687235196103], [-84.0274646366349, 33.5271263625702], [-84.02705822083408, 33.527532780089814], [-84.02680420961107, 33.52786299413489], [-84.0264407449589, 33.52870174007802], [-84.02634975819704, 33.52911155142642], [-84.02630401149119, 33.52961240960641], [-84.02634159161279, 33.53045450381688], [-84.02644059583855, 33.53094776263576], [-84.02653918144942, 33.53131203651339], [-84.02653173172078, 33.53146378951087], [-84.02641046544562, 33.53169922793042], [-84.02607638109313, 33.53215445937412], [-84.02549222642683, 33.532761591897724], [-84.02505198546227, 33.53314085670821], [-84.02473333955626, 33.533550549672604], [-84.02430075852614, 33.53408949442957], [-84.02405062802518, 33.53445361953849], [-84.02401227175918, 33.53467379841827], [-84.02403513028989, 33.53528048494378], [-84.02412623652769, 33.53566016625951], [-84.02424756119333, 33.535895158209314], [-84.02443728358469, 33.53622173195293], [-84.02462706436657, 33.53654803714981], [-84.02468017186786, 33.536752928215584], [-84.0246423527944, 33.536965508688006], [-84.02447519159138, 33.53739004284265], [-84.02436912481085, 33.53780006309698], [-84.02423245242856, 33.538361598416365], [-84.02406546999028, 33.538756092334566], [-84.02370885499218, 33.539135773359746], [-84.02322298679772, 33.53955285727667], [-84.02310175196361, 33.5397656165528], [-84.02305615347977, 33.54014494048477], [-84.02298778719508, 33.540425678147166], [-84.0228815120054, 33.54066078817148], [-84.02269202856588, 33.54090385589526], [-84.02232012603825, 33.541359116737034], [-84.02203914918707, 33.54179140038731], [-84.02175814358978, 33.542353173328024], [-84.02151552210626, 33.542997976462885], [-84.02143973483899, 33.543407818125495], [-84.02145511309834, 33.543802341421724], [-84.02148527313568, 33.544204494514446], [-84.02144727529749, 33.54442470396137], [-84.02122727429115, 33.544773897542285], [-84.02082503296143, 33.54522930720433], [-84.02031681378439, 33.54567684865736], [-84.01948139494321, 33.54626115293126], [-84.0188519391354, 33.54671626501322], [-84.01858640073068, 33.54700463139714], [-84.01835105200772, 33.547429702459304], [-84.01829055316827, 33.547672382794964], [-84.01830563318694, 33.54781665547627], [-84.01842692820819, 33.548051886145004], [-84.01855591370658, 33.54829471521668], [-84.01858654985104, 33.54852237475953], [-84.01851824285514, 33.54874249534143], [-84.01834363102516, 33.54897021434658], [-84.01808542377147, 33.54909919857495], [-84.01788437721763, 33.549228064321525], [-84.01753281434465, 33.54953011837381], [-84.01717719917144, 33.54991113334465], [-84.01697391581254, 33.550275229233975], [-84.01685253095978, 33.55060922320609], [-84.01678407574187, 33.55091264096489], [-84.0166019827422, 33.55180045249299], [-84.01634407372917, 33.55279456864797], [-84.01609349496889, 33.55347739985795], [-84.01603293684063, 33.553834312622705], [-84.0160482863539, 33.554213189260366], [-84.01611644333111, 33.554524683203674], [-84.01642001011679, 33.55527591058242], [-84.01666263070197, 33.5561031921306], [-84.01699614911583, 33.55693014834976], [-84.01738354937872, 33.557658576622984], [-84.01776326096113, 33.55822789098791], [-84.01794517429772, 33.55869054265461], [-84.01802120051686, 33.55911555322781], [-84.01802874007704, 33.559434229313155], [-84.01796052201436, 33.559646958352765], [-84.01749769201366, 33.56034507808382], [-84.01715615703424, 33.56076979082026], [-84.01679921594767, 33.561065787564566], [-84.01638207156739, 33.56132372719588], [-84.01551705862748, 33.561619784172045], [-84.01499331296905, 33.56183996270598], [-84.01481122176602, 33.56199159772507], [-84.01473531412452, 33.562181229828134], [-84.01473528537844, 33.562575931639046], [-84.01487201704951, 33.563296611275], [-84.01503894019898, 33.564093644714525], [-84.01540339389626, 33.56477650561989], [-84.01565298720469, 33.5651028706609], [-84.01595703099575, 33.56543677661294], [-84.01618655773737, 33.56563440436882], [-84.01631356334887, 33.56588841558594], [-84.01631356334887, 33.56629483197909], [-84.01613575621143, 33.56675205187741], [-84.01608495468548, 33.56705686429695], [-84.01608495468548, 33.56724040063943], [-84.01608495468548, 33.56741248066991], [-84.01621195850034, 33.56776809557828], [-84.01630169480734, 33.56827318331209], [-84.01586133616348, 33.568620380061], [-84.015594724272, 33.56893047400466], [-84.01550796947343, 33.569184508459074], [-84.0154520906695, 33.56948202498756], [-84.01537162407793, 33.56961851961827], [-84.01521069179307, 33.569748636913566], [-84.01488840950681, 33.56989130015294], [-84.01451626712901, 33.57005238264106], [-84.01436108765526, 33.57019498699674], [-84.01431179350234, 33.57036846604101], [-84.01425573503535, 33.570796278332054], [-84.01424295111055, 33.57149666337408], [-84.0143115850932, 33.57190561014085], [-84.01461550940834, 33.57263731760694], [-84.014652554134, 33.5728355620799], [-84.0146216493933, 33.57301533036625], [-84.0144355337378, 33.57347401757487], [-84.0140946545285, 33.57453405671326], [-84.01382819175734, 33.575110492765255], [-84.01359868388036, 33.57545760064516], [-84.01331365472892, 33.57576137568267], [-84.0130903757701, 33.575928567168226], [-84.01255730200576, 33.57622632240606], [-84.01229688848974, 33.57646784035392], [-84.01216680165682, 33.57667267117945], [-84.01210496073433, 33.57694527375173], [-84.01225975483084, 33.57785043019946], [-84.01242113447668, 33.578860817777915], [-84.01248914323192, 33.57908409715389], [-84.0126131511653, 33.57929468075095], [-84.01307186867861, 33.57982140617161], [-84.01331623648703, 33.58024002769672], [-84.01336703891131, 33.580976658526], [-84.01331623648703, 33.58145927799915], [-84.01320210463189, 33.5816686149785], [-84.0130286857646, 33.58193525587163], [-84.0127371887431, 33.58231320920181], [-84.01262569793488, 33.58262321354544], [-84.01247057685161, 33.58334243265469], [-84.01248318291, 33.583615064300595], [-84.01255736129457, 33.583794742783105], [-84.01271853253128, 33.58396214321612], [-84.01310307166001, 33.584222466079645], [-84.01340040952748, 33.58442079993975], [-84.01355547132194, 33.58463779068774], [-84.01366713999658, 33.58516478583165], [-84.0137292189726, 33.58587145865022], [-84.01379740649256, 33.58675780921856], [-84.0139397723971, 33.587514162136465], [-84.01403898413372, 33.58789232525824], [-84.0141195693029, 33.587985098785225], [-84.01423126852028, 33.58805960549216], [-84.0146341970612, 33.588127882297094], [-84.01496905486313, 33.5882207461185], [-84.01521072323413, 33.58833864362817], [-84.01547721475136, 33.58862951486647], [-84.01561984925219, 33.588927418602324], [-84.0156259281517, 33.58916291669112], [-84.01552641907273, 33.58955338688338], [-84.01539037101958, 33.58978906360724], [-84.01514852478216, 33.590024472539746], [-84.01483864014514, 33.590291024005595], [-84.014113608981, 33.59101653304811], [-84.0137478149973, 33.59143749033262], [-84.01369172778422, 33.59155562664355], [-84.01367950889974, 33.59204545812804], [-84.01370442367414, 33.59240487389131], [-84.01388425112266, 33.592962773739224], [-84.01403907396524, 33.593297275308586], [-84.01425612400588, 33.59356412495393], [-84.01457825717182, 33.593824358235274], [-84.01470241512388, 33.59399187689161], [-84.01471463311005, 33.59420865949198], [-84.01470861349934, 33.59471070940731], [-84.01478300029306, 33.59496495382144], [-84.01488221202966, 33.5951694272167], [-84.01499367229518, 33.595312180879326], [-84.01522318017217, 33.59552270541673], [-84.01558253682852, 33.59588226906407], [-84.01581174646486, 33.59613013485446], [-84.01604748326002, 33.596278968021366], [-84.01639485908544, 33.59644016812012], [-84.0166056209191, 33.59650832680198], [-84.0169773455803, 33.596558006508175], [-84.01732546251583, 33.59668458210513], [-84.01778682736428, 33.59685233464751], [-84.01829484891198, 33.59685233464751], [-84.01900607925838, 33.59680153048568], [-84.01979351279203, 33.59697933930923], [-84.0203269351027, 33.59728415197906], [-84.02096196316019, 33.59769057018941], [-84.02167319530325, 33.59845260291298], [-84.02197800805219, 33.59908762902975], [-84.02202880867982, 33.59957024895365], [-84.02200340881517, 33.60005286991779], [-84.02187640140703, 33.60045928854852], [-84.02187640140703, 33.60073870033957], [-84.02194606126574, 33.601067086506454], [-84.02202317893793, 33.6011821965641], [-84.02233956019111, 33.60167810646781], [-84.02255038221188, 33.60211831697115], [-84.02274756331506, 33.602459633593526], [-84.0231972599463, 33.60271998518596], [-84.02377191942006, 33.60341334743723], [-84.02437285461589, 33.60407063759464], [-84.0249371017172, 33.60483947777972], [-84.02536494323589, 33.60541579516977], [-84.02556956598289, 33.605806355635664], [-84.02579269671968, 33.606407766183025], [-84.0259104460905, 33.60690355774963], [-84.0260404736346, 33.6073373904264], [-84.02623260890084, 33.6078023660025], [-84.02648080353237, 33.60814950396471], [-84.02657977272385, 33.60826500258541], [-84.02703282456267, 33.60853683125334], [-84.02754084611034, 33.60909565469867], [-84.028074268421, 33.609552874519444], [-84.02886355517909, 33.61034216325285], [-84.02954931020236, 33.61077142324748], [-84.03010083266769, 33.6111123023733], [-84.03080163447197, 33.61153379598], [-84.0311300262005, 33.61177561159314], [-84.03127280892333, 33.6119615784845], [-84.03132219200944, 33.61216012237502], [-84.03133452947155, 33.61256871182905], [-84.031284968519, 33.61297813573687], [-84.0311735082535, 33.61342442528644], [-84.03109265448805, 33.61398244425528], [-84.0309933232755, 33.614187067062794], [-84.03069005473053, 33.614614611969685], [-84.03053496329167, 33.61488134253442], [-84.03046668594017, 33.61503625527562], [-84.0304790243006, 33.615172570866434], [-84.03061548917205, 33.61549449615113], [-84.03090054886621, 33.61580494679742], [-84.0311177480272, 33.61600939097391], [-84.0312726310569, 33.616120881292005], [-84.03169421491131, 33.616282052525364], [-84.03240121509106, 33.61654863354986], [-84.03294647809547, 33.61669737761109], [-84.03359715300859, 33.6168400709469], [-84.03429771675933, 33.61698872548374], [-84.03478128975824, 33.617112791960736], [-84.0351031839723, 33.617261564971315], [-84.03543208235064, 33.617509341625976], [-84.03567401752129, 33.61775130654649], [-84.03572360811823, 33.61793089521502], [-84.03569866459775, 33.61819139757532], [-84.03569243567955, 33.61842081626265], [-84.03574208646363, 33.6185754899937], [-84.03584708065571, 33.61867452322668], [-84.03607715447134, 33.618755287898544], [-84.036888444564, 33.618849670969816], [-84.03744726763763, 33.61900207655838], [-84.03808229569512, 33.61938309458689], [-84.03847660130762, 33.61967517171031], [-84.03873015708477, 33.619796878697514], [-84.0389904816676, 33.61987114622176], [-84.03928176938162, 33.61988354445834], [-84.0396353732269, 33.619883513788146], [-84.03993657474841, 33.61978950961654], [-84.04016518520844, 33.61991651639818], [-84.04031759248123, 33.620170527903724], [-84.0406732058578, 33.62034833491366], [-84.04128283225401, 33.62037373641944], [-84.04204486412637, 33.62042453791244], [-84.04250208414811, 33.62065314874864], [-84.04301010569579, 33.62108496506882], [-84.0433403192077, 33.621542184874585], [-84.04367053451627, 33.62184699747865], [-84.04410235197838, 33.62205020727705], [-84.04506759354781, 33.62235501958007], [-84.04560101675678, 33.62265983454489], [-84.04600743435425, 33.62311705197817], [-84.04646465437598, 33.62362507332354], [-84.04679486788791, 33.623955288733406], [-84.04694656908488, 33.624050102951024], [-84.04717321852263, 33.624154455768014], [-84.04758267152745, 33.624281264623995], [-84.0479047759473, 33.624417878260815], [-84.0479419392506, 33.624504424179875], [-84.04792963143291, 33.62459135748243], [-84.04784949272641, 33.62469673890771], [-84.0476072889595, 33.624851681877374], [-84.04731415251261, 33.62512070631346], [-84.04713906457555, 33.625502773665076], [-84.0469798004622, 33.625913031483606], [-84.04692550089652, 33.626302160907], [-84.04685868420569, 33.626679070834456], [-84.04677470160809, 33.62702200610074], [-84.04664926355676, 33.62718109174495], [-84.0464064336641, 33.62731502298373], [-84.04583709042018, 33.62743229483202], [-84.04550229100875, 33.62750757602944], [-84.04539384009944, 33.62758300526239], [-84.04535152136471, 33.62777552778976], [-84.04536844831962, 33.62791795445012], [-84.04550220117721, 33.62809369824542], [-84.04596282671218, 33.62842006388245], [-84.04637311515022, 33.62876311787818], [-84.04664091820777, 33.62901432233581], [-84.04684175725079, 33.62926537646651], [-84.04697571851753, 33.62944168671836], [-84.04722692160695, 33.62967569490356], [-84.04754506176145, 33.62994361822893], [-84.0477123720848, 33.63011095750249], [-84.04782958426308, 33.63031173562943], [-84.04789649078543, 33.63057143389888], [-84.04793851307612, 33.630839207838385], [-84.04809750769489, 33.63116551296051], [-84.0482486645128, 33.63142509122724], [-84.04851602200597, 33.63176829556072], [-84.04877568992032, 33.63206125217024], [-84.04921083384396, 33.632580319500846], [-84.04947881656454, 33.63300717778667], [-84.04952882487811, 33.63322470520775], [-84.04950379062777, 33.63342572214749], [-84.04932762920393, 33.633894393861155], [-84.04894314846568, 33.634405115991456], [-84.04853274145003, 33.63478187752816], [-84.04809759752641, 33.635116616978294], [-84.04788808704596, 33.63531751432278], [-84.04782958516141, 33.63553510022963], [-84.0478549472968, 33.63576103307152], [-84.04796360571696, 33.63609586220496], [-84.0481393206781, 33.63641412084469], [-84.04834036723194, 33.63664845562037], [-84.04869200466507, 33.63693312753794], [-84.049076931866, 33.63720921782512], [-84.04956235180114, 33.63751075678111], [-84.0499642957885, 33.63773657001143], [-84.05015687931406, 33.6378538710491], [-84.05029063127333, 33.63802961551288], [-84.05047507875736, 33.63832266151277], [-84.0506841418768, 33.63869909478864], [-84.05084361350099, 33.639034252039316], [-84.05091844765572, 33.63915954097517], [-84.05105273680756, 33.639251749279495], [-84.05124508138124, 33.63928521713313], [-84.05151309284796, 33.63928515730233], [-84.0517723142996, 33.63924343429208], [-84.05196492657123, 33.63919277103698], [-84.05209036552088, 33.639201413603196], [-84.05226634728167, 33.63927693206434], [-84.05245878078857, 33.63947782942602], [-84.05269317729734, 33.63981248032227], [-84.05291085346373, 33.640222589963166], [-84.05303667779063, 33.64062447403725], [-84.05324580109719, 33.64130259643421], [-84.05328782338786, 33.64169557065224], [-84.0532626400172, 33.64224837343148], [-84.05332957528564, 33.64270041568661], [-84.05340485680141, 33.643194298584156], [-84.05341346895003, 33.64378012409642], [-84.05333804011057, 33.64408988725624], [-84.05328719726214, 33.64435778219284], [-84.05332114190176, 33.644608926208235], [-84.05342169482309, 33.644826514063936], [-84.05353197200736, 33.64502814780774], [-84.05365316192572, 33.64519059311423], [-84.05385636892782, 33.645622410570994], [-84.05390717314873, 33.64597802683997], [-84.05383096816485, 33.646308240311], [-84.05370396434998, 33.64640984408611], [-84.05302836388267, 33.64669330142776], [-84.05270164122395, 33.646760327057734], [-84.05235843807303, 33.6467936454201], [-84.05200703779512, 33.64680216906782], [-84.05157985114829, 33.64679379423616], [-84.05140431585019, 33.64686082053579], [-84.05134542589343, 33.64694435562202], [-84.05133705179834, 33.64719541132761], [-84.05142911114866, 33.647522074746135], [-84.05145444184303, 33.64773954157148], [-84.05140434549459, 33.64804093297399], [-84.05123664799736, 33.648593408600874], [-84.0510946099779, 33.64884467187272], [-84.05087678379286, 33.64907051370675], [-84.0507010104412, 33.64927969625299], [-84.0506338955097, 33.6494389897996], [-84.05066766138461, 33.64967335568109], [-84.05081804475306, 33.649957758702556], [-84.05101092472266, 33.65016723970433], [-84.05125336654311, 33.6504182045013], [-84.05144326769923, 33.65057562198729], [-84.05154487075113, 33.65077883205605], [-84.05157027420904, 33.65108364439011], [-84.05149406922517, 33.65159166603779], [-84.05121465723921, 33.652125088045615], [-84.05103684920344, 33.652633110276014], [-84.05088444372728, 33.65347134615808], [-84.05070663569153, 33.65441118690017], [-84.05078283887875, 33.65524942116667], [-84.05070663569153, 33.655935251966866], [-84.05070663569153, 33.65662107879677], [-84.05096064691452, 33.657103699523866], [-84.05102581699344, 33.657172943785575], [-84.05121185269888, 33.65729899667235], [-84.05148779179797, 33.65739942999146], [-84.05173908561723, 33.657441362538634], [-84.05192317467346, 33.657566919289934], [-84.05201544243292, 33.65774263398002], [-84.0520908425263, 33.65808583734743], [-84.05205704610869, 33.65837039052695], [-84.05192329414939, 33.65862156469102], [-84.05171384295775, 33.65893124079427], [-84.05151312428897, 33.65912385249797], [-84.0512536647838, 33.65928255059152], [-84.05075969198883, 33.659500613534675], [-84.0504667055606, 33.65974332409389], [-84.05006490979525, 33.66028721649609], [-84.04983924670769, 33.66068907119899], [-84.04976340015162, 33.660965339517304], [-84.04974694930382, 33.6612580868726], [-84.04977174460228, 33.66146753812525], [-84.0499641188204, 33.661827907034834], [-84.05025758225403, 33.66224609371162], [-84.05061738627141, 33.662706330956965], [-84.05096893387301, 33.66316692612072], [-84.05136241393376, 33.663786248231744], [-84.05151309464458, 33.664062426604104], [-84.05170567817015, 33.66440580887601], [-84.05178098843197, 33.664673642074156], [-84.05177264398131, 33.664891229298156], [-84.05156387820422, 33.665200935171406], [-84.05137069999395, 33.665527449500225], [-84.05132060184886, 33.66576172596], [-84.05137910373342, 33.666071848879746], [-84.05153833730407, 33.66630579638619], [-84.0517557457725, 33.666456387934616], [-84.05198176638956, 33.6665151583419], [-84.05226664731897, 33.666515247312056], [-84.05263479488872, 33.666456506810775], [-84.05288585065443, 33.666540341374805], [-84.05297799893796, 33.66667412391701], [-84.05302002033032, 33.666874991727965], [-84.05302007961913, 33.66720982096096], [-84.05296953501136, 33.667569833117376], [-84.05301146747051, 33.66796334233781], [-84.05307890938877, 33.66823126539002], [-84.05327953912432, 33.668616192530564], [-84.05345522354276, 33.66885058767489], [-84.05352230882986, 33.66905133676413], [-84.05351381525884, 33.66936128035618], [-84.0534802577931, 33.66982998146409], [-84.05357234678782, 33.67024837670233], [-84.05367293025186, 33.67049964029239], [-84.05378972471352, 33.670624988840835], [-84.05397411201044, 33.67077578813953], [-84.05420874567444, 33.670892911825916], [-84.054602285024, 33.671026932814144], [-84.05481996119038, 33.6711021841177], [-84.05497055296799, 33.671302991498244], [-84.05517961698574, 33.67173828436851], [-84.05528857454486, 33.67216541125323], [-84.05533873197875, 33.672684328726156], [-84.05555646743396, 33.673286992559255], [-84.05591630019741, 33.67393987186817], [-84.05613358918991, 33.674274552490374], [-84.05655255086202, 33.675019729597814], [-84.05692049092092, 33.675664561630924], [-84.05707987271357, 33.67623333994547], [-84.05718477707413, 33.676924038268695], [-84.0573103346014, 33.677292395830406], [-84.05728524106226, 33.67758544121256], [-84.05717640297905, 33.67795373837962], [-84.05691697401659, 33.67844753333303], [-84.05679946359764, 33.67913367332097], [-84.05671026448317, 33.67942251650787], [-84.05669432118354, 33.67988695641875], [-84.05668618424367, 33.68044759762867], [-84.05673470225217, 33.68088023834332], [-84.0570180838934, 33.68095380881614], [-84.05729677093892, 33.681125307556535], [-84.05766120846654, 33.68146830700115], [-84.05789702161852, 33.681725556807756], [-84.05813283387216, 33.68183274456069], [-84.05858471251122, 33.68196900673878], [-84.0588407144009, 33.68204136605589], [-84.05903317755221, 33.68223374062886], [-84.05908109997766, 33.68234567817845], [-84.05904122466052, 33.68249001115035], [-84.05893703535891, 33.68271424349243], [-84.0588887563023, 33.68285044073535], [-84.05890473014468, 33.68301879392968], [-84.05898483830846, 33.68314655585894], [-84.05924927448032, 33.683378924539525], [-84.05936362642272, 33.68347351783275], [-84.05976208315015, 33.6836763683911], [-84.06053383120063, 33.68410511784145], [-84.0611126453826, 33.684641055384645], [-84.06336357914284, 33.687706616251326], [-84.06411681291532, 33.68861049433451], [-84.06540014253694, 33.69015048839908], [-84.06651540725038, 33.691694700268236], [-84.06679357866294, 33.69207986170545], [-84.06955901351904, 33.69568135929375], [-84.07084526356364, 33.69728917105563], [-84.07178851257828, 33.69827529459883], [-84.07279607467903, 33.69911135776978], [-84.07433957347494, 33.700033167557955], [-84.07622607240252, 33.700762043631165], [-84.0769763848537, 33.70121222993568], [-84.07742657196508, 33.701662416870434], [-84.07774813290418, 33.7021554792473], [-84.07820776041088, 33.702520155674314], [-84.0785281948626, 33.702680491803484], [-84.07886466244553, 33.70276054092987], [-84.0795215357341, 33.70283296046492], [-84.08026650500597, 33.70288064399916], [-84.08116349617336, 33.702952795888336], [-84.08162799524384, 33.703008765014516], [-84.0820844175616, 33.703056925248035], [-84.08242902208437, 33.70316889172675], [-84.08284545050736, 33.703201049310614], [-84.08355021478037, 33.70324911975692], [-84.08380675386259, 33.70322492124575], [-84.0840870156548, 33.70319309174837], [-84.08451128098035, 33.70318489578724], [-84.08475169709985, 33.703144990630186], [-84.0849600739064, 33.70305668684963], [-84.08519241327318, 33.702912621584055], [-84.08543253025368, 33.70284070955481], [-84.08566495945198, 33.702808522690034], [-84.08583292554549, 33.70274441796428], [-84.08602509135443, 33.70263224167875], [-84.08624944200338, 33.70248001106106], [-84.08651390961629, 33.702352040219125], [-84.08677008937238, 33.70231198520783], [-84.08741900448585, 33.70231982402511], [-84.08794754984284, 33.70231991295821], [-84.08813184640988, 33.70224799968551], [-84.0884360986101, 33.702047668148964], [-84.08869251911469, 33.70192771413047], [-84.08893251661927, 33.70175122429795], [-84.08915692835365, 33.70156707682203], [-84.08934110634308, 33.701430849451455], [-84.08953961246131, 33.701367811653924], [-84.08962450235735, 33.70134085490816], [-84.08994606419476, 33.70138372861061], [-84.09020331384436, 33.701598105022654], [-84.09033193911831, 33.70191966602201], [-84.09037432343004, 33.70244803331519], [-84.09048200178822, 33.70292722892948], [-84.09080356272733, 33.703334540147935], [-84.09324743574597, 33.70440641493652], [-84.09519824775968, 33.7052853514745], [-84.09627012204827, 33.70573553873522], [-84.09708474668726, 33.70590703884186], [-84.09759924688477, 33.70594991250727], [-84.09873543246286, 33.70601422632809], [-84.09946430841642, 33.70612141368051], [-84.10030037045134, 33.70644297493524], [-84.10124361946598, 33.70725759946325], [-84.10205824410495, 33.70802934963718], [-84.10282999395207, 33.708436662069374], [-84.1031515557895, 33.708479535966596], [-84.10351599331712, 33.70852241058973], [-84.10386232260521, 33.70867895501741], [-84.10407883635162, 33.70879110024045], [-84.104639447971, 33.70937588195112], [-84.1055605490223, 33.71029665497915], [-84.10600093731055, 33.71075328652814], [-84.10629741189703, 33.71105768753037], [-84.10657802942211, 33.71121021530019], [-84.10706625120262, 33.71137794277764], [-84.10763488028589, 33.7115060929644], [-84.10805959387075, 33.71153807107429], [-84.10825178842579, 33.71159409887014], [-84.10853199092922, 33.71183436532395], [-84.10885233554941, 33.7120025107911], [-84.10902876377291, 33.71218671883954], [-84.10890049602844, 33.71273129576033], [-84.10894046027879, 33.7133159587297], [-84.1090286460936, 33.71386080421924], [-84.10929329067461, 33.71442129701943], [-84.10934922966568, 33.7146452607267], [-84.10931704302905, 33.715830857959496], [-84.10924486159935, 33.716887976304996], [-84.1091007089457, 33.71772101071857], [-84.10898060419223, 33.71791323592395], [-84.10875634157816, 33.71804931311656], [-84.10844416264389, 33.71810593741232], [-84.10813949362539, 33.718225563978486], [-84.10806074101937, 33.718383654601084], [-84.10803930182679, 33.71868377851128], [-84.10812505230888, 33.71919827868509], [-84.10855380292261, 33.72024871537162], [-84.10934698926735, 33.72260683749006], [-84.10968999029735, 33.72350721258573], [-84.11007586342427, 33.724686275462886], [-84.11040613981827, 33.725657996492984], [-84.11059046782636, 33.72608253107824], [-84.11070270333796, 33.726514872528774], [-84.11079881588682, 33.72713151330144], [-84.110999116839, 33.72753211565732], [-84.11131925394837, 33.72816469996391], [-84.11149547555935, 33.72837292953925], [-84.111671696272, 33.72846901159161], [-84.11197636529049, 33.72850912612484], [-84.112344723066, 33.72862124171164], [-84.11256889584854, 33.72875758807161], [-84.1127451165612, 33.72903775940418], [-84.11277733374054, 33.72929397025873], [-84.11266471015674, 33.729726462134245], [-84.11240876755588, 33.730239001489466], [-84.11222464885525, 33.7307116962391], [-84.11219225380947, 33.7310000343276], [-84.11223236807848, 33.73136833115001], [-84.11235262015568, 33.731736896834995], [-84.11252890105546, 33.73212921426901], [-84.11260099265364, 33.73250564786007], [-84.11277712533139, 33.73305824268052], [-84.11319355285607, 33.73418769137247], [-84.1134422235947, 33.73462000394264], [-84.11372215660354, 33.73491626932702], [-84.11417042491348, 33.735212079481656], [-84.11457773723298, 33.73557651541293], [-84.11494217476059, 33.73602670371566], [-84.1151994253085, 33.73651976449111], [-84.11558529843542, 33.73731295217037], [-84.11570866048012, 33.73771142950791], [-84.1157646003695, 33.73791983686686], [-84.11574072853915, 33.7380718888629], [-84.11559654534278, 33.738239973225966], [-84.11534009609211, 33.738328248292866], [-84.11504406886664, 33.7383280988882], [-84.11470748090946, 33.73828813461495], [-84.1144670665866, 33.738296061284764], [-84.11430687900514, 33.73841619532596], [-84.1141388527245, 33.73870462181775], [-84.11402628932782, 33.739064902197505], [-84.11401871922493, 33.73932132140932], [-84.11406676112632, 33.73956146842397], [-84.11431519381141, 33.74000200687096], [-84.11456300037074, 33.740394622664915], [-84.11473948967966, 33.74059465556942], [-84.114963721751, 33.74074682682681], [-84.11543641705012, 33.74102690821567], [-84.11588535909652, 33.74113935255982], [-84.11622144040388, 33.74122738859171], [-84.1164216515245, 33.74125155771721], [-84.11712879812966, 33.74130032472441], [-84.1179219853727, 33.741407512094554], [-84.11832929679387, 33.74142894940313], [-84.11924071400641, 33.741844206746514], [-84.12090179598479, 33.742436510307606], [-84.1220379815629, 33.742800947669394], [-84.12396735707897, 33.74335832183558], [-84.1260467916717, 33.74408719763489], [-84.12774035403582, 33.744730322106875], [-84.12841313648809, 33.74506671240195], [-84.12846922819273, 33.74509475868582], [-84.1284976616681, 33.74509902684137], [-84.12882818330218, 33.745148659633415], [-84.12915522755776, 33.74505188365485], [-84.12930529022766, 33.74492325918033], [-84.12956253897894, 33.74481607097493], [-84.1300984765724, 33.74477319655161], [-84.13083113892488, 33.74485516647251], [-84.13186551843181, 33.744913638256726], [-84.13287084013426, 33.744899064198684], [-84.1335309320865, 33.74494314266808], [-84.1339477198356, 33.74503044650484], [-84.13547928541128, 33.74503044650484], [-84.1357321629604, 33.74515581256148], [-84.13614292750552, 33.74509716092394], [-84.136641967697, 33.745111764079915], [-84.13696422033887, 33.74517044483906], [-84.13741214998393, 33.74539053523667], [-84.13790379883724, 33.74564740089485], [-84.13849808649998, 33.74605786849972], [-84.13916554014597, 33.74645432952418], [-84.139649737474, 33.746652395019936], [-84.14034690469464, 33.74676224679509], [-84.14105843507838, 33.74677690942356], [-84.14196815088177, 33.74673310005178], [-84.14246719107324, 33.746747673051196], [-84.14306144909156, 33.74687236658431], [-84.14363371365678, 33.74707058125099], [-84.1446093532256, 33.74734929300751], [-84.145548185224, 33.7476938968614], [-84.14612095643903, 33.74791392700343], [-84.14690538331143, 33.748229445096314], [-84.14716982038163, 33.748354196976756], [-84.14756607264334, 33.748545081537856], [-84.14825587727192, 33.74881640134342], [-84.14887934131676, 33.74905854595421], [-84.14911433340856, 33.74911710749184], [-84.14939325311776, 33.74914613466312], [-84.14987712345904, 33.74913910157653], [-84.15013407935952, 33.74917596701413], [-84.15022947684943, 33.74927845607401], [-84.1503247243207, 33.74953529290777], [-84.15035419984181, 33.74982863784666], [-84.15040539932143, 33.74998274517532], [-84.15055229542995, 33.750158877420795], [-84.15104421287953, 33.75044635019832], [-84.15152993105535, 33.75066262674691], [-84.15228905597945, 33.75104928192704], [-84.15299328575486, 33.75137609296531], [-84.15365147058375, 33.751698226373], [-84.15420606079576, 33.751964898670295], [-84.15495594744549, 33.752314718263186], [-84.15560510240914, 33.75265070909294], [-84.15616195817229, 33.75290829168524], [-84.15658273803453, 33.75315237189462], [-84.15750812943963, 33.75373199808221], [-84.15912483374467, 33.75457012632801], [-84.16015383413969, 33.7551275009308], [-84.16094702138274, 33.7555991242007], [-84.16162925590841, 33.75609260946267], [-84.16215429244589, 33.75629660821349], [-84.1617334443117, 33.75682145544803], [-84.16164552799147, 33.756962658637825], [-84.16162755719421, 33.75707733909948], [-84.1616541401401, 33.75718346488189], [-84.16174679687009, 33.757311733386636], [-84.16187944659652, 33.75739991936611], [-84.16213118687845, 33.75745269826842], [-84.16241347437168, 33.75747040176342], [-84.16264763192856, 33.75754982471755], [-84.1627844543295, 33.757655921534514], [-84.16321301180547, 33.75830933740199], [-84.16341602566978, 33.75868028627739], [-84.16356610989924, 33.75902891414129], [-84.16384413758136, 33.759929659074004], [-84.16405635827903, 33.76025647210958], [-84.16431221104835, 33.7605168548686], [-84.16474508942083, 33.76081726232559], [-84.16490852620869, 33.76102021697297], [-84.1650276158659, 33.76129401036243], [-84.16508039638042, 33.76159888780562], [-84.16507166385755, 33.761859122350664], [-84.16500100237728, 33.76221683872573], [-84.16478916795519, 33.762821677179616], [-84.16469186334194, 33.76317489525247], [-84.16467442883891, 33.76343119532538], [-84.16471844718613, 33.76368737589017], [-84.16494390096625, 33.76432264267404], [-84.16522204632768, 33.76475137780508], [-84.16527047540296, 33.76486608742633], [-84.16527035682535, 33.76505610703404], [-84.16522183791854, 33.76521063207718], [-84.16500982383339, 33.765665386746775], [-84.16495689509685, 33.76594350111923], [-84.16496541921057, 33.76621699724499], [-84.16504075911682, 33.7665395774674], [-84.16511136040995, 33.76676458579212], [-84.16513788496533, 33.76695907511414], [-84.16509827734615, 33.76719743462231], [-84.16502317549346, 33.767356221358355], [-84.16454201716603, 33.76781547511294], [-84.16421937735026, 33.768071715008155], [-84.16394588166875, 33.768402908864275], [-84.16366743716834, 33.76885334153626], [-84.16335853618655, 33.76947585209041], [-84.16311993915551, 33.77003652373536], [-84.162978616195, 33.77046481285031], [-84.16294780128582, 33.77073398734265], [-84.16298764695856, 33.77088872094207], [-84.16331884053245, 33.771749739783424], [-84.16336715013179, 33.77204990848958], [-84.16337188874492, 33.772420740396015], [-84.16334947757521, 33.77264598567045], [-84.16328823313408, 33.77283159430892], [-84.16317727951841, 33.7730345488795], [-84.1631333806471, 33.77322435921368], [-84.16312888008751, 33.773440813509396], [-84.16317727951841, 33.773648148365346], [-84.16330560834831, 33.77389562680151], [-84.1636806702508, 33.774336939407036], [-84.16392379838413, 33.77459300224436], [-84.16405162056421, 33.774791693432306], [-84.16410919808234, 33.77495486119741], [-84.16413599123402, 33.775220161133454], [-84.16412252009802, 33.775432115997944], [-84.16404288804134, 33.775696968677295], [-84.16390171420119, 33.77594858983675], [-84.163464574221, 33.77657113172252], [-84.16323485793485, 33.77702165212301], [-84.16311099912178, 33.777184909723026], [-84.16279309791916, 33.77739233407967], [-84.1623560765166, 33.77754259721648], [-84.16179981543814, 33.77768380061395], [-84.1614464496464, 33.7778428561347], [-84.16113307774944, 33.778072482842276], [-84.1608371708982, 33.77835933111909], [-84.16068255556645, 33.77853608826227], [-84.16061186534012, 33.778778827643436], [-84.16059854332445, 33.77893782363728], [-84.16065585404294, 33.77913210537997], [-84.16075286041556, 33.77931318412725], [-84.16081040828927, 33.779573745674824], [-84.16081934922128, 33.780266589718295], [-84.16085901523098, 33.78046546038396], [-84.1609429987269, 33.78067756354722], [-84.16113751902022, 33.78107485899755], [-84.16130953741396, 33.781366385426004], [-84.16145953360852, 33.7815827803232], [-84.16153019419045, 33.78173727556087], [-84.16155689661227, 33.78196687241532], [-84.16152161168624, 33.782161183872766], [-84.16140666326247, 33.7824172755863], [-84.16121673336028, 33.78267336653402], [-84.16111507820608, 33.78286305770157], [-84.16106650001045, 33.78311923915219], [-84.16109332190823, 33.78337965174105], [-84.16118636491377, 33.78360486820006], [-84.1614817660135, 33.78421867718071], [-84.16156345341554, 33.78430030476041], [-84.16176646727986, 33.784445860274644], [-84.16199644138248, 33.78464488026613], [-84.16251195757457, 33.78567591589126], [-84.1628763960005, 33.78649053998125], [-84.16287212720628, 33.78654604100078], [-84.16285495770626, 33.786769227335945], [-84.16255483236645, 33.787047913783645], [-84.1625299139988, 33.787066971467496], [-84.16234916308215, 33.78725860376153], [-84.16218587541464, 33.7874087779157], [-84.16196518899373, 33.7876692797438], [-84.1617974618521, 33.78795183583044], [-84.16173568201506, 33.788176992483216], [-84.1617666460446, 33.788441845322176], [-84.16188573839675, 33.78872011047864], [-84.16207107790787, 33.788954029242184], [-84.16238474624886, 33.78920570925767], [-84.16282594032594, 33.789470652236865], [-84.16331633782607, 33.78985915554906], [-84.16360351395105, 33.7901638544516], [-84.1638637172613, 33.79036263568937], [-84.16408505945235, 33.79047278457038], [-84.16449990773877, 33.79060525644179], [-84.16492810768524, 33.790707000905286], [-84.16506937045861, 33.79077307281407], [-84.16522821775368, 33.79095886091602], [-84.16545367153381, 33.79137373871538], [-84.16590401405372, 33.79239351519137], [-84.16622862207828, 33.793057957674556], [-84.16672733438466, 33.79417968809179], [-84.16676479592864, 33.79447315195531], [-84.1667842660141, 33.79503564276233], [-84.16675658173368, 33.795215597204596], [-84.16658508076952, 33.7957300951365], [-84.16654220507934, 33.7960516571998], [-84.16656364337358, 33.79633034478751], [-84.16677801912961, 33.796716219846644], [-84.16717556137208, 33.79725928143236], [-84.1673874263369, 33.79755512953405], [-84.16767898174888, 33.797908346233804], [-84.16816037902817, 33.79858390606428], [-84.16868588448622, 33.799608241307304], [-84.16896823126824, 33.800005595981396], [-84.1696175048095, 33.800632488150086], [-84.16974115431512, 33.80080021544317], [-84.1698026960986, 33.80101213984238], [-84.1698512742942, 33.80146692316303], [-84.16991329308311, 33.801815939007646], [-84.17006763892027, 33.802372168731125], [-84.17022684374481, 33.8028136309382], [-84.17033720177747, 33.80295063264151], [-84.170610697459, 33.803175908095874], [-84.17130843061827, 33.803807061681624], [-84.17213425275726, 33.80449141288336], [-84.17239487468244, 33.80478731958787], [-84.17246109399362, 33.80494196404437], [-84.17248979426863, 33.8051779688237], [-84.17247200223612, 33.80554009638827], [-84.17238390625283, 33.80586696905495], [-84.1721981481268, 33.80633495556982], [-84.17202180883652, 33.806612981181], [-84.17175239509967, 33.80688671617883], [-84.17154479174256, 33.80713857560837], [-84.17085113962962, 33.808185273304], [-84.17063676746685, 33.80867833623404], [-84.17057335539094, 33.80907262659259], [-84.17046526650269, 33.80957870913349], [-84.17048670300032, 33.80996458417132], [-84.1705724543807, 33.810157522903566], [-84.17078682923844, 33.810479084500045], [-84.1709154545124, 33.81075777213021], [-84.17095359608105, 33.81105527533679], [-84.17096170966468, 33.81121836504365], [-84.17094430570438, 33.811478896669264], [-84.17086479312363, 33.811774625454106], [-84.17080274379201, 33.81214557418259], [-84.17078086891652, 33.81250302307601], [-84.17081174491116, 33.81276841416682], [-84.17093521565201, 33.81307284417756], [-84.17111194301448, 33.813271358003455], [-84.17142981547101, 33.813403650540174], [-84.17249423553939, 33.813580557006034], [-84.1728694465622, 33.81360249125367], [-84.1729927196737, 33.813600188710254], [-84.17303776479531, 33.813587519122564], [-84.17331645184085, 33.81335170696524], [-84.17359513888638, 33.813287395260105], [-84.17417395217002, 33.8133731449359], [-84.17453838790102, 33.81354464552239], [-84.17470988976348, 33.81363039344762], [-84.17509576378873, 33.813651832841146], [-84.17567457527575, 33.813651832841146], [-84.17648920081305, 33.813673269990275], [-84.17728238805608, 33.81352320759471], [-84.17777544995934, 33.81352320759471], [-84.17816132308627, 33.813694706387594], [-84.17844001103013, 33.813887643424806], [-84.17901882431377, 33.81405914447251], [-84.17955476100892, 33.81412345634381], [-84.18037143829834, 33.814441486184755], [-84.18073824558165, 33.8146180053833], [-84.1817413852763, 33.81530251790516], [-84.18219157148934, 33.815581205495505], [-84.18257502275826, 33.81573508633296], [-84.1830165447204, 33.81584109242373], [-84.18322432594395, 33.81592924874807], [-84.18348464962845, 33.816123738368056], [-84.1836566383778, 33.81635771658153], [-84.18372747952111, 33.816631391293484], [-84.18374959245013, 33.81701116231651], [-84.18372306879304, 33.81732459295404], [-84.18375823514148, 33.817867531967174], [-84.1838026406626, 33.81799997412466], [-84.18451330686702, 33.81891395137147], [-84.1846149323768, 33.81910391150929], [-84.18467224309529, 33.819359883749065], [-84.18473429152861, 33.820459410814365], [-84.18482256627662, 33.820870026753745], [-84.18501684761809, 33.82134251347938], [-84.1852571316852, 33.821605138978654], [-84.18542863175105, 33.82188382543657], [-84.18547150833955, 33.82203388809006], [-84.18545007094362, 33.822226824973946], [-84.1853220241847, 33.82244206953374], [-84.18517128328676, 33.82275112045665], [-84.18494171522265, 33.823130593404485], [-84.1848926941576, 33.8234273237149], [-84.18491413424849, 33.823727450057845], [-84.18497844553798, 33.8240490113886], [-84.18510707081194, 33.824413449385176], [-84.18527735006731, 33.824919001613026], [-84.18531719574004, 33.82512630658034], [-84.1853348081095, 33.82550622644727], [-84.1853081946209, 33.82598750386478], [-84.18524629620624, 33.82627891091321], [-84.1850782402812, 33.82667185524314], [-84.18491090031345, 33.826968000890375], [-84.18485353120447, 33.827153102965895], [-84.18488437575807, 33.827373997649346], [-84.18501234795681, 33.827568129909594], [-84.18534330257884, 33.827970014264174], [-84.18575465372385, 33.82840024035576], [-84.18600744503469, 33.82852944469555], [-84.18697213144527, 33.828872445932426], [-84.18785106827207, 33.82940838214375], [-84.18858898576894, 33.830035971496855], [-84.18895126195001, 33.83047335015967], [-84.18912781054772, 33.830632435940906], [-84.18933541390484, 33.83065884014178], [-84.18960455904543, 33.83059255949306], [-84.18996665736005, 33.830420421493685], [-84.19025800436289, 33.8301908837228], [-84.19040388717175, 33.830164181634494], [-84.19062466342419, 33.83022184822494]]]}, "properties": {"areasqkm": 644.06, "states": "GA", "huc10": "0307010301", "name": "Upper South River"}}]}