species,formula,casrn,ref,htype,H_mol_m3_Pa,mindHR_K,lnH,dHsol_kJ_mol
"(1,1-dimethylethyl)-benzene",C6H5C4H9,98-06-6,2891,M,0.0016,4700,-6.43775,-39.078
"(1,1-dimethylethyl)-benzene",C6H5C4H9,98-06-6,2904,M,0.00094,2400,-6.96963,-19.9547
"(1,1-dimethylethyl)-methanoate",HCOOC4H9,762-75-4,2646,M,0.014,3600,-4.2687,-29.9321
"(1,1-dimethylethyl)-methanoate",HCOOC4H9,762-75-4,3518,L,0.014,3600,-4.2687,-29.9321
(1-methylpropyl)-benzene,C6H5C4H9,135-98-8,2891,M,0.0013,4600,-6.64539,-38.2465
(1-methylpropyl)-benzene,C6H5C4H9,135-98-8,2904,M,0.00075,2300,-7.19544,-19.1233
"(2,2,2-trifluoroethoxy)-ethene",CF3CH2OCHCH2,406-90-6,1943,L,0.00054,4000,-7.52394,-33.2579
"(2,2,2-trifluoroethoxy)-ethene",CF3CH2OCHCH2,406-90-6,2445,M,0.00055,4300,-7.50559,-35.7522
"(2,2,2-trifluoroethoxy)-ethene",CF3CH2OCHCH2,406-90-6,3696,L,0.00055,4000,-7.50559,-33.2579
(2-chloroethoxy)-ethene,C4H7ClO,110-75-8,usepa82,X,0.031,2500,-3.47377,-20.7862
(2-methylpropyl)-methanoate,HCOOC4H9,542-55-2,3518,L,0.016,5200,-4.13517,-43.2352
(2-methylpropyl)-methanoate,HCOOC4H9,542-55-2,3616,L,0.016,5200,-4.13517,-43.2352
(2-methylpropyl)-propanoate,C7H14O2,540-42-1,3616,L,0.015,6600,-4.19971,-54.8755
(2-propyl)-benzene,C6H5C3H7,98-82-8,1156,M,0.0016,3200,-6.43775,-26.6063
(2-propyl)-benzene,C6H5C3H7,98-82-8,1525,L,0.0012,3200,-6.72543,-26.6063
(2-propyl)-benzene,C6H5C3H7,98-82-8,2375,V,0.0011,5000,-6.81245,-41.5723
(2-propyl)-benzene,C6H5C3H7,98-82-8,2453,M,0.00089,4700,-7.02429,-39.078
(2-propyl)-benzene,C6H5C3H7,98-82-8,2891,M,0.0014,4900,-6.57128,-40.7409
(2-propyl)-benzene,C6H5C3H7,98-82-8,2904,M,0.001,2500,-6.90776,-20.7862
(2-propyl)-benzene,C6H5C3H7,98-82-8,3518,L,0.0009,4800,-7.01312,-39.9094
(2-propyl)-benzene,C6H5C3H7,98-82-8,3673,L,0.00084,4800,-7.08211,-39.9094
(2-propyl)-benzene,C6H5C3H7,98-82-8,903,M,0.00087,3300,-7.04702,-27.4377
"(2R,3R,4R,5R)-hexane-1,2,3,4,5,6-hexol",C6H14O6,69-65-8,3067,V,1.8e+15,22000,35.1266,-182.918
"(2R,3R,4S)-pentane-1,2,3,4,5-pentol",C5H12O5,87-99-0,3067,V,3.9e+11,17000,26.6894,-141.346
"(2R,3S,4R,5S)-hexane-1,2,3,4,5,6-hexol",C6H14O6,608-66-2,3067,V,9e+14,22000,34.4334,-182.918
"(2R,3S,4S)-pentane-1,2,3,4,5-pentol",C5H12O5,488-81-3,3067,V,4.6e+11,18000,26.8545,-149.66
"(2R,4R)-pentane-1,2,3,4,5-pentol",C5H12O5,2152-56-9,3067,V,6.7e+11,18000,27.2305,-149.66
"(2S,3R,4R,5R)-hexane-1,2,3,4,5,6-hexol",C6H14O6,50-70-4,3067,V,6.6e+14,22000,34.1233,-182.918
"(E)-1,2-dichloroethene",CHClCHCl,156-60-5,1148,M,0.00097,5000,-6.93821,-41.5723
"(E)-1,2-dichloroethene",CHClCHCl,156-60-5,1156,M,0.00099,3000,-6.91781,-24.9434
"(E)-1,2-dichloroethene",CHClCHCl,156-60-5,1525,L,0.0009,4100,-7.01312,-34.0893
"(E)-1,2-dichloroethene",CHClCHCl,156-60-5,1855,L,0.001,3500,-6.90776,-29.1006
"(E)-1,2-dichloroethene",CHClCHCl,156-60-5,1943,L,0.0011,4200,-6.81245,-34.9207
"(E)-1,2-dichloroethene",CHClCHCl,156-60-5,2270,M,0.00084,4800,-7.08211,-39.9094
"(E)-1,2-dichloroethene",CHClCHCl,156-60-5,2271,M,0.0007,5400,-7.26443,-44.8981
"(E)-1,2-dichloroethene",CHClCHCl,156-60-5,2891,M,0.001,4000,-6.90776,-33.2579
"(E)-1,2-dichloroethene",CHClCHCl,156-60-5,2897,M,0.001,3500,-6.90776,-29.1006
"(E)-1,2-dichloroethene",CHClCHCl,156-60-5,2904,M,0.0011,2200,-6.81245,-18.2918
"(E)-1,2-dichloroethene",CHClCHCl,156-60-5,2905,M,0.0018,6200,-6.31997,-51.5497
"(E)-1,2-dichloroethene",CHClCHCl,156-60-5,2931,M,0.00093,4900,-6.98033,-40.7409
"(E)-1,2-dichloroethene",CHClCHCl,156-60-5,3245,L,0.001,3600,-6.90776,-29.9321
"(E)-1,2-dichloroethene",CHClCHCl,156-60-5,3500,L,0.001,3600,-6.90776,-29.9321
"(E)-1,2-dichloroethene",CHClCHCl,156-60-5,3518,L,0.001,3900,-6.90776,-32.4264
"(E)-1,2-dichloroethene",CHClCHCl,156-60-5,3681,L,0.00099,3600,-6.91781,-29.9321
"(E)-1,2-dichloroethene",CHClCHCl,156-60-5,3681,M,0.00092,2600,-6.99114,-21.6176
"(E)-1,2-dichloroethene",CHClCHCl,156-60-5,532,M,0.0011,4200,-6.81245,-34.9207
"(E)-1,2-dichloroethene",CHClCHCl,156-60-5,747,L,0.0009,4100,-7.01312,-34.0893
"(E)-1,2-dichloroethene",CHClCHCl,156-60-5,855,M,0.001,4200,-6.90776,-34.9207
"(E)-1,2-dichloroethene",CHClCHCl,156-60-5,856,M,0.001,3700,-6.90776,-30.7635
"(E)-1,2-dichloroethene",CHClCHCl,156-60-5,903,M,0.00098,3400,-6.92796,-28.2692
"(E)-1,2-dichloroethene",CHClCHCl,156-60-5,usepa82,X,0.0019,1700,-6.2659,-14.1346
"(E)-1,4-dichloro-2-butene",C4H6Cl2,110-57-6,2891,M,0.035,6600,-3.35241,-54.8755
(E)-1-chloro-2-butene,C4H7Cl,4894-61-5,2923,M,0.0031,3000,-5.77635,-24.9434
(E)-2-butenal,CH3CHCHCHO,123-73-9,3518,L,0.54,5300,-0.616186,-44.0667
(E)-2-hexenal,C3H7CHCHCHO,6728-26-3,3650,M,0.9,5700,-0.105361,-47.3924
(E)-β-damascenone,C13H18O,23726-93-4,3215,M,0.32,4600,-1.13943,-38.2465
(R)-1-methyl-4-(1-methylethenyl)-cyclohexene,C10H16,5989-27-5,2124,M,0.00035,4500,-7.95758,-37.4151
(S)-1-methyl-4-(1-methylethenyl)-cyclohexene,C10H16,5989-54-8,2124,M,0.00035,4400,-7.95758,-36.5836
"(Z)-1,2-dichloroethene",CHClCHCl,156-59-2,1156,M,0.0021,3200,-6.16582,-26.6063
"(Z)-1,2-dichloroethene",CHClCHCl,156-59-2,1525,L,0.0023,3900,-6.07485,-32.4264
"(Z)-1,2-dichloroethene",CHClCHCl,156-59-2,1855,L,0.0026,3700,-5.95224,-30.7635
"(Z)-1,2-dichloroethene",CHClCHCl,156-59-2,1943,L,0.0025,4000,-5.99146,-33.2579
"(Z)-1,2-dichloroethene",CHClCHCl,156-59-2,2270,M,0.0025,4200,-5.99146,-34.9207
"(Z)-1,2-dichloroethene",CHClCHCl,156-59-2,2271,M,0.0022,4100,-6.1193,-34.0893
"(Z)-1,2-dichloroethene",CHClCHCl,156-59-2,2824,M,0.0025,3900,-5.99146,-32.4264
"(Z)-1,2-dichloroethene",CHClCHCl,156-59-2,2891,M,0.0027,3800,-5.9145,-31.595
"(Z)-1,2-dichloroethene",CHClCHCl,156-59-2,2897,M,0.0022,3100,-6.1193,-25.7748
"(Z)-1,2-dichloroethene",CHClCHCl,156-59-2,2904,M,0.0025,3000,-5.99146,-24.9434
"(Z)-1,2-dichloroethene",CHClCHCl,156-59-2,2905,M,0.0013,3100,-6.64539,-25.7748
"(Z)-1,2-dichloroethene",CHClCHCl,156-59-2,3245,L,0.0026,3700,-5.95224,-30.7635
"(Z)-1,2-dichloroethene",CHClCHCl,156-59-2,3500,L,0.0026,3700,-5.95224,-30.7635
"(Z)-1,2-dichloroethene",CHClCHCl,156-59-2,3518,L,0.0024,4000,-6.03229,-33.2579
"(Z)-1,2-dichloroethene",CHClCHCl,156-59-2,3681,L,0.0023,3400,-6.07485,-28.2692
"(Z)-1,2-dichloroethene",CHClCHCl,156-59-2,532,M,0.0026,4200,-5.95224,-34.9207
"(Z)-1,2-dichloroethene",CHClCHCl,156-59-2,747,L,0.0023,3900,-6.07485,-32.4264
"(Z)-1,2-dichloroethene",CHClCHCl,156-59-2,855,M,0.0024,4000,-6.03229,-33.2579
"(Z)-1,2-dichloroethene",CHClCHCl,156-59-2,856,M,0.0025,3800,-5.99146,-31.595
"(Z)-1,4-dichloro-2-butene",C4H6Cl2,1476-11-5,2891,M,0.03,9400,-3.50656,-78.1559
(Z)-1-chloro-2-butene,C4H7Cl,4628-21-1,2923,M,0.0012,2800,-6.72543,-23.2805
(chloromethyl)-benzene,C6H5CH2Cl,100-44-7,2891,M,0.02,7200,-3.91202,-59.8641
(chloromethyl)-benzene,C6H5CH2Cl,100-44-7,3518,L,0.022,4400,-3.81671,-36.5836
(chloromethyl)-oxirane,C3H5ClO,106-89-8,usepa82,X,0.28,3700,-1.27297,-30.7635
(diethylamino)-benzene,C10H15N,91-66-7,3518,L,0.067,6700,-2.70306,-55.7069
(ethylamino)-benzene,C8H11N,103-69-5,3518,L,0.81,7900,-0.210721,-65.6843
(perfluorobutyl)ethene,C6H3F9,19430-93-4,2993,Q,2.5e-06,4100,-12.8992,-34.0893
(perfluorodecyl)ethene,C12H3F21,30389-25-4,2993,Q,3.3e-08,6500,-17.2268,-54.044
(perfluorohexyl)ethene,C8H3F13,25291-17-2,2993,Q,5.3e-07,4900,-14.4504,-40.7409
(perfluorohexyl)ethene,C8H3F13,25291-17-2,3939,M,0.00011,4900,-9.11503,-40.7409
(perfluorooctyl)ethene,C10H3F17,21652-58-4,2993,Q,1.4e-07,5700,-15.7816,-47.3924
"1,1,1,2,3,3,3-heptafluoropropane",C3HF7,431-89-0,2013,M,1.4e-05,3300,-11.1765,-27.4377
"1,1,1,2-tetrachloroethane",CCl3CH2Cl,630-20-6,1525,L,0.024,3200,-3.7297,-26.6063
"1,1,1,2-tetrachloroethane",CCl3CH2Cl,630-20-6,1855,L,0.0042,4600,-5.47267,-38.2465
"1,1,1,2-tetrachloroethane",CCl3CH2Cl,630-20-6,1943,V,0.0042,5000,-5.47267,-41.5723
"1,1,1,2-tetrachloroethane",CCl3CH2Cl,630-20-6,2891,M,0.0048,4800,-5.33914,-39.9094
"1,1,1,2-tetrachloroethane",CCl3CH2Cl,630-20-6,2904,M,0.0043,4100,-5.44914,-34.0893
"1,1,1,2-tetrachloroethane",CCl3CH2Cl,630-20-6,3245,L,0.0042,4600,-5.47267,-38.2465
"1,1,1,2-tetrachloroethane",CCl3CH2Cl,630-20-6,3500,L,0.0042,4600,-5.47267,-38.2465
"1,1,1,2-tetrachloroethane",CCl3CH2Cl,630-20-6,3518,L,0.0042,4900,-5.47267,-40.7409
"1,1,1,2-tetrachloroethane",CCl3CH2Cl,630-20-6,3681,L,0.005,6700,-5.29832,-55.7069
"1,1,1,2-tetrachloroethane",CCl3CH2Cl,630-20-6,3681,M,0.0045,11000,-5.40368,-91.4591
"1,1,1,2-tetrachloroethane",CCl3CH2Cl,630-20-6,855,M,0.004,4400,-5.52146,-36.5836
"1,1,1,2-tetrachloroethane",CCl3CH2Cl,630-20-6,856,M,0.0045,4600,-5.40368,-38.2465
"1,1,1,2-tetrafluoroethane",C2H2F4,811-97-2,1014,V,0.00014,2600,-8.87387,-21.6176
"1,1,1,2-tetrafluoroethane",C2H2F4,811-97-2,2013,M,0.00016,2900,-8.74034,-24.1119
"1,1,1,2-tetrafluoroethane",C2H2F4,811-97-2,2121,M,0.00019,1400,-8.56849,-11.6402
"1,1,1,2-tetrafluoroethane",C2H2F4,811-97-2,3245,L,0.00016,2700,-8.74034,-22.449
"1,1,1,2-tetrafluoroethane",C2H2F4,811-97-2,3500,L,0.00016,2700,-8.74034,-22.449
"1,1,1,2-tetrafluoroethane",C2H2F4,811-97-2,3564,M,0.00015,3100,-8.80488,-25.7748
"1,1,1,2-tetrafluoroethane",C2H2F4,811-97-2,3570,Q,0.00015,3100,-8.80488,-25.7748
"1,1,1,2-tetrafluoroethane",C2H2F4,811-97-2,921,M,0.00016,2900,-8.74034,-24.1119
"1,1,1,2-tetrafluoroethane",C2H2F4,811-97-2,923,M,0.00016,3000,-8.74034,-24.9434
"1,1,1,3,3,3-hexafluoro-2-propanol",CF3CHOHCF3,920-66-1,727,M,0.24,6700,-1.42712,-55.7069
"1,1,1-trichloro-2,2-bis-(4-chlorophenyl)-ethane",C14H9Cl5,50-29-3,1143,T,0.019,7800,-3.96332,-64.8528
"1,1,1-trichloro-2,2-bis-(4-chlorophenyl)-ethane",C14H9Cl5,50-29-3,2814,M,0.9,7500,-0.105361,-62.3585
"1,1,1-trichloroethane",CH3CCl3,71-55-6,1014,V,0.0007,4700,-7.26443,-39.078
"1,1,1-trichloroethane",CH3CCl3,71-55-6,1147,X,0.00058,4000,-7.45248,-33.2579
"1,1,1-trichloroethane",CH3CCl3,71-55-6,1150,M,0.00049,4400,-7.62111,-36.5836
"1,1,1-trichloroethane",CH3CCl3,71-55-6,1156,M,0.00057,3400,-7.46987,-28.2692
"1,1,1-trichloroethane",CH3CCl3,71-55-6,1525,L,0.00059,4000,-7.43539,-33.2579
"1,1,1-trichloroethane",CH3CCl3,71-55-6,1855,L,0.0006,3700,-7.41858,-30.7635
"1,1,1-trichloroethane",CH3CCl3,71-55-6,1943,L,0.00062,3900,-7.38579,-32.4264
"1,1,1-trichloroethane",CH3CCl3,71-55-6,2243,M,0.00058,4100,-7.45248,-34.0893
"1,1,1-trichloroethane",CH3CCl3,71-55-6,2269,M,0.00057,4200,-7.46987,-34.9207
"1,1,1-trichloroethane",CH3CCl3,71-55-6,2270,M,0.00051,5200,-7.5811,-43.2352
"1,1,1-trichloroethane",CH3CCl3,71-55-6,2271,M,0.00027,7000,-8.21709,-58.2012
"1,1,1-trichloroethane",CH3CCl3,71-55-6,2824,M,0.00054,4100,-7.52394,-34.0893
"1,1,1-trichloroethane",CH3CCl3,71-55-6,2891,M,0.00069,4000,-7.27882,-33.2579
"1,1,1-trichloroethane",CH3CCl3,71-55-6,2896,M,0.00062,3500,-7.38579,-29.1006
"1,1,1-trichloroethane",CH3CCl3,71-55-6,2904,M,0.00067,1900,-7.30823,-15.7975
"1,1,1-trichloroethane",CH3CCl3,71-55-6,3245,L,0.0006,3700,-7.41858,-30.7635
"1,1,1-trichloroethane",CH3CCl3,71-55-6,3245,L,0.00042,4200,-7.77526,-34.9207
"1,1,1-trichloroethane",CH3CCl3,71-55-6,3500,L,0.0006,3700,-7.41858,-30.7635
"1,1,1-trichloroethane",CH3CCl3,71-55-6,3500,L,0.00042,4200,-7.77526,-34.9207
"1,1,1-trichloroethane",CH3CCl3,71-55-6,3518,L,0.00058,4100,-7.45248,-34.0893
"1,1,1-trichloroethane",CH3CCl3,71-55-6,3681,L,0.0006,3800,-7.41858,-31.595
"1,1,1-trichloroethane",CH3CCl3,71-55-6,532,M,0.00059,4100,-7.43539,-34.0893
"1,1,1-trichloroethane",CH3CCl3,71-55-6,584,M,0.00067,4100,-7.30823,-34.0893
"1,1,1-trichloroethane",CH3CCl3,71-55-6,599,M,0.00055,2500,-7.50559,-20.7862
"1,1,1-trichloroethane",CH3CCl3,71-55-6,601,M,0.00059,4300,-7.43539,-35.7522
"1,1,1-trichloroethane",CH3CCl3,71-55-6,608,M,0.00076,3200,-7.18219,-26.6063
"1,1,1-trichloroethane",CH3CCl3,71-55-6,747,L,0.00058,3900,-7.45248,-32.4264
"1,1,1-trichloroethane",CH3CCl3,71-55-6,855,M,0.0006,3300,-7.41858,-27.4377
"1,1,1-trichloroethane",CH3CCl3,71-55-6,856,M,0.00063,3700,-7.36979,-30.7635
"1,1,1-trichloroethane",CH3CCl3,71-55-6,857,M,0.00079,1300,-7.14348,-10.8088
"1,1,1-trichloroethane",CH3CCl3,71-55-6,903,M,0.00059,3100,-7.43539,-25.7748
"1,1,1-trichloroethane",CH3CCl3,71-55-6,usepa82,X,0.0022,1700,-6.1193,-14.1346
"1,1,1-trifluoro-2-propanol",CF3CHOHCH3,374-01-6,727,M,0.45,6300,-0.798508,-52.3811
"1,1,1-trifluoro-2-propanone",CF3COCH3,421-50-1,2626,L,1.4,8900,0.336472,-73.9987
"1,1,1-trifluoro-2-propanone",CF3COCH3,421-50-1,3245,L,1.4,8900,0.336472,-73.9987
"1,1,1-trifluoro-2-propanone",CF3COCH3,421-50-1,3500,L,1.4,8900,0.336472,-73.9987
"1,1,1-trifluoro-2-propanone",CF3COCH3,421-50-1,495,M,1.4,8900,0.336472,-73.9987
"1,1,2,2-tetrabromoethane",C2H2Br4,79-27-6,2895,M,0.01,840,-4.60517,-6.98415
"1,1,2,2-tetrabromoethane",C2H2Br4,79-27-6,3500,L,0.014,1300,-4.2687,-10.8088
"1,1,2,2-tetrabromoethane",C2H2Br4,79-27-6,3518,L,0.014,1300,-4.2687,-10.8088
"1,1,2,2-tetrachloroethane",CHCl2CHCl2,79-34-5,1147,X,0.018,4200,-4.01738,-34.9207
"1,1,2,2-tetrachloroethane",CHCl2CHCl2,79-34-5,1150,M,0.027,3500,-3.61192,-29.1006
"1,1,2,2-tetrachloroethane",CHCl2CHCl2,79-34-5,1156,M,0.022,2900,-3.81671,-24.1119
"1,1,2,2-tetrachloroethane",CHCl2CHCl2,79-34-5,1855,L,0.024,4800,-3.7297,-39.9094
"1,1,2,2-tetrachloroethane",CHCl2CHCl2,79-34-5,2891,M,0.033,7200,-3.41125,-59.8641
"1,1,2,2-tetrachloroethane",CHCl2CHCl2,79-34-5,2904,M,0.023,6800,-3.77226,-56.5383
"1,1,2,2-tetrachloroethane",CHCl2CHCl2,79-34-5,3245,L,0.023,4800,-3.77226,-39.9094
"1,1,2,2-tetrachloroethane",CHCl2CHCl2,79-34-5,3500,L,0.023,4800,-3.77226,-39.9094
"1,1,2,2-tetrachloroethane",CHCl2CHCl2,79-34-5,3518,L,0.024,5000,-3.7297,-41.5723
"1,1,2,2-tetrachloroethane",CHCl2CHCl2,79-34-5,3681,L,0.023,3700,-3.77226,-30.7635
"1,1,2,2-tetrachloroethane",CHCl2CHCl2,79-34-5,747,L,0.024,3200,-3.7297,-26.6063
"1,1,2,2-tetrachloroethane",CHCl2CHCl2,79-34-5,855,M,0.022,3100,-3.81671,-25.7748
"1,1,2,2-tetrachloroethane",CHCl2CHCl2,79-34-5,856,M,0.026,4800,-3.64966,-39.9094
"1,1,2,2-tetrachloroethane",CHCl2CHCl2,79-34-5,usepa82,X,0.023,3000,-3.77226,-24.9434
"1,1,2,2-tetrahydroperfluoro dodecanol",C12H5F21O,865-86-1,2993,Q,0.0001,9600,-9.21034,-79.8188
"1,1,2,2-tetrahydroperfluoro dodecanol",C12H5F21O,865-86-1,3013,M,0.00013,2700,-8.94798,-22.449
"1,1,2-trichloro-1,2,2-trifluoroethane",C2F3Cl3,76-13-1,1107,M,2.9e-05,4300,-10.4482,-35.7522
"1,1,2-trichloro-1,2,2-trifluoroethane",C2F3Cl3,76-13-1,1156,M,3.4e-05,3200,-10.2892,-26.6063
"1,1,2-trichloro-1,2,2-trifluoroethane",C2F3Cl3,76-13-1,1775,M,2.9e-05,4000,-10.4482,-33.2579
"1,1,2-trichloro-1,2,2-trifluoroethane",C2F3Cl3,76-13-1,2013,M,2.8e-05,6500,-10.4833,-54.044
"1,1,2-trichloro-1,2,2-trifluoroethane",C2F3Cl3,76-13-1,2891,M,0.0002,5700,-8.51719,-47.3924
"1,1,2-trichloro-1,2,2-trifluoroethane",C2F3Cl3,76-13-1,3245,L,3.4e-05,3200,-10.2892,-26.6063
"1,1,2-trichloro-1,2,2-trifluoroethane",C2F3Cl3,76-13-1,3500,L,3.4e-05,3200,-10.2892,-26.6063
"1,1,2-trichloro-1,2,2-trifluoroethane",C2F3Cl3,76-13-1,3518,L,2.9e-05,4100,-10.4482,-34.0893
"1,1,2-trichloroethane",CHCl2CH2Cl,79-00-5,1107,M,0.011,4700,-4.50986,-39.078
"1,1,2-trichloroethane",CHCl2CH2Cl,79-00-5,1147,X,0.011,4300,-4.50986,-35.7522
"1,1,2-trichloroethane",CHCl2CH2Cl,79-00-5,1150,M,0.012,3700,-4.42285,-30.7635
"1,1,2-trichloroethane",CHCl2CH2Cl,79-00-5,1156,M,0.01,4800,-4.60517,-39.9094
"1,1,2-trichloroethane",CHCl2CH2Cl,79-00-5,1525,L,0.011,4900,-4.50986,-40.7409
"1,1,2-trichloroethane",CHCl2CH2Cl,79-00-5,1855,L,0.011,4100,-4.50986,-34.0893
"1,1,2-trichloroethane",CHCl2CH2Cl,79-00-5,1943,L,0.012,4200,-4.42285,-34.9207
"1,1,2-trichloroethane",CHCl2CH2Cl,79-00-5,2891,M,0.014,5400,-4.2687,-44.8981
"1,1,2-trichloroethane",CHCl2CH2Cl,79-00-5,2904,M,0.011,5100,-4.50986,-42.4038
"1,1,2-trichloroethane",CHCl2CH2Cl,79-00-5,3245,L,0.011,4100,-4.50986,-34.0893
"1,1,2-trichloroethane",CHCl2CH2Cl,79-00-5,3500,L,0.011,4100,-4.50986,-34.0893
"1,1,2-trichloroethane",CHCl2CH2Cl,79-00-5,3518,L,0.011,4400,-4.50986,-36.5836
"1,1,2-trichloroethane",CHCl2CH2Cl,79-00-5,3681,L,0.011,4400,-4.50986,-36.5836
"1,1,2-trichloroethane",CHCl2CH2Cl,79-00-5,3681,M,0.0073,2400,-4.91988,-19.9547
"1,1,2-trichloroethane",CHCl2CH2Cl,79-00-5,747,L,0.011,4900,-4.50986,-40.7409
"1,1,2-trichloroethane",CHCl2CH2Cl,79-00-5,855,M,0.011,4300,-4.50986,-35.7522
"1,1,2-trichloroethane",CHCl2CH2Cl,79-00-5,856,M,0.011,4100,-4.50986,-34.0893
"1,1,2-trichloroethane",CHCl2CH2Cl,79-00-5,903,M,0.012,5900,-4.42285,-49.0553
"1,1,2-trichloroethane",CHCl2CH2Cl,79-00-5,usepa82,X,0.012,2700,-4.42285,-22.449
"1,1,2-trichloroethane-d3",CDCl2CD2Cl,171086-93-4,2891,M,0.013,5100,-4.34281,-42.4038
"1,1-dichloro-1-fluoroethane",CH3CFCl2,1717-00-6,1014,V,7.7e-05,5200,-9.47171,-43.2352
"1,1-dichloro-1-fluoroethane",CH3CFCl2,1717-00-6,2939,M,0.00029,2800,-8.14563,-23.2805
"1,1-dichloro-1-fluoroethane",CH3CFCl2,1717-00-6,3570,Q,0.00029,3500,-8.14563,-29.1006
"1,1-dichloro-1-fluoroethane",CH3CFCl2,1717-00-6,923,M,0.00028,3700,-8.18072,-30.7635
"1,1-dichloro-2,2-bis-(4-chlorophenyl)-ethane",C14H10Cl4,72-54-8,1143,T,0.029,7300,-3.54046,-60.6956
"1,1-dichloro-2,2-bis-(4-chlorophenyl)-ethane",C14H10Cl4,72-54-8,2814,M,0.91,5100,-0.0943107,-42.4038
"1,1-dichloro-2,2-bis-(4-chlorophenyl)-ethene",C14H8Cl4,72-55-9,1143,T,0.026,7600,-3.64966,-63.1899
"1,1-dichloro-2,2-bis-(4-chlorophenyl)-ethene",C14H8Cl4,72-55-9,2492,M,0.029,4700,-3.54046,-39.078
"1,1-dichloro-2,2-bis-(4-chlorophenyl)-ethene",C14H8Cl4,72-55-9,2814,M,0.16,7700,-1.83258,-64.0214
"1,1-dichloroethane",CHCl2CH3,75-34-3,1147,X,0.0017,3800,-6.37713,-31.595
"1,1-dichloroethane",CHCl2CH3,75-34-3,1156,M,0.0015,3100,-6.50229,-25.7748
"1,1-dichloroethane",CHCl2CH3,75-34-3,1525,L,0.0016,3700,-6.43775,-30.7635
"1,1-dichloroethane",CHCl2CH3,75-34-3,1855,L,0.0017,4100,-6.37713,-34.0893
"1,1-dichloroethane",CHCl2CH3,75-34-3,1943,L,0.0018,4100,-6.31997,-34.0893
"1,1-dichloroethane",CHCl2CH3,75-34-3,2271,M,0.0013,4900,-6.64539,-40.7409
"1,1-dichloroethane",CHCl2CH3,75-34-3,2824,M,0.0019,3300,-6.2659,-27.4377
"1,1-dichloroethane",CHCl2CH3,75-34-3,2891,M,0.002,3900,-6.21461,-32.4264
"1,1-dichloroethane",CHCl2CH3,75-34-3,2901,M,0.0017,2100,-6.37713,-17.4604
"1,1-dichloroethane",CHCl2CH3,75-34-3,2904,M,0.0018,2600,-6.31997,-21.6176
"1,1-dichloroethane",CHCl2CH3,75-34-3,2953,M,0.0016,3900,-6.43775,-32.4264
"1,1-dichloroethane",CHCl2CH3,75-34-3,3245,L,0.0017,4100,-6.37713,-34.0893
"1,1-dichloroethane",CHCl2CH3,75-34-3,3245,L,0.0015,3900,-6.50229,-32.4264
"1,1-dichloroethane",CHCl2CH3,75-34-3,3500,L,0.0017,4000,-6.37713,-33.2579
"1,1-dichloroethane",CHCl2CH3,75-34-3,3500,L,0.0015,3900,-6.50229,-32.4264
"1,1-dichloroethane",CHCl2CH3,75-34-3,3518,L,0.0017,4000,-6.37713,-33.2579
"1,1-dichloroethane",CHCl2CH3,75-34-3,3681,L,0.0017,3900,-6.37713,-32.4264
"1,1-dichloroethane",CHCl2CH3,75-34-3,532,M,0.0018,4100,-6.31997,-34.0893
"1,1-dichloroethane",CHCl2CH3,75-34-3,584,M,0.002,4300,-6.21461,-35.7522
"1,1-dichloroethane",CHCl2CH3,75-34-3,747,L,0.0015,3600,-6.50229,-29.9321
"1,1-dichloroethane",CHCl2CH3,75-34-3,855,M,0.0015,4900,-6.50229,-40.7409
"1,1-dichloroethane",CHCl2CH3,75-34-3,856,M,0.0017,3700,-6.37713,-30.7635
"1,1-dichloroethane",CHCl2CH3,75-34-3,863,M,0.0018,4400,-6.31997,-36.5836
"1,1-dichloroethane",CHCl2CH3,75-34-3,usepa82,X,0.0018,1700,-6.31997,-14.1346
"1,1-dichloroethene",CH2CCl2,75-35-4,1107,M,0.00037,4200,-7.90201,-34.9207
"1,1-dichloroethene",CH2CCl2,75-35-4,1150,M,0.00026,4600,-8.25483,-38.2465
"1,1-dichloroethene",CH2CCl2,75-35-4,1156,M,0.00037,2900,-7.90201,-24.1119
"1,1-dichloroethene",CH2CCl2,75-35-4,1525,L,0.00034,4000,-7.98656,-33.2579
"1,1-dichloroethene",CH2CCl2,75-35-4,1855,L,0.00037,3400,-7.90201,-28.2692
"1,1-dichloroethene",CH2CCl2,75-35-4,1943,L,0.0004,3800,-7.82405,-31.595
"1,1-dichloroethene",CH2CCl2,75-35-4,2270,M,0.00034,4500,-7.98656,-37.4151
"1,1-dichloroethene",CH2CCl2,75-35-4,2271,M,0.00014,6600,-8.87387,-54.8755
"1,1-dichloroethene",CH2CCl2,75-35-4,2891,M,0.00041,4600,-7.79935,-38.2465
"1,1-dichloroethene",CH2CCl2,75-35-4,2904,M,0.00046,1600,-7.68428,-13.3031
"1,1-dichloroethene",CH2CCl2,75-35-4,3245,L,0.00037,3400,-7.90201,-28.2692
"1,1-dichloroethene",CH2CCl2,75-35-4,3500,L,0.00037,3400,-7.90201,-28.2692
"1,1-dichloroethene",CH2CCl2,75-35-4,3518,L,0.00031,3900,-8.07894,-32.4264
"1,1-dichloroethene",CH2CCl2,75-35-4,3681,L,0.00037,3500,-7.90201,-29.1006
"1,1-dichloroethene",CH2CCl2,75-35-4,3681,M,0.0004,3400,-7.82405,-28.2692
"1,1-dichloroethene",CH2CCl2,75-35-4,532,M,0.00038,3700,-7.87534,-30.7635
"1,1-dichloroethene",CH2CCl2,75-35-4,747,L,0.00034,3900,-7.98656,-32.4264
"1,1-dichloroethene",CH2CCl2,75-35-4,856,M,0.00035,3300,-7.95758,-27.4377
"1,1-dichloroethene",CH2CCl2,75-35-4,usepa82,X,0.00064,1200,-7.35404,-9.97736
"1,1-dichloropropene",C3H4Cl2,563-58-6,2891,M,0.00061,4200,-7.40205,-34.9207
"1,1-dichloropropene",C3H4Cl2,563-58-6,2904,M,0.00054,1900,-7.52394,-15.7975
"1,1-difluoroethane",C2H4F2,75-37-6,1014,V,0.00042,2300,-7.77526,-19.1233
"1,1-difluoroethane",C2H4F2,75-37-6,2013,M,0.00049,2700,-7.62111,-22.449
"1,1-difluoroethane",C2H4F2,75-37-6,3245,L,0.00049,2600,-7.62111,-21.6176
"1,1-difluoroethane",C2H4F2,75-37-6,3500,L,0.00049,2600,-7.62111,-21.6176
"1,1-difluoroethane",C2H4F2,75-37-6,921,M,0.00049,2800,-7.62111,-23.2805
"1,1-difluoroethane",C2H4F2,75-37-6,923,M,0.0005,2800,-7.6009,-23.2805
"1,1-dimethylethyl ethanoate",C6H12O2,540-88-5,3518,L,0.012,6100,-4.42285,-50.7182
"1,1-dimethylethyl ethanoate",C6H12O2,540-88-5,3616,L,0.011,5600,-4.50986,-46.561
"1,2,3,4,5,6,7-heptachloronaphthalene",C10HCl7,58863-14-2,3732,M,3.6,10000,1.28093,-83.1446
"1,2,3,4,5,6,8-heptachloronaphthalene",C10HCl7,58863-15-3,3732,M,2.4,10000,0.875469,-83.1446
"1,2,3,4,5,6-hexachloronaphthalene",C10H2Cl6,58877-88-6,3732,M,0.78,12000,-0.248461,-99.7736
"1,2,3,4,5,8-hexachloronaphthalene",C10H2Cl6,103426-93-3,3732,M,0.93,10000,-0.0725707,-83.1446
"1,2,3,4,6,7,8-heptachlorodibenzo-p-dioxin",C12HCl7O2,35822-46-9,1143,T,7.5e-05,2400,-9.49802,-19.9547
"1,2,3,4,6,7,8-heptachlorodibenzofuran",C12HCl7O,67562-39-4,1143,T,5.4e-05,1600,-9.82653,-13.3031
"1,2,3,4,6,8,9-heptachlorodibenzofuran",C12HCl7O,69698-58-4,1143,T,0.00034,1800,-7.98656,-14.966
"1,2,3,4,6,8-hexachlorodibenzofuran",C12H2Cl6O,69698-60-8,1143,T,0.00024,2300,-8.33487,-19.1233
"1,2,3,4,6-pentachloronaphthalene",C10H3Cl5,67922-26-3,3732,M,0.078,9000,-2.55105,-74.8302
"1,2,3,4,7,8,9-heptachlorodibenzofuran",C12HCl7O,55673-89-7,1143,T,0.00055,2100,-7.50559,-17.4604
"1,2,3,4,7,8-hexachlorodibenzo-p-dioxin",C12H2Cl6O2,39227-28-6,1143,T,0.00012,2900,-9.02802,-24.1119
"1,2,3,4,7,8-hexachlorodibenzofuran",C12H2Cl6O,70648-26-9,1143,T,0.00041,2400,-7.79935,-19.9547
"1,2,3,4-tetrachlorobenzene",C6H2Cl4,634-66-2,1146,M,0.013,4800,-4.34281,-39.9094
"1,2,3,4-tetrahydronaphthalene",C10H12,119-64-2,1156,M,0.0051,5400,-5.27851,-44.8981
"1,2,3,4-tetrahydronaphthalene",C10H12,119-64-2,3673,L,0.0064,5300,-5.05146,-44.0667
"1,2,3,4-tetramethylbenzene",C10H14,488-23-3,3518,L,0.0029,5900,-5.84304,-49.0553
"1,2,3,5,7,8-hexachloronaphthalene",C10H2Cl6,103426-94-4,3732,M,0.43,12000,-0.84397,-99.7736
"1,2,3,5,8-pentachloronaphthalene",C10H3Cl5,150224-24-1,3732,M,0.17,9700,-1.77196,-80.6503
"1,2,3,6,7,8-hexachlorodibenzo-p-dioxin",C12H2Cl6O2,57653-85-7,1143,T,6.2e-05,2800,-9.68838,-23.2805
"1,2,3,6,7,8-hexachlorodibenzofuran",C12H2Cl6O,57117-44-9,1143,T,0.0011,3300,-6.81245,-27.4377
"1,2,3,7,8,9-hexachlorodibenzo-p-dioxin",C12H2Cl6O2,19408-74-3,1143,T,0.00025,2700,-8.29405,-22.449
"1,2,3,7,8,9-hexachlorodibenzofuran",C12H2Cl6O,72918-21-9,1143,T,0.00063,2600,-7.36979,-21.6176
"1,2,3,7,8-pentachlorodibenzo-p-dioxin",C12H3Cl5O2,40321-76-4,1143,T,5.2e-05,2500,-9.86427,-20.7862
"1,2,3,7,8-pentachlorodibenzofuran",C12H3Cl5O,57117-41-6,1143,T,0.00087,3000,-7.04702,-24.9434
"1,2,3-propanetriol",C3H8O3,56-81-5,3067,V,4.7e+06,11000,15.3631,-91.4591
"1,2,3-trichlorobenzene",C6H3Cl3,87-61-6,1107,M,0.0036,4200,-5.62682,-34.9207
"1,2,3-trichlorobenzene",C6H3Cl3,87-61-6,2891,M,0.015,4800,-4.19971,-39.9094
"1,2,3-trichlorobenzene",C6H3Cl3,87-61-6,2904,M,0.015,7300,-4.19971,-60.6956
"1,2,3-trichlorobenzene",C6H3Cl3,87-61-6,2926,M,0.0063,4600,-5.06721,-38.2465
"1,2,3-trichlorobenzene",C6H3Cl3,87-61-6,3518,L,0.0062,4600,-5.08321,-38.2465
"1,2,3-trichlorobenzene-d3",C6D3Cl3,3907-98-0,2891,M,0.015,4600,-4.19971,-38.2465
"1,2,3-trichloropropane",C3H5Cl3,96-18-4,1150,M,0.029,3500,-3.54046,-29.1006
"1,2,3-trichloropropane",C3H5Cl3,96-18-4,1525,L,0.036,3700,-3.32424,-30.7635
"1,2,3-trichloropropane",C3H5Cl3,96-18-4,2891,M,0.042,7200,-3.17009,-59.8641
"1,2,3-trichloropropane",C3H5Cl3,96-18-4,2904,M,0.028,5300,-3.57555,-44.0667
"1,2,3-trichloropropane",C3H5Cl3,96-18-4,3245,L,0.036,3700,-3.32424,-30.7635
"1,2,3-trichloropropane",C3H5Cl3,96-18-4,3500,L,0.036,3700,-3.32424,-30.7635
"1,2,3-trichloropropane",C3H5Cl3,96-18-4,3518,L,0.033,1900,-3.41125,-15.7975
"1,2,3-trichloropropane",C3H5Cl3,96-18-4,598,M,0.044,4000,-3.12357,-33.2579
"1,2,3-trichloropropane",C3H5Cl3,96-18-4,747,L,0.034,3700,-3.38139,-30.7635
"1,2,3-trimethylbenzene",C6H3(CH3)3,526-73-8,1943,L,0.0027,4800,-5.9145,-39.9094
"1,2,3-trimethylbenzene",C6H3(CH3)3,526-73-8,2453,M,0.0024,4500,-6.03229,-37.4151
"1,2,3-trimethylbenzene",C6H3(CH3)3,526-73-8,3518,L,0.0024,4600,-6.03229,-38.2465
"1,2,3-trimethylbenzene",C6H3(CH3)3,526-73-8,3673,L,0.0026,4500,-5.95224,-37.4151
"1,2,4,5,6-pentachloronaphthalene",C10H3Cl5,150224-20-7,3732,M,0.14,9500,-1.96611,-78.9874
"1,2,4,5,7-pentachloronaphthalene",C10H3Cl5,150224-19-4,3732,M,0.089,8700,-2.41912,-72.3358
"1,2,4,5,8-pentachloronaphthalene",C10H3Cl5,150224-25-2,3732,M,0.26,9100,-1.34707,-75.6616
"1,2,4,5-tetrachloronaphthalene",C10H4Cl4,6733-54-6,3732,M,0.15,5900,-1.89712,-49.0553
"1,2,4,6,7,8-hexachlorodibenzofuran",C12H2Cl6O,67562-40-7,1143,T,0.00032,2300,-8.04719,-19.1233
"1,2,4,6,8,9-hexachlorodibenzofuran",C12H2Cl6O,69698-59-5,1143,T,0.00022,2600,-8.42188,-21.6176
"1,2,4,6,8-pentachloronaphthalene",C10H3Cl5,150224-22-9,3732,M,0.1,8800,-2.30259,-73.1673
"1,2,4,7,8-pentachloronaphthalene",C10H3Cl5,150224-21-8,3732,M,0.17,9200,-1.77196,-76.4931
"1,2,4,8-tetrachloronaphthalene",C10H4Cl4,6529-87-9,3732,M,0.18,6000,-1.7148,-49.8868
"1,2,4-trichloro-3-methoxybenzene",C7H5Cl3O,50375-10-5,3118,M,0.011,4500,-4.50986,-37.4151
"1,2,4-trichlorobenzene",C6H3Cl3,120-82-1,1107,M,0.0024,3500,-6.03229,-29.1006
"1,2,4-trichlorobenzene",C6H3Cl3,120-82-1,1156,M,0.0046,3900,-5.3817,-32.4264
"1,2,4-trichlorobenzene",C6H3Cl3,120-82-1,2891,M,0.011,5100,-4.50986,-42.4038
"1,2,4-trichlorobenzene",C6H3Cl3,120-82-1,2904,M,0.0065,5500,-5.03595,-45.7295
"1,2,4-trichlorobenzene",C6H3Cl3,120-82-1,3518,L,0.0042,6400,-5.47267,-53.2126
"1,2,4-trichlorobenzene",C6H3Cl3,120-82-1,3681,L,0.0039,3100,-5.54678,-25.7748
"1,2,4-trichlorobenzene",C6H3Cl3,120-82-1,usepa82,X,0.007,2500,-4.96185,-20.7862
"1,2,4-trichlorobenzene-d3",C6D3Cl3,2199-72-6,2891,M,0.0098,4600,-4.62537,-38.2465
"1,2,4-trimethylbenzene",C6H3(CH3)3,95-63-6,1943,L,0.0017,3100,-6.37713,-25.7748
"1,2,4-trimethylbenzene",C6H3(CH3)3,95-63-6,2453,M,0.0016,4800,-6.43775,-39.9094
"1,2,4-trimethylbenzene",C6H3(CH3)3,95-63-6,2891,M,0.0032,5200,-5.7446,-43.2352
"1,2,4-trimethylbenzene",C6H3(CH3)3,95-63-6,2904,M,0.0023,3600,-6.07485,-29.9321
"1,2,4-trimethylbenzene",C6H3(CH3)3,95-63-6,3518,L,0.0016,4700,-6.43775,-39.078
"1,2,4-trimethylbenzene",C6H3(CH3)3,95-63-6,3673,L,0.0016,4800,-6.43775,-39.9094
"1,2,4-trimethylbenzene",C6H3(CH3)3,95-63-6,903,M,0.0015,4300,-6.50229,-35.7522
"1,2,5-trichloronaphthalene",C10H5Cl3,55720-33-7,3732,M,0.11,5300,-2.20727,-44.0667
"1,2,6-trichloronaphthalene",C10H5Cl3,51570-44-6,3732,M,0.17,6500,-1.77196,-54.044
"1,2-butanediol",C4H10O2,584-03-2,3067,V,2100,9900,7.64969,-82.3132
"1,2-diaminopropane",C3H10N2,78-90-0,3584,M,1400,7400,7.24423,-61.527
"1,2-dibromo-3-chloropropane",C3H5Br2Cl,96-12-8,2891,M,0.097,7100,-2.33304,-59.0327
"1,2-dibromo-3-chloropropane",C3H5Br2Cl,96-12-8,2904,M,0.5,10000,-0.693147,-83.1446
"1,2-dibromoethane",C2H4Br2,106-93-4,1156,M,0.015,3900,-4.19971,-32.4264
"1,2-dibromoethane",C2H4Br2,106-93-4,2891,M,0.017,5500,-4.07454,-45.7295
"1,2-dibromoethane",C2H4Br2,106-93-4,2895,M,0.011,3000,-4.50986,-24.9434
"1,2-dibromoethane",C2H4Br2,106-93-4,2904,M,0.018,5500,-4.01738,-45.7295
"1,2-dibromoethane",C2H4Br2,106-93-4,3245,L,0.015,3900,-4.19971,-32.4264
"1,2-dibromoethane",C2H4Br2,106-93-4,3500,L,0.014,4300,-4.2687,-35.7522
"1,2-dibromoethane",C2H4Br2,106-93-4,3518,L,0.014,4200,-4.2687,-34.9207
"1,2-dibromoethane",C2H4Br2,106-93-4,usepa82,X,0.011,1900,-4.50986,-15.7975
"1,2-dibromoethane-d4",C2D4Br2,22581-63-1,2891,M,0.016,4800,-4.13517,-39.9094
"1,2-dichlorobenzene",C6H4Cl2,95-50-1,1156,M,0.0053,1400,-5.24005,-11.6402
"1,2-dichlorobenzene",C6H4Cl2,95-50-1,1525,L,0.0054,5900,-5.22136,-49.0553
"1,2-dichlorobenzene",C6H4Cl2,95-50-1,1943,L,0.0068,5300,-4.99083,-44.0667
"1,2-dichlorobenzene",C6H4Cl2,95-50-1,2269,M,0.0059,6700,-5.1328,-55.7069
"1,2-dichlorobenzene",C6H4Cl2,95-50-1,2270,M,0.0049,5100,-5.31852,-42.4038
"1,2-dichlorobenzene",C6H4Cl2,95-50-1,2891,M,0.008,4200,-4.82831,-34.9207
"1,2-dichlorobenzene",C6H4Cl2,95-50-1,2904,M,0.0062,5000,-5.08321,-41.5723
"1,2-dichlorobenzene",C6H4Cl2,95-50-1,2905,M,0.0049,4400,-5.31852,-36.5836
"1,2-dichlorobenzene",C6H4Cl2,95-50-1,3518,L,0.0059,5200,-5.1328,-43.2352
"1,2-dichlorobenzene",C6H4Cl2,95-50-1,3681,L,0.0056,3700,-5.18499,-30.7635
"1,2-dichlorobenzene",C6H4Cl2,95-50-1,747,L,0.0054,5900,-5.22136,-49.0553
"1,2-dichlorobenzene",C6H4Cl2,95-50-1,usepa82,X,0.0052,2800,-5.2591,-23.2805
"1,2-dichlorobenzene-d4",C6D4Cl2,2199-69-1,2891,M,0.0082,4200,-4.80362,-34.9207
"1,2-dichloroethane",CH2ClCH2Cl,107-06-2,1147,X,0.0085,3700,-4.76769,-30.7635
"1,2-dichloroethane",CH2ClCH2Cl,107-06-2,1150,M,0.0084,3500,-4.77952,-29.1006
"1,2-dichloroethane",CH2ClCH2Cl,107-06-2,1156,M,0.0064,1500,-5.05146,-12.4717
"1,2-dichloroethane",CH2ClCH2Cl,107-06-2,1525,L,0.0078,4200,-4.85363,-34.9207
"1,2-dichloroethane",CH2ClCH2Cl,107-06-2,1855,L,0.0089,4300,-4.7217,-35.7522
"1,2-dichloroethane",CH2ClCH2Cl,107-06-2,1943,L,0.0091,4300,-4.69948,-35.7522
"1,2-dichloroethane",CH2ClCH2Cl,107-06-2,2270,M,0.0064,4500,-5.05146,-37.4151
"1,2-dichloroethane",CH2ClCH2Cl,107-06-2,2824,M,0.0091,6100,-4.69948,-50.7182
"1,2-dichloroethane",CH2ClCH2Cl,107-06-2,2891,M,0.0082,4400,-4.80362,-36.5836
"1,2-dichloroethane",CH2ClCH2Cl,107-06-2,2901,M,0.0058,3000,-5.1499,-24.9434
"1,2-dichloroethane",CH2ClCH2Cl,107-06-2,2904,M,0.0062,3700,-5.08321,-30.7635
"1,2-dichloroethane",CH2ClCH2Cl,107-06-2,3245,L,0.0089,4300,-4.7217,-35.7522
"1,2-dichloroethane",CH2ClCH2Cl,107-06-2,3245,L,0.0076,3700,-4.87961,-30.7635
"1,2-dichloroethane",CH2ClCH2Cl,107-06-2,3500,L,0.0089,4300,-4.7217,-35.7522
"1,2-dichloroethane",CH2ClCH2Cl,107-06-2,3500,L,0.0076,3700,-4.87961,-30.7635
"1,2-dichloroethane",CH2ClCH2Cl,107-06-2,3518,L,0.0084,4200,-4.77952,-34.9207
"1,2-dichloroethane",CH2ClCH2Cl,107-06-2,3681,L,0.0075,4400,-4.89285,-36.5836
"1,2-dichloroethane",CH2ClCH2Cl,107-06-2,584,M,0.0093,4600,-4.67774,-38.2465
"1,2-dichloroethane",CH2ClCH2Cl,107-06-2,640,M,0.0079,4400,-4.84089,-36.5836
"1,2-dichloroethane",CH2ClCH2Cl,107-06-2,747,L,0.0071,4200,-4.94766,-34.9207
"1,2-dichloroethane",CH2ClCH2Cl,107-06-2,855,M,0.0084,4300,-4.77952,-35.7522
"1,2-dichloroethane",CH2ClCH2Cl,107-06-2,856,M,0.008,3600,-4.82831,-29.9321
"1,2-dichloroethane",CH2ClCH2Cl,107-06-2,863,M,0.0086,4400,-4.75599,-36.5836
"1,2-dichloroethane",CH2ClCH2Cl,107-06-2,usepa82,X,0.009,2400,-4.71053,-19.9547
"1,2-dichloroethane-d4",CD2ClCD2Cl,17060-07-0,2891,M,0.0087,4300,-4.74443,-35.7522
"1,2-dichloropropane",C3H6Cl2,78-87-5,1107,M,0.0035,4300,-5.65499,-35.7522
"1,2-dichloropropane",C3H6Cl2,78-87-5,1150,M,0.0034,4300,-5.68398,-35.7522
"1,2-dichloropropane",C3H6Cl2,78-87-5,1156,M,0.0038,4700,-5.57275,-39.078
"1,2-dichloropropane",C3H6Cl2,78-87-5,1525,L,0.0034,4300,-5.68398,-35.7522
"1,2-dichloropropane",C3H6Cl2,78-87-5,2270,M,0.003,3800,-5.80914,-31.595
"1,2-dichloropropane",C3H6Cl2,78-87-5,2891,M,0.0043,4400,-5.44914,-36.5836
"1,2-dichloropropane",C3H6Cl2,78-87-5,2904,M,0.0043,3700,-5.44914,-30.7635
"1,2-dichloropropane",C3H6Cl2,78-87-5,3245,L,0.0034,4300,-5.68398,-35.7522
"1,2-dichloropropane",C3H6Cl2,78-87-5,3500,L,0.0034,4300,-5.68398,-35.7522
"1,2-dichloropropane",C3H6Cl2,78-87-5,3518,L,0.0034,4000,-5.68398,-33.2579
"1,2-dichloropropane",C3H6Cl2,78-87-5,3681,L,0.0037,4100,-5.59942,-34.0893
"1,2-dichloropropane",C3H6Cl2,78-87-5,747,L,0.0034,4300,-5.68398,-35.7522
"1,2-dichloropropane",C3H6Cl2,78-87-5,855,M,0.0036,4200,-5.62682,-34.9207
"1,2-dichloropropane",C3H6Cl2,78-87-5,856,M,0.0038,3800,-5.57275,-31.595
"1,2-dichloropropane",C3H6Cl2,78-87-5,usepa82,X,0.0034,2100,-5.68398,-17.4604
"1,2-dichloropropane-d6",C3D6Cl2,93952-08-0,2891,M,0.0036,4600,-5.62682,-38.2465
"1,2-dichlorotetrafluoroethane",C2F4Cl2,76-14-2,2013,M,9e-06,2800,-11.6183,-23.2805
"1,2-difluorobenzene",C6H4F2,367-11-3,2926,M,0.0012,3500,-6.72543,-29.1006
"1,2-difluorobenzene",C6H4F2,367-11-3,3518,L,0.0013,3700,-6.64539,-30.7635
"1,2-dimethoxyethane",C4H10O2,110-71-4,2381,T,1.4,7100,0.336472,-59.0327
"1,2-dimethoxyethane",C4H10O2,110-71-4,3305,M,1.4,7200,0.336472,-59.8641
"1,2-dimethoxyethane",C4H10O2,110-71-4,3518,L,1.3,7300,0.262364,-60.6956
"1,2-dimethyl-3-(1-methylethenyl)-cyclopentanol",C10H18O,72402-00-7,2464,V,0.4,17000,-0.916291,-141.346
"1,2-dimethylbenzene",C6H4(CH3)2,95-47-6,1156,M,0.0019,3200,-6.2659,-26.6063
"1,2-dimethylbenzene",C6H4(CH3)2,95-47-6,1525,L,0.002,4300,-6.21461,-35.7522
"1,2-dimethylbenzene",C6H4(CH3)2,95-47-6,1943,L,0.0024,4200,-6.03229,-34.9207
"1,2-dimethylbenzene",C6H4(CH3)2,95-47-6,2270,M,0.0021,5600,-6.16582,-46.561
"1,2-dimethylbenzene",C6H4(CH3)2,95-47-6,2453,M,0.0019,4500,-6.2659,-37.4151
"1,2-dimethylbenzene",C6H4(CH3)2,95-47-6,2645,M,0.002,4300,-6.21461,-35.7522
"1,2-dimethylbenzene",C6H4(CH3)2,95-47-6,2891,M,0.0032,4500,-5.7446,-37.4151
"1,2-dimethylbenzene",C6H4(CH3)2,95-47-6,2904,M,0.0019,3400,-6.2659,-28.2692
"1,2-dimethylbenzene",C6H4(CH3)2,95-47-6,2921,M,0.0027,8500,-5.9145,-70.6729
"1,2-dimethylbenzene",C6H4(CH3)2,95-47-6,3116,M,0.0017,2500,-6.37713,-20.7862
"1,2-dimethylbenzene",C6H4(CH3)2,95-47-6,3518,L,0.002,4700,-6.21461,-39.078
"1,2-dimethylbenzene",C6H4(CH3)2,95-47-6,3673,L,0.002,4400,-6.21461,-36.5836
"1,2-dimethylbenzene",C6H4(CH3)2,95-47-6,3681,L,0.002,4600,-6.21461,-38.2465
"1,2-dimethylbenzene",C6H4(CH3)2,95-47-6,584,M,0.0024,4500,-6.03229,-37.4151
"1,2-dimethylbenzene",C6H4(CH3)2,95-47-6,599,M,0.002,5800,-6.21461,-48.2239
"1,2-dimethylbenzene",C6H4(CH3)2,95-47-6,747,L,0.0019,4000,-6.2659,-33.2579
"1,2-dimethylbenzene",C6H4(CH3)2,95-47-6,791,M,0.0029,5400,-5.84304,-44.8981
"1,2-dimethylbenzene",C6H4(CH3)2,95-47-6,857,M,0.0014,3000,-6.57128,-24.9434
"1,2-dimethylbenzene-d10",C6D4(CD3)2,56004-61-6,2891,M,0.003,4700,-5.80914,-39.078
"1,2-epoxypropane",C3H6O,75-56-9,usepa82,X,0.051,3500,-2.97593,-29.1006
"1,2-ethanediol",HO(CH2)2OH,107-21-1,3067,V,6500,8800,8.77956,-73.1673
"1,2-propanediol",C3H8O2,57-55-6,3067,V,2700,9500,7.90101,-78.9874
"1,3,4-tribromo-2-methoxybenzene",C7H5Br3O,95970-19-7,3118,M,0.0052,2800,-5.2591,-23.2805
"1,3,5,7-tetrachloronaphthalene",C10H4Cl4,53555-64-9,3732,M,0.056,5600,-2.8824,-46.561
"1,3,5-cycloheptatriene",C7H8,544-25-2,3673,L,0.0022,3900,-6.1193,-32.4264
"1,3,5-tribromo-2-methoxybenzene",C7H5Br3O,607-99-8,3118,M,0.019,6400,-3.96332,-53.2126
"1,3,5-trichloro-2-methoxybenzene",C7H5Cl3O,87-40-1,3118,M,0.0044,640,-5.42615,-5.32126
"1,3,5-trichloro-2-methoxybenzene",C7H5Cl3O,87-40-1,3719,M,0.023,5500,-3.77226,-45.7295
"1,3,5-trichlorobenzene",C6H3Cl3,108-70-3,1107,M,0.0018,4100,-6.31997,-34.0893
"1,3,5-trichloronaphthalene",C10H5Cl3,51570-43-5,3732,M,0.071,5500,-2.64508,-45.7295
"1,3,5-trimethylbenzene",C6H3(CH3)3,108-67-8,1156,M,0.0014,3600,-6.57128,-29.9321
"1,3,5-trimethylbenzene",C6H3(CH3)3,108-67-8,2453,M,0.0011,4700,-6.81245,-39.078
"1,3,5-trimethylbenzene",C6H3(CH3)3,108-67-8,2891,M,0.0023,5100,-6.07485,-42.4038
"1,3,5-trimethylbenzene",C6H3(CH3)3,108-67-8,2904,M,0.0015,3000,-6.50229,-24.9434
"1,3,5-trimethylbenzene",C6H3(CH3)3,108-67-8,2984,M,0.0011,4600,-6.81245,-38.2465
"1,3,5-trimethylbenzene",C6H3(CH3)3,108-67-8,3518,L,0.0012,4400,-6.72543,-36.5836
"1,3,5-trimethylbenzene",C6H3(CH3)3,108-67-8,3673,L,0.0013,4900,-6.64539,-40.7409
"1,3-butadiene",C4H6,106-99-0,190,L,0.00014,4500,-8.87387,-37.4151
"1,3-butadiene",C4H6,106-99-0,3673,L,0.00014,3200,-8.87387,-26.6063
"1,3-butanediol",C4H10O2,107-88-0,3067,V,7000,10000,8.85367,-83.1446
"1,3-dichloro-1,1,2,2,3-pentafluoro-propane",CClF2CF2CHClF,507-55-1,2939,M,0.00011,3100,-9.11503,-25.7748
"1,3-dichlorobenzene",C6H4Cl2,541-73-1,1156,M,0.003,2600,-5.80914,-21.6176
"1,3-dichlorobenzene",C6H4Cl2,541-73-1,1943,L,0.0034,4300,-5.68398,-35.7522
"1,3-dichlorobenzene",C6H4Cl2,541-73-1,2891,M,0.0052,4800,-5.2591,-39.9094
"1,3-dichlorobenzene",C6H4Cl2,541-73-1,2904,M,0.0038,4400,-5.57275,-36.5836
"1,3-dichlorobenzene",C6H4Cl2,541-73-1,3518,L,0.0031,4400,-5.77635,-36.5836
"1,3-dichlorobenzene",C6H4Cl2,541-73-1,3681,L,0.0031,3700,-5.77635,-30.7635
"1,3-dichlorobenzene",C6H4Cl2,541-73-1,usepa82,X,0.0039,2400,-5.54678,-19.9547
"1,3-dichloropropane",C3H6Cl2,142-28-9,1150,M,0.01,3900,-4.60517,-32.4264
"1,3-dichloropropane",C3H6Cl2,142-28-9,2891,M,0.013,5300,-4.34281,-44.0667
"1,3-dichloropropane",C3H6Cl2,142-28-9,2904,M,0.011,5000,-4.50986,-41.5723
"1,3-dichloropropane",C3H6Cl2,142-28-9,3245,L,0.01,3900,-4.60517,-32.4264
"1,3-dichloropropane",C3H6Cl2,142-28-9,3500,L,0.01,3900,-4.60517,-32.4264
"1,3-dichloropropane",C3H6Cl2,142-28-9,3518,L,0.012,3100,-4.42285,-25.7748
"1,3-dichloropropene",C3H4Cl2,542-75-6,855,M,0.0064,4300,-5.05146,-35.7522
"1,3-dichloropropene",C3H4Cl2,542-75-6,usepa82,X,0.0028,1500,-5.87814,-12.4717
"1,3-dihydroxybenzene",C6H4(OH)2,108-46-3,usepa82,X,81000,6300,11.3022,-52.3811
"1,3-dimethoxy-2-hydroxybenzene",C8H10O3,91-10-1,1142,M,50,6700,3.91202,-55.7069
"1,3-dimethylbenzene",C6H4(CH3)2,108-38-3,1156,M,0.0013,3300,-6.64539,-27.4377
"1,3-dimethylbenzene",C6H4(CH3)2,108-38-3,1525,L,0.0014,4200,-6.57128,-34.9207
"1,3-dimethylbenzene",C6H4(CH3)2,108-38-3,1943,V,0.0017,4300,-6.37713,-35.7522
"1,3-dimethylbenzene",C6H4(CH3)2,108-38-3,2270,M,0.0014,6000,-6.57128,-49.8868
"1,3-dimethylbenzene",C6H4(CH3)2,108-38-3,2375,V,0.0016,4800,-6.43775,-39.9094
"1,3-dimethylbenzene",C6H4(CH3)2,108-38-3,2453,M,0.0014,4700,-6.57128,-39.078
"1,3-dimethylbenzene",C6H4(CH3)2,108-38-3,2904,M,0.0015,2900,-6.50229,-24.1119
"1,3-dimethylbenzene",C6H4(CH3)2,108-38-3,2922,M,0.0018,4500,-6.31997,-37.4151
"1,3-dimethylbenzene",C6H4(CH3)2,108-38-3,3518,L,0.0015,4300,-6.50229,-35.7522
"1,3-dimethylbenzene",C6H4(CH3)2,108-38-3,3673,L,0.0014,4600,-6.57128,-38.2465
"1,3-dimethylbenzene",C6H4(CH3)2,108-38-3,3681,L,0.0014,4100,-6.57128,-34.0893
"1,3-dimethylbenzene",C6H4(CH3)2,108-38-3,584,M,0.0016,4300,-6.43775,-35.7522
"1,3-dimethylbenzene",C6H4(CH3)2,108-38-3,719,V,0.0017,5000,-6.37713,-41.5723
"1,3-dimethylbenzene",C6H4(CH3)2,108-38-3,747,L,0.0013,4200,-6.64539,-34.9207
"1,3-dioxolane",C3H6O2,646-06-0,3305,M,0.43,4800,-0.84397,-39.9094
"1,3-dioxolane",C3H6O2,646-06-0,723,T,0.4,4800,-0.916291,-39.9094
"1,3-propanediol",C3H8O2,504-63-2,3067,V,16000,9500,9.68034,-78.9874
"1,4,5,8-tetrachloronaphthalene",C10H4Cl4,3432-57-3,3732,M,0.35,5700,-1.04982,-47.3924
"1,4,5-trichloronaphthalene",C10H5Cl3,2437-55-0,3732,M,0.22,5400,-1.51413,-44.8981
"1,4,6,7-tetrachloronaphthalene",C10H4Cl4,55720-43-9,3732,M,0.092,5800,-2.38597,-48.2239
"1,4-butanediol",C4H10O2,110-63-4,3067,V,35000,11000,10.4631,-91.4591
"1,4-cyclohexadiene",C6H8,628-41-1,3518,L,0.0013,4000,-6.64539,-33.2579
"1,4-cyclohexadiene",C6H8,628-41-1,3673,L,0.001,3800,-6.90776,-31.595
"1,4-diazacyclohexane",C4H10N2,110-85-0,2376,T,100,11000,4.60517,-91.4591
"1,4-diazacyclohexane",C4H10N2,110-85-0,3584,M,4500,7400,8.41183,-61.527
"1,4-dichlorobenzene",C6H4Cl2,106-46-7,1156,M,0.0031,2700,-5.77635,-22.449
"1,4-dichlorobenzene",C6H4Cl2,106-46-7,1943,L,0.0045,4400,-5.40368,-36.5836
"1,4-dichlorobenzene",C6H4Cl2,106-46-7,2891,M,0.0058,4600,-5.1499,-38.2465
"1,4-dichlorobenzene",C6H4Cl2,106-46-7,2904,M,0.0047,4800,-5.36019,-39.9094
"1,4-dichlorobenzene",C6H4Cl2,106-46-7,3518,L,0.0038,6000,-5.57275,-49.8868
"1,4-dichlorobenzene",C6H4Cl2,106-46-7,3681,L,0.0032,3800,-5.7446,-31.595
"1,4-dichlorobenzene",C6H4Cl2,106-46-7,usepa82,X,0.0037,2700,-5.59942,-22.449
"1,4-dichlorobutane",C4H8Cl2,110-56-5,1150,M,0.02,3100,-3.91202,-25.7748
"1,4-dichlorobutane",C4H8Cl2,110-56-5,3518,L,0.02,3600,-3.91202,-29.9321
"1,4-difluorobenzene",C6H4F2,540-36-3,2891,M,0.0016,3900,-6.43775,-32.4264
"1,4-dimethylbenzene",C6H4(CH3)2,106-42-3,1156,M,0.0013,3500,-6.64539,-29.1006
"1,4-dimethylbenzene",C6H4(CH3)2,106-42-3,1525,L,0.0013,4000,-6.64539,-33.2579
"1,4-dimethylbenzene",C6H4(CH3)2,106-42-3,1943,L,0.0019,4200,-6.2659,-34.9207
"1,4-dimethylbenzene",C6H4(CH3)2,106-42-3,2270,M,0.0012,5300,-6.72543,-44.0667
"1,4-dimethylbenzene",C6H4(CH3)2,106-42-3,2375,V,0.0016,4800,-6.43775,-39.9094
"1,4-dimethylbenzene",C6H4(CH3)2,106-42-3,2453,M,0.0013,4800,-6.64539,-39.9094
"1,4-dimethylbenzene",C6H4(CH3)2,106-42-3,2904,M,0.0015,2900,-6.50229,-24.1119
"1,4-dimethylbenzene",C6H4(CH3)2,106-42-3,2905,M,0.00098,3200,-6.92796,-26.6063
"1,4-dimethylbenzene",C6H4(CH3)2,106-42-3,3518,L,0.0014,5000,-6.57128,-41.5723
"1,4-dimethylbenzene",C6H4(CH3)2,106-42-3,3673,L,0.0014,4600,-6.57128,-38.2465
"1,4-dimethylbenzene",C6H4(CH3)2,106-42-3,3681,L,0.0015,5000,-6.50229,-41.5723
"1,4-dimethylbenzene",C6H4(CH3)2,106-42-3,3681,M,0.001,2600,-6.90776,-21.6176
"1,4-dimethylbenzene",C6H4(CH3)2,106-42-3,3694,M,0.0016,4800,-6.43775,-39.9094
"1,4-dimethylbenzene",C6H4(CH3)2,106-42-3,584,M,0.0017,4800,-6.37713,-39.9094
"1,4-dimethylbenzene",C6H4(CH3)2,106-42-3,719,V,0.0016,4900,-6.43775,-40.7409
"1,4-dimethylbenzene",C6H4(CH3)2,106-42-3,747,L,0.0013,3800,-6.64539,-31.595
"1,4-dimethylbenzene",C6H4(CH3)2,106-42-3,791,M,0.0023,5400,-6.07485,-44.8981
"1,4-dimethylbenzene",C6H4(CH3)2,106-42-3,903,M,0.0012,3100,-6.72543,-25.7748
"1,4-dioxane",C4H8O2,123-91-1,2891,M,2.3,6600,0.832909,-54.8755
"1,4-dioxane",C4H8O2,123-91-1,3305,M,2,5800,0.693147,-48.2239
"1,4-dioxane",C4H8O2,123-91-1,3518,L,1.8,5800,0.587787,-48.2239
"1,4-dioxane",C4H8O2,123-91-1,723,T,2,5800,0.693147,-48.2239
"1,4-dioxane",C4H8O2,123-91-1,857,M,1.4,5100,0.336472,-42.4038
"1,4-dioxane-d8",C4D8O2,17647-74-4,2891,M,2.8,6800,1.02962,-56.5383
"1,5-dichloro-3-oxapentane",C4H8Cl2O,111-44-4,3518,L,0.48,6200,-0.733969,-51.5497
"1,5-dichloro-3-oxapentane",C4H8Cl2O,111-44-4,usepa82,X,0.47,4100,-0.755023,-34.0893
"1,5-dichloropentane",C5H10Cl2,628-76-2,1150,M,0.018,1600,-4.01738,-13.3031
"1,5-dichloropentane",C5H10Cl2,628-76-2,3518,L,0.01,4000,-4.60517,-33.2579
"1,5-pentanediol",C5H12O2,111-29-5,3067,V,70000,12000,11.1563,-99.7736
"1,6-hexanediamine",C6H16N2,124-09-4,3584,M,1000,5000,6.90776,-41.5723
"1,7,7-trimethyl-bicyclo[2.2.1]heptan-2-one",C10H16O,76-22-2,2125,V,0.54,4800,-0.616186,-39.9094
"1,8-dibromooctane",C8H16Br2,4549-32-0,2122,M,0.013,6900,-4.34281,-57.3698
"1,8-dichlorooctane",C8H16Cl2,2162-99-4,2122,M,0.0071,7100,-4.94766,-59.0327
1-amino-2-chlorobenzene,C6H6ClN,95-51-2,3518,L,1.9,7900,0.641854,-65.6843
"1-bromo-1,2,2,2-tetrafluoroethane",C2HBrF4,124-72-1,3696,L,0.00017,2700,-8.67971,-22.449
"1-bromo-1-chloro-2,2,2-trifluoroethane",C2HBrClF3,151-67-7,1943,L,0.00056,4700,-7.48757,-39.078
"1-bromo-1-chloro-2,2,2-trifluoroethane",C2HBrClF3,151-67-7,2445,M,0.00053,5000,-7.54263,-41.5723
"1-bromo-1-chloro-2,2,2-trifluoroethane",C2HBrClF3,151-67-7,3696,L,0.00053,4200,-7.54263,-34.9207
1-bromo-4-fluorobenzene,C6H4BrF,460-00-4,2891,M,0.0053,4400,-5.24005,-36.5836
1-bromo-4-methylbenzene,BrC6H4CH3,106-38-7,2926,M,0.0034,4600,-5.68398,-38.2465
1-bromo-4-methylbenzene,BrC6H4CH3,106-38-7,3518,L,0.0036,4800,-5.62682,-39.9094
1-bromooctane,C8H17Br,111-83-1,2554,V,0.00024,4600,-8.33487,-38.2465
1-bromopropane,C3H7Br,106-94-5,3518,L,0.0011,4600,-6.81245,-38.2465
1-bromopropane,C3H7Br,106-94-5,863,M,0.0011,4500,-6.81245,-37.4151
1-butanethiol,C4H9SH,109-79-5,1929,M,0.0015,3600,-6.50229,-29.9321
1-butanethiol,C4H9SH,109-79-5,3304,M,0.0015,4300,-6.50229,-35.7522
1-butanethiol,C4H9SH,109-79-5,3518,L,0.0015,4300,-6.50229,-35.7522
1-butanethiol,C4H9SH,109-79-5,3618,L,0.0014,4400,-6.57128,-36.5836
1-butanethiol,C4H9SH,109-79-5,522,M,0.0022,4100,-6.1193,-34.0893
1-butanol,C4H9OH,71-36-3,1943,L,1.1,6300,0.0953102,-52.3811
1-butanol,C4H9OH,71-36-3,1945,L,1.3,7200,0.262364,-59.8641
1-butanol,C4H9OH,71-36-3,2626,L,1.2,7500,0.182322,-62.3585
1-butanol,C4H9OH,71-36-3,2961,M,0.82,6200,-0.198451,-51.5497
1-butanol,C4H9OH,71-36-3,2997,M,1.1,6000,0.0953102,-49.8868
1-butanol,C4H9OH,71-36-3,2999,M,1,6800,0,-56.5383
1-butanol,C4H9OH,71-36-3,3065,L,1.2,7500,0.182322,-62.3585
1-butanol,C4H9OH,71-36-3,3112,M,0.82,6200,-0.198451,-51.5497
1-butanol,C4H9OH,71-36-3,3245,L,1.2,7500,0.182322,-62.3585
1-butanol,C4H9OH,71-36-3,3500,L,1.2,7500,0.182322,-62.3585
1-butanol,C4H9OH,71-36-3,3518,L,1.2,7500,0.182322,-62.3585
1-butanol,C4H9OH,71-36-3,3609,M,0.94,6100,-0.0618754,-50.7182
1-butanol,C4H9OH,71-36-3,3638,V,0.22,4700,-1.51413,-39.078
1-butanol,C4H9OH,71-36-3,3673,L,1.2,7400,0.182322,-61.527
1-butanol,C4H9OH,71-36-3,3719,M,1,7000,0,-58.2012
1-butanol,C4H9OH,71-36-3,483,M,1.2,7200,0.182322,-59.8641
1-butanol,C4H9OH,71-36-3,857,M,0.61,5600,-0.494296,-46.561
1-butene,C4H8,106-98-9,190,L,0.00013,6400,-8.94798,-53.2126
1-butene,C4H8,106-98-9,3612,M,4.5e-05,3000,-10.0088,-24.9434
1-butene,C4H8,106-98-9,3673,L,4.2e-05,3000,-10.0778,-24.9434
1-butyl nitrate,C4H9ONO2,928-45-0,1024,M,0.0063,5200,-5.06721,-43.2352
1-butyl nitrate,C4H9ONO2,928-45-0,1525,L,0.0088,6000,-4.733,-49.8868
1-butyl nitrate,C4H9ONO2,928-45-0,1945,L,0.01,5800,-4.60517,-48.2239
1-butyl nitrate,C4H9ONO2,928-45-0,2626,L,0.01,5800,-4.60517,-48.2239
1-butyl nitrate,C4H9ONO2,928-45-0,3245,L,0.01,5800,-4.60517,-48.2239
1-butyl nitrate,C4H9ONO2,928-45-0,3500,L,0.01,5800,-4.60517,-48.2239
1-butyl nitrate,C4H9ONO2,928-45-0,533,M,0.01,6000,-4.60517,-49.8868
1-butyl nitrate,C4H9ONO2,928-45-0,541,M,0.01,5800,-4.60517,-48.2239
1-butyne,C2H5CCH,107-00-6,190,L,0.00075,1900,-7.19544,-15.7975
1-butyne,C2H5CCH,107-00-6,2551,M,0.00072,1900,-7.23626,-15.7975
1-butyne,C2H5CCH,107-00-6,3673,L,0.00062,1900,-7.38579,-15.7975
"1-chloro-1,1-difluoroethane",CH3CF2Cl,75-68-3,1014,V,0.00014,2500,-8.87387,-20.7862
"1-chloro-1,1-difluoroethane",CH3CF2Cl,75-68-3,2013,M,0.00014,3200,-8.87387,-26.6063
"1-chloro-1,1-difluoroethane",CH3CF2Cl,75-68-3,2121,M,0.00015,3000,-8.80488,-24.9434
"1-chloro-1,1-difluoroethane",CH3CF2Cl,75-68-3,2939,M,0.00015,2600,-8.80488,-21.6176
"1-chloro-1,1-difluoroethane",CH3CF2Cl,75-68-3,3570,Q,0.00014,3200,-8.87387,-26.6063
"1-chloro-1,1-difluoroethane",CH3CF2Cl,75-68-3,923,M,0.00014,3200,-8.87387,-26.6063
"1-chloro-1,2,2,2-tetrafluoroethane",C2HF4Cl,2837-89-0,1014,V,0.0001,3200,-9.21034,-26.6063
"1-chloro-1,2,2,2-tetrafluoroethane",C2HF4Cl,2837-89-0,2013,M,0.00011,3400,-9.11503,-28.2692
"1-chloro-1,2,2,2-tetrafluoroethane",C2HF4Cl,2837-89-0,2939,M,0.00011,2800,-9.11503,-23.2805
"1-chloro-1,2,2,2-tetrafluoroethane",C2HF4Cl,2837-89-0,923,M,0.0001,3500,-9.21034,-29.1006
"1-chloro-2,2,2-trifluoroethyl difluoromethyl ether",C3H2ClF5O,26675-46-7,2445,M,0.00048,5300,-7.64172,-44.0667
1-chloro-2-methylbenzene,C7H7Cl,95-49-8,1150,M,0.0028,3500,-5.87814,-29.1006
1-chloro-2-methylbenzene,C7H7Cl,95-49-8,2891,M,0.0032,4100,-5.7446,-34.0893
1-chloro-2-methylbenzene,C7H7Cl,95-49-8,2904,M,0.0024,3400,-6.03229,-28.2692
1-chloro-2-methylbenzene,C7H7Cl,95-49-8,3518,L,0.0022,4500,-6.1193,-37.4151
1-chloro-2-methylbenzene,C7H7Cl,95-49-8,usepa82,X,0.019,3000,-3.96332,-24.9434
1-chloro-4-methylbenzene,C7H7Cl,106-43-4,2891,M,0.0041,4200,-5.49677,-34.9207
1-chloro-4-methylbenzene,C7H7Cl,106-43-4,2904,M,0.0029,3900,-5.84304,-32.4264
1-chloro-4-methylbenzene,C7H7Cl,106-43-4,3518,L,0.0027,4900,-5.9145,-40.7409
1-chlorobutane,C4H9Cl,109-69-3,1150,M,0.00059,3500,-7.43539,-29.1006
1-chlorobutane,C4H9Cl,109-69-3,3518,L,0.00056,4500,-7.48757,-37.4151
1-chlorohexane,C6H13Cl,544-10-5,1150,M,0.00041,4500,-7.79935,-37.4151
1-chlorooctane,C8H17Cl,111-85-3,2554,V,0.00019,6100,-8.56849,-50.7182
1-chloropentane,C5H11Cl,543-59-9,1150,M,0.00041,4700,-7.79935,-39.078
1-chloropentane,C5H11Cl,543-59-9,3518,L,0.00041,4000,-7.79935,-33.2579
1-chloropropane,C3H7Cl,540-54-5,3518,L,0.00076,4500,-7.18219,-37.4151
1-chloropropane,C3H7Cl,540-54-5,863,M,0.00077,4400,-7.16912,-36.5836
1-cyclopropyl-ethanone,C5H8O,765-43-5,2016,T,0.95,5900,-0.0512933,-49.0553
1-decanol,C10H22O,112-30-1,2997,M,0.065,5300,-2.73337,-44.0667
1-decanol,C10H22O,112-30-1,2999,M,0.076,6600,-2.57702,-54.8755
1-decanol,C10H22O,112-30-1,3518,L,0.2,9200,-1.60944,-76.4931
1-dodecanol,C12H26O,112-53-8,1497,V,0.14,9800,-1.96611,-81.4817
1-ethoxy-butane,C6H14O,628-81-9,3518,L,0.0076,5700,-4.87961,-47.3924
1-ethylnaphthalene,C10H7C2H5,1127-76-0,2458,M,0.022,4800,-3.81671,-39.9094
1-ethylnaphthalene,C10H7C2H5,1127-76-0,3518,L,0.02,5900,-3.91202,-49.0553
1-heptanol,C7H16O,111-70-6,1497,V,0.49,8700,-0.71335,-72.3358
1-heptanol,C7H16O,111-70-6,2997,M,0.36,6300,-1.02165,-52.3811
1-heptanol,C7H16O,111-70-6,2999,M,0.38,7200,-0.967584,-59.8641
1-heptanol,C7H16O,111-70-6,3518,L,0.53,8200,-0.634878,-68.1786
1-heptanol,C7H16O,111-70-6,3638,V,4.6,5300,1.52606,-44.0667
1-heptanol,C7H16O,111-70-6,3673,L,0.54,8600,-0.616186,-71.5044
1-hexanol,C6H14O,111-27-3,2961,M,0.39,5800,-0.941609,-48.2239
1-hexanol,C6H14O,111-27-3,2997,M,0.51,6100,-0.673345,-50.7182
1-hexanol,C6H14O,111-27-3,2999,M,0.57,7300,-0.562119,-60.6956
1-hexanol,C6H14O,111-27-3,3112,M,0.39,5800,-0.941609,-48.2239
1-hexanol,C6H14O,111-27-3,3518,L,0.76,7800,-0.274437,-64.8528
1-hexanol,C6H14O,111-27-3,3638,V,1.7,5100,0.530628,-42.4038
1-hexanol,C6H14O,111-27-3,3673,L,0.66,8200,-0.415515,-68.1786
1-hexene,C6H12,592-41-6,3673,L,2.3e-05,3900,-10.68,-32.4264
1-hexyl nitrate,C6H13ONO2,20633-11-8,1024,M,0.0076,6700,-4.87961,-55.7069
"1-hydroxy-2,3-dimethylbenzene",C8H10O,526-75-0,1907,M,10,6800,2.30259,-56.5383
"1-hydroxy-2,3-dimethylbenzene",C8H10O,526-75-0,3518,L,6.7,6100,1.90211,-50.7182
"1-hydroxy-2,4-dimethylbenzene",C8H10O,105-67-9,1907,M,4.9,6100,1.58924,-50.7182
"1-hydroxy-2,4-dimethylbenzene",C8H10O,105-67-9,3518,L,3.5,5500,1.25276,-45.7295
"1-hydroxy-2,4-dimethylbenzene",C8H10O,105-67-9,usepa82,X,4.1,6600,1.41099,-54.8755
"1-hydroxy-2,5-dimethylbenzene",C8H10O,95-87-4,1907,M,7.5,6800,2.0149,-56.5383
"1-hydroxy-2,5-dimethylbenzene",C8H10O,95-87-4,3518,L,8.2,8700,2.10413,-72.3358
"1-hydroxy-2,6-dimethylbenzene",C8H10O,576-26-1,1907,M,2.3,6200,0.832909,-51.5497
"1-hydroxy-2,6-dimethylbenzene",C8H10O,576-26-1,3518,L,1.6,6300,0.470004,-52.3811
1-hydroxy-2-methoxybenzene,C7H8O2,90-05-1,1142,M,9.1,7600,2.20827,-63.1899
1-hydroxy-2-methoxybenzene,C7H8O2,90-05-1,3215,M,9,7900,2.19722,-65.6843
1-hydroxy-2-methylbenzene,HOC6H4CH3,95-48-7,1154,X,2.6,4600,0.955511,-38.2465
1-hydroxy-2-methylbenzene,HOC6H4CH3,95-48-7,1513,M,11,6700,2.3979,-55.7069
1-hydroxy-2-methylbenzene,HOC6H4CH3,95-48-7,1907,M,5.6,5800,1.72277,-48.2239
1-hydroxy-2-methylbenzene,HOC6H4CH3,95-48-7,2488,M,4.2,8500,1.43508,-70.6729
1-hydroxy-2-methylbenzene,HOC6H4CH3,95-48-7,3518,L,6.7,7400,1.90211,-61.527
1-hydroxy-2-methylbenzene,HOC6H4CH3,95-48-7,725,M,8.2,7300,2.10413,-60.6956
"1-hydroxy-3,4-dimethylbenzene",C8H10O,95-65-8,1907,M,24,7100,3.17805,-59.0327
"1-hydroxy-3,4-dimethylbenzene",C8H10O,95-65-8,3518,L,26,7200,3.2581,-59.8641
"1-hydroxy-3,5-dimethylbenzene",C8H10O,108-68-9,1907,M,16,6900,2.77259,-57.3698
"1-hydroxy-3,5-dimethylbenzene",C8H10O,108-68-9,3518,L,15,7600,2.70805,-63.1899
1-hydroxy-3-methylbenzene,HOC6H4CH3,108-39-4,1154,X,6.1,7700,1.80829,-64.0214
1-hydroxy-3-methylbenzene,HOC6H4CH3,108-39-4,1907,M,12,6000,2.48491,-49.8868
1-hydroxy-3-methylbenzene,HOC6H4CH3,108-39-4,2488,M,7.9,9000,2.06686,-74.8302
1-hydroxy-3-methylbenzene,HOC6H4CH3,108-39-4,3518,L,12,6200,2.48491,-51.5497
1-hydroxy-4-methylbenzene,HOC6H4CH3,106-44-5,1154,X,5.2,4600,1.64866,-38.2465
1-hydroxy-4-methylbenzene,HOC6H4CH3,106-44-5,1907,M,13,6100,2.56495,-50.7182
1-hydroxy-4-methylbenzene,HOC6H4CH3,106-44-5,2488,M,10,9300,2.30259,-77.3245
1-hydroxy-4-methylbenzene,HOC6H4CH3,106-44-5,3518,L,13,6600,2.56495,-54.8755
1-hydroxy-4-methylbenzene,HOC6H4CH3,106-44-5,725,M,13,7200,2.56495,-59.8641
1-iodopropane,C3H7I,107-08-4,3518,L,0.0011,4500,-6.81245,-37.4151
1-iodopropane,C3H7I,107-08-4,863,M,0.001,4600,-6.90776,-38.2465
1-methoxy-4-(1-propenyl)-benzene,C10H12O,104-46-1,2125,V,0.099,6200,-2.31264,-51.5497
"1-methyl-2,4,6-trinitrobenzene",C7H5N3O6,118-96-7,3518,L,470,7700,6.15273,-64.0214
"1-methyl-2,4-dinitrobenzene",C7H6N2O4,121-14-2,3518,L,40,7900,3.68888,-65.6843
"1-methyl-2,4-dinitrobenzene",C7H6N2O4,121-14-2,usepa82,X,0.21,2900,-1.56065,-24.1119
1-methyl-4-(1-methylethenyl)-cyclohexene,C10H16,138-86-3,2125,V,0.00064,3000,-7.35404,-24.9434
1-methyl-4-(1-methylethenyl)-cyclohexene,C10H16,138-86-3,2464,V,0.00017,10000,-8.67971,-83.1446
1-methyl-4-(1-methylethenyl)-cyclohexene,C10H16,138-86-3,3008,M,0.00048,4600,-7.64172,-38.2465
1-methyl-4-(1-methylethenyl)-cyclohexene,C10H16,138-86-3,3673,L,0.00047,4700,-7.66278,-39.078
"1-methyl-4-(1-methylethyl)-1,3-cyclohexadiene",C10H16,99-86-5,2124,M,0.00029,4800,-8.14563,-39.9094
"1-methyl-4-(1-methylethyl)-1,4-cyclohexadiene",C10H16,99-85-4,2124,M,0.00038,4800,-7.87534,-39.9094
"1-methyl-4-(1-methylethyl)-1,4-cyclohexadiene",C10H16,99-85-4,2464,V,0.00054,8000,-7.52394,-66.5157
"1-methyl-4-(1-methylethyl)-1,4-cyclohexadiene",C10H16,99-85-4,3673,L,0.00057,4300,-7.46987,-35.7522
1-methyl-4-(1-methylethyl)-7-oxabicyclo[2.2.1]heptane,C10H18O,470-67-7,2125,V,0.14,4000,-1.96611,-33.2579
1-methyl-4-(1-methylethyl)-benzene,C10H14,99-87-6,2891,M,0.0018,4900,-6.31997,-40.7409
1-methyl-4-(1-methylethyl)-benzene,C10H14,99-87-6,2904,M,0.001,2600,-6.90776,-21.6176
1-methyl-4-(1-methylethylidene)-cyclohexene,C10H16,586-62-9,2124,M,0.00038,5300,-7.87534,-44.0667
1-methyl-4-(1-methylethylidene)-cyclohexene,C10H16,586-62-9,2464,V,0.00057,12000,-7.46987,-99.7736
1-methyl-4-(1-methylethylidene)-cyclohexene,C10H16,586-62-9,3673,L,0.00079,5500,-7.14348,-45.7295
1-methylheptl hydroperoxide,C8H18O2,,3765,Q,0.58,8000,-0.544727,-66.5157
1-methylhexyl hydroperoxide,C7H16O2,762-46-9,3765,Q,0.77,7600,-0.261365,-63.1899
1-methylnaphthalene,C10H7CH3,90-12-0,1943,L,0.022,6100,-3.81671,-50.7182
1-methylnaphthalene,C10H7CH3,90-12-0,2458,M,0.028,4900,-3.57555,-40.7409
1-methylnaphthalene,C10H7CH3,90-12-0,2477,M,0.021,6100,-3.86323,-50.7182
1-methylnaphthalene,C10H7CH3,90-12-0,2891,M,0.044,5900,-3.12357,-49.0553
1-methylnaphthalene,C10H7CH3,90-12-0,3518,L,0.02,5800,-3.91202,-48.2239
1-methylnaphthalene-d10,C10D7CD3,38072-94-5,2891,M,0.046,5400,-3.07911,-44.8981
1-methylphenanthrene,C15H12,832-69-9,2477,M,0.2,4600,-1.60944,-38.2465
1-nitrooxy-2-butanol,C4H9O4N,147794-11-4,548,M,57,9200,4.04305,-76.4931
1-nitrooxy-2-propanol,C3H7O4N,20266-65-3,548,M,110,10000,4.70048,-83.1446
1-nitropropane,C3H7NO2,108-03-2,1945,L,0.13,4700,-2.04022,-39.078
1-nitropropane,C3H7NO2,108-03-2,1996,M,0.13,4700,-2.04022,-39.078
1-nitropropane,C3H7NO2,108-03-2,2626,L,0.13,4700,-2.04022,-39.078
1-nitropropane,C3H7NO2,108-03-2,3245,L,0.13,4700,-2.04022,-39.078
1-nitropropane,C3H7NO2,108-03-2,3500,L,0.13,4700,-2.04022,-39.078
1-nitropropane,C3H7NO2,108-03-2,3518,L,0.14,5100,-1.96611,-42.4038
1-nonanol,C9H20O,143-08-8,2997,M,0.14,6200,-1.96611,-51.5497
1-nonanol,C9H20O,143-08-8,2999,M,0.11,6300,-2.20727,-52.3811
1-nonanol,C9H20O,143-08-8,3518,L,0.27,9300,-1.30933,-77.3245
1-octanol,C8H18O,111-87-5,2997,M,0.19,6000,-1.66073,-49.8868
1-octanol,C8H18O,111-87-5,2999,M,0.21,6900,-1.56065,-57.3698
1-octanol,C8H18O,111-87-5,3518,L,0.34,9000,-1.07881,-74.8302
1-octanol,C8H18O,111-87-5,3673,L,0.41,8900,-0.891598,-73.9987
1-octanol,C8H18O,111-87-5,3719,M,0.17,7000,-1.77196,-58.2012
1-octen-3-ol,C8H16O,3391-86-4,3719,M,0.19,7900,-1.66073,-65.6843
1-octene,C8H16,111-66-0,3673,L,1.1e-05,4400,-11.4176,-36.5836
1-oxa-4-azacyclohexane,C4H9NO,110-91-8,2376,T,73,8400,4.29046,-69.8415
1-oxa-4-azacyclohexane,C4H9NO,110-91-8,3584,M,190,7800,5.24702,-64.8528
1-pentanol,C5H11OH,71-41-0,2961,M,0.95,6900,-0.0512933,-57.3698
1-pentanol,C5H11OH,71-41-0,2997,M,0.75,6100,-0.287682,-50.7182
1-pentanol,C5H11OH,71-41-0,2999,M,0.81,7100,-0.210721,-59.0327
1-pentanol,C5H11OH,71-41-0,3065,L,1,7900,0,-65.6843
1-pentanol,C5H11OH,71-41-0,3112,M,0.94,6800,-0.0618754,-56.5383
1-pentanol,C5H11OH,71-41-0,3518,L,0.86,7400,-0.150823,-61.527
1-pentanol,C5H11OH,71-41-0,3638,V,0.61,4900,-0.494296,-40.7409
1-pentanol,C5H11OH,71-41-0,3673,L,0.89,7800,-0.116534,-64.8528
1-pentyl nitrate,C5H11ONO2,1002-16-0,1024,M,0.0066,6300,-5.02069,-52.3811
1-phenylethanone,C6H5COCH3,98-86-2,1525,L,1.1,7700,0.0953102,-64.0214
1-phenylethanone,C6H5COCH3,98-86-2,2016,T,0.95,6400,-0.0512933,-53.2126
1-phenylethanone,C6H5COCH3,98-86-2,2891,M,0.97,6800,-0.0304592,-56.5383
1-phenylethanone,C6H5COCH3,98-86-2,3518,L,1.1,7900,0.0953102,-65.6843
1-phenylethanone,C6H5COCH3,98-86-2,3724,M,1.2,7800,0.182322,-64.8528
1-phenylethanone,C6H5COCH3,98-86-2,495,M,1.1,6000,0.0953102,-49.8868
1-phenylethanone,C6H5COCH3,98-86-2,985,M,0.97,12000,-0.0304592,-99.7736
1-phenylethanone-d5,C6D5COCH3,28077-64-7,2891,M,2.3,10000,0.832909,-83.1446
1-propanamine,C3H7NH2,107-10-8,3674,T,0.66,6700,-0.415515,-55.7069
1-propanamine,C3H7NH2,107-10-8,3685,M,0.56,6400,-0.579818,-53.2126
1-propanethiol,C3H7SH,107-03-9,1929,M,0.0017,3100,-6.37713,-25.7748
1-propanethiol,C3H7SH,107-03-9,3304,M,0.0018,4100,-6.31997,-34.0893
1-propanethiol,C3H7SH,107-03-9,3618,L,0.0017,3600,-6.37713,-29.9321
1-propanethiol,C3H7SH,107-03-9,522,M,0.0024,3900,-6.03229,-32.4264
1-propanol,C3H7OH,71-23-8,1943,L,1.4,6200,0.336472,-51.5497
1-propanol,C3H7OH,71-23-8,1945,L,1.3,7500,0.262364,-62.3585
1-propanol,C3H7OH,71-23-8,2626,L,1.4,6900,0.336472,-57.3698
1-propanol,C3H7OH,71-23-8,2961,M,1.2,6200,0.182322,-51.5497
1-propanol,C3H7OH,71-23-8,3065,L,1.4,6900,0.336472,-57.3698
1-propanol,C3H7OH,71-23-8,3112,M,1.2,6200,0.182322,-51.5497
1-propanol,C3H7OH,71-23-8,3245,L,1.4,6900,0.336472,-57.3698
1-propanol,C3H7OH,71-23-8,3500,L,1.4,6900,0.336472,-57.3698
1-propanol,C3H7OH,71-23-8,3518,L,1.5,7000,0.405465,-58.2012
1-propanol,C3H7OH,71-23-8,3638,V,0.08,4500,-2.52573,-37.4151
1-propanol,C3H7OH,71-23-8,3673,L,1.5,6900,0.405465,-57.3698
1-propanol,C3H7OH,71-23-8,3674,T,1.5,6900,0.405465,-57.3698
1-propanol,C3H7OH,71-23-8,3693,V,1.8,7700,0.587787,-64.0214
1-propanol,C3H7OH,71-23-8,483,M,1.3,7500,0.262364,-62.3585
1-propyl nitrate,C3H7ONO2,627-13-4,1024,M,0.0074,4600,-4.90628,-38.2465
1-propyl nitrate,C3H7ONO2,627-13-4,1525,L,0.009,5600,-4.71053,-46.561
1-propyl nitrate,C3H7ONO2,627-13-4,1945,L,0.011,5500,-4.50986,-45.7295
1-propyl nitrate,C3H7ONO2,627-13-4,2626,L,0.011,5500,-4.50986,-45.7295
1-propyl nitrate,C3H7ONO2,627-13-4,3245,L,0.011,5500,-4.50986,-45.7295
1-propyl nitrate,C3H7ONO2,627-13-4,3500,L,0.011,5500,-4.50986,-45.7295
1-propyl nitrate,C3H7ONO2,627-13-4,541,M,0.011,5500,-4.50986,-45.7295
"1H,1H,2H,2H-perfluoro-1-octanol",C8H5F13O,647-42-7,2993,Q,0.0018,8000,-6.31997,-66.5157
"1H,1H,2H,2H-perfluoro-1-octanol",C8H5F13O,647-42-7,2996,M,8.5e-05,7000,-9.37286,-58.2012
"1H,1H,2H,2H-perfluoro-1-octanol",C8H5F13O,647-42-7,3013,M,0.00017,2600,-8.67971,-21.6176
"1H,1H,2H,2H-perfluoro-1-octanol",C8H5F13O,647-42-7,3939,M,0.00033,4700,-8.01642,-39.078
"1H,1H,2H,2H-perfluorodecan-1-ol",C10H5F17O,678-39-7,2993,Q,0.00038,8600,-7.87534,-71.5044
"1H,1H,2H,2H-perfluorodecan-1-ol",C10H5F17O,678-39-7,2996,M,0.00017,8800,-8.67971,-73.1673
"1H,1H,2H,2H-perfluorodecan-1-ol",C10H5F17O,678-39-7,3013,M,0.0002,3100,-8.51719,-25.7748
"1H,1H,2H,2H-perfluorohexan-1-ol",C6H5F9O,2043-47-2,2993,Q,0.0072,7200,-4.93367,-59.8641
"1H,1H,2H,2H-perfluorohexan-1-ol",C6H5F9O,2043-47-2,2996,M,6.1e-05,5400,-9.70464,-44.8981
"1H,1H,2H,2H-perfluorohexan-1-ol",C6H5F9O,2043-47-2,3013,M,0.0066,4500,-5.02069,-37.4151
"1H,1H,2H,2H-perfluorooctane sulfonic acid",C8H5F13O3S,27619-97-2,3939,M,0.0021,11000,-6.16582,-91.4591
"2(R),3(S)-1,2,3,4-butanetetrol",C4H10O4,149-32-6,3067,V,1.1e+10,16000,23.1212,-133.031
"2,2'',3,3'',4,4'',5,5'',6-nonabromodiphenyl ether",C12HBr9O,63387-28-0,3683,Q,47,7400,3.85015,-61.527
"2,2'',3,3'',4,4'',5,5'',6-nonachlorobiphenyl",C12HCl9,40186-72-9,2563,V,0.0021,7300,-6.16582,-60.6956
"2,2'',3,3'',4,4'',5,5''-octabromodiphenyl ether",C12H2Br8O,32536-52-0,3683,Q,13,7400,2.56495,-61.527
"2,2'',3,3'',4,4'',5,5''-octachlorobiphenyl",C12H2Cl8,35694-08-7,2472,M,0.1,20000,-2.30259,-166.289
"2,2'',3,3'',4,4'',5,5''-octachlorobiphenyl",C12H2Cl8,35694-08-7,2540,L,0.15,7500,-1.89712,-62.3585
"2,2'',3,3'',4,4'',5,5''-octachlorobiphenyl",C12H2Cl8,35694-08-7,2540,L,0.23,8200,-1.46968,-68.1786
"2,2'',3,3'',4,4'',5,5''-octachlorobiphenyl",C12H2Cl8,35694-08-7,2563,V,0.008,6900,-4.82831,-57.3698
"2,2'',3,3'',4,4'',5,6''-octabromodiphenyl ether",C12H2Br8O,446255-39-6,3683,Q,37,7400,3.61092,-61.527
"2,2'',3,3'',4,4'',5,6''-octachlorobiphenyl",C12H2Cl8,42740-50-1,2563,V,0.018,7400,-4.01738,-61.527
"2,2'',3,3'',4,4'',5,6''-octachlorodiphenyl ether",C12H2Cl8O,85918-38-3,1143,T,0.0087,7100,-4.74443,-59.0327
"2,2'',3,3'',4,4'',5,6,6''-nonabromodiphenyl ether",C12HBr9O,437701-79-6,3683,Q,120,7400,4.78749,-61.527
"2,2'',3,3'',4,4'',5,6,6''-nonachlorobiphenyl",C12HCl9,52663-79-3,2563,V,0.0018,7500,-6.31997,-62.3585
"2,2'',3,3'',4,4'',5,6-octabromodiphenyl ether",C12H2Br8O,446255-38-5,3683,Q,16,7400,2.77259,-61.527
"2,2'',3,3'',4,4'',5,6-octachlorobiphenyl",C12H2Cl8,52663-78-2,2340,M,0.071,20000,-2.64508,-166.289
"2,2'',3,3'',4,4'',5,6-octachlorobiphenyl",C12H2Cl8,52663-78-2,2563,V,0.0071,7100,-4.94766,-59.0327
"2,2'',3,3'',4,4'',5-heptabromodiphenyl ether",C12H3Br7O,327185-13-7,3683,Q,4.9,7400,1.58924,-61.527
"2,2'',3,3'',4,4'',5-heptachlorobiphenyl",C12H3Cl7,35065-30-6,2340,M,0.048,20000,-3.03655,-166.289
"2,2'',3,3'',4,4'',5-heptachlorobiphenyl",C12H3Cl7,35065-30-6,2563,V,0.0078,6600,-4.85363,-54.8755
"2,2'',3,3'',4,4'',6,6''-octabromodiphenyl ether",C12H2Br8O,117964-21-3,3683,Q,71,7400,4.26268,-61.527
"2,2'',3,3'',4,4'',6,6''-octachlorobiphenyl",C12H2Cl8,33091-17-7,2563,V,0.013,7600,-4.34281,-63.1899
"2,2'',3,3'',4,4'',6,6''-octachlorodiphenyl ether",C12H2Cl8O,117948-62-6,1143,T,0.0077,7000,-4.86653,-58.2012
"2,2'',3,3'',4,4'',6-heptabromodiphenyl ether",C12H3Br7O,446255-19-2,3683,Q,12,7400,2.48491,-61.527
"2,2'',3,3'',4,4'',6-heptachlorobiphenyl",C12H3Cl7,52663-71-5,2563,V,0.013,7100,-4.34281,-59.0327
"2,2'',3,3'',4,4''-hexabromodiphenyl ether",C12H4Br6O,182677-28-7,3683,Q,2.1,7400,0.741937,-61.527
"2,2'',3,3'',4,4''-hexachlorobiphenyl",C12H4Cl6,38380-07-3,2340,M,0.028,14000,-3.57555,-116.402
"2,2'',3,3'',4,4''-hexachlorobiphenyl",C12H4Cl6,38380-07-3,2563,V,0.0069,6100,-4.97623,-50.7182
"2,2'',3,3'',4,5'',6''-heptabromodiphenyl ether",C12H3Br7O,446255-23-8,3683,Q,9.9,7400,2.29253,-61.527
"2,2'',3,3'',4,5'',6''-heptachlorobiphenyl",C12H3Cl7,52663-70-4,2472,M,0.021,13000,-3.86323,-108.088
"2,2'',3,3'',4,5'',6''-heptachlorobiphenyl",C12H3Cl7,52663-70-4,2563,V,0.0034,6600,-5.68398,-54.8755
"2,2'',3,3'',4,5'',6,6''-octabromodiphenyl ether",C12H2Br8O,446255-50-1,3683,Q,68,7400,4.21951,-61.527
"2,2'',3,3'',4,5'',6,6''-octachlorobiphenyl",C12H2Cl8,40186-71-8,2340,M,0.01,17000,-4.60517,-141.346
"2,2'',3,3'',4,5'',6,6''-octachlorobiphenyl",C12H2Cl8,40186-71-8,2563,V,0.012,7500,-4.42285,-62.3585
"2,2'',3,3'',4,5'',6-heptabromodiphenyl ether",C12H3Br7O,6255-22-7,3683,Q,17,7400,2.83321,-61.527
"2,2'',3,3'',4,5'',6-heptachlorobiphenyl",C12H3Cl7,40186-70-7,2563,V,0.01,7200,-4.60517,-59.8641
"2,2'',3,3'',4,5''-hexabromodiphenyl ether",C12H4Br6O,446254-88-2,3683,Q,3.7,7400,1.30833,-61.527
"2,2'',3,3'',4,5''-hexachlorobiphenyl",C12H4Cl6,52663-66-8,2563,V,0.0059,6500,-5.1328,-54.044
"2,2'',3,3'',4,5,5'',6''-octabromodiphenyl ether",C12H2Br8O,446255-43-2,3683,Q,33,7400,3.49651,-61.527
"2,2'',3,3'',4,5,5'',6''-octachlorobiphenyl",C12H2Cl8,52663-75-9,2563,V,0.0034,7000,-5.68398,-58.2012
"2,2'',3,3'',4,5,5'',6,6''-nonabromodiphenyl ether",C12HBr9O,437701-78-5,3683,Q,110,7400,4.70048,-61.527
"2,2'',3,3'',4,5,5'',6,6''-nonachlorobiphenyl",C12HCl9,52663-77-1,2563,V,0.003,7700,-5.80914,-64.0214
"2,2'',3,3'',4,5,5'',6-octabromodiphenyl ether",C12H2Br8O,446255-42-1,3683,Q,18,7400,2.89037,-61.527
"2,2'',3,3'',4,5,5'',6-octachlorobiphenyl",C12H2Cl8,68194-17-2,2563,V,0.0035,7000,-5.65499,-58.2012
"2,2'',3,3'',4,5,5''-heptabromodiphenyl ether",C12H3Br7O,407606-59-1,3683,Q,16,7400,2.77259,-61.527
"2,2'',3,3'',4,5,5''-heptachlorobiphenyl",C12H3Cl7,52663-74-8,2563,V,0.0083,6800,-4.7915,-56.5383
"2,2'',3,3'',4,5,6''-heptabromodiphenyl ether",C12H3Br7O,446255-21-6,3683,Q,12,7400,2.48491,-61.527
"2,2'',3,3'',4,5,6''-heptachlorobiphenyl",C12H3Cl7,38411-25-5,2472,M,0.022,14000,-3.81671,-116.402
"2,2'',3,3'',4,5,6''-heptachlorobiphenyl",C12H3Cl7,38411-25-5,2563,V,0.0054,6700,-5.22136,-55.7069
"2,2'',3,3'',4,5,6,6''-octabromodiphenyl ether",C12H2Br8O,446255-46-5,3683,Q,37,7400,3.61092,-61.527
"2,2'',3,3'',4,5,6,6''-octachlorobiphenyl",C12H2Cl8,52663-73-7,2563,V,0.0076,7200,-4.87961,-59.8641
"2,2'',3,3'',4,5,6-heptabromodiphenyl ether",C12H3Br7O,446255-20-5,3683,Q,6.7,7400,1.90211,-61.527
"2,2'',3,3'',4,5,6-heptachlorobiphenyl",C12H3Cl7,68194-16-1,2563,V,0.0013,6500,-6.64539,-54.044
"2,2'',3,3'',4,5-hexabromodiphenyl ether",C12H4Br6O,446254-87-1,3683,Q,1.9,7400,0.641854,-61.527
"2,2'',3,3'',4,5-hexachlorobiphenyl",C12H4Cl6,55215-18-4,2563,V,0.0064,6400,-5.05146,-53.2126
"2,2'',3,3'',4,6''-hexabromodiphenyl ether",C12H4Br6O,446254-90-6,3683,Q,4,7400,1.38629,-61.527
"2,2'',3,3'',4,6''-hexachlorobiphenyl",C12H4Cl6,38380-05-1,2472,M,0.04,2400,-3.21888,-19.9547
"2,2'',3,3'',4,6''-hexachlorobiphenyl",C12H4Cl6,38380-05-1,2563,V,0.0041,6400,-5.49677,-53.2126
"2,2'',3,3'',4,6,6''-heptabromodiphenyl ether",C12H3Br7O,407606-61-5,3683,Q,25,7400,3.21888,-61.527
"2,2'',3,3'',4,6,6''-heptachlorobiphenyl",C12H3Cl7,52663-65-7,2563,V,0.0085,7200,-4.76769,-59.8641
"2,2'',3,3'',4,6-hexabromodiphenyl ether",C12H4Br6O,446254-89-3,3683,Q,10,7400,2.30259,-61.527
"2,2'',3,3'',4,6-hexachlorobiphenyl",C12H4Cl6,61798-70-7,2563,V,0.003,6500,-5.80914,-54.044
"2,2'',3,3'',4-pentabromodiphenyl ether",C12H5Br5O,327185-11-5,3683,Q,0.71,7400,-0.34249,-61.527
"2,2'',3,3'',4-pentachlorobiphenyl",C12H5Cl5,52663-62-4,2472,M,0.027,5100,-3.61192,-42.4038
"2,2'',3,3'',4-pentachlorobiphenyl",C12H5Cl5,52663-62-4,2563,V,0.0032,5800,-5.7446,-48.2239
"2,2'',3,3'',5,5'',6,6''-octabromodiphenyl ether",C12H2Br8O,67797-09-5,3683,Q,57,7400,4.04305,-61.527
"2,2'',3,3'',5,5'',6,6''-octachlorobiphenyl",C12H2Cl8,2136-99-4,2563,V,0.005,7300,-5.29832,-60.6956
"2,2'',3,3'',5,5'',6-heptabromodiphenyl ether",C12H3Br7O,446255-24-9,3683,Q,13,7400,2.56495,-61.527
"2,2'',3,3'',5,5'',6-heptachlorobiphenyl",C12H3Cl7,52663-67-9,2472,M,0.015,11000,-4.19971,-91.4591
"2,2'',3,3'',5,5'',6-heptachlorobiphenyl",C12H3Cl7,52663-67-9,2563,V,0.01,7200,-4.60517,-59.8641
"2,2'',3,3'',5,5''-hexabromodiphenyl ether",C12H4Br6O,446254-91-7,3683,Q,6.3,7400,1.84055,-61.527
"2,2'',3,3'',5,5''-hexachlorobiphenyl",C12H4Cl6,35694-04-3,2563,V,0.0041,6500,-5.49677,-54.044
"2,2'',3,3'',5,6''-hexabromodiphenyl ether",C12H4Br6O,446254-93-9,3683,Q,8.6,7400,2.15176,-61.527
"2,2'',3,3'',5,6''-hexachlorobiphenyl",C12H4Cl6,52744-13-5,2472,M,0.015,5500,-4.19971,-45.7295
"2,2'',3,3'',5,6''-hexachlorobiphenyl",C12H4Cl6,52744-13-5,2563,V,0.0048,6600,-5.33914,-54.8755
"2,2'',3,3'',5,6,6''-heptabromodiphenyl ether",C12H3Br7O,446255-25-0,3683,Q,22,7400,3.09104,-61.527
"2,2'',3,3'',5,6,6''-heptachlorobiphenyl",C12H3Cl7,52663-64-6,2563,V,0.0042,7000,-5.47267,-58.2012
"2,2'',3,3'',5,6-hexabromodiphenyl ether",C12H4Br6O,446254-92-8,3683,Q,4.8,7400,1.56862,-61.527
"2,2'',3,3'',5,6-hexachlorobiphenyl",C12H4Cl6,52704-70-8,2472,M,0.012,7300,-4.42285,-60.6956
"2,2'',3,3'',5,6-hexachlorobiphenyl",C12H4Cl6,52704-70-8,2563,V,0.0028,6400,-5.87814,-53.2126
"2,2'',3,3'',5-pentabromodiphenyl ether",C12H5Br5O,446254-51-9,3683,Q,1.4,7400,0.336472,-61.527
"2,2'',3,3'',5-pentachlorobiphenyl",C12H5Cl5,60145-20-2,2472,M,0.023,3600,-3.77226,-29.9321
"2,2'',3,3'',5-pentachlorobiphenyl",C12H5Cl5,60145-20-2,2563,V,0.0077,6300,-4.86653,-52.3811
"2,2'',3,3'',6,6''-hexabromodiphenyl ether",C12H4Br6O,446254-94-0,3683,Q,7.8,7400,2.05412,-61.527
"2,2'',3,3'',6,6''-hexachlorobiphenyl",C12H4Cl6,38411-22-2,2472,M,0.009,5400,-4.71053,-44.8981
"2,2'',3,3'',6,6''-hexachlorobiphenyl",C12H4Cl6,38411-22-2,2563,V,0.0016,6300,-6.43775,-52.3811
"2,2'',3,3'',6-pentabromodiphenyl ether",C12H5Br5O,446254-52-0,3683,Q,1.8,7400,0.587787,-61.527
"2,2'',3,3'',6-pentachlorobiphenyl",C12H5Cl5,52663-60-2,2563,V,0.0023,6000,-6.07485,-49.8868
"2,2'',3,3''-tetrabromodiphenyl ether",C12H6Br4O,337513-77-6,3683,Q,0.48,7400,-0.733969,-61.527
"2,2'',3,3''-tetrachlorobiphenyl",C12H6Cl4,38444-93-8,2472,M,0.036,3600,-3.32424,-29.9321
"2,2'',3,3''-tetrachlorobiphenyl",C12H6Cl4,38444-93-8,2563,V,0.0018,5300,-6.31997,-44.0667
"2,2'',3,4'',5'',6-hexabromodiphenyl ether",C12H4Br6O,446255-04-5,3683,Q,5.1,7400,1.62924,-61.527
"2,2'',3,4'',5'',6-hexachlorobiphenyl",C12H4Cl6,38380-04-0,2472,M,0.015,5500,-4.19971,-45.7295
"2,2'',3,4'',5'',6-hexachlorobiphenyl",C12H4Cl6,38380-04-0,2563,V,0.01,6800,-4.60517,-56.5383
"2,2'',3,4'',5''-pentabromodiphenyl ether",C12H5Br5O,446254-64-4,3683,Q,1,7400,0,-61.527
"2,2'',3,4'',5''-pentachlorobiphenyl",C12H5Cl5,41464-51-1,2472,M,0.023,3600,-3.77226,-29.9321
"2,2'',3,4'',5''-pentachlorobiphenyl",C12H5Cl5,41464-51-1,2563,V,0.0086,6300,-4.75599,-52.3811
"2,2'',3,4'',5,5'',6-heptabromodiphenyl ether",C12H3Br7O,446255-28-3,3683,Q,9.4,7400,2.24071,-61.527
"2,2'',3,4'',5,5'',6-heptachlorobiphenyl",C12H3Cl7,52663-68-0,2340,M,0.016,12000,-4.13517,-99.7736
"2,2'',3,4'',5,5'',6-heptachlorobiphenyl",C12H3Cl7,52663-68-0,2563,V,0.013,7200,-4.34281,-59.8641
"2,2'',3,4'',5,5''-hexabromodiphenyl ether",C12H4Br6O,446255-02-3,3683,Q,5.3,7400,1.66771,-61.527
"2,2'',3,4'',5,5''-hexachlorobiphenyl",C12H4Cl6,51908-16-8,2472,M,0.017,7100,-4.07454,-59.0327
"2,2'',3,4'',5,5''-hexachlorobiphenyl",C12H4Cl6,51908-16-8,2563,V,0.012,6800,-4.42285,-56.5383
"2,2'',3,4'',5,6''-hexabromodiphenyl ether",C12H4Br6O,446255-03-4,3683,Q,12,7400,2.48491,-61.527
"2,2'',3,4'',5,6''-hexachlorobiphenyl",C12H4Cl6,74472-41-6,2563,V,0.012,7000,-4.42285,-58.2012
"2,2'',3,4'',5,6,6''-heptabromodiphenyl ether",C12H3Br7O,116995-32-5,3683,Q,35,7400,3.55535,-61.527
"2,2'',3,4'',5,6,6''-heptachlorobiphenyl",C12H3Cl7,74487-85-7,2340,M,0.0088,7500,-4.733,-62.3585
"2,2'',3,4'',5,6,6''-heptachlorobiphenyl",C12H3Cl7,74487-85-7,2563,V,0.0048,7100,-5.33914,-59.0327
"2,2'',3,4'',5,6-hexabromodiphenyl ether",C12H4Br6O,116995-33-6,3683,Q,5.1,7400,1.62924,-61.527
"2,2'',3,4'',5,6-hexachlorobiphenyl",C12H4Cl6,68194-13-8,2563,V,0.0031,6500,-5.77635,-54.044
"2,2'',3,4'',5-pentabromodiphenyl ether",C12H5Br5O,446254-57-5,3683,Q,2.3,7400,0.832909,-61.527
"2,2'',3,4'',5-pentachlorobiphenyl",C12H5Cl5,68194-07-0,2563,V,0.021,6600,-3.86323,-54.8755
"2,2'',3,4'',6''-pentabromodiphenyl ether",C12H5Br5O,38463-82-0,3683,Q,3.5,7400,1.25276,-61.527
"2,2'',3,4'',6''-pentachlorobiphenyl",C12H5Cl5,60233-25-2,2563,V,0.0055,6300,-5.20301,-52.3811
"2,2'',3,4'',6,6''-hexabromodiphenyl ether",C12H4Br6O,446255-05-6,3683,Q,17,7400,2.83321,-61.527
"2,2'',3,4'',6,6''-hexachlorobiphenyl",C12H4Cl6,68194-08-1,2563,V,0.0065,6900,-5.03595,-57.3698
"2,2'',3,4'',6-pentabromodiphenyl ether",C12H5Br5O,446254-58-6,3683,Q,1.7,7400,0.530628,-61.527
"2,2'',3,4'',6-pentachlorobiphenyl",C12H5Cl5,68194-05-8,2472,M,0.019,1200,-3.96332,-9.97736
"2,2'',3,4'',6-pentachlorobiphenyl",C12H5Cl5,68194-05-8,2563,V,0.011,6500,-4.50986,-54.044
"2,2'',3,4''-tetrabromodiphenyl ether",C12H6Br4O,446254-18-8,3683,Q,0.52,7400,-0.653926,-61.527
"2,2'',3,4''-tetrachlorobiphenyl",C12H6Cl4,36559-22-5,2472,M,0.028,3100,-3.57555,-25.7748
"2,2'',3,4''-tetrachlorobiphenyl",C12H6Cl4,36559-22-5,2563,V,0.0086,5900,-4.75599,-49.0553
"2,2'',3,4,4'',5'',6-heptabromodiphenyl ether",C12H3Br7O,207122-16-5,3683,Q,13,7400,2.56495,-61.527
"2,2'',3,4,4'',5'',6-heptachlorobiphenyl",C12H3Cl7,52663-69-1,2472,M,0.017,12000,-4.07454,-99.7736
"2,2'',3,4,4'',5'',6-heptachlorobiphenyl",C12H3Cl7,52663-69-1,2563,V,0.024,7400,-3.7297,-61.527
"2,2'',3,4,4'',5''-hexabromodiphenyl ether",C12H4Br6O,182677-30-1,3683,Q,2.7,7400,0.993252,-61.527
"2,2'',3,4,4'',5''-hexachlorobiphenyl",C12H4Cl6,35065-28-2,1143,T,0.047,8700,-3.05761,-72.3358
"2,2'',3,4,4'',5''-hexachlorobiphenyl",C12H4Cl6,35065-28-2,2340,M,0.022,10000,-3.81671,-83.1446
"2,2'',3,4,4'',5''-hexachlorobiphenyl",C12H4Cl6,35065-28-2,2540,L,0.025,7100,-3.68888,-59.0327
"2,2'',3,4,4'',5''-hexachlorobiphenyl",C12H4Cl6,35065-28-2,2540,L,0.033,7700,-3.41125,-64.0214
"2,2'',3,4,4'',5''-hexachlorobiphenyl",C12H4Cl6,35065-28-2,2563,V,0.018,6800,-4.01738,-56.5383
"2,2'',3,4,4'',5''-hexachlorodiphenyl ether",C12H4Cl6O,71585-36-9,1143,T,0.028,6500,-3.57555,-54.044
"2,2'',3,4,4'',5,5'',6-octabromodiphenyl ether",C12H2Br8O,337513-72-1,3683,Q,20,7400,2.99573,-61.527
"2,2'',3,4,4'',5,5'',6-octachlorobiphenyl",C12H2Cl8,52663-76-0,2563,V,0.032,7800,-3.44202,-64.8528
"2,2'',3,4,4'',5,5''-heptabromodiphenyl ether",C12H3Br7O,446255-26-1,3683,Q,7.3,7400,1.98787,-61.527
"2,2'',3,4,4'',5,5''-heptachlorobiphenyl",C12H3Cl7,35065-29-3,1143,T,0.025,9000,-3.68888,-74.8302
"2,2'',3,4,4'',5,5''-heptachlorobiphenyl",C12H3Cl7,35065-29-3,2340,M,0.027,17000,-3.61192,-141.346
"2,2'',3,4,4'',5,5''-heptachlorobiphenyl",C12H3Cl7,35065-29-3,2540,L,0.17,7300,-1.77196,-60.6956
"2,2'',3,4,4'',5,5''-heptachlorobiphenyl",C12H3Cl7,35065-29-3,2540,L,0.12,7900,-2.12026,-65.6843
"2,2'',3,4,4'',5,5''-heptachlorobiphenyl",C12H3Cl7,35065-29-3,2563,V,0.015,6900,-4.19971,-57.3698
"2,2'',3,4,4'',5,5''-heptachlorodiphenyl ether",C12H3Cl7O,83992-69-2,1143,T,0.019,6800,-3.96332,-56.5383
"2,2'',3,4,4'',5,6''-heptabromodiphenyl ether",C12H3Br7O,442690-45-1,3683,Q,19,7400,2.94444,-61.527
"2,2'',3,4,4'',5,6''-heptachlorobiphenyl",C12H3Cl7,60145-23-5,2472,M,0.017,12000,-4.07454,-99.7736
"2,2'',3,4,4'',5,6''-heptachlorobiphenyl",C12H3Cl7,60145-23-5,2563,V,0.017,7200,-4.07454,-59.8641
"2,2'',3,4,4'',5,6''-heptachlorodiphenyl ether",C12H3Cl7O,88467-63-4,1143,T,0.0033,6400,-5.71383,-53.2126
"2,2'',3,4,4'',5,6,6''-octabromodiphenyl ether",C12H2Br8O,446255-54-5,3683,Q,62,7400,4.12713,-61.527
"2,2'',3,4,4'',5,6,6''-octachlorobiphenyl",C12H2Cl8,74472-52-9,2563,V,0.011,7800,-4.50986,-64.8528
"2,2'',3,4,4'',5,6-heptabromodiphenyl ether",C12H3Br7O,189084-67-1,3683,Q,8.9,7400,2.18605,-61.527
"2,2'',3,4,4'',5,6-heptachlorobiphenyl",C12H3Cl7,74472-47-2,2563,V,0.012,7200,-4.42285,-59.8641
"2,2'',3,4,4'',5-hexabromodiphenyl ether",C12H4Br6O,446254-95-1,3683,Q,3,7400,1.09861,-61.527
"2,2'',3,4,4'',5-hexachlorobiphenyl",C12H4Cl6,35694-06-5,2472,M,0.045,3200,-3.10109,-26.6063
"2,2'',3,4,4'',5-hexachlorobiphenyl",C12H4Cl6,35694-06-5,2563,V,0.018,6800,-4.01738,-56.5383
"2,2'',3,4,4'',5-hexachlorodiphenyl ether",C12H4Cl6O,71585-38-1,1143,T,0.019,6400,-3.96332,-53.2126
"2,2'',3,4,4'',6''-hexabromodiphenyl ether",C12H4Br6O,243982-83-4,3683,Q,7.7,7400,2.04122,-61.527
"2,2'',3,4,4'',6''-hexachlorobiphenyl",C12H4Cl6,59291-64-4,2563,V,0.017,7000,-4.07454,-58.2012
"2,2'',3,4,4'',6,6''-heptabromodiphenyl ether",C12H3Br7O,117948-63-7,3683,Q,37,7400,3.61092,-61.527
"2,2'',3,4,4'',6,6''-heptachlorobiphenyl",C12H3Cl7,74472-48-3,2563,V,0.0081,7200,-4.81589,-59.8641
"2,2'',3,4,4'',6,6''-heptachlorodiphenyl ether",C12H3Cl7O,106220-84-2,1143,T,0.2,7800,-1.60944,-64.8528
"2,2'',3,4,4'',6-hexachlorobiphenyl",C12H4Cl6,56030-56-9,2563,V,0.014,6900,-4.2687,-57.3698
"2,2'',3,4,4''-pentabromodiphenyl ether",C12H5Br5O,182346-21-0,3683,Q,1.3,7400,0.262364,-61.527
"2,2'',3,4,4''-pentachlorobiphenyl",C12H5Cl5,65510-45-4,2472,M,0.023,3100,-3.77226,-25.7748
"2,2'',3,4,4''-pentachlorobiphenyl",C12H5Cl5,65510-45-4,2563,V,0.028,6600,-3.57555,-54.8755
"2,2'',3,4,5'',6-hexabromodiphenyl ether",C12H4Br6O,446255-00-1,3683,Q,5.2,7400,1.64866,-61.527
"2,2'',3,4,5'',6-hexachlorobiphenyl",C12H4Cl6,68194-14-9,2563,V,0.012,7000,-4.42285,-58.2012
"2,2'',3,4,5''-pentabromodiphenyl ether",C12H5Br5O,446254-54-2,3683,Q,110,7400,4.70048,-61.527
"2,2'',3,4,5''-pentachlorobiphenyl",C12H5Cl5,38380-02-8,2340,M,0.027,3900,-3.61192,-32.4264
"2,2'',3,4,5''-pentachlorobiphenyl",C12H5Cl5,38380-02-8,2563,V,0.0041,6000,-5.49677,-49.8868
"2,2'',3,4,5,5'',6-heptabromodiphenyl ether",C12H3Br7O,405237-86-7,3683,Q,5.1,7400,1.62924,-61.527
"2,2'',3,4,5,5'',6-heptachlorobiphenyl",C12H3Cl7,52712-05-7,2563,V,0.0049,7000,-5.31852,-58.2012
"2,2'',3,4,5,5''-hexabromodiphenyl ether",C12H4Br6O,446254-97-3,3683,Q,2.6,7400,0.955511,-61.527
"2,2'',3,4,5,5''-hexachlorobiphenyl",C12H4Cl6,52712-04-6,2472,M,0.02,8400,-3.91202,-69.8415
"2,2'',3,4,5,5''-hexachlorobiphenyl",C12H4Cl6,52712-04-6,2563,V,0.01,6700,-4.60517,-55.7069
"2,2'',3,4,5,6''-hexabromodiphenyl ether",C12H4Br6O,446254-99-5,3683,Q,5.1,7400,1.62924,-61.527
"2,2'',3,4,5,6''-hexachlorobiphenyl",C12H4Cl6,68194-15-0,2563,V,0.0065,6600,-5.03595,-54.8755
"2,2'',3,4,5,6,6''-heptabromodiphenyl ether",C12H3Br7O,446255-27-2,3683,Q,14,7400,2.63906,-61.527
"2,2'',3,4,5,6,6''-heptachlorobiphenyl",C12H3Cl7,74472-49-4,2563,V,0.00096,6500,-6.94858,-54.044
"2,2'',3,4,5,6-hexabromodiphenyl ether",C12H4Br6O,446254-98-4,3683,Q,1.4,7400,0.336472,-61.527
"2,2'',3,4,5,6-hexachlorobiphenyl",C12H4Cl6,41411-61-4,2563,V,0.004,6900,-5.52146,-57.3698
"2,2'',3,4,5-pentabromodiphenyl ether",C12H5Br5O,446254-53-1,3683,Q,0.92,7400,-0.0833816,-61.527
"2,2'',3,4,5-pentachlorobiphenyl",C12H5Cl5,55312-69-1,2563,V,0.0089,6500,-4.7217,-54.044
"2,2'',3,4,6''-pentabromodiphenyl ether",C12H5Br5O,446254-56-4,3683,Q,1.8,7400,0.587787,-61.527
"2,2'',3,4,6''-pentachlorobiphenyl",C12H5Cl5,73575-57-2,2472,M,0.022,2500,-3.81671,-20.7862
"2,2'',3,4,6''-pentachlorobiphenyl",C12H5Cl5,73575-57-2,2563,V,0.0043,6100,-5.44914,-50.7182
"2,2'',3,4,6,6''-hexabromodiphenyl ether",C12H4Br6O,446255-01-2,3683,Q,10,7400,2.30259,-61.527
"2,2'',3,4,6,6''-hexachlorobiphenyl",C12H4Cl6,74472-40-5,2563,V,0.0015,6400,-6.50229,-53.2126
"2,2'',3,4,6-pentabromodiphenyl ether",C12H5Br5O,446254-55-3,3683,Q,1.2,7400,0.182322,-61.527
"2,2'',3,4,6-pentachlorobiphenyl",C12H5Cl5,55215-17-3,2563,V,0.0096,6800,-4.64599,-56.5383
"2,2'',3,4-tetrabromodiphenyl ether",C12H6Br4O,337513-68-5,3683,Q,0.32,7400,-1.13943,-61.527
"2,2'',3,4-tetrachlorobiphenyl",C12H6Cl4,52663-59-9,2563,V,0.016,6200,-4.13517,-51.5497
"2,2'',3,5'',6-pentabromodiphenyl ether",C12H5Br5O,446254-62-2,3683,Q,1.8,7400,0.587787,-61.527
"2,2'',3,5'',6-pentachlorobiphenyl",C12H5Cl5,38379-99-6,2472,M,0.021,2500,-3.86323,-20.7862
"2,2'',3,5'',6-pentachlorobiphenyl",C12H5Cl5,38379-99-6,2563,V,0.0033,6200,-5.71383,-51.5497
"2,2'',3,5''-tetrabromodiphenyl ether",C12H6Br4O,446254-20-2,3683,Q,0.57,7400,-0.562119,-61.527
"2,2'',3,5''-tetrachlorobiphenyl",C12H6Cl4,41464-39-5,2340,M,0.036,3100,-3.32424,-25.7748
"2,2'',3,5''-tetrachlorobiphenyl",C12H6Cl4,41464-39-5,2563,V,0.011,6000,-4.50986,-49.8868
"2,2'',3,5,5'',6-hexabromodiphenyl ether",C12H4Br6O,446255-06-7,3683,Q,4.4,7400,1.4816,-61.527
"2,2'',3,5,5'',6-hexachlorobiphenyl",C12H4Cl6,52663-63-5,2472,M,0.014,4500,-4.2687,-37.4151
"2,2'',3,5,5'',6-hexachlorobiphenyl",C12H4Cl6,52663-63-5,2563,V,0.0052,6700,-5.2591,-55.7069
"2,2'',3,5,5''-pentabromodiphenyl ether",C12H5Br5O,446254-59-7,3683,Q,1.9,7400,0.641854,-61.527
"2,2'',3,5,5''-pentachlorobiphenyl",C12H5Cl5,52663-61-3,2472,M,0.022,2900,-3.81671,-24.1119
"2,2'',3,5,5''-pentachlorobiphenyl",C12H5Cl5,52663-61-3,2563,V,0.012,6500,-4.42285,-54.044
"2,2'',3,5,6''-pentabromodiphenyl ether",C12H5Br5O,446254-61-1,3683,Q,3.8,7400,1.335,-61.527
"2,2'',3,5,6''-pentachlorobiphenyl",C12H5Cl5,73575-55-0,2563,V,0.0045,6300,-5.40368,-52.3811
"2,2'',3,5,6,6''-hexabromodiphenyl ether",C12H4Br6O,446255-07-8,3683,Q,9.4,7400,2.24071,-61.527
"2,2'',3,5,6,6''-hexachlorobiphenyl",C12H4Cl6,68194-09-2,2563,V,0.0013,6300,-6.64539,-52.3811
"2,2'',3,5,6-pentabromodiphenyl ether",C12H5Br5O,446254-60-0,3683,Q,1.5,7400,0.405465,-61.527
"2,2'',3,5,6-pentachlorobiphenyl",C12H5Cl5,73575-56-1,2563,V,0.0041,6500,-5.49677,-54.044
"2,2'',3,5-tetrabromodiphenyl ether",C12H6Br4O,446254-19-9,3683,Q,0.66,7400,-0.415515,-61.527
"2,2'',3,5-tetrachlorobiphenyl",C12H6Cl4,70362-46-8,2563,V,0.013,6300,-4.34281,-52.3811
"2,2'',3,6''-tetrabromodiphenyl ether",C12H6Br4O,446254-22-4,3683,Q,1.1,7400,0.0953102,-61.527
"2,2'',3,6''-tetrachlorobiphenyl",C12H6Cl4,41464-47-5,2472,M,0.03,3400,-3.50656,-28.2692
"2,2'',3,6''-tetrachlorobiphenyl",C12H6Cl4,41464-47-5,2563,V,0.00091,5300,-7.00207,-44.0667
"2,2'',3,6,6''-pentabromodiphenyl ether",C12H5Br5O,446254-63-3,3683,Q,3.9,7400,1.36098,-61.527
"2,2'',3,6,6''-pentachlorobiphenyl",C12H5Cl5,73575-54-9,2563,V,0.00087,5800,-7.04702,-48.2239
"2,2'',3,6-tetrabromodiphenyl ether",C12H6Br4O,446254-21-3,3683,Q,0.73,7400,-0.314711,-61.527
"2,2'',3,6-tetrachlorobiphenyl",C12H6Cl4,70362-45-7,2472,M,0.025,2900,-3.68888,-24.1119
"2,2'',3,6-tetrachlorobiphenyl",C12H6Cl4,70362-45-7,2563,V,0.0038,6000,-5.57275,-49.8868
"2,2'',3-tribromodiphenyl ether",C12H7Br3O,147217-74-1,3683,Q,0.22,7400,-1.51413,-61.527
"2,2'',3-trichlorobiphenyl",C12H7Cl3,38444-78-9,2472,M,0.042,5700,-3.17009,-47.3924
"2,2'',3-trichlorobiphenyl",C12H7Cl3,38444-78-9,2563,V,0.015,5800,-4.19971,-48.2239
"2,2'',4,4'',5,5''-hexabromodiphenyl ether",C12H4Br6O,68631-49-2,2468,M,3.5,7800,1.25276,-64.8528
"2,2'',4,4'',5,5''-hexabromodiphenyl ether",C12H4Br6O,68631-49-2,3683,M,3.7,7200,1.30833,-59.8641
"2,2'',4,4'',5,5''-hexabromodiphenyl ether",C12H4Br6O,68631-49-2,3683,Q,3.9,7400,1.36098,-61.527
"2,2'',4,4'',5,5''-hexachlorobiphenyl",C12H4Cl6,35065-27-1,1143,T,0.017,8400,-4.07454,-69.8415
"2,2'',4,4'',5,5''-hexachlorobiphenyl",C12H4Cl6,35065-27-1,2340,M,0.019,8000,-3.96332,-66.5157
"2,2'',4,4'',5,5''-hexachlorobiphenyl",C12H4Cl6,35065-27-1,2540,L,0.04,7100,-3.21888,-59.0327
"2,2'',4,4'',5,5''-hexachlorobiphenyl",C12H4Cl6,35065-27-1,2540,L,0.051,7900,-2.97593,-65.6843
"2,2'',4,4'',5,5''-hexachlorobiphenyl",C12H4Cl6,35065-27-1,2563,V,0.011,6700,-4.50986,-55.7069
"2,2'',4,4'',5,5''-hexachlorodiphenyl ether",C12H4Cl6O,71859-30-8,1143,T,0.011,6300,-4.50986,-52.3811
"2,2'',4,4'',5,6''-hexabromodiphenyl ether",C12H4Br6O,207122-15-4,2468,M,7.3,6800,1.98787,-56.5383
"2,2'',4,4'',5,6''-hexabromodiphenyl ether",C12H4Br6O,207122-15-4,3683,M,7.1,6800,1.96009,-56.5383
"2,2'',4,4'',5,6''-hexabromodiphenyl ether",C12H4Br6O,207122-15-4,3683,Q,11,7400,2.3979,-61.527
"2,2'',4,4'',5,6''-hexachlorobiphenyl",C12H4Cl6,60145-22-4,2340,M,0.013,5600,-4.34281,-46.561
"2,2'',4,4'',5,6''-hexachlorobiphenyl",C12H4Cl6,60145-22-4,2563,V,0.017,7100,-4.07454,-59.0327
"2,2'',4,4'',5,6''-hexachlorodiphenyl ether",C12H4Cl6O,106220-81-9,1143,T,0.0044,5900,-5.42615,-49.0553
"2,2'',4,4'',5-pentabromodiphenyl ether",C12H5Br5O,60348-60-9,2468,M,1.5,8800,0.405465,-73.1673
"2,2'',4,4'',5-pentabromodiphenyl ether",C12H5Br5O,60348-60-9,3683,M,1.5,8900,0.405465,-73.9987
"2,2'',4,4'',5-pentabromodiphenyl ether",C12H5Br5O,60348-60-9,3683,Q,1.6,7400,0.470004,-61.527
"2,2'',4,4'',5-pentachlorobiphenyl",C12H5Cl5,38380-01-7,2472,M,0.021,1900,-3.86323,-15.7975
"2,2'',4,4'',5-pentachlorobiphenyl",C12H5Cl5,38380-01-7,2496,M,0.0088,8700,-4.733,-72.3358
"2,2'',4,4'',5-pentachlorobiphenyl",C12H5Cl5,38380-01-7,2563,V,0.021,6600,-3.86323,-54.8755
"2,2'',4,4'',5-pentachlorodiphenyl ether",C12H5Cl5O,60123-64-0,1143,T,0.038,6100,-3.27017,-50.7182
"2,2'',4,4'',6,6''-hexabromodiphenyl ether",C12H4Br6O,35854-94-5,3683,Q,25,7400,3.21888,-61.527
"2,2'',4,4'',6,6''-hexachlorobiphenyl",C12H4Cl6,33979-03-2,2540,L,0.013,7100,-4.34281,-59.0327
"2,2'',4,4'',6,6''-hexachlorobiphenyl",C12H4Cl6,33979-03-2,2540,L,0.011,7600,-4.50986,-63.1899
"2,2'',4,4'',6,6''-hexachlorobiphenyl",C12H4Cl6,33979-03-2,2563,V,0.0046,6900,-5.3817,-57.3698
"2,2'',4,4'',6-pentabromodiphenyl ether",C12H5Br5O,189084-64-8,2468,M,3.8,6800,1.335,-56.5383
"2,2'',4,4'',6-pentabromodiphenyl ether",C12H5Br5O,189084-64-8,2496,M,0.19,12,-1.66073,-0.0997736
"2,2'',4,4'',6-pentabromodiphenyl ether",C12H5Br5O,189084-64-8,3683,M,3.6,7300,1.28093,-60.6956
"2,2'',4,4'',6-pentabromodiphenyl ether",C12H5Br5O,189084-64-8,3683,Q,3.9,7400,1.36098,-61.527
"2,2'',4,4'',6-pentachlorobiphenyl",C12H5Cl5,39485-83-1,2563,V,0.0097,6600,-4.63563,-54.8755
"2,2'',4,4'',6-pentachlorodiphenyl ether",C12H5Cl5O,104294-16-8,1143,T,0.013,5800,-4.34281,-48.2239
"2,2'',4,4''-tetrabromodiphenyl ether",C12H6Br4O,5436-43-1,2468,M,0.87,7300,-0.139262,-60.6956
"2,2'',4,4''-tetrabromodiphenyl ether",C12H6Br4O,5436-43-1,2496,M,0.17,620,-1.77196,-5.15497
"2,2'',4,4''-tetrabromodiphenyl ether",C12H6Br4O,5436-43-1,3683,M,0.91,7400,-0.0943107,-61.527
"2,2'',4,4''-tetrabromodiphenyl ether",C12H6Br4O,5436-43-1,3683,Q,0.85,7400,-0.162519,-61.527
"2,2'',4,4''-tetrachlorobiphenyl",C12H6Cl4,2437-79-8,2563,V,0.02,6200,-3.91202,-51.5497
"2,2'',4,5'',6-pentabromodiphenyl ether",C12H5Br5O,446254-67-7,3683,Q,3.4,7400,1.22378,-61.527
"2,2'',4,5'',6-pentachlorobiphenyl",C12H5Cl5,60145-21-3,2563,V,0.0081,6600,-4.81589,-54.8755
"2,2'',4,5''-tetrabromodiphenyl ether",C12H6Br4O,243982-82-3,3683,Q,0.86,7400,-0.150823,-61.527
"2,2'',4,5''-tetrachlorobiphenyl",C12H6Cl4,41464-40-8,2472,M,0.027,3000,-3.61192,-24.9434
"2,2'',4,5''-tetrachlorobiphenyl",C12H6Cl4,41464-40-8,2563,V,0.0083,5900,-4.7915,-49.0553
"2,2'',4,5,5''-pentabromodiphenyl ether",C12H5Br5O,446254-65-5,3683,Q,1.4,7400,0.336472,-61.527
"2,2'',4,5,5''-pentachlorobiphenyl",C12H5Cl5,37680-73-2,1143,T,0.02,8100,-3.91202,-67.3471
"2,2'',4,5,5''-pentachlorobiphenyl",C12H5Cl5,37680-73-2,2340,M,0.024,3600,-3.7297,-29.9321
"2,2'',4,5,5''-pentachlorobiphenyl",C12H5Cl5,37680-73-2,2540,L,0.032,6800,-3.44202,-56.5383
"2,2'',4,5,5''-pentachlorobiphenyl",C12H5Cl5,37680-73-2,2540,L,0.041,7500,-3.19418,-62.3585
"2,2'',4,5,5''-pentachlorobiphenyl",C12H5Cl5,37680-73-2,2563,V,0.0089,6400,-4.7217,-53.2126
"2,2'',4,5,6''-pentabromodiphenyl ether",C12H5Br5O,446254-66-6,3683,Q,2.8,7400,1.02962,-61.527
"2,2'',4,5,6''-pentachlorobiphenyl",C12H5Cl5,68194-06-9,2563,V,0.0063,6300,-5.06721,-52.3811
"2,2'',4,5-tetrabromodiphenyl ether",C12H6Br4O,337513-55-0,3683,Q,0.48,7400,-0.733969,-61.527
"2,2'',4,5-tetrachlorobiphenyl",C12H6Cl4,70362-47-9,2472,M,0.027,3000,-3.61192,-24.9434
"2,2'',4,5-tetrachlorobiphenyl",C12H6Cl4,70362-47-9,2563,V,0.0061,6100,-5.09947,-50.7182
"2,2'',4,6''-tetrabromodiphenyl ether",C12H6Br4O,189084-57-9,3683,Q,1.3,7400,0.262364,-61.527
"2,2'',4,6''-tetrachlorobiphenyl",C12H6Cl4,68194-04-7,2563,V,0.025,6300,-3.68888,-52.3811
"2,2'',4,6,6''-pentabromodiphenyl ether",C12H5Br5O,446254-68-8,3683,Q,6.7,7400,1.90211,-61.527
"2,2'',4,6,6''-pentachlorobiphenyl",C12H5Cl5,56558-16-8,2340,M,0.015,1700,-4.19971,-14.1346
"2,2'',4,6,6''-pentachlorobiphenyl",C12H5Cl5,56558-16-8,2563,V,0.0028,6300,-5.87814,-52.3811
"2,2'',4,6-tetrabromodiphenyl ether",C12H6Br4O,446254-23-5,3683,Q,1.1,7400,0.0953102,-61.527
"2,2'',4,6-tetrachlorobiphenyl",C12H6Cl4,62796-65-0,2340,M,0.016,2900,-4.13517,-24.1119
"2,2'',4,6-tetrachlorobiphenyl",C12H6Cl4,62796-65-0,2563,V,0.0099,6300,-4.61522,-52.3811
"2,2'',4-tribromodiphenyl ether",C12H7Br3O,147217-75-2,3683,Q,0.23,7400,-1.46968,-61.527
"2,2'',4-trichlorobiphenyl",C12H7Cl3,37680-66-3,2472,M,0.033,4700,-3.41125,-39.078
"2,2'',4-trichlorobiphenyl",C12H7Cl3,37680-66-3,2563,V,0.04,6200,-3.21888,-51.5497
"2,2'',5,5''-tetrabromodiphenyl ether",C12H6Br4O,446254-24-6,3683,Q,0.89,7400,-0.116534,-61.527
"2,2'',5,5''-tetrachlorobiphenyl",C12H6Cl4,35693-99-3,1143,T,0.012,7700,-4.42285,-64.0214
"2,2'',5,5''-tetrachlorobiphenyl",C12H6Cl4,35693-99-3,1146,M,0.042,6200,-3.17009,-51.5497
"2,2'',5,5''-tetrachlorobiphenyl",C12H6Cl4,35693-99-3,2340,M,0.032,3700,-3.44202,-30.7635
"2,2'',5,5''-tetrachlorobiphenyl",C12H6Cl4,35693-99-3,2540,L,0.035,6600,-3.35241,-54.8755
"2,2'',5,5''-tetrachlorobiphenyl",C12H6Cl4,35693-99-3,2540,L,0.04,6800,-3.21888,-56.5383
"2,2'',5,5''-tetrachlorobiphenyl",C12H6Cl4,35693-99-3,2563,V,0.0037,5700,-5.59942,-47.3924
"2,2'',5,6''-tetrabromodiphenyl ether",C12H6Br4O,446254-25-7,3683,Q,1.4,7400,0.336472,-61.527
"2,2'',5,6''-tetrachlorobiphenyl",C12H6Cl4,41464-41-9,2563,V,0.0016,5500,-6.43775,-45.7295
"2,2'',5-tribromodiphenyl ether",C12H7Br3O,407606-55-7,3683,Q,0.24,7400,-1.42712,-61.527
"2,2'',5-trichlorobiphenyl",C12H7Cl3,37680-65-2,2340,M,0.039,4200,-3.24419,-34.9207
"2,2'',5-trichlorobiphenyl",C12H7Cl3,37680-65-2,2563,V,0.0098,5800,-4.62537,-48.2239
"2,2'',6,6''-tetrabromodiphenyl ether",C12H6Br4O,446254-26-8,3683,Q,1.7,7400,0.530628,-61.527
"2,2'',6,6''-tetrachlorobiphenyl",C12H6Cl4,15968-05-5,2563,V,0.0001,4800,-9.21034,-39.9094
"2,2'',6-tribromodiphenyl ether",C12H7Br3O,147217-73-0,3683,Q,0.36,7400,-1.02165,-61.527
"2,2'',6-trichlorobiphenyl",C12H7Cl3,38444-73-4,2472,M,0.033,4700,-3.41125,-39.078
"2,2'',6-trichlorobiphenyl",C12H7Cl3,38444-73-4,2563,V,0.0025,5400,-5.99146,-44.8981
"2,2''-dibromodiphenyl ether",C12H8Br2O,51452-87-0,3683,Q,0.095,7400,-2.35388,-61.527
"2,2''-dichlorobiphenyl",C12H8Cl2,13029-08-8,2472,M,0.046,6000,-3.07911,-49.8868
"2,2''-dichlorobiphenyl",C12H8Cl2,13029-08-8,2563,V,0.0071,5500,-4.94766,-45.7295
"2,2,2-trifluoroethanol",CF3CH2OH,75-89-8,2626,L,0.47,6200,-0.755023,-51.5497
"2,2,2-trifluoroethanol",CF3CH2OH,75-89-8,2808,M,0.47,6200,-0.755023,-51.5497
"2,2,2-trifluoroethanol",CF3CH2OH,75-89-8,3245,L,0.47,6200,-0.755023,-51.5497
"2,2,2-trifluoroethanol",CF3CH2OH,75-89-8,3500,L,0.47,6200,-0.755023,-51.5497
"2,2,2-trifluoroethanol",CF3CH2OH,75-89-8,727,M,0.58,5900,-0.544727,-49.0553
"2,2,2-trifluoroethyl ethanoate",CH3COOCH2CF3,406-95-1,2626,L,0.0055,5200,-5.20301,-43.2352
"2,2,2-trifluoroethyl ethanoate",CH3COOCH2CF3,406-95-1,2803,M,0.0057,5300,-5.16729,-44.0667
"2,2,2-trifluoroethyl ethanoate",CH3COOCH2CF3,406-95-1,3245,L,0.0055,5200,-5.20301,-43.2352
"2,2,2-trifluoroethyl ethanoate",CH3COOCH2CF3,406-95-1,3500,L,0.0055,5200,-5.20301,-43.2352
"2,2,2-trifluoroethyl methanoate",HCOOCH2CF3,32042-38-9,2626,L,0.0054,4700,-5.22136,-39.078
"2,2,2-trifluoroethyl methanoate",HCOOCH2CF3,32042-38-9,2802,M,0.0054,4700,-5.22136,-39.078
"2,2,2-trifluoroethyl methanoate",HCOOCH2CF3,32042-38-9,3245,L,0.0054,4700,-5.22136,-39.078
"2,2,2-trifluoroethyl methanoate",HCOOCH2CF3,32042-38-9,3500,L,0.0054,4700,-5.22136,-39.078
"2,2,3,3,3-pentafluoro-1-propanol",CF3CF2CH2OH,422-05-9,2626,L,0.14,4300,-1.96611,-35.7522
"2,2,3,3,3-pentafluoro-1-propanol",CF3CF2CH2OH,422-05-9,2808,M,0.14,4300,-1.96611,-35.7522
"2,2,3,3,3-pentafluoro-1-propanol",CF3CF2CH2OH,422-05-9,3245,L,0.14,4300,-1.96611,-35.7522
"2,2,3,3,3-pentafluoro-1-propanol",CF3CF2CH2OH,422-05-9,3500,L,0.14,4300,-1.96611,-35.7522
"2,2,3,3,3-pentafluoro-1-propanol",CF3CF2CH2OH,422-05-9,727,M,0.45,6000,-0.798508,-49.8868
"2,2,3,3-tetrafluoro-1-propanol",CHF2CF2CH2OH,76-37-9,2626,L,1.4,7000,0.336472,-58.2012
"2,2,3,3-tetrafluoro-1-propanol",CHF2CF2CH2OH,76-37-9,2808,M,1.4,7000,0.336472,-58.2012
"2,2,3,3-tetrafluoro-1-propanol",CHF2CF2CH2OH,76-37-9,3245,L,1.4,7000,0.336472,-58.2012
"2,2,3,3-tetrafluoro-1-propanol",CHF2CF2CH2OH,76-37-9,3500,L,1.4,7000,0.336472,-58.2012
"2,2,3,3-tetrafluoro-1-propanol",CHF2CF2CH2OH,76-37-9,727,M,1.6,6700,0.470004,-55.7069
"2,2,5-trimethylhexane",C9H20,3522-94-9,3518,L,1.9e-06,6200,-13.1737,-51.5497
"2,2-bis(hydroxymethyl)1,3-propanediol",C5H12O4,115-77-5,3067,V,7.3e+10,16000,25.0137,-133.031
"2,2-dichloro-1,1,1-trifluoroethane",C2HF3Cl2,306-83-2,1014,V,0.00028,2600,-8.18072,-21.6176
"2,2-dichloro-1,1,1-trifluoroethane",C2HF3Cl2,306-83-2,2121,M,0.00032,3100,-8.04719,-25.7748
"2,2-dichloro-1,1,1-trifluoroethane",C2HF3Cl2,306-83-2,2939,M,0.00023,2400,-8.37743,-19.9547
"2,2-dichloro-1,1-difluoro-1-methoxyethane",C3H4Cl2F2O,76-38-0,1943,L,0.0029,4100,-5.84304,-34.0893
"2,2-dichloro-1,1-difluoro-1-methoxyethane",C3H4Cl2F2O,76-38-0,2445,M,0.0029,3600,-5.84304,-29.9321
"2,2-dichloro-1,1-difluoro-1-methoxyethane",C3H4Cl2F2O,76-38-0,3696,L,0.003,4300,-5.80914,-35.7522
"2,2-dichloropropane",C3H6Cl2,594-20-7,2891,M,0.00044,7400,-7.72874,-61.527
"2,2-dichloropropane",C3H6Cl2,594-20-7,2904,M,0.00071,630,-7.25025,-5.23811
"2,2-dichloropropane",C3H6Cl2,594-20-7,2923,M,0.00081,3900,-7.11848,-32.4264
"2,2-dimethyl-1-propanol",C5H12O,75-84-3,3518,L,0.3,7800,-1.20397,-64.8528
"2,2-dimethylbutane",C6H14,75-83-2,3673,L,5.6e-06,3500,-12.0927,-29.1006
"2,2-dimethylhexane",C8H18,590-73-8,2936,M,2.4e-06,4600,-12.94,-38.2465
"2,2-dimethylhexane",C8H18,590-73-8,3518,L,2.4e-06,4600,-12.94,-38.2465
"2,3'',4'',5'',6-pentabromodiphenyl ether",C12H5Br5O,446254-85-9,3683,Q,1.3,7400,0.262364,-61.527
"2,3'',4'',5'',6-pentachlorobiphenyl",C12H5Cl5,74472-39-2,2563,V,0.0023,5800,-6.07485,-48.2239
"2,3'',4'',5''-tetrabromodiphenyl ether",C12H6Br4O,446254-43-9,3683,Q,0.47,7400,-0.755023,-61.527
"2,3'',4'',5''-tetrachlorobiphenyl",C12H6Cl4,70362-48-0,2563,V,0.0023,5500,-6.07485,-45.7295
"2,3'',4'',5,5''-pentabromodiphenyl ether",C12H5Br5O,446254-84-8,3683,Q,1.1,7400,0.0953102,-61.527
"2,3'',4'',5,5''-pentachlorobiphenyl",C12H5Cl5,70424-70-3,2563,V,0.0045,5900,-5.40368,-49.0553
"2,3'',4'',5-tetrabromodiphenyl ether",C12H6Br4O,446254-39-3,3683,Q,0.52,7400,-0.653926,-61.527
"2,3'',4'',5-tetrachlorobiphenyl",C12H6Cl4,32598-11-1,2472,M,0.033,3500,-3.41125,-29.1006
"2,3'',4'',5-tetrachlorobiphenyl",C12H6Cl4,32598-11-1,2563,V,0.004,5400,-5.52146,-44.8981
"2,3'',4'',6-tetrabromodiphenyl ether",C12H6Br4O,189084-62-6,3683,Q,0.52,7400,-0.653926,-61.527
"2,3'',4'',6-tetrachlorobiphenyl",C12H6Cl4,41464-46-4,2563,V,0.018,6000,-4.01738,-49.8868
"2,3'',4''-tribromodiphenyl ether",C12H7Br3O,49690-94-0,3683,Q,0.13,7400,-2.04022,-61.527
"2,3'',4''-trichlorobiphenyl",C12H7Cl3,38444-86-9,2472,M,0.036,5100,-3.32424,-42.4038
"2,3'',4''-trichlorobiphenyl",C12H7Cl3,38444-86-9,2563,V,0.013,5600,-4.34281,-46.561
"2,3'',4,4'',5'',6-hexabromodiphenyl ether",C12H4Br6O,53551-87-4,3683,Q,5,7400,1.60944,-61.527
"2,3'',4,4'',5'',6-hexachlorobiphenyl",C12H4Cl6,59291-65-5,2563,V,0.011,6700,-4.50986,-55.7069
"2,3'',4,4'',5''-pentabromodiphenyl ether",C12H5Br5O,446254-83-7,3683,Q,1.2,7400,0.182322,-61.527
"2,3'',4,4'',5''-pentachlorobiphenyl",C12H5Cl5,65510-44-3,2563,V,0.0037,5800,-5.59942,-48.2239
"2,3'',4,4'',5,5''-hexabromodiphenyl ether",C12H4Br6O,446255-17-0,3683,Q,3.1,7400,1.1314,-61.527
"2,3'',4,4'',5,5''-hexachlorobiphenyl",C12H4Cl6,52663-72-6,2472,M,0.027,13000,-3.61192,-108.088
"2,3'',4,4'',5,5''-hexachlorobiphenyl",C12H4Cl6,52663-72-6,2563,V,0.0073,6400,-4.91988,-53.2126
"2,3'',4,4'',5,5''-hexachlorodiphenyl ether",C12H4Cl6O,131138-20-0,1143,T,0.009,6200,-4.71053,-51.5497
"2,3'',4,4'',5-pentabromodiphenyl ether",C12H5Br5O,446254-80-4,3683,Q,0.92,7400,-0.0833816,-61.527
"2,3'',4,4'',5-pentachlorobiphenyl",C12H5Cl5,31508-00-6,1143,T,0.026,8100,-3.64966,-67.3471
"2,3'',4,4'',5-pentachlorobiphenyl",C12H5Cl5,31508-00-6,2340,M,0.028,6000,-3.57555,-49.8868
"2,3'',4,4'',5-pentachlorobiphenyl",C12H5Cl5,31508-00-6,2496,M,0.018,14000,-4.01738,-116.402
"2,3'',4,4'',5-pentachlorobiphenyl",C12H5Cl5,31508-00-6,2540,L,0.031,6800,-3.47377,-56.5383
"2,3'',4,4'',5-pentachlorobiphenyl",C12H5Cl5,31508-00-6,2540,L,0.069,7600,-2.67365,-63.1899
"2,3'',4,4'',5-pentachlorobiphenyl",C12H5Cl5,31508-00-6,2563,V,0.0066,6000,-5.02069,-49.8868
"2,3'',4,4'',6-pentabromodiphenyl ether",C12H5Br5O,189084-66-0,3683,Q,1.8,7400,0.587787,-61.527
"2,3'',4,4'',6-pentachlorobiphenyl",C12H5Cl5,56558-17-9,2472,M,0.015,4600,-4.19971,-38.2465
"2,3'',4,4'',6-pentachlorobiphenyl",C12H5Cl5,56558-17-9,2563,V,0.015,6500,-4.19971,-54.044
"2,3'',4,4''-tetrabromodiphenyl ether",C12H6Br4O,189084-61-5,3683,Q,0.47,7400,-0.755023,-61.527
"2,3'',4,4''-tetrachlorobiphenyl",C12H6Cl4,32598-10-0,2340,M,0.027,3500,-3.61192,-29.1006
"2,3'',4,4''-tetrachlorobiphenyl",C12H6Cl4,32598-10-0,2563,V,0.003,5300,-5.80914,-44.0667
"2,3'',4,5'',6-pentabromodiphenyl ether",C12H5Br5O,446254-81-5,3683,Q,5.9,7400,1.77495,-61.527
"2,3'',4,5'',6-pentachlorobiphenyl",C12H5Cl5,56558-18-0,2563,V,0.0085,6500,-4.76769,-54.044
"2,3'',4,5''-tetrabromodiphenyl ether",C12H6Br4O,446254-38-2,3683,Q,1.6,7400,0.470004,-61.527
"2,3'',4,5''-tetrachlorobiphenyl",C12H6Cl4,73575-52-7,2563,V,0.0072,5800,-4.93367,-48.2239
"2,3'',4,5,5''-pentabromodiphenyl ether",C12H5Br5O,417727-71-0,3683,Q,1.7,7400,0.530628,-61.527
"2,3'',4,5,5''-pentachlorobiphenyl",C12H5Cl5,68194-12-7,2563,V,0.0039,6000,-5.54678,-49.8868
"2,3'',4,5-tetrabromodiphenyl ether",C12H6Br4O,446254-37-1,3683,Q,0.47,7400,-0.755023,-61.527
"2,3'',4,5-tetrachlorobiphenyl",C12H6Cl4,73575-53-8,2563,V,0.016,6200,-4.13517,-51.5497
"2,3'',4,6-tetrabromodiphenyl ether",C12H6Br4O,327185-09-1,3683,Q,0.98,7400,-0.0202027,-61.527
"2,3'',4,6-tetrachlorobiphenyl",C12H6Cl4,60233-24-1,2563,V,0.019,6500,-3.96332,-54.044
"2,3'',4-tribromodiphenyl ether",C12H7Br3O,147217-77-4,3683,Q,0.23,7400,-1.46968,-61.527
"2,3'',4-trichlorobiphenyl",C12H7Cl3,55712-37-3,2472,M,0.033,4700,-3.41125,-39.078
"2,3'',4-trichlorobiphenyl",C12H7Cl3,55712-37-3,2563,V,0.028,5900,-3.57555,-49.0553
"2,3'',5'',6-tetrabromodiphenyl ether",C12H6Br4O,446254-41-7,3683,Q,1.7,7400,0.530628,-61.527
"2,3'',5'',6-tetrachlorobiphenyl",C12H6Cl4,74338-23-1,2563,V,0.0064,5900,-5.05146,-49.0553
"2,3'',5''-tribromodiphenyl ether",C12H7Br3O,446254-17-7,3683,Q,0.42,7400,-0.867501,-61.527
"2,3'',5''-trichlorobiphenyl",C12H7Cl3,37680-68-5,2563,V,0.013,5800,-4.34281,-48.2239
"2,3'',5,5''-tetrabromodiphenyl ether",C12H6Br4O,446254-40-6,3683,Q,0.96,7400,-0.040822,-61.527
"2,3'',5,5''-tetrachlorobiphenyl",C12H6Cl4,41464-42-0,2563,V,0.004,5700,-5.52146,-47.3924
"2,3'',5-tribromodiphenyl ether",C12H7Br3O,337513-75-4,3683,Q,0.25,7400,-1.38629,-61.527
"2,3'',5-trichlorobiphenyl",C12H7Cl3,38444-81-4,2472,M,0.035,4900,-3.35241,-40.7409
"2,3'',5-trichlorobiphenyl",C12H7Cl3,38444-81-4,2563,V,0.022,5900,-3.81671,-49.0553
"2,3'',6-tribromodiphenyl ether",C12H7Br3O,337513-53-8,3683,Q,0.34,7400,-1.07881,-61.527
"2,3'',6-trichlorobiphenyl",C12H7Cl3,38444-76-7,2563,V,0.031,6100,-3.47377,-50.7182
"2,3''-dibromodiphenyl ether",C12H8Br2O,147217-72-9,3683,Q,0.094,7400,-2.36446,-61.527
"2,3''-dichlorobiphenyl",C12H8Cl2,25569-80-6,2472,M,0.043,5700,-3.14656,-47.3924
"2,3''-dichlorobiphenyl",C12H8Cl2,25569-80-6,2563,V,0.039,5900,-3.24419,-49.0553
"2,3,3'',4'',5'',6-hexabromodiphenyl ether",C12H4Br6O,446255-15-8,3683,Q,3.1,7400,1.1314,-61.527
"2,3,3'',4'',5'',6-hexachlorobiphenyl",C12H4Cl6,74472-45-0,2563,V,0.0095,6500,-4.65646,-54.044
"2,3,3'',4'',5''-pentabromodiphenyl ether",C12H5Br5O,446254-82-6,3683,Q,0.72,7400,-0.328504,-61.527
"2,3,3'',4'',5''-pentachlorobiphenyl",C12H5Cl5,76842-07-4,2563,V,0.0043,5800,-5.44914,-48.2239
"2,3,3'',4'',5,5'',6-heptabromodiphenyl ether",C12H3Br7O,446255-34-1,3683,Q,7.3,7400,1.98787,-61.527
"2,3,3'',4'',5,5'',6-heptachlorobiphenyl",C12H3Cl7,69782-91-8,2472,M,0.032,17000,-3.44202,-141.346
"2,3,3'',4'',5,5'',6-heptachlorobiphenyl",C12H3Cl7,69782-91-8,2563,V,0.0075,6800,-4.89285,-56.5383
"2,3,3'',4'',5,5''-hexabromodiphenyl ether",C12H4Br6O,446255-13-6,3683,Q,2.7,7400,0.993252,-61.527
"2,3,3'',4'',5,5''-hexachlorobiphenyl",C12H4Cl6,39635-34-2,2563,V,0.0037,6200,-5.59942,-51.5497
"2,3,3'',4'',5,6-hexabromodiphenyl ether",C12H4Br6O,446255-14-7,3683,Q,2.3,7400,0.832909,-61.527
"2,3,3'',4'',5,6-hexachlorobiphenyl",C12H4Cl6,74472-44-9,2472,M,0.021,9700,-3.86323,-80.6503
"2,3,3'',4'',5,6-hexachlorobiphenyl",C12H4Cl6,74472-44-9,2563,V,0.0049,6400,-5.31852,-53.2126
"2,3,3'',4'',5-pentabromodiphenyl ether",C12H5Br5O,446254-70-2,3683,Q,1.9,7400,0.641854,-61.527
"2,3,3'',4'',5-pentachlorobiphenyl",C12H5Cl5,70424-68-9,2472,M,0.043,2200,-3.14656,-18.2918
"2,3,3'',4'',5-pentachlorobiphenyl",C12H5Cl5,70424-68-9,2563,V,0.0091,6200,-4.69948,-51.5497
"2,3,3'',4'',6-pentabromodiphenyl ether",C12H5Br5O,446254-73-5,3683,Q,0.94,7400,-0.0618754,-61.527
"2,3,3'',4'',6-pentachlorobiphenyl",C12H5Cl5,38380-03-9,2472,M,0.023,5200,-3.77226,-43.2352
"2,3,3'',4'',6-pentachlorobiphenyl",C12H5Cl5,38380-03-9,2563,V,0.018,6400,-4.01738,-53.2126
"2,3,3'',4''-tetrabromodiphenyl ether",C12H6Br4O,446254-28-0,3683,Q,0.28,7400,-1.27297,-61.527
"2,3,3'',4''-tetrachlorobiphenyl",C12H6Cl4,41464-43-1,2472,M,0.038,3800,-3.27017,-31.595
"2,3,3'',4''-tetrachlorobiphenyl",C12H6Cl4,41464-43-1,2563,V,0.0049,5400,-5.31852,-44.8981
"2,3,3'',4,4'',5'',6-heptabromodiphenyl ether",C12H3Br7O,446255-30-7,3683,Q,8.4,7400,2.12823,-61.527
"2,3,3'',4,4'',5'',6-heptachlorobiphenyl",C12H3Cl7,74472-50-7,2563,V,0.021,7200,-3.86323,-59.8641
"2,3,3'',4,4'',5''-hexabromodiphenyl ether",C12H4Br6O,446255-08-9,3683,Q,1.9,7400,0.641854,-61.527
"2,3,3'',4,4'',5''-hexachlorobiphenyl",C12H4Cl6,69782-90-7,2472,M,0.034,16000,-3.38139,-133.031
"2,3,3'',4,4'',5''-hexachlorobiphenyl",C12H4Cl6,69782-90-7,2563,V,0.0023,5900,-6.07485,-49.0553
"2,3,3'',4,4'',5,5'',6-octabromodiphenyl ether",C12H2Br8O,446255-56-7,3683,Q,18,7400,2.89037,-61.527
"2,3,3'',4,4'',5,5'',6-octachlorobiphenyl",C12H2Cl8,74472-53-0,2563,V,0.0044,6800,-5.42615,-56.5383
"2,3,3'',4,4'',5,5''-heptabromodiphenyl ether",C12H3Br7O,259087-35-9,3683,Q,4.4,7400,1.4816,-61.527
"2,3,3'',4,4'',5,5''-heptachlorobiphenyl",C12H3Cl7,39635-31-9,2563,V,0.0041,6300,-5.49677,-52.3811
"2,3,3'',4,4'',5,6-heptabromodiphenyl ether",C12H3Br7O,189084-68-2,3683,Q,4,7400,1.38629,-61.527
"2,3,3'',4,4'',5,6-heptachlorobiphenyl",C12H3Cl7,41411-64-7,2563,V,0.015,7000,-4.19971,-58.2012
"2,3,3'',4,4'',5-hexabromodiphenyl ether",C12H4Br6O,405237-85-6,3683,Q,1.5,7400,0.405465,-61.527
"2,3,3'',4,4'',5-hexachlorobiphenyl",C12H4Cl6,38380-08-4,2472,M,0.029,13000,-3.54046,-108.088
"2,3,3'',4,4'',5-hexachlorobiphenyl",C12H4Cl6,38380-08-4,2563,V,0.0059,6200,-5.1328,-51.5497
"2,3,3'',4,4'',6-hexabromodiphenyl ether",C12H4Br6O,446255-09-0,3683,Q,2.7,7400,0.993252,-61.527
"2,3,3'',4,4'',6-hexachlorobiphenyl",C12H4Cl6,74472-42-7,2472,M,0.021,9600,-3.86323,-79.8188
"2,3,3'',4,4'',6-hexachlorobiphenyl",C12H4Cl6,74472-42-7,2563,V,0.0092,6600,-4.68855,-54.8755
"2,3,3'',4,4''-pentabromodiphenyl ether",C12H5Br5O,373594-78-6,3683,Q,0.61,7400,-0.494296,-61.527
"2,3,3'',4,4''-pentachlorobiphenyl",C12H5Cl5,32598-14-4,1143,T,0.029,8300,-3.54046,-69.01
"2,3,3'',4,4''-pentachlorobiphenyl",C12H5Cl5,32598-14-4,2340,M,0.03,9100,-3.50656,-75.6616
"2,3,3'',4,4''-pentachlorobiphenyl",C12H5Cl5,32598-14-4,2540,L,0.03,6800,-3.50656,-56.5383
"2,3,3'',4,4''-pentachlorobiphenyl",C12H5Cl5,32598-14-4,2540,L,0.072,7500,-2.63109,-62.3585
"2,3,3'',4,4''-pentachlorobiphenyl",C12H5Cl5,32598-14-4,2563,V,0.005,5700,-5.29832,-47.3924
"2,3,3'',4,5'',6-hexabromodiphenyl ether",C12H4Br6O,446255-12-5,3683,Q,9,7400,2.19722,-61.527
"2,3,3'',4,5'',6-hexachlorobiphenyl",C12H4Cl6,74472-43-8,2563,V,0.0092,6800,-4.68855,-56.5383
"2,3,3'',4,5''-pentabromodiphenyl ether",C12H5Br5O,446254-71-3,3683,Q,2,7400,0.693147,-61.527
"2,3,3'',4,5''-pentachlorobiphenyl",C12H5Cl5,70362-41-3,2563,V,0.0041,5800,-5.49677,-48.2239
"2,3,3'',4,5,5'',6-heptabromodiphenyl ether",C12H3Br7O,407578-53-4,3683,Q,13,7400,2.56495,-61.527
"2,3,3'',4,5,5'',6-heptachlorobiphenyl",C12H3Cl7,74472-51-8,2563,V,0.0049,6900,-5.31852,-57.3698
"2,3,3'',4,5,5''-hexabromodiphenyl ether",C12H4Br6O,446255-10-3,3683,Q,3,7400,1.09861,-61.527
"2,3,3'',4,5,5''-hexachlorobiphenyl",C12H4Cl6,39635-35-3,2563,V,0.0029,6100,-5.84304,-50.7182
"2,3,3'',4,5,6-hexabromodiphenyl ether",C12H4Br6O,446255-11-4,3683,Q,2.8,7400,1.02962,-61.527
"2,3,3'',4,5,6-hexachlorobiphenyl",C12H4Cl6,41411-62-5,2563,V,0.0079,7100,-4.84089,-59.0327
"2,3,3'',4,5-pentabromodiphenyl ether",C12H5Br5O,446254-69-9,3683,Q,0.85,7400,-0.162519,-61.527
"2,3,3'',4,5-pentachlorobiphenyl",C12H5Cl5,70424-69-0,2563,V,0.013,6500,-4.34281,-54.044
"2,3,3'',4,6-pentabromodiphenyl ether",C12H5Br5O,446254-72-4,3683,Q,1.2,7400,0.182322,-61.527
"2,3,3'',4,6-pentachlorobiphenyl",C12H5Cl5,74472-35-8,2563,V,0.015,6600,-4.19971,-54.8755
"2,3,3'',4-tetrabromodiphenyl ether",C12H6Br4O,446254-27-9,3683,Q,0.3,7400,-1.20397,-61.527
"2,3,3'',4-tetrachlorobiphenyl",C12H6Cl4,74338-24-2,2563,V,0.0096,5900,-4.64599,-49.0553
"2,3,3'',5'',6-pentabromodiphenyl ether",C12H5Br5O,446254-76-8,3683,Q,3.1,7400,1.1314,-61.527
"2,3,3'',5'',6-pentachlorobiphenyl",C12H5Cl5,68194-10-5,2563,V,0.015,6500,-4.19971,-54.044
"2,3,3'',5''-tetrabromodiphenyl ether",C12H6Br4O,446254-29-1,3683,Q,1.3,7400,0.262364,-61.527
"2,3,3'',5''-tetrachlorobiphenyl",C12H6Cl4,41464-49-7,2563,V,0.0023,5400,-6.07485,-44.8981
"2,3,3'',5,5'',6-hexabromodiphenyl ether",C12H4Br6O,446255-16-9,3683,Q,7.9,7400,2.06686,-61.527
"2,3,3'',5,5'',6-hexachlorobiphenyl",C12H4Cl6,74472-46-1,2563,V,0.0025,6400,-5.99146,-53.2126
"2,3,3'',5,5''-pentabromodiphenyl ether",C12H5Br5O,446254-74-6,3683,Q,2.1,7400,0.741937,-61.527
"2,3,3'',5,5''-pentachlorobiphenyl",C12H5Cl5,39635-32-0,2563,V,0.0065,6200,-5.03595,-51.5497
"2,3,3'',5,6-pentabromodiphenyl ether",C12H5Br5O,446254-75-7,3683,Q,1.7,7400,0.530628,-61.527
"2,3,3'',5,6-pentachlorobiphenyl",C12H5Cl5,74472-36-9,2563,V,0.0078,6600,-4.85363,-54.8755
"2,3,3'',5-tetrabromodiphenyl ether",C12H6Br4O,337513-82-3,3683,Q,0.62,7400,-0.478036,-61.527
"2,3,3'',5-tetrachlorobiphenyl",C12H6Cl4,70424-67-8,2563,V,0.0089,6100,-4.7217,-50.7182
"2,3,3'',6-tetrabromodiphenyl ether",C12H6Br4O,446254-30-4,3683,Q,0.65,7400,-0.430783,-61.527
"2,3,3'',6-tetrachlorobiphenyl",C12H6Cl4,74472-33-6,2563,V,0.044,6600,-3.12357,-54.8755
"2,3,3''-tribromodiphenyl ether",C12H7Br3O,147217-76-3,3683,Q,0.18,7400,-1.7148,-61.527
"2,3,3''-trichlorobiphenyl",C12H7Cl3,38444-84-7,2563,V,0.02,5800,-3.91202,-48.2239
"2,3,4'',5,6-pentabromodiphenyl ether",C12H5Br5O,446254-79-1,3683,Q,0.86,7400,-0.150823,-61.527
"2,3,4'',5,6-pentachlorobiphenyl",C12H5Cl5,68194-11-6,2563,V,0.0015,5900,-6.50229,-49.0553
"2,3,4'',5-tetrabromodiphenyl ether",C12H6Br4O,446254-34-8,3683,Q,0.5,7400,-0.693147,-61.527
"2,3,4'',5-tetrachlorobiphenyl",C12H6Cl4,74472-34-7,2472,M,0.025,3000,-3.68888,-24.9434
"2,3,4'',5-tetrachlorobiphenyl",C12H6Cl4,74472-34-7,2563,V,0.0094,6100,-4.66705,-50.7182
"2,3,4'',6-tetrabromodiphenyl ether",C12H6Br4O,446254-35-9,3683,Q,0.33,7400,-1.10866,-61.527
"2,3,4'',6-tetrachlorobiphenyl",C12H6Cl4,52663-58-8,2472,M,0.025,2900,-3.68888,-24.1119
"2,3,4'',6-tetrachlorobiphenyl",C12H6Cl4,52663-58-8,2563,V,0.0079,6000,-4.84089,-49.8868
"2,3,4''-tribromodiphenyl ether",C12H7Br3O,446254-15-5,3683,Q,0.12,7400,-2.12026,-61.527
"2,3,4''-trichlorobiphenyl",C12H7Cl3,38444-85-8,2472,M,0.034,4800,-3.38139,-39.9094
"2,3,4''-trichlorobiphenyl",C12H7Cl3,38444-85-8,2563,V,0.013,5600,-4.34281,-46.561
"2,3,4,4'',5,6-hexabromodiphenyl ether",C12H4Br6O,189084-58-0,3683,Q,1.2,7400,0.182322,-61.527
"2,3,4,4'',5,6-hexachlorobiphenyl",C12H4Cl6,41411-63-6,2563,V,0.0035,6500,-5.65499,-54.044
"2,3,4,4'',5-pentabromodiphenyl ether",C12H5Br5O,446254-77-9,2496,M,0.88,4000,-0.127833,-33.2579
"2,3,4,4'',5-pentabromodiphenyl ether",C12H5Br5O,446254-77-9,3683,Q,0.75,7400,-0.287682,-61.527
"2,3,4,4'',5-pentachlorobiphenyl",C12H5Cl5,74472-37-0,2563,V,0.012,6400,-4.42285,-53.2126
"2,3,4,4'',6-pentabromodiphenyl ether",C12H5Br5O,446254-78-0,3683,Q,0.98,7400,-0.0202027,-61.527
"2,3,4,4'',6-pentachlorobiphenyl",C12H5Cl5,74472-38-1,2563,V,0.026,6900,-3.64966,-57.3698
"2,3,4,4''-tetrabromodiphenyl ether",C12H6Br4O,446254-31-5,3683,Q,0.23,7400,-1.46968,-61.527
"2,3,4,4''-tetrachlorobiphenyl",C12H6Cl4,33025-41-1,2563,V,0.0029,5500,-5.84304,-45.7295
"2,3,4,5,6-pentabromodiphenyl ether",C12H5Br5O,189084-65-9,3683,Q,0.61,7400,-0.494296,-61.527
"2,3,4,5,6-pentachlorobiphenyl",C12H5Cl5,18259-05-7,2563,V,0.0043,6500,-5.44914,-54.044
"2,3,4,5-tetrabromodiphenyl ether",C12H6Br4O,446254-32-6,3683,Q,0.32,7400,-1.13943,-61.527
"2,3,4,5-tetrachlorobiphenyl",C12H6Cl4,33284-53-6,2540,L,0.049,6600,-3.01593,-54.8755
"2,3,4,5-tetrachlorobiphenyl",C12H6Cl4,33284-53-6,2540,L,0.05,7200,-2.99573,-59.8641
"2,3,4,5-tetrachlorobiphenyl",C12H6Cl4,33284-53-6,2563,V,0.0049,5600,-5.31852,-46.561
"2,3,4,6,7,8-hexachlorodibenzofuran",C12H2Cl6O,60851-34-5,1143,T,0.00036,2600,-7.92941,-21.6176
"2,3,4,6-tetrabromodiphenyl ether",C12H6Br4O,446254-33-7,3683,Q,0.55,7400,-0.597837,-61.527
"2,3,4,6-tetrachlorobiphenyl",C12H6Cl4,54230-22-7,2563,V,0.0071,6000,-4.94766,-49.8868
"2,3,4,7,8-pentachlorodibenzofuran",C12H3Cl5O,57117-31-4,1143,T,0.0023,2900,-6.07485,-24.1119
"2,3,4-tribromodiphenyl ether",C12H7Br3O,337513-67-4,3683,Q,0.1,7400,-2.30259,-61.527
"2,3,4-trichlorobiphenyl",C12H7Cl3,55702-46-0,2563,V,0.0043,5200,-5.44914,-43.2352
"2,3,5,6-tetrabromodiphenyl ether",C12H6Br4O,446254-36-0,3683,Q,0.48,7400,-0.733969,-61.527
"2,3,5,6-tetrachlorobiphenyl",C12H6Cl4,33284-54-7,2563,V,0.0049,5800,-5.31852,-48.2239
"2,3,5-tribromodiphenyl ether",C12H7Br3O,446254-16-6,3683,Q,0.23,7400,-1.46968,-61.527
"2,3,5-trichlorobiphenyl",C12H7Cl3,55720-44-0,2563,V,0.015,5700,-4.19971,-47.3924
"2,3,6-tribromodiphenyl ether",C12H7Br3O,218304-36-0,3683,Q,0.18,7400,-1.7148,-61.527
"2,3,6-trichlorobiphenyl",C12H7Cl3,55702-45-9,2472,M,0.033,4700,-3.41125,-39.078
"2,3,6-trichlorobiphenyl",C12H7Cl3,55702-45-9,2563,V,0.0077,5600,-4.86653,-46.561
"2,3,7,8-tetrachlorodibenzo-p-dioxin",C12H4Cl4O2,1746-01-6,1143,T,0.00026,3600,-8.25483,-29.9321
"2,3,7,8-tetrachlorodibenzofuran",C12H4Cl4O,51207-31-9,1143,T,0.0022,3700,-6.1193,-30.7635
"2,3-benzindene",C13H10,86-73-7,1143,T,0.023,3700,-3.77226,-30.7635
"2,3-benzindene",C13H10,86-73-7,1943,L,0.11,6000,-2.20727,-49.8868
"2,3-benzindene",C13H10,86-73-7,2375,V,0.13,6400,-2.04022,-53.2126
"2,3-benzindene",C13H10,86-73-7,2477,M,0.1,6200,-2.30259,-51.5497
"2,3-benzindene",C13H10,86-73-7,2914,M,0.079,7400,-2.53831,-61.527
"2,3-benzindene",C13H10,86-73-7,3518,L,0.13,6100,-2.04022,-50.7182
"2,3-benzindene",C13H10,86-73-7,usepa82,X,0.084,3000,-2.47694,-24.9434
"2,3-butanediol",C4H10O2,513-85-9,3067,V,1100,9900,7.00307,-82.3132
"2,3-butanedione",CH3COCOCH3,431-03-8,1571,M,0.56,6700,-0.579818,-55.7069
"2,3-butanedione",CH3COCOCH3,431-03-8,2626,L,0.73,5700,-0.314711,-47.3924
"2,3-butanedione",CH3COCOCH3,431-03-8,3215,M,0.42,7200,-0.867501,-59.8641
"2,3-butanedione",CH3COCOCH3,431-03-8,3245,L,0.73,5700,-0.314711,-47.3924
"2,3-butanedione",CH3COCOCH3,431-03-8,3500,L,0.73,5700,-0.314711,-47.3924
"2,3-butanedione",CH3COCOCH3,431-03-8,3776,M,0.14,4900,-1.96611,-40.7409
"2,3-butanedione",CH3COCOCH3,431-03-8,495,M,0.73,5700,-0.314711,-47.3924
"2,3-dibromodiphenyl ether",C12H8Br2O,446254-14-4,3683,Q,0.051,7400,-2.97593,-61.527
"2,3-dichlorobiphenyl",C12H8Cl2,16605-91-7,2472,M,0.043,5800,-3.14656,-48.2239
"2,3-dichlorobiphenyl",C12H8Cl2,16605-91-7,2563,V,0.021,5500,-3.86323,-45.7295
"2,3-dimethylbutane",C6H14,79-29-8,3518,L,8e-06,4400,-11.7361,-36.5836
"2,3-dimethylpyridine",C5H3N(CH3)2,583-61-9,719,M,1.4,6900,0.336472,-57.3698
"2,3-pentanedione",C5H8O2,600-14-6,3776,M,0.13,6200,-2.04022,-51.5497
"2,4'',5-tribromodiphenyl ether",C12H7Br3O,65075-08-3,3683,Q,0.19,7400,-1.66073,-61.527
"2,4'',5-trichlorobiphenyl",C12H7Cl3,16606-02-3,2472,M,0.034,4900,-3.38139,-40.7409
"2,4'',5-trichlorobiphenyl",C12H7Cl3,16606-02-3,2540,L,0.027,6100,-3.61192,-50.7182
"2,4'',5-trichlorobiphenyl",C12H7Cl3,16606-02-3,2540,L,0.029,6600,-3.54046,-54.8755
"2,4'',5-trichlorobiphenyl",C12H7Cl3,16606-02-3,2563,V,0.013,5700,-4.34281,-47.3924
"2,4'',6-tribromodiphenyl ether",C12H7Br3O,189084-60-4,3683,Q,0.16,7400,-1.83258,-61.527
"2,4'',6-trichlorobiphenyl",C12H7Cl3,38444-77-8,2563,V,0.012,5700,-4.42285,-47.3924
"2,4''-dibromodiphenyl ether",C12H8Br2O,147217-71-8,3683,Q,0.058,7400,-2.84731,-61.527
"2,4''-dichlorobiphenyl",C12H8Cl2,34883-43-7,2340,M,0.04,5300,-3.21888,-44.0667
"2,4''-dichlorobiphenyl",C12H8Cl2,34883-43-7,2496,M,0.023,5300,-3.77226,-44.0667
"2,4''-dichlorobiphenyl",C12H8Cl2,34883-43-7,2540,L,0.038,6000,-3.27017,-49.8868
"2,4''-dichlorobiphenyl",C12H8Cl2,34883-43-7,2540,L,0.044,6300,-3.12357,-52.3811
"2,4''-dichlorobiphenyl",C12H8Cl2,34883-43-7,2563,V,0.022,5600,-3.81671,-46.561
"2,4,4'',5-tetrabromodiphenyl ether",C12H6Br4O,446254-42-8,3683,Q,0.39,7400,-0.941609,-61.527
"2,4,4'',5-tetrachlorobiphenyl",C12H6Cl4,32690-93-0,2472,M,0.026,3000,-3.64966,-24.9434
"2,4,4'',5-tetrachlorobiphenyl",C12H6Cl4,32690-93-0,2563,V,0.0048,5800,-5.33914,-48.2239
"2,4,4'',6-tetrabromodiphenyl ether",C12H6Br4O,189084-63-7,3683,Q,0.63,7400,-0.462035,-61.527
"2,4,4'',6-tetrachlorobiphenyl",C12H6Cl4,32598-12-2,2563,V,0.021,6400,-3.86323,-53.2126
"2,4,4''-tribromodiphenyl ether",C12H7Br3O,41318-75-6,2468,M,0.18,7400,-1.7148,-61.527
"2,4,4''-tribromodiphenyl ether",C12H7Br3O,41318-75-6,2496,M,0.12,12000,-2.12026,-99.7736
"2,4,4''-tribromodiphenyl ether",C12H7Br3O,41318-75-6,3683,M,0.16,8100,-1.83258,-67.3471
"2,4,4''-tribromodiphenyl ether",C12H7Br3O,41318-75-6,3683,Q,0.18,7400,-1.7148,-61.527
"2,4,4''-trichlorobiphenyl",C12H7Cl3,7012-37-5,1143,T,0.027,7100,-3.61192,-59.0327
"2,4,4''-trichlorobiphenyl",C12H7Cl3,7012-37-5,1146,M,0.036,6100,-3.32424,-50.7182
"2,4,4''-trichlorobiphenyl",C12H7Cl3,7012-37-5,2340,M,0.026,3900,-3.64966,-32.4264
"2,4,4''-trichlorobiphenyl",C12H7Cl3,7012-37-5,2496,M,0.018,2300,-4.01738,-19.1233
"2,4,4''-trichlorobiphenyl",C12H7Cl3,7012-37-5,2540,L,0.03,6300,-3.50656,-52.3811
"2,4,4''-trichlorobiphenyl",C12H7Cl3,7012-37-5,2540,L,0.033,6600,-3.41125,-54.8755
"2,4,4''-trichlorobiphenyl",C12H7Cl3,7012-37-5,2563,V,0.027,5900,-3.61192,-49.0553
"2,4,5-tribromodiphenyl ether",C12H7Br3O,337513-56-1,3683,Q,0.16,7400,-1.83258,-61.527
"2,4,5-trichlorobiphenyl",C12H7Cl3,15862-07-4,2340,M,0.026,4200,-3.64966,-34.9207
"2,4,5-trichlorobiphenyl",C12H7Cl3,15862-07-4,2540,L,0.031,6300,-3.47377,-52.3811
"2,4,5-trichlorobiphenyl",C12H7Cl3,15862-07-4,2540,L,0.033,6700,-3.41125,-55.7069
"2,4,5-trichlorobiphenyl",C12H7Cl3,15862-07-4,2563,V,0.0077,5500,-4.86653,-45.7295
"2,4,5-trichlorobiphenyl",C12H7Cl3,15862-07-4,3681,L,0.031,6500,-3.47377,-54.044
"2,4,6-tribromodiphenyl ether",C12H7Br3O,155999-95-4,3683,Q,0.34,7400,-1.07881,-61.527
"2,4,6-trichlorobiphenyl",C12H7Cl3,35693-92-6,2563,V,0.0085,5600,-4.76769,-46.561
"2,4,6-trichlorophenol",C6H3Cl3O,88-06-2,usepa82,X,1.4,5000,0.336472,-41.5723
"2,4-dibromodiphenyl ether",C12H8Br2O,171977-44-9,3683,Q,0.069,7400,-2.67365,-61.527
"2,4-dichloro-1-methylbenzene",C7H6Cl2,95-73-8,2926,M,0.0027,4900,-5.9145,-40.7409
"2,4-dichloro-1-methylbenzene",C7H6Cl2,95-73-8,3518,L,0.0027,5000,-5.9145,-41.5723
"2,4-dichloro-1-methylbenzene",C7H6Cl2,95-73-8,3681,L,0.0027,5000,-5.9145,-41.5723
"2,4-dichlorobiphenyl",C12H8Cl2,33284-50-3,2472,M,0.037,5200,-3.29684,-43.2352
"2,4-dichlorobiphenyl",C12H8Cl2,33284-50-3,2563,V,0.03,5700,-3.50656,-47.3924
"2,4-dichlorophenol",C6H4Cl2O,120-83-2,2451,M,6.6,6800,1.88707,-56.5383
"2,4-dichlorophenol",C6H4Cl2O,120-83-2,usepa82,X,1.5,4900,0.405465,-40.7409
"2,4-dimethyl-3-pentanone",C7H14O,565-80-0,2016,T,0.95,6400,-0.0512933,-53.2126
"2,4-dimethyl-3-pentanone",C7H14O,565-80-0,3518,L,0.023,6100,-3.77226,-50.7182
"2,4-dimethyl-3-pentanone",C7H14O,565-80-0,3617,L,0.024,6500,-3.7297,-54.044
"2,4-dimethylbenzenamine",C8H11N,95-68-1,3518,L,2.8,7700,1.02962,-64.0214
"2,4-dimethylpyridine",C5H3N(CH3)2,108-47-4,719,M,1.5,7100,0.405465,-59.0327
"2,4-pentanedione",C5H8O2,123-54-6,3518,L,0.85,3800,-0.162519,-31.595
"2,4-pentanedione",C5H8O2,123-54-6,3609,M,0.99,4400,-0.0100503,-36.5836
"2,5-dibromodiphenyl ether",C12H8Br2O,337513-66-3,3683,Q,0.08,7400,-2.52573,-61.527
"2,5-dichlorobiphenyl",C12H8Cl2,34883-39-1,1146,M,0.023,5700,-3.77226,-47.3924
"2,5-dichlorobiphenyl",C12H8Cl2,34883-39-1,2563,V,0.02,5600,-3.91202,-46.561
"2,5-dimethylhexane",C8H18,592-13-2,2936,M,2.4e-06,4000,-12.94,-33.2579
"2,5-dimethylhexane",C8H18,592-13-2,3518,L,3.1e-06,4000,-12.6841,-33.2579
"2,5-dimethylpyridine",C5H3N(CH3)2,589-93-5,719,M,1.1,7000,0.0953102,-58.2012
"2,5-dimethyltetrahydrofuran",(CH3)2C4H6O,1003-38-9,723,T,0.055,6800,-2.90042,-56.5383
"2,6-bis-(1,1-dimethylethyl)-pyridine",C13H21N,585-48-8,2378,M,0.0008,6900,-7.1309,-57.3698
"2,6-dibromo-3-chloro-1-methoxybenzene",C7H5Br2ClO,,3118,M,0.0074,770,-4.90628,-6.40214
"2,6-dibromo-4-chloro-1-methoxybenzene",C7H5Br2ClO,174913-44-1,3118,M,0.02,6700,-3.91202,-55.7069
"2,6-dibromodiphenyl ether",C12H8Br2O,51930-04-2,3683,Q,0.083,7400,-2.48891,-61.527
"2,6-dichlorobenzenenitrile",C6H3Cl2CN,1194-65-6,1331,M,0.48,5400,-0.733969,-44.8981
"2,6-dichlorobiphenyl",C12H8Cl2,33146-45-1,2563,V,0.012,5700,-4.42285,-47.3924
"2,6-dimethyl-4-heptanol",C9H20O,108-82-7,3518,L,0.1,9300,-2.30259,-77.3245
"2,6-dimethyl-4-heptanone",C9H18O,108-83-8,3518,L,0.013,7500,-4.34281,-62.3585
"2,6-dimethylpyridine",C5H3N(CH3)2,108-48-5,3518,L,0.92,7300,-0.0833816,-60.6956
"2,6-dimethylpyridine",C5H3N(CH3)2,108-48-5,719,M,0.95,7300,-0.0512933,-60.6956
"2,7,7-trimethyl-3-oxatricyclo[4.1.1.0(2,4)]octane",C10H16O,1686-14-2,2125,V,0.054,4400,-2.91877,-36.5836
2-(4-methyl-3-cyclohexen-1-yl)-2-propanol,C10H18O,98-55-5,2124,M,4.4,2200,1.4816,-18.2918
2-(4-methyl-3-cyclohexen-1-yl)-2-propanol,C10H18O,98-55-5,2125,V,0.6,4800,-0.510826,-39.9094
2-(4-methyl-3-cyclohexen-1-yl)-2-propanol,C10H18O,98-55-5,2464,V,0.74,5400,-0.301105,-44.8981
"2-Methylbutane-1,2,3,4-tetrol",C5H12O4,42933-13-1,3765,Q,6.1e+10,14000,24.8341,-116.402
2-amino-1-propanol,C3H9NO,6168-72-5,3584,M,1300,7700,7.17012,-64.0214
2-amino-2-methyl-1-propanol,C4H11NO,124-68-5,3584,M,700,8500,6.55108,-70.6729
"2-bromo-4,6-dichloro-1-methoxybenzene",C7H5BrCl2O,60633-26-3,3118,M,0.0082,3100,-4.80362,-25.7748
2-bromodiphenyl ether,C12H9BrO,36563-47-0,3683,Q,0.023,7400,-3.77226,-61.527
2-bromopropane,C3H7Br,75-26-3,3518,L,0.0009,3900,-7.01312,-32.4264
2-bromopropane,C3H7Br,75-26-3,863,M,0.0009,4500,-7.01312,-37.4151
2-butanamine,C4H11N,13952-84-6,3007,M,0.4,7700,-0.916291,-64.0214
2-butanol,C4H10O,78-92-2,1943,L,1,7400,0,-61.527
2-butanol,C4H10O,78-92-2,1945,L,1.1,7300,0.0953102,-60.6956
2-butanol,C4H10O,78-92-2,2377,T,0.91,7500,-0.0943107,-62.3585
2-butanol,C4H10O,78-92-2,2626,L,1.1,7300,0.0953102,-60.6956
2-butanol,C4H10O,78-92-2,3245,L,1.1,7600,0.0953102,-63.1899
2-butanol,C4H10O,78-92-2,3500,L,1.1,7600,0.0953102,-63.1899
2-butanol,C4H10O,78-92-2,3518,L,0.95,7600,-0.0512933,-63.1899
2-butanol,C4H10O,78-92-2,3527,V,0.95,7600,-0.0512933,-63.1899
2-butanol,C4H10O,78-92-2,3673,L,0.99,7600,-0.0100503,-63.1899
2-butanol,C4H10O,78-92-2,483,M,1.1,7300,0.0953102,-60.6956
2-butenal,CH3CHCHCHO,4170-30-3,usepa82,X,0.59,3600,-0.527633,-29.9321
2-butoxyethyl ethanoate,C8H16O3,112-07-2,2837,M,1.8,25000,0.587787,-207.862
2-butyl ethanoate,C6H12O2,105-46-4,3518,L,0.023,6000,-3.77226,-49.8868
2-butyl ethanoate,C6H12O2,105-46-4,3616,L,0.023,6200,-3.77226,-51.5497
2-butyl nitrate,C4H9ONO2,924-52-7,1525,L,0.0064,6100,-5.05146,-50.7182
2-butyl nitrate,C4H9ONO2,924-52-7,1945,L,0.0064,5400,-5.05146,-44.8981
2-butyl nitrate,C4H9ONO2,924-52-7,2626,L,0.0064,5400,-5.05146,-44.8981
2-butyl nitrate,C4H9ONO2,924-52-7,3245,L,0.0064,5400,-5.05146,-44.8981
2-butyl nitrate,C4H9ONO2,924-52-7,3500,L,0.0064,5400,-5.05146,-44.8981
2-butyl nitrate,C4H9ONO2,924-52-7,533,M,0.0063,5600,-5.06721,-46.561
2-butyl nitrate,C4H9ONO2,924-52-7,541,M,0.0064,5400,-5.05146,-44.8981
"2-chloro-1,1,1-trifluoroethane",C2H2F3Cl,75-88-7,2013,M,0.00041,3500,-7.79935,-29.1006
"2-chloro-1,1,1-trifluoroethane",C2H2F3Cl,75-88-7,923,M,0.00037,3600,-7.90201,-29.9321
"2-chloro-1,1-difluoroethene",C2HClF2,359-10-4,2013,M,0.00017,3300,-8.67971,-27.4377
"2-chloro-1,1-difluoroethene",C2HClF2,359-10-4,923,M,0.00017,3300,-8.67971,-27.4377
2-chloro-2-methylpropane,C4H9Cl,507-20-0,3658,M,0.00016,5600,-8.74034,-46.561
2-chlorobiphenyl,C12H9Cl,2051-60-7,2340,M,0.049,5100,-3.01593,-42.4038
2-chlorobiphenyl,C12H9Cl,2051-60-7,2496,M,0.03,5300,-3.50656,-44.0667
2-chlorobiphenyl,C12H9Cl,2051-60-7,2563,V,0.017,5300,-4.07454,-44.0667
2-chlorobutane,C4H9Cl,78-86-4,1150,M,0.00041,4500,-7.79935,-37.4151
2-chlorobutane,C4H9Cl,78-86-4,3518,L,0.00041,4500,-7.79935,-37.4151
2-chloroethanol-d4,ClC2D4OH,117067-62-6,2891,M,5,8700,1.60944,-72.3358
2-chloronaphthalene,C10H7Cl,91-58-7,usepa82,X,0.016,3800,-4.13517,-31.595
2-chloropropane,C3H7Cl,75-29-6,3518,L,0.00057,4400,-7.46987,-36.5836
2-chloropropane,C3H7Cl,75-29-6,863,M,0.00056,4300,-7.48757,-35.7522
2-chloropyridine,C5H4ClN,109-09-1,2378,M,0.74,5900,-0.301105,-49.0553
"2-ethoxy-2,4,4-trimethylpentane",C10H22O,187103-12-4,3304,M,0.00077,6900,-7.16912,-57.3698
2-ethoxy-2-methylbutane,C7H16O,919-94-8,3304,M,0.0048,7600,-5.33914,-63.1899
2-ethoxy-2-methylbutane,C7H16O,919-94-8,3518,L,0.005,7400,-5.29832,-61.527
2-ethoxyethanol,C4H10O2,110-80-5,2381,T,28,8000,3.3322,-66.5157
2-ethyl-1-hexanol,C8H18O,104-76-7,3719,M,0.15,7200,-1.89712,-59.8641
2-ethyl-2-hexenal,C8H14O,645-62-5,3518,L,0.052,5800,-2.95651,-48.2239
"2-ethyl-3,5-dimethylpyrazine",C8H12N2,13925-07-0,3215,M,2.9,8500,1.06471,-70.6729
2-ethylaniline,C8H11N,578-54-1,3518,L,2.6,7300,0.955511,-60.6956
2-ethylhexanal,C8H16O,123-05-7,3518,L,0.012,5400,-4.42285,-44.8981
2-ethylpyridine,C5H4NC2H5,100-71-0,719,M,0.6,6700,-0.510826,-55.7069
2-heptanol,C7H16O,543-49-7,3518,L,0.33,8700,-1.10866,-72.3358
2-heptanone,C7H14O,110-43-0,1154,X,0.35,4500,-1.04982,-37.4151
2-heptanone,C7H14O,110-43-0,2825,M,0.068,5700,-2.68825,-47.3924
2-heptanone,C7H14O,110-43-0,3112,M,0.059,5300,-2.83022,-44.0667
2-heptanone,C7H14O,110-43-0,3518,L,0.068,6800,-2.68825,-56.5383
2-heptanone,C7H14O,110-43-0,3617,L,0.072,6800,-2.63109,-56.5383
2-heptanone,C7H14O,110-43-0,3638,V,1.8,5600,0.587787,-46.561
2-heptyl nitrate,C7H15NO3,,3765,Q,0.0023,6600,-6.07485,-54.8755
2-hexanol,C6H14O,626-93-7,3518,L,0.39,8100,-0.941609,-67.3471
2-hexanone,C6H12O,591-78-6,2825,M,0.086,5100,-2.45341,-42.4038
2-hexanone,C6H12O,591-78-6,2891,M,0.15,8600,-1.89712,-71.5044
2-hexanone,C6H12O,591-78-6,3112,M,0.079,4800,-2.53831,-39.9094
2-hexanone,C6H12O,591-78-6,3518,L,0.11,6500,-2.20727,-54.044
2-hexanone,C6H12O,591-78-6,3617,L,0.098,6300,-2.32279,-52.3811
2-hexanone,C6H12O,591-78-6,3632,M,0.099,6300,-2.31264,-52.3811
2-hexanone,C6H12O,591-78-6,3638,V,0.65,4900,-0.430783,-40.7409
"2-hexanone-1,1,1,3,3-d5",C6H12O,4840-82-8,2891,M,0.17,9000,-1.77196,-74.8302
2-hydroxybenzaldehyde,C6H4(OH)CHO,90-02-8,3724,M,1.1,6200,0.0953102,-51.5497
2-hydroxybenzoic acid methyl ester,C8H8O3,119-36-8,3518,L,1.6,9500,0.470004,-78.9874
2-hydroxychlorobenzene,C6H5ClO,95-57-8,2451,M,3.6,5700,1.28093,-47.3924
2-hydroxychlorobenzene,C6H5ClO,95-57-8,usepa82,X,1.2,4600,0.182322,-38.2465
2-hydroxyethanal,HOCH2CHO,141-46-8,3245,L,390,4600,5.96615,-38.2465
2-hydroxyethanal,HOCH2CHO,141-46-8,3500,L,390,4600,5.96615,-38.2465
2-hydroxyethanal,HOCH2CHO,141-46-8,484,M,410,4600,6.01616,-38.2465
2-iodopropane,C3H7I,75-30-9,3518,L,0.00085,4700,-7.07027,-39.078
2-iodopropane,C3H7I,75-30-9,863,M,0.00085,4500,-7.07027,-37.4151
2-methoxy-2-methylbutane,C6H14O,994-05-8,2431,?,0.005,7600,-5.29832,-63.1899
2-methoxy-2-methylbutane,C6H14O,994-05-8,2646,M,0.0086,6500,-4.75599,-54.044
2-methoxy-2-methylbutane,C6H14O,994-05-8,3304,M,0.01,7000,-4.60517,-58.2012
2-methoxy-2-methylbutane,C6H14O,994-05-8,3518,L,0.0097,6600,-4.63563,-54.8755
2-methoxy-2-methylbutane,C6H14O,994-05-8,3691,M,0.053,9400,-2.93746,-78.1559
2-methoxy-2-methylheptane,C9H20O,76589-16-7,3304,M,0.0019,8100,-6.2659,-67.3471
2-methoxy-4-(2-propenyl)-phenol,C10H12O2,97-53-0,2125,V,7.2,9700,1.97408,-80.6503
2-methoxybenzaldehyde,C8H8O2,135-02-4,3724,M,10,8900,2.30259,-73.9987
2-methoxyethanamine,C3H9NO,109-85-3,2381,T,25,7600,3.21888,-63.1899
2-methoxyethanol,C3H8O2,109-86-4,2381,T,37,7300,3.61092,-60.6956
2-methoxyethanol,C3H8O2,109-86-4,2891,M,4.4,7500,1.4816,-62.3585
2-methoxyethylmercury chloride,CH3OC2H4HgCl,123-88-6,2577,Q,3900,8600,8.26873,-71.5044
"2-methyl-1,3-butadiene",C5H8,78-79-5,3008,M,0.00034,4400,-7.98656,-36.5836
"2-methyl-1,3-butadiene",C5H8,78-79-5,3564,M,0.00012,4400,-9.02802,-36.5836
"2-methyl-1,3-butadiene",C5H8,78-79-5,3673,L,0.00013,2700,-8.94798,-22.449
"2-methyl-1,3-dinitrobenzene",C7H6N2O4,606-20-2,3518,L,4.8,7600,1.56862,-63.1899
2-methyl-1-butanol,C5H12O,137-32-6,3518,L,0.76,7900,-0.274437,-65.6843
2-methyl-1-butanol,C5H12O,137-32-6,3633,M,0.78,7700,-0.248461,-64.0214
2-methyl-1-hexanol,C7H16O,624-22-6,2891,M,0.69,11000,-0.371064,-91.4591
2-methyl-1-propanethiol,C4H10S,513-44-0,3306,M,0.001,3600,-6.90776,-29.9321
2-methyl-1-propanol,C4H10O,78-83-1,3245,L,0.83,7200,-0.18633,-59.8641
2-methyl-1-propanol,C4H10O,78-83-1,3500,L,0.83,7200,-0.18633,-59.8641
2-methyl-1-propanol,C4H10O,78-83-1,3518,L,0.8,7400,-0.223144,-61.527
2-methyl-1-propanol,C4H10O,78-83-1,3527,V,0.76,7200,-0.274437,-59.8641
2-methyl-1-propanol,C4H10O,78-83-1,3609,M,0.67,6100,-0.400478,-50.7182
2-methyl-1-propanol,C4H10O,78-83-1,3673,L,0.85,7200,-0.162519,-59.8641
2-methyl-2-butanol,C5H12O,75-85-4,3518,L,0.65,7900,-0.430783,-65.6843
2-methyl-2-butanol,C5H12O,75-85-4,3633,M,0.72,8200,-0.328504,-68.1786
2-methyl-2-butanol,C5H12O,75-85-4,3673,L,0.71,8200,-0.34249,-68.1786
2-methyl-2-butene,C5H10,513-35-9,3518,L,5.7e-05,3500,-9.77246,-29.1006
2-methyl-2-butene,C5H10,513-35-9,3673,L,6.7e-05,3600,-9.61082,-29.9321
2-methyl-2-propanol,C4H10O,75-65-0,1945,L,0.69,8300,-0.371064,-69.01
2-methyl-2-propanol,C4H10O,75-65-0,2431,C,0.8,6500,-0.223144,-54.044
2-methyl-2-propanol,C4H10O,75-65-0,2626,L,0.69,8300,-0.371064,-69.01
2-methyl-2-propanol,C4H10O,75-65-0,2891,M,1.4,7900,0.336472,-65.6843
2-methyl-2-propanol,C4H10O,75-65-0,3518,L,0.79,7600,-0.235722,-63.1899
2-methyl-2-propanol,C4H10O,75-65-0,3527,V,0.8,7700,-0.223144,-64.0214
2-methyl-2-propanol,C4H10O,75-65-0,3673,L,0.79,7700,-0.235722,-64.0214
2-methyl-2-propanol,C4H10O,75-65-0,483,M,0.68,8300,-0.385662,-69.01
2-methyl-2-propene nitrile,C4H5N,126-98-7,2891,M,0.054,6700,-2.91877,-55.7069
2-methyl-2-propene nitrile,C4H5N,126-98-7,3518,L,0.036,4200,-3.32424,-34.9207
2-methyl-3-pentanone,C6H12O,565-69-5,3632,M,0.052,6100,-2.95651,-50.7182
2-methyl-5-(1-methylethyl)-phenol,C10H14O,499-75-2,2125,V,2.4,9300,0.875469,-77.3245
2-methylbenzaldehyde,C8H8O,529-20-4,3724,M,0.31,6900,-1.17118,-57.3698
2-methylbenzenamine,C7H9N,95-53-4,3518,L,4.8,7100,1.56862,-59.0327
2-methylbutanal,C5H10O,96-17-3,3518,L,0.025,5600,-3.68888,-46.561
2-methylbutane,C5H12,78-78-4,3673,L,7.7e-06,3000,-11.7743,-24.9434
2-methylfuran,C5H6O,534-22-5,3215,M,0.0015,4100,-6.50229,-34.0893
2-methylisoborneol,C11H20O,2371-42-8,3303,M,0.089,9800,-2.41912,-81.4817
2-methylnaphthalene,C10H7CH3,91-57-6,1943,L,0.018,5600,-4.01738,-46.561
2-methylnaphthalene,C10H7CH3,91-57-6,2477,M,0.019,5400,-3.96332,-44.8981
2-methylnaphthalene,C10H7CH3,91-57-6,2891,M,0.035,5500,-3.35241,-45.7295
2-methylnaphthalene,C10H7CH3,91-57-6,3518,L,0.02,5100,-3.91202,-42.4038
2-methylnaphthalene,C10H7CH3,91-57-6,903,M,5e-05,1200,-9.90349,-9.97736
2-methylpentane,C6H14,107-83-5,1156,M,1.3e-05,960,-11.2506,-7.98188
2-methylpentane,C6H14,107-83-5,3518,L,6.4e-06,4500,-11.9592,-37.4151
2-methylpentane,C6H14,107-83-5,3673,L,5.7e-06,3900,-12.075,-32.4264
2-methylpiperazine,C5H12N2,109-07-9,3584,M,5000,9200,8.51719,-76.4931
2-methylpropanal,C4H8O,78-84-2,1571,M,0.0059,4500,-5.1328,-37.4151
2-methylpropanal,C4H8O,78-84-2,3508,M,0.032,7600,-3.44202,-63.1899
2-methylpropane,HC(CH3)3,75-28-5,190,L,8e-06,2700,-11.7361,-22.449
2-methylpropane,HC(CH3)3,75-28-5,1945,L,9.1e-06,2700,-11.6072,-22.449
2-methylpropane,HC(CH3)3,75-28-5,2626,L,9.1e-06,2700,-11.6072,-22.449
2-methylpropane,HC(CH3)3,75-28-5,3117,M,0.00011,5100,-9.11503,-42.4038
2-methylpropane,HC(CH3)3,75-28-5,3245,L,9.1e-06,2700,-11.6072,-22.449
2-methylpropane,HC(CH3)3,75-28-5,3500,L,9.1e-06,2700,-11.6072,-22.449
2-methylpropane,HC(CH3)3,75-28-5,3673,L,9.2e-06,2900,-11.5963,-24.1119
2-methylpropane,HC(CH3)3,75-28-5,3799,M,9.9e-06,2700,-11.523,-22.449
2-methylpropane,HC(CH3)3,75-28-5,3811,?,9.1e-06,2700,-11.6072,-22.449
2-methylpropane,HC(CH3)3,75-28-5,3860,L,9.1e-06,2700,-11.6072,-22.449
2-methylpropanenitrile,C4H7N,78-82-0,3518,L,0.11,5200,-2.20727,-43.2352
2-methylpropanenitrile,C4H7N,78-82-0,3621,L,0.1,4800,-2.30259,-39.9094
2-methylpropenal,C4H6O,78-85-3,2524,M,0.048,4300,-3.03655,-35.7522
2-methylpropenal,C4H6O,78-85-3,3500,L,0.045,4600,-3.10109,-38.2465
2-methylpropenal,C4H6O,78-85-3,3518,L,0.045,4600,-3.10109,-38.2465
2-methylpropenal,C4H6O,78-85-3,985,M,0.042,5300,-3.17009,-44.0667
2-methylpropene,C4H8,115-11-7,190,L,5.6e-05,3000,-9.79016,-24.9434
2-methylpropene,C4H8,115-11-7,3673,L,5.7e-05,3000,-9.77246,-24.9434
2-methylpropene,C4H8,115-11-7,3811,?,5.6e-05,3000,-9.79016,-24.9434
2-methylpropyl 2-methylpropanoate,C8H16O2,97-85-8,3518,L,0.0074,6900,-4.90628,-57.3698
2-methylpropyl 2-methylpropanoate,C8H16O2,97-85-8,3616,L,0.0078,6700,-4.85363,-55.7069
2-methylpropyl ethanoate,CH3COOC4H9,110-19-0,3518,L,0.026,6000,-3.64966,-49.8868
2-methylpropyl ethanoate,CH3COOC4H9,110-19-0,3616,L,0.024,6200,-3.7297,-51.5497
2-methylpyridine,C5H4NCH3,109-06-8,3518,L,0.98,6300,-0.0202027,-52.3811
2-methylpyridine,C5H4NCH3,109-06-8,719,M,0.99,6400,-0.0100503,-53.2126
2-methyltetrahydrofuran,CH3C4H7O,96-47-9,723,T,0.11,6200,-2.20727,-51.5497
2-methylthiophene,CH3C4H3S,554-14-3,3518,L,0.0041,4300,-5.49677,-35.7522
2-methylthiophene,CH3C4H3S,554-14-3,522,M,0.0041,4300,-5.49677,-35.7522
2-nitrobenzenamine,C6H6N2O2,88-74-4,3518,L,71,6800,4.26268,-56.5383
2-nitrooxy-1-butanol,C4H9O4N,147794-12-5,548,M,59,9600,4.07754,-79.8188
2-nitrooxy-1-propanol,C3H7O4N,20266-74-4,548,M,44,8800,3.78419,-73.1673
2-nitrooxy-3-butanol,C4H9O4N,147794-10-3,548,M,100,9500,4.60517,-78.9874
2-nitrooxyethanol,HOC2H4ONO2,16051-48-2,548,M,380,8600,5.94017,-71.5044
2-nitrophenol,HOC6H4(NO2),88-75-5,1513,M,0.83,6300,-0.18633,-52.3811
2-nitrophenol,HOC6H4(NO2),88-75-5,1514,M,0.89,6300,-0.116534,-52.3811
2-nitrophenol,HOC6H4(NO2),88-75-5,2183,M,1.4,5700,0.336472,-47.3924
2-nitrophenol,HOC6H4(NO2),88-75-5,usepa82,X,0.69,4600,-0.371064,-38.2465
2-nitropropane,CH3CH(NO2)CH3,79-46-9,1945,L,0.083,4500,-2.48891,-37.4151
2-nitropropane,CH3CH(NO2)CH3,79-46-9,1996,M,0.084,4500,-2.47694,-37.4151
2-nitropropane,CH3CH(NO2)CH3,79-46-9,2626,L,0.083,4500,-2.48891,-37.4151
2-nitropropane,CH3CH(NO2)CH3,79-46-9,3245,L,0.083,4500,-2.48891,-37.4151
2-nitropropane,CH3CH(NO2)CH3,79-46-9,3500,L,0.083,4500,-2.48891,-37.4151
2-nitropropane,CH3CH(NO2)CH3,79-46-9,3518,L,0.086,4800,-2.45341,-39.9094
2-nitrotoluene,C6H4(NO2)CH3,88-72-2,3518,L,0.24,5800,-1.42712,-48.2239
2-nitrotoluene,C6H4(NO2)CH3,88-72-2,usepa82,X,0.077,2900,-2.56395,-24.1119
2-nonanol,C9H20O,628-99-9,3518,L,0.21,11000,-1.56065,-91.4591
2-nonanone,C9H18O,821-55-6,3518,L,0.032,7400,-3.44202,-61.527
2-nonanone,C9H18O,821-55-6,3617,L,0.037,7500,-3.29684,-62.3585
2-octanol,C8H18O,123-96-6,3518,L,0.27,9600,-1.30933,-79.8188
2-octanone,C6H13COCH3,111-13-7,3518,L,0.05,7500,-2.99573,-62.3585
2-octyl nitrate,C8H17NO3,,3765,Q,6.8,7000,1.91692,-58.2012
2-oxopropanoic acid,CH3COCOOH,127-17-3,1525,L,3000,5300,8.00637,-44.0667
2-oxopropanoic acid,CH3COCOOH,127-17-3,1945,L,3100,5100,8.03916,-42.4038
2-oxopropanoic acid,CH3COCOOH,127-17-3,2230,M,3100,5200,8.03916,-43.2352
2-oxopropanoic acid,CH3COCOOH,127-17-3,2626,L,3100,5100,8.03916,-42.4038
2-oxopropanoic acid,CH3COCOOH,127-17-3,3245,L,3100,5100,8.03916,-42.4038
2-oxopropanoic acid,CH3COCOOH,127-17-3,3500,L,3100,5100,8.03916,-42.4038
2-oxopropanoic acid,CH3COCOOH,127-17-3,493,M,3100,5100,8.03916,-42.4038
2-pentanol,C5H12O,6032-29-7,3518,L,0.67,7900,-0.400478,-65.6843
2-pentanol,C5H12O,6032-29-7,3633,M,0.71,8000,-0.34249,-66.5157
2-pentanol,C5H12O,6032-29-7,3673,L,0.65,8000,-0.430783,-66.5157
2-pentanone,C3H7COCH3,107-87-9,1154,X,0.091,4600,-2.3969,-38.2465
2-pentanone,C3H7COCH3,107-87-9,2524,M,0.16,5700,-1.83258,-47.3924
2-pentanone,C3H7COCH3,107-87-9,2825,M,0.1,4800,-2.30259,-39.9094
2-pentanone,C3H7COCH3,107-87-9,3112,M,0.1,4600,-2.30259,-38.2465
2-pentanone,C3H7COCH3,107-87-9,3518,L,0.13,6000,-2.04022,-49.8868
2-pentanone,C3H7COCH3,107-87-9,3617,L,0.13,5900,-2.04022,-49.0553
2-pentanone,C3H7COCH3,107-87-9,3632,M,0.13,5900,-2.04022,-49.0553
2-pentanone,C3H7COCH3,107-87-9,3638,V,0.24,4300,-1.42712,-35.7522
"2-pentene-2,4,5-triol",C5H10O3,,3765,Q,4.8e+07,11000,17.6867,-91.4591
2-pentyl nitrate,C5H11ONO2,21981-48-6,1024,M,0.0037,5100,-5.59942,-42.4038
2-pentyl nitrate,C5H11ONO2,21981-48-6,1525,L,0.0037,6400,-5.59942,-53.2126
2-pentyl nitrate,C5H11ONO2,21981-48-6,3765,Q,0.0034,6000,-5.68398,-49.8868
2-pentyl nitrate,C5H11ONO2,21981-48-6,541,M,0.0036,6300,-5.62682,-52.3811
2-phenylethanol,C8H10O,60-12-8,3518,L,17,7200,2.83321,-59.8641
2-propanethiol,C3H8S,75-33-2,3304,M,0.0013,3800,-6.64539,-31.595
2-propanethiol,C3H8S,75-33-2,3306,M,0.0016,4300,-6.43775,-35.7522
2-propanethiol,C3H8S,75-33-2,3518,L,0.0013,3700,-6.64539,-30.7635
2-propanol,C3H7OH,67-63-0,1943,L,1.2,6200,0.182322,-51.5497
2-propanol,C3H7OH,67-63-0,1945,L,1.3,7500,0.262364,-62.3585
2-propanol,C3H7OH,67-63-0,2626,L,1.3,7500,0.262364,-62.3585
2-propanol,C3H7OH,67-63-0,2891,M,1.1,8400,0.0953102,-69.8415
2-propanol,C3H7OH,67-63-0,3245,L,1.2,7100,0.182322,-59.0327
2-propanol,C3H7OH,67-63-0,3500,L,1.2,7100,0.182322,-59.0327
2-propanol,C3H7OH,67-63-0,3518,L,1.2,6900,0.182322,-57.3698
2-propanol,C3H7OH,67-63-0,3527,V,1.2,7100,0.182322,-59.0327
2-propanol,C3H7OH,67-63-0,3673,L,1.2,7000,0.182322,-58.2012
2-propanol,C3H7OH,67-63-0,3693,V,1.2,7600,0.182322,-63.1899
2-propanol,C3H7OH,67-63-0,3694,M,1.3,7300,0.262364,-60.6956
2-propanol,C3H7OH,67-63-0,483,M,1.2,7400,0.182322,-61.527
2-propanol,C3H7OH,67-63-0,857,M,0.79,5700,-0.235722,-47.3924
2-propen-1-amine,C3H7N,107-11-9,3685,M,1,5400,0,-44.8981
2-propen-1-ol,C3H5OH,107-18-6,usepa82,X,4.3,7200,1.45862,-59.8641
2-propenenitrile,C3H3N,107-13-1,1943,V,0.082,3400,-2.50104,-28.2692
2-propenenitrile,C3H3N,107-13-1,2891,M,0.12,6800,-2.12026,-56.5383
2-propenenitrile,C3H3N,107-13-1,3518,L,0.1,3900,-2.30259,-32.4264
2-propenenitrile,C3H3N,107-13-1,usepa82,X,0.11,2800,-2.20727,-23.2805
2-propyl ethanoate,CH3COOC3H7,108-21-4,1154,X,0.029,5500,-3.54046,-45.7295
2-propyl ethanoate,CH3COOC3H7,108-21-4,3518,L,0.033,6100,-3.41125,-50.7182
2-propyl ethanoate,CH3COOC3H7,108-21-4,3616,L,0.033,5600,-3.41125,-46.561
2-propyl nitrate,C3H7ONO2,1712-64-7,1024,M,0.0055,4300,-5.20301,-35.7522
2-propyl nitrate,C3H7ONO2,1712-64-7,1525,L,0.0066,5400,-5.02069,-44.8981
2-propyl nitrate,C3H7ONO2,1712-64-7,1945,L,0.0078,5400,-4.85363,-44.8981
2-propyl nitrate,C3H7ONO2,1712-64-7,2626,L,0.0078,5400,-4.85363,-44.8981
2-propyl nitrate,C3H7ONO2,1712-64-7,3245,L,0.0078,5400,-4.85363,-44.8981
2-propyl nitrate,C3H7ONO2,1712-64-7,3500,L,0.0078,5400,-4.85363,-44.8981
2-propyl nitrate,C3H7ONO2,1712-64-7,541,M,0.0078,5400,-4.85363,-44.8981
2-propyn-1-ol,C3H4O,107-19-7,2891,M,3.8,7400,1.335,-61.527
2′-hydroxyacetophenone,C8H8O2,118-93-4,3724,M,1,8400,0,-69.8415
2′-methoxyacetophenone,C9H10O2,579-74-8,3724,M,17,9500,2.83321,-78.9874
2′-methylacetophenone,C9H10O,577-16-2,3724,M,0.76,7600,-0.274437,-63.1899
"3,3'',4,4'',5,5''-hexabromodiphenyl ether",C12H4Br6O,446255-18-1,3683,Q,1.2,7400,0.182322,-61.527
"3,3'',4,4'',5,5''-hexachlorobiphenyl",C12H4Cl6,32774-16-6,1143,T,0.023,9000,-3.77226,-74.8302
"3,3'',4,4'',5,5''-hexachlorobiphenyl",C12H4Cl6,32774-16-6,2472,M,0.047,19000,-3.05761,-157.975
"3,3'',4,4'',5,5''-hexachlorobiphenyl",C12H4Cl6,32774-16-6,2563,V,0.0004,5100,-7.82405,-42.4038
"3,3'',4,4'',5-pentabromodiphenyl ether",C12H5Br5O,366791-32-4,3683,Q,0.56,7400,-0.579818,-61.527
"3,3'',4,4'',5-pentachlorobiphenyl",C12H5Cl5,57465-28-8,1143,T,0.065,8800,-2.73337,-73.1673
"3,3'',4,4'',5-pentachlorobiphenyl",C12H5Cl5,57465-28-8,2340,M,0.048,12000,-3.03655,-99.7736
"3,3'',4,4'',5-pentachlorobiphenyl",C12H5Cl5,57465-28-8,2563,V,0.0016,5400,-6.43775,-44.8981
"3,3'',4,4''-tetrabromodiphenyl ether",C12H6Br4O,93703-48-1,3683,Q,0.23,7400,-1.46968,-61.527
"3,3'',4,4''-tetrachlorobiphenyl",C12H6Cl4,32598-13-3,1143,T,0.0083,7400,-4.7915,-61.527
"3,3'',4,4''-tetrachlorobiphenyl",C12H6Cl4,32598-13-3,2340,M,0.062,4800,-2.78062,-39.9094
"3,3'',4,4''-tetrachlorobiphenyl",C12H6Cl4,32598-13-3,2496,M,0.029,13000,-3.54046,-108.088
"3,3'',4,4''-tetrachlorobiphenyl",C12H6Cl4,32598-13-3,2563,V,0.0006,4600,-7.41858,-38.2465
"3,3'',4,5''-tetrabromodiphenyl ether",C12H6Br4O,446254-48-4,3683,Q,0.47,7400,-0.755023,-61.527
"3,3'',4,5''-tetrachlorobiphenyl",C12H6Cl4,41464-48-6,2563,V,0.0038,5400,-5.57275,-44.8981
"3,3'',4,5,5''-pentabromodiphenyl ether",C12H5Br5O,446254-86-0,3683,Q,1.1,7400,0.0953102,-61.527
"3,3'',4,5,5''-pentachlorobiphenyl",C12H5Cl5,39635-33-1,2563,V,0.0022,5600,-6.1193,-46.561
"3,3'',4,5-tetrabromodiphenyl ether",C12H6Br4O,446254-45-1,3683,Q,0.29,7400,-1.23787,-61.527
"3,3'',4,5-tetrachlorobiphenyl",C12H6Cl4,70362-49-1,2563,V,0.0051,5600,-5.27851,-46.561
"3,3'',4-tribromodiphenyl ether",C12H7Br3O,147217-80-9,3683,Q,0.12,7400,-2.12026,-61.527
"3,3'',4-trichlorobiphenyl",C12H7Cl3,37680-69-6,2563,V,0.018,5600,-4.01738,-46.561
"3,3'',5,5''-tetrabromodiphenyl ether",C12H6Br4O,103173-66-6,3683,Q,1.1,7400,0.0953102,-61.527
"3,3'',5,5''-tetrachlorobiphenyl",C12H6Cl4,33284-52-5,2563,V,0.00094,5100,-6.96963,-42.4038
"3,3'',5-tribromodiphenyl ether",C12H7Br3O,147217-79-6,3683,Q,0.28,7400,-1.27297,-61.527
"3,3'',5-trichlorobiphenyl",C12H7Cl3,38444-87-0,2563,V,0.013,5600,-4.34281,-46.561
"3,3''-dibromodiphenyl ether",C12H8Br2O,6903-63-5,3683,Q,0.078,7400,-2.55105,-61.527
"3,3''-dichlorobiphenyl",C12H8Cl2,2050-67-1,2563,V,0.034,5700,-3.38139,-47.3924
"3,3-dichloro-1,1,1,2,2-pentafluoropropane",CF3CF2CHCl2,422-56-0,2939,M,9.8e-05,3500,-9.23054,-29.1006
"3,3-dimethyl-2-butanone",C6H12O,75-97-8,2016,T,0.076,6000,-2.57702,-49.8868
"3,3-dimethyl-2-butanone",C6H12O,75-97-8,3518,L,0.043,5800,-3.14656,-48.2239
"3,3-dimethyl-2-butanone",C6H12O,75-97-8,3617,L,0.045,5700,-3.10109,-47.3924
"3,3-dimethyl-2-butanone",C6H12O,75-97-8,3632,M,0.043,5700,-3.14656,-47.3924
"3,3-dimethylpentane",C7H16,562-49-2,3518,L,5.6e-06,3000,-12.0927,-24.9434
"3,4'',5-tribromodiphenyl ether",C12H7Br3O,407606-57-9,3683,Q,0.2,7400,-1.60944,-61.527
"3,4'',5-trichlorobiphenyl",C12H7Cl3,38444-88-1,2563,V,0.012,5600,-4.42285,-46.561
"3,4''-dibromodiphenyl ether",C12H8Br2O,83694-71-7,3683,Q,0.055,7400,-2.90042,-61.527
"3,4''-dichlorobiphenyl",C12H8Cl2,2974-90-5,2472,M,0.049,6100,-3.01593,-50.7182
"3,4''-dichlorobiphenyl",C12H8Cl2,2974-90-5,2563,V,0.085,5900,-2.4651,-49.0553
"3,4,4'',5-tetrabromodiphenyl ether",C12H6Br4O,446254-50-8,3683,Q,0.24,7400,-1.42712,-61.527
"3,4,4'',5-tetrachlorobiphenyl",C12H6Cl4,70362-50-4,2472,M,0.041,4000,-3.19418,-33.2579
"3,4,4'',5-tetrachlorobiphenyl",C12H6Cl4,70362-50-4,2563,V,0.002,5300,-6.21461,-44.0667
"3,4,4''-tribromodiphenyl ether",C12H7Br3O,147217-81-0,3683,Q,0.09,7400,-2.40795,-61.527
"3,4,4''-trichlorobiphenyl",C12H7Cl3,38444-90-5,2563,V,0.013,5400,-4.34281,-44.8981
"3,4,5-tribromodiphenyl ether",C12H7Br3O,337513-54-9,3683,Q,0.099,7400,-2.31264,-61.527
"3,4,5-trichlorobiphenyl",C12H7Cl3,53555-66-1,2563,V,0.012,5400,-4.42285,-44.8981
"3,4-dibromodiphenyl ether",C12H8Br2O,189084-59-1,3683,Q,0.033,7400,-3.41125,-61.527
"3,4-dichlorobiphenyl",C12H8Cl2,2974-92-7,2563,V,0.02,5300,-3.91202,-44.0667
"3,4-dimethylpyridine",C5H3N(CH3)2,583-58-4,719,M,2.7,6800,0.993252,-56.5383
"3,5,5-trimethyl-2-cyclohexen-1-one",C9H14O,78-59-1,usepa82,X,1.7,3900,0.530628,-32.4264
"3,5-di-tert-butyltoluene",C15H24,15181-11-0,2891,M,0.0037,9100,-5.59942,-75.6616
"3,5-dibromodiphenyl ether",C12H8Br2O,46438-88-4,3683,Q,0.099,7400,-2.31264,-61.527
"3,5-dibromotoluene",C7H6Br2,1611-92-3,2891,M,0.017,4800,-4.07454,-39.9094
"3,5-dichlorobiphenyl",C12H8Cl2,34883-41-5,2563,V,0.027,5500,-3.61192,-45.7295
"3,5-dimethylpyridine",C5H3N(CH3)2,591-22-0,719,M,1.4,6800,0.336472,-56.5383
"3,7-dimethyl-1,6-octadien-3-ol",C10H18O,78-70-6,2464,V,0.21,14000,-1.56065,-116.402
"3,7-dimethyl-1,6-octadien-3-ol",C10H18O,78-70-6,3008,M,0.2,4400,-1.60944,-36.5836
"3,7-dimethyl-2,6-octadienal",C10H16O,5392-40-5,3776,M,0.29,6700,-1.23787,-55.7069
"3,7-dimethyl-6-octenal",C10H18O,106-23-0,2125,V,0.025,4500,-3.68888,-37.4151
3-bromo-1-propyne,C3H3Br,106-96-7,1330,M,0.0088,4000,-4.733,-33.2579
"3-bromo-2,6-dichloro-1-methoxybenzene",C7H5BrCl2O,174913-18-9,3118,M,0.011,2700,-4.50986,-22.449
3-bromodiphenyl ether,C12H9BrO,6876-00-2,3683,Q,0.023,7400,-3.77226,-61.527
3-buten-1-yne,CH2CHCCH,689-97-4,190,L,0.00037,1700,-7.90201,-14.1346
3-buten-1-yne,CH2CHCCH,689-97-4,2551,M,0.00038,1800,-7.87534,-14.966
3-buten-1-yne,CH2CHCCH,689-97-4,3673,L,0.00041,1700,-7.79935,-14.1346
3-buten-2-one,C4H6O,78-94-4,2524,M,0.26,4800,-1.34707,-39.9094
3-buten-2-one,C4H6O,78-94-4,985,M,0.21,7800,-1.56065,-64.8528
3-butenenitrile,C4H5N,109-75-1,3518,L,0.2,4900,-1.60944,-40.7409
3-chloro-1-propene,C3H5Cl,107-05-1,2891,M,0.0013,4500,-6.64539,-37.4151
3-chlorobiphenyl,C12H9Cl,2051-61-8,2563,V,0.032,5400,-3.44202,-44.8981
3-chloropyridine,C5H4ClN,626-60-8,2378,M,0.35,5600,-1.04982,-46.561
3-ethylpyridine,C5H4NC2H5,536-78-7,719,M,0.95,6400,-0.0512933,-53.2126
3-heptanol,C7H16O,589-82-2,3518,L,0.32,9100,-1.13943,-75.6616
3-heptanone,C7H14O,106-35-4,3518,L,0.072,7000,-2.63109,-58.2012
3-hexanol,C6H14O,623-37-0,2377,T,0.39,8400,-0.941609,-69.8415
3-hexanol,C6H14O,623-37-0,3518,L,0.37,8400,-0.994252,-69.8415
3-hexanol,C6H14O,623-37-0,3673,L,0.42,8400,-0.867501,-69.8415
3-hexanone,C6H12O,589-38-8,3518,L,0.079,7100,-2.53831,-59.0327
3-hexanone,C6H12O,589-38-8,3632,M,0.076,6400,-2.57702,-53.2126
3-hydroxychlorobenzene,C6H5ClO,108-43-0,2451,M,34,6400,3.52636,-53.2126
3-methoxy-1-propanamine,C4H11NO,5332-73-0,2381,T,48,8700,3.8712,-72.3358
3-methoxybenzaldehyde,C8H8O2,591-31-1,3724,M,5.1,8800,1.62924,-73.1673
3-methyl-1-butanol,C5H12O,123-51-3,3518,L,0.82,8000,-0.198451,-66.5157
3-methyl-1-butanol,C5H12O,123-51-3,3633,M,0.82,7700,-0.198451,-64.0214
3-methyl-1-butanol,C5H12O,123-51-3,3788,M,0.67,6900,-0.400478,-57.3698
3-methyl-1-butanol nitrate,C5H11ONO2,543-87-3,1024,M,0.005,5900,-5.29832,-49.0553
3-methyl-1-pentanol,C6H14O,589-35-5,3518,L,0.75,8600,-0.287682,-71.5044
3-methyl-2-butanol,C5H12O,598-75-4,3518,L,0.51,7600,-0.673345,-63.1899
3-methyl-2-butanol,C5H12O,598-75-4,3633,M,0.54,7800,-0.616186,-64.8528
3-methyl-2-butanone,C5H10O,563-80-4,2016,T,0.09,5700,-2.40795,-47.3924
3-methyl-2-butanone,C5H10O,563-80-4,3518,L,0.11,5800,-2.20727,-48.2239
3-methyl-2-butanone,C5H10O,563-80-4,3617,L,0.091,5700,-2.3969,-47.3924
3-methyl-2-butanone,C5H10O,563-80-4,3632,M,0.093,5600,-2.37516,-46.561
3-methyl-2-pentanone,C6H12O,565-61-7,3632,M,0.079,6000,-2.53831,-49.8868
3-methyl-3-pentanol,C6H14O,77-74-7,3518,L,0.24,7300,-1.42712,-60.6956
3-methylbenzaldehyde,C8H8O,620-23-5,3518,L,0.35,7200,-1.04982,-59.8641
3-methylbenzaldehyde,C8H8O,620-23-5,3724,M,0.35,7200,-1.04982,-59.8641
3-methylbenzaldehyde,C8H8O,620-23-5,3776,M,0.3,5800,-1.20397,-48.2239
3-methylbenzenamine,C7H9N,108-44-1,3518,L,5.6,7200,1.72277,-59.8641
3-methylbutanal,C5H10O,590-86-3,3215,M,0.024,6100,-3.7297,-50.7182
3-methylbutanal,C5H10O,590-86-3,3508,M,0.011,10000,-4.50986,-83.1446
3-methylbutyl butanoate,C9H18O2,106-27-4,3518,L,0.011,7500,-4.50986,-62.3585
3-methylbutyl ethanoate,CH3COOC5H11,123-92-2,3518,L,0.021,6700,-3.86323,-55.7069
3-methylbutyl ethanoate,CH3COOC5H11,123-92-2,3616,L,0.02,6500,-3.91202,-54.044
3-methylbutyl ethanoate,CH3COOC5H11,123-92-2,3650,M,0.088,4300,-2.43042,-35.7522
3-methylbutyl ethanoate,CH3COOC5H11,123-92-2,3788,M,0.022,6600,-3.81671,-54.8755
3-methylbutyl ethanoate,CH3COOC5H11,123-92-2,usepa82,X,0.024,5000,-3.7297,-41.5723
3-methylbutyl methanoate,HCOOC5H11,110-45-2,3616,L,0.012,5700,-4.42285,-47.3924
3-methylpyridine,C5H4NCH3,108-99-6,3518,L,1.2,6400,0.182322,-53.2126
3-methylpyridine,C5H4NCH3,108-99-6,719,M,1.3,6300,0.262364,-52.3811
3-nitrotoluene,C6H4(NO2)CH3,99-08-1,3518,L,0.27,7000,-1.30933,-58.2012
3-nitrotoluene,C6H4(NO2)CH3,99-08-1,usepa82,X,0.14,3200,-1.96611,-26.6063
3-nonanone,C9H18O,925-78-0,3518,L,0.051,6600,-2.97593,-54.8755
3-octanol,C8H18O,589-98-0,3719,M,0.12,8300,-2.12026,-69.01
3-octanone,C8H16O,106-68-3,3518,L,0.043,6900,-3.14656,-57.3698
3-octanone,C8H16O,106-68-3,3719,M,0.029,5800,-3.54046,-48.2239
3-oxa-1-heptanol,C6H14O2,111-76-2,2381,T,16,8900,2.77259,-73.9987
3-oxa-1-heptanol,C6H14O2,111-76-2,2837,M,13,8300,2.56495,-69.01
3-oxa-1-heptanol,C6H14O2,111-76-2,2891,M,3.5,7700,1.25276,-64.0214
3-oxa-1-heptanol,C6H14O2,111-76-2,3518,L,13,8300,2.56495,-69.01
3-oxa-1-hexanol,C5H12O2,2807-30-9,2381,T,20,8400,2.99573,-69.8415
"3-oxobutanoic acid, ethyl ester",C6H10O3,141-97-9,3518,L,9,7200,2.19722,-59.8641
3-pentanol,C5H12O,584-02-1,2377,T,0.63,7900,-0.462035,-65.6843
3-pentanol,C5H12O,584-02-1,3518,L,0.6,7600,-0.510826,-63.1899
3-pentanol,C5H12O,584-02-1,3633,M,0.64,8000,-0.446287,-66.5157
3-pentanone,C2H5COC2H5,96-22-0,1154,X,0.2,9200,-1.60944,-76.4931
3-pentanone,C2H5COC2H5,96-22-0,2016,T,0.13,6000,-2.04022,-49.8868
3-pentanone,C2H5COC2H5,96-22-0,2524,M,0.16,5600,-1.83258,-46.561
3-pentanone,C2H5COC2H5,96-22-0,3518,L,0.089,5800,-2.41912,-48.2239
3-pentanone,C2H5COC2H5,96-22-0,3617,L,0.11,6000,-2.20727,-49.8868
3-pentanone,C2H5COC2H5,96-22-0,3632,M,0.11,5900,-2.20727,-49.0553
3-pentyl nitrate,C5H13ONO2,82944-59-0,1024,M,0.0038,5300,-5.57275,-44.0667
3-phenyl-2-propenal,C9H8O,104-55-2,2125,V,1.4,6300,0.336472,-52.3811
3′-methoxyacetophenone,C9H10O2,586-37-8,3724,M,19,9400,2.94444,-78.1559
3′-methylacetophenone,C9H10O,585-74-0,3724,M,1.5,7600,0.405465,-63.1899
4''-methylacetophenone,C9H10O,122-00-9,3724,M,1.8,8400,0.587787,-69.8415
"4,4''-dibromodiphenyl ether",C12H8Br2O,2050-47-7,2496,M,0.073,4500,-2.6173,-37.4151
"4,4''-dibromodiphenyl ether",C12H8Br2O,2050-47-7,3683,Q,0.039,7400,-3.24419,-61.527
"4,4''-dichlorobiphenyl",C12H8Cl2,2050-68-2,2496,M,0.035,5300,-3.35241,-44.0667
"4,4''-dichlorobiphenyl",C12H8Cl2,2050-68-2,2540,L,0.07,6000,-2.65926,-49.8868
"4,4''-dichlorobiphenyl",C12H8Cl2,2050-68-2,2540,L,0.075,6700,-2.59027,-55.7069
"4,4''-dichlorobiphenyl",C12H8Cl2,2050-68-2,2563,V,0.0033,4900,-5.71383,-40.7409
"4-(1,1,3,3-tetramethylbutyl)-phenol",C14H22O,140-66-9,1942,M,2.3,9000,0.832909,-74.8302
"4-(1,1-dimethylethyl)-pyridine",C9H13N,3978-81-2,2378,?,0.75,7000,-0.287682,-58.2012
"4-(3'',5''-dimethyl-3''-heptyl)-phenol(+)",C15H24O,,1942,M,2.9,8700,1.06471,-72.3358
"4-(3'',5''-dimethyl-3''-heptyl)-phenol(-)",C15H24O,,1942,M,3.3,8600,1.19392,-71.5044
"4-bromo-2,6-dichloro-1-methoxybenzene",C7H5BrCl2O,19240-91-6,3118,M,0.012,4900,-4.42285,-40.7409
4-bromodiphenyl ether,C12H9BrO,101-55-3,2496,M,0.058,5500,-2.84731,-45.7295
4-bromodiphenyl ether,C12H9BrO,101-55-3,3683,Q,0.014,7400,-4.2687,-61.527
4-bromophenol,HOC6H4Br,106-41-2,724,T,68,8200,4.21951,-68.1786
4-chlorobiphenyl,C12H9Cl,2051-62-9,2472,M,0.056,6700,-2.8824,-55.7069
4-chlorobiphenyl,C12H9Cl,2051-62-9,2496,M,0.035,6700,-3.35241,-55.7069
4-chlorobiphenyl,C12H9Cl,2051-62-9,2540,L,0.028,5700,-3.57555,-47.3924
4-chlorobiphenyl,C12H9Cl,2051-62-9,2540,L,0.042,6100,-3.17009,-50.7182
4-chlorobiphenyl,C12H9Cl,2051-62-9,2563,V,0.014,5100,-4.2687,-42.4038
4-chloronitrobenzene,C6H4ClNO2,100-00-5,3518,L,0.64,5900,-0.446287,-49.0553
4-ethylpyridine,C5H4NC2H5,536-75-4,719,M,1.2,6300,0.182322,-52.3811
4-heptanol,C7H16O,589-55-9,2377,T,0.35,9100,-1.04982,-75.6616
4-heptanol,C7H16O,589-55-9,3673,L,0.34,9100,-1.07881,-75.6616
4-heptanone,C7H14O,123-19-3,3518,L,0.051,6800,-2.97593,-56.5383
4-heptanone,C7H14O,123-19-3,3617,L,0.061,7000,-2.79688,-58.2012
4-hydroxybenzaldehyde,C6H4(OH)CHO,123-08-0,724,T,19000,8600,9.85219,-71.5044
4-hydroxychlorobenzene,C6H5ClO,106-48-9,2451,M,1400,11000,7.24423,-91.4591
4-methoxybenzaldehyde,C8H8O2,123-11-5,3724,M,24,8700,3.17805,-72.3358
"4-methyl-1,2-dinitrobenzene",C7H6N2O4,610-39-9,3518,L,33,9600,3.49651,-79.8188
4-methyl-1-(1-methylethyl)-bicyclo[3.1.0]hexan-3-one,C10H16O,1125-12-8,2125,V,0.1,4700,-2.30259,-39.078
4-methyl-1-oxa-4-azacyclohexane,C5H11NO,109-02-4,2376,T,18,8300,2.89037,-69.01
4-methyl-1-oxa-4-azacyclohexane,C5H11NO,109-02-4,3685,M,12,10000,2.48491,-83.1446
4-methyl-2-methoxyphenol,C8H10O2,93-51-6,1142,M,7.1,7400,1.96009,-61.527
4-methyl-2-pentanol,C6H14O,108-11-2,3518,L,0.22,7300,-1.51413,-60.6956
4-methyl-2-pentanone,(CH3)2CHCH2COCH3,108-10-1,1156,M,0.022,110,-3.81671,-0.914591
4-methyl-2-pentanone,(CH3)2CHCH2COCH3,108-10-1,2891,M,0.1,8700,-2.30259,-72.3358
4-methyl-2-pentanone,(CH3)2CHCH2COCH3,108-10-1,3518,L,0.069,6200,-2.67365,-51.5497
4-methyl-2-pentanone,(CH3)2CHCH2COCH3,108-10-1,3617,L,0.069,6000,-2.67365,-49.8868
4-methyl-2-pentanone,(CH3)2CHCH2COCH3,108-10-1,3632,M,0.065,6000,-2.73337,-49.8868
4-methyl-2-pentanone,(CH3)2CHCH2COCH3,108-10-1,857,M,0.043,4600,-3.14656,-38.2465
4-methylbenzaldehyde,C8H8O,104-87-0,3518,L,0.53,7200,-0.634878,-59.8641
4-methylbenzaldehyde,C8H8O,104-87-0,3724,M,0.53,7200,-0.634878,-59.8641
4-methylbenzaldehyde,C8H8O,104-87-0,3776,M,0.46,6400,-0.776529,-53.2126
4-methylbenzenamine,C7H9N,106-49-0,3518,L,2.9,4400,1.06471,-36.5836
4-methylpyridine,C5H4NCH3,108-89-4,3518,L,1.6,6500,0.470004,-54.044
4-methylpyridine,C5H4NCH3,108-89-4,719,M,1.7,6500,0.530628,-54.044
4-nitrobenzenamine,C6H6N2O2,100-01-6,3518,L,8700,8200,9.07108,-68.1786
4-nitrophenol,HOC6H4(NO2),100-02-7,724,T,26000,9100,10.1659,-75.6616
4-nitrophenol,HOC6H4(NO2),100-02-7,usepa82,X,9.8,6000,2.28238,-49.8868
4-nitrotoluene,C6H4(NO2)CH3,99-99-0,3518,L,0.89,7100,-0.116534,-59.0327
4-nitrotoluene,C6H4(NO2)CH3,99-99-0,usepa82,X,0.16,3100,-1.83258,-25.7748
4-tert-butylphenol,C10H14O,98-54-4,725,M,8.9,7700,2.18605,-64.0214
5-hydroxy-2-octanone,C8H16O2,,3765,Q,1600,11000,7.37776,-91.4591
5-methyl-2-(1-methylethyl)-phenol,C10H14O,89-83-8,2125,V,3,9300,1.09861,-77.3245
5-methyl-2-(1-methylethylidene)-cyclohexanone,C10H16O,89-82-7,2125,V,0.28,5300,-1.27297,-44.0667
5-methyl-2-hexanone,C7H14O,110-12-3,3518,L,0.064,6800,-2.74887,-56.5383
5-nitrooxy-2-pentanol,C5H11O4N,,3765,Q,21,9900,3.04452,-82.3132
5-nonanone,C9H18O,502-56-7,3518,L,0.04,8000,-3.21888,-66.5157
"6-bromo-2,5-dichloro-1-methoxybenzene",C7H5BrCl2O,174913-14-5,3118,M,0.0077,3000,-4.86653,-24.9434
6-methyl-5-hepten-2-one,C8H14O,110-93-0,3776,M,0.12,6200,-2.12026,-51.5497
"7-methyl-3-methylene-1,6-octadiene",C10H16,123-35-3,2125,V,0.00072,2800,-7.23626,-23.2805
"9,10-dihydrophenanthrene",C14H12,776-35-2,2489,M,0.12,7500,-2.12026,-62.3585
C518OOH,C5H8O4,,3765,Q,41000,14000,10.6213,-116.402
C520ONO2,C5H9NO8,,3765,Q,2.9e+09,21000,21.788,-174.604
C520OOH,C5H10O7,,3765,Q,5.3e+11,22000,26.9961,-182.918
C52COCONO2,C5H7NO5,,3765,Q,67,11000,4.20469,-91.4591
C5H112O2H,C10H22O4,,3765,Q,1.4,7000,0.336472,-58.2012
C622CONO2,C7H11NO5,,3765,Q,990,14000,6.8977,-116.402
C624ONO2,C6H11NO7,,3765,Q,2e+10,19000,23.719,-157.975
C624OOH,C6H12O6,,3765,Q,1.2e+13,20000,30.1159,-166.289
C7OHONO2,C7H15NO4,,3765,Q,12,11000,2.48491,-91.4591
C7OHOOH,C7H16O3,,3765,Q,4100,12000,8.31874,-99.7736
C817CONO2,C9H13NO6,,3765,Q,120000,15000,11.6952,-124.717
C819ONO2,C8H13NO6,,3765,Q,3.9e+06,16000,15.1765,-133.031
C822CONO2,C9H13NO5,,3765,Q,62,13000,4.12713,-108.088
C824ONO2,C8H13NO5,,3765,Q,9.5e+06,14000,16.0668,-116.402
C8OHONO2,C8H17NO4,,3765,Q,9,11000,2.19722,-91.4591
C8OHOOH,C8H18O3,,3765,Q,3200,12000,8.07091,-99.7736
C92ONO2,C9H15NO5,,3765,Q,470000,15000,13.0605,-124.717
C9CONO2,C10H15NO5,,3765,Q,80,20000,4.38203,-166.289
DIEPOXO3,C5H8O3,,3765,Q,1300,14000,7.17012,-116.402
EPXISOPNONO2,C5H8N2O7,,3765,Q,53,13000,3.97029,-108.088
GOLIG1,C4H6O5,,3765,Q,1.5e+12,19000,28.0365,-157.975
GOLIG2,C4H8O6,,3765,Q,1.5e+15,24000,34.9442,-199.547
GOLIG3,C4H10O7,,3765,Q,3.8e+18,29000,42.7815,-241.119
IEPOX1CO3H,C4H6O5,,3765,Q,900,14000,6.80239,-116.402
IEPOXO4,C5H8O3,,3765,Q,21000,14000,9.95228,-116.402
ISOP1N23O4CO,C5H7NO5,,3765,Q,1500,12000,7.31322,-99.7736
ISOP1N23O4ONO2,C5H8N2O7,,3765,Q,45,13000,3.80666,-108.088
ISOP1N2ONO2,C5H8N2O6,,3765,Q,1.6,9400,0.470004,-78.1559
ISOP1N5ONO2,C5H8N2O7,,3765,Q,58000,13000,10.9682,-108.088
ISOP1N5OOH,C5H9NO6,,3765,Q,2.3e+07,14000,16.951,-116.402
ISOP1N6CO,C5H7NO5,,3765,Q,210000,14000,12.2549,-116.402
LIMAB15ONO22,C10H18N2O8,,3765,Q,3.1e+07,18000,17.2495,-149.66
LIMAB15ONO2OOH,C10H19NO7,,3765,Q,5e+09,19000,22.3327,-157.975
LIMAB15OOH2,C10H20O6,,3765,Q,2.3e+12,20000,28.4639,-166.289
LIMONO2,C10H15NO5,,3765,Q,38000,14000,10.5453,-116.402
MCM:C517CHO,C6H10O3,,3765,Q,950,13000,6.85646,-108.088
MCM:C517OOH,C5H10O4,,3765,Q,1.1e+06,13000,13.9108,-108.088
MCM:C519CHO,C6H10O3,,3765,Q,2.8e+06,11000,14.8451,-91.4591
MCM:C519OOH,C5H10O4,,3765,Q,170000,13000,12.0436,-108.088
MCM:C622CHO,C7H12O2,,3765,Q,5800,11000,8.66561,-91.4591
MCM:C622NO3,C6H11NO4,,3765,Q,35,11000,3.55535,-91.4591
MCM:C622OOH,C6H12O3,,3765,Q,13000,12000,9.4727,-99.7736
MCM:C624CHO,C7H12O2,,3765,Q,5800,11000,8.66561,-91.4591
MCM:C6OTKETOH,C6H8O5,,3765,Q,44000,16000,10.6919,-133.031
MCM:C727OOH,C7H12O4,,3765,Q,200000,13000,12.2061,-108.088
MCM:C728NO3,C7H13NO6,,3765,Q,1.5e+08,17000,18.8261,-141.346
MCM:C728OOH,C7H14O5,,3765,Q,5.3e+10,18000,24.6936,-149.66
MCM:C729CHO,C8H12O2,,3765,Q,800,10000,6.68461,-83.1446
MCM:C730NO3,C7H13NO6,,3765,Q,3.5e+09,17000,21.976,-141.346
MCM:C730OOH,C7H14O5,,3765,Q,6.1e+10,18000,24.8341,-149.66
MCM:C816CO,C8H12O2,,3765,Q,310,10000,5.73657,-83.1446
MCM:C817CO,C8H12O3,,3765,Q,310000,12000,12.6443,-99.7736
MCM:C817CO3H,C9H14O5,,3765,Q,3.4e+07,16000,17.3419,-133.031
MCM:C817NO3,C8H13NO5,,3765,Q,39000,12000,10.5713,-99.7736
MCM:C817OOH,C8H14O4,,3765,Q,1.2e+06,13000,13.9978,-108.088
MCM:C818CO,C8H12O4,,3765,Q,6.5e+06,16000,15.6873,-133.031
MCM:C818OOH,C8H14O5,,3765,Q,5.7e+08,17000,20.1611,-141.346
MCM:C819OOH,C8H14O5,,3765,Q,2.1e+07,17000,16.86,-141.346
MCM:C822CO2H,C9H14O3,,3765,Q,44000,15000,10.6919,-124.717
MCM:C822CO3H,C9H14O4,,3765,Q,17000,14000,9.74097,-116.402
MCM:C822NO3,C8H13NO4,,3765,Q,29,10000,3.3673,-83.1446
MCM:C822OOH,C8H14O3,,3765,Q,8800,11000,9.08251,-91.4591
MCM:C824OOH,C8H14O4,,3765,Q,8.4e+06,15000,15.9437,-124.717
MCM:C923CO3H,C10H16O4,,3765,Q,22000,15000,9.9988,-124.717
MCM:C923NO3,C9H15NO4,,3765,Q,32,11000,3.46574,-91.4591
MCM:C923OH,C9H16O2,,3765,Q,5300,12000,8.57546,-99.7736
MCM:C923OOH,C9H16O3,,3765,Q,11000,12000,9.30565,-99.7736
MCM:C924OH,C9H16O3,,3765,Q,380000,16000,12.8479,-133.031
MCM:C924OOH,C9H16O4,,3765,Q,3e+06,16000,14.9141,-133.031
MCM:CO2C4CHO,C5H8O2,,3765,Q,550,8400,6.30992,-69.8415
MCM:CO2C4CO3H,C5H8O4,,3765,Q,19000,12000,9.85219,-99.7736
MCM:CO2C5OH,C5H10O2,,3765,Q,3600,9800,8.18869,-81.4817
MCM:H14CO23C4,C4H6O4,,3765,Q,2.1e+06,17000,14.5574,-141.346
MCM:HC4CCHO,C5H8O2,,3765,Q,1200,11000,7.09008,-91.4591
MCM:HEXBNO3,C6H13NO3,,3765,Q,0.00031,6300,-8.07894,-52.3811
MCM:HEXBOOH,C6H14O2,,3765,Q,0.99,7300,-0.0100503,-60.6956
MCM:HMVKBCHO,C5H8O3,,3765,Q,360000,11000,12.7939,-91.4591
MCM:HO2C5OOH,C5H12O3,,3765,Q,7100,11000,8.86785,-91.4591
MCM:HO2C6NO3,C6H13NO4,,3765,Q,16,10000,2.77259,-83.1446
MCM:HO2C6OOH,C6H14O3,,3765,Q,5400,11000,8.59415,-91.4591
MCM:HO2CO5C6,C6H12O2,,3765,Q,2800,10000,7.93737,-83.1446
MCM:HO3CO6C7,C7H14O2,,3765,Q,2100,11000,7.64969,-91.4591
MCM:HOC2H4CHO,C3H6O2,,3765,Q,36,9900,3.58352,-82.3132
MCM:ISOPBOOH,C5H10O3,,3578,M,1200,9900,7.09008,-82.3132
MCM:ISOPDOOH,C5H10O3,,3578,M,120,7500,4.78749,-62.3585
MCM:LIMAL,C10H16O2,,3765,Q,400,11000,5.99146,-91.4591
MCM:LIMALACO,C10H14O3,,3765,Q,43000,13000,10.669,-108.088
MCM:LIMALAOH,C10H16O3,,3765,Q,31000,15000,10.3417,-124.717
MCM:LIMALAOOH,C10H16O4,,3765,Q,250000,15000,12.4292,-124.717
MCM:LIMALBOOH,C10H16O4,,3765,Q,240000,15000,12.3884,-124.717
MCM:LIMALNO3,C10H17NO6,,3765,Q,1.3e+08,23000,18.683,-191.233
MCM:LIMALOH,C10H18O4,,3765,Q,2.2e+10,18000,23.8143,-149.66
MCM:LIMALOOH,C10H18O5,,3765,Q,4.3e+10,18000,24.4845,-149.66
MCM:LIMANO3,C10H17NO4,,3765,Q,84,12000,4.43082,-99.7736
MCM:LIMAOOH,C10H18O3,,3765,Q,36000,13000,10.4913,-108.088
MCM:LIMCNO3,C10H17NO4,,3765,Q,86,19000,4.45435,-157.975
MCM:LIMCOOH,C10H18O3,,3765,Q,36000,13000,10.4913,-108.088
MCM:LIMKET,C9H14O,,3765,Q,0.64,8000,-0.446287,-66.5157
MCM:LIMONONIC,C10H16O3,,3765,Q,57000,15000,10.9508,-124.717
MCM:LMLKET,C9H14O3,,3765,Q,1.1e+06,13000,13.9108,-108.088
MCM:NISOPNO3,C5H8N2O6,,3765,Q,2.6,9400,0.955511,-78.1559
MCM:NISOPOOH,C5H9NO5,,3765,Q,970,11000,6.8773,-91.4591
MCM:NORLIMAL,C9H14O2,,3765,Q,610,11000,6.41346,-91.4591
MEDICO1CO,C5H8O4,,3765,Q,2.5e+07,12000,17.0344,-99.7736
MEDICO4CO,C5H8O4,,3765,Q,3.1e+06,12000,14.9469,-99.7736
METHFDIOL,C5H10O3,,3765,Q,900000,11000,13.7102,-91.4591
METRICO,C5H10O4,,3765,Q,7.3e+06,12000,15.8034,-99.7736
MGLYFB,C6H10O6,,3765,Q,7.1e+08,23000,20.3808,-191.233
MGLYOXDA,C6H10O5,,3765,Q,2e+08,16000,19.1138,-133.031
MGLYOXDB,C6H12O6,,3765,Q,1.5e+13,22000,30.3391,-182.918
"N,N''-dimethylpiperazine",C6H14N2,106-58-1,2376,T,140,11000,4.94164,-91.4591
"N,N''-dimethylpiperazine",C6H14N2,106-58-1,3584,M,200,11000,5.29832,-91.4591
"N,N-di-2-propenyl-2-propen-1-amine",C9H15N,102-70-5,3518,L,0.039,7500,-3.24419,-62.3585
"N,N-dichloromethylamine",CH3NCl2,7651-91-4,2821,M,0.0033,4300,-5.71383,-35.7522
"N,N-dichloromethylamine",CH3NCl2,7651-91-4,3245,L,0.0033,4300,-5.71383,-35.7522
"N,N-dichloromethylamine",CH3NCl2,7651-91-4,3500,L,0.0033,4300,-5.71383,-35.7522
"N,N-dimethylacetamide",C4H9NO,127-19-5,2601,M,440,8600,6.08677,-71.5044
"N,N-dimethylacetamide",C4H9NO,127-19-5,3245,L,61,7800,4.11087,-64.8528
"N,N-dimethylacetamide",C4H9NO,127-19-5,3500,L,61,7800,4.11087,-64.8528
"N,N-dimethylacetamide",C4H9NO,127-19-5,3518,L,440,8000,6.08677,-66.5157
"N,N-dimethylaminoethanol",C4H11NO,108-01-0,3584,M,93,7900,4.5326,-65.6843
"N,N-dimethylmethanamide",C3H7NO,68-12-2,2601,M,160,7500,5.07517,-62.3585
"N,N-dimethylmethanamide",C3H7NO,68-12-2,3245,L,130,6600,4.86753,-54.8755
"N,N-dimethylmethanamide",C3H7NO,68-12-2,3500,L,130,6600,4.86753,-54.8755
"N,N-dimethylmethanamide",C3H7NO,68-12-2,3518,L,140,7700,4.94164,-64.0214
N-(2-hydroxyethyl)piperazine,C6H14N2O,103-76-4,3584,M,2900,6400,7.97247,-53.2126
"N-methyl-1,3-propanediamine",C4H12N2,6291-84-5,3584,M,1400,7600,7.24423,-63.1899
"N-methyl-1,3-propanediamine",C4H12N2,6291-84-5,3654,M,2100,8800,7.64969,-73.1673
N-methyl-2-pyrrolidone,C5H9NO,872-50-4,2826,M,2100,9100,7.64969,-75.6616
N-methyl-2-pyrrolidone,C5H9NO,872-50-4,3518,L,3100,11000,8.03916,-91.4591
N-methylacetamide,C3H7NO,79-16-3,2601,M,3200,8900,8.07091,-73.9987
N-methylacetamide,C3H7NO,79-16-3,3245,L,2100,7600,7.64969,-63.1899
N-methylacetamide,C3H7NO,79-16-3,3500,L,2100,7600,7.64969,-63.1899
N-methyldiethanolamine,C5H13NO2,105-59-9,3584,M,3900,3800,8.26873,-31.595
N-methyldiethanolamine,C5H13NO2,105-59-9,3654,M,400000,12000,12.8992,-99.7736
N-methylmethanamide,C2H5NO,123-39-7,2601,M,1500,7600,7.31322,-63.1899
N-methylmethanamide,C2H5NO,123-39-7,3245,L,1400,7200,7.24423,-59.8641
N-methylmethanamide,C2H5NO,123-39-7,3500,L,1400,7200,7.24423,-59.8641
N-methylmethanamide,C2H5NO,123-39-7,3518,L,1400,7200,7.24423,-59.8641
N-methylpiperazine,C5H12N2,109-01-3,2376,T,200,11000,5.29832,-91.4591
N-methylpiperazine,C5H12N2,109-01-3,3584,M,1800,9900,7.49554,-82.3132
N-methylpiperidine,C5H10NCH3,626-67-5,722,T,0.29,7900,-1.23787,-65.6843
N-methylpyrrolidine,C4H8NCH3,120-94-5,722,T,0.33,7600,-1.10866,-63.1899
N-nitrosodiethylamine,C4H10N2O,55-18-5,3080,M,5.6,6300,1.72277,-52.3811
N-nitrosodiethylamine,C4H10N2O,55-18-5,3680,M,0.012,3800,-4.42285,-31.595
N-nitrosodimethylamine,C2H6N2O,62-75-9,3080,M,6.1,6400,1.80829,-53.2126
N-nitrosodimethylamine,C2H6N2O,62-75-9,3680,M,0.29,13000,-1.23787,-108.088
N-nitrosopyrrolidine,C4H8N2O,930-55-2,3080,M,150,8500,5.01064,-70.6729
NORLIMONO2,C9H15NO6,,3765,Q,3.8e+08,16000,19.7557,-133.031
PFBHA-2-pentanone,(C3H7)(CH3)C=NOCH2C6F5,,2497,M,0.0037,2200,-5.59942,-18.2918
PFBHA-benzaldehyde,C6H5CH=NOCH2C6F5,,2497,M,0.005,2000,-5.29832,-16.6289
PFBHA-butanone,(C2H5)(CH3)C=NOCH2C6F5,,2497,M,0.0047,6000,-5.36019,-49.8868
PFBHA-crotonaldehyde,CH3CHCHCH=NOCH2C6F5,932710-52-6,2497,M,0.0068,3400,-4.99083,-28.2692
PFBHA-ethanal,CH3CH=NOCH2C6F5,114611-59-5,2497,M,0.019,5400,-3.96332,-44.8981
PFBHA-methanal,H2C=NOCH2C6F5,86356-73-2,2497,M,0.016,7200,-4.13517,-59.8641
PFBHA-propanone,(CH3)2C=NOCH2C6F5,899828-53-6,2497,M,0.011,3800,-4.50986,-31.595
PFBHA-propenal,CH2CHCH=NOCH2C6F5,,2497,M,0.0095,5400,-4.65646,-44.8981
RO5R1O2H,C10H18O4,,3765,Q,990000,17000,13.8055,-141.346
RO5R2O2H,C10H18O5,,3765,Q,1.8e+07,19000,16.7059,-157.975
RO5R3O2H,C10H18O6,,3765,Q,7.7e+07,22000,18.1593,-182.918
RO5R4O2H,C10H18O7,,3765,Q,3.6e+10,24000,24.3068,-199.547
RO5R5,C8H14O4,,3765,Q,130000,17000,11.7753,-141.346
ROO6R1ONO2,C10H17NO6,,3765,Q,140,15000,4.94164,-124.717
ROO6R1OOH,C10H18O5,,3765,Q,68000,16000,11.1273,-133.031
ROO6R5ONO2,C7H11NO7,,3765,Q,170000,15000,12.0436,-124.717
ROO6R5OOH,C7H12O6,,3765,Q,4.6e+07,16000,17.6442,-133.031
ROO6R6ONO2,C6H11NO6,,3765,Q,610000,12000,13.3212,-99.7736
ROO6R6OOH,C6H12O5,,3765,Q,2.6e+08,14000,19.3762,-116.402
ROO6R7ONO2,C6H11NO5,,3765,Q,75000,13000,11.2252,-108.088
ROO6R7OOH,C6H12O4,,3765,Q,3.3e+07,14000,17.312,-116.402
S-ethyl dipropylthiocarbamate,C9H19NOS,759-94-4,2241,M,0.038,4800,-3.27017,-39.9094
S-ethyl dipropylthiocarbamate,C9H19NOS,759-94-4,2815,M,0.56,9100,-0.579818,-75.6616
acenaphthene,C12H10,83-32-9,1143,T,0.034,2900,-3.38139,-24.1119
acenaphthene,C12H10,83-32-9,1943,L,0.055,6500,-2.90042,-54.044
acenaphthene,C12H10,83-32-9,2375,V,0.12,6000,-2.12026,-49.8868
acenaphthene,C12H10,83-32-9,2477,M,0.054,6600,-2.91877,-54.8755
acenaphthene,C12H10,83-32-9,3518,L,0.072,5400,-2.63109,-44.8981
acenaphthene,C12H10,83-32-9,3681,L,0.054,6500,-2.91877,-54.044
acenaphthene,C12H10,83-32-9,usepa82,X,0.041,2800,-3.19418,-23.2805
acenaphthylene,C12H8,208-96-8,1143,T,0.12,5000,-2.12026,-41.5723
acenaphthylene,C12H8,208-96-8,1943,L,0.091,6700,-2.3969,-55.7069
acenaphthylene,C12H8,208-96-8,2477,M,0.079,6600,-2.53831,-54.8755
acenaphthylene,C12H8,208-96-8,3518,L,0.085,6300,-2.4651,-52.3811
alachlor,C14H20ClNO2,15972-60-8,2438,M,140,9200,4.94164,-76.4931
alanine,C3H7NO2,302-72-7,2231,V,3.5e+10,16000,24.2786,-133.031
aldrin,C12H8Cl6,309-00-2,2814,M,0.022,3900,-3.81671,-32.4264
aminobenzene,C6H7N,62-53-3,2123,V,4.6,6500,1.52606,-54.044
aminobenzene,C6H7N,62-53-3,3518,L,4.9,6800,1.58924,-56.5383
ammonia,NH3,7664-41-7,103,?,0.58,4100,-0.544727,-34.0893
ammonia,NH3,7664-41-7,190,L,0.1,1500,-2.30259,-12.4717
ammonia,NH3,7664-41-7,1945,L,0.59,4200,-0.527633,-34.9207
ammonia,NH3,7664-41-7,2626,L,0.59,4200,-0.527633,-34.9207
ammonia,NH3,7664-41-7,3003,M,0.28,3200,-1.27297,-26.6063
ammonia,NH3,7664-41-7,3085,L,0.58,4400,-0.544727,-36.5836
ammonia,NH3,7664-41-7,3245,L,0.59,4200,-0.527633,-34.9207
ammonia,NH3,7664-41-7,3500,L,0.59,4200,-0.527633,-34.9207
ammonia,NH3,7664-41-7,3540,T,0.59,4100,-0.527633,-34.0893
ammonia,NH3,7664-41-7,3668,M,9.9,6600,2.29253,-54.8755
ammonia,NH3,7664-41-7,379,?,0.27,2400,-1.30933,-19.9547
ammonia,NH3,7664-41-7,482,M,0.74,3700,-0.301105,-30.7635
ammonia,NH3,7664-41-7,487,M,0.55,4100,-0.597837,-34.0893
ammonia,NH3,7664-41-7,487,T,0.56,4200,-0.579818,-34.9207
ammonia,NH3,7664-41-7,523,?,0.61,4100,-0.494296,-34.0893
ammonia,NH3,7664-41-7,540,L,0.6,4200,-0.510826,-34.9207
ammonia,NH3,7664-41-7,620,M,0.6,4200,-0.510826,-34.9207
ammonia,NH3,7664-41-7,87,T,0.57,4100,-0.562119,-34.0893
anthracene,C14H10,120-12-7,1143,T,0.0046,3100,-5.3817,-25.7748
anthracene,C14H10,120-12-7,1597,M,0.2,3500,-1.60944,-29.1006
anthracene,C14H10,120-12-7,1943,L,0.17,5700,-1.77196,-47.3924
anthracene,C14H10,120-12-7,2375,V,26,7000,3.2581,-58.2012
anthracene,C14H10,120-12-7,2477,M,0.18,6000,-1.7148,-49.8868
anthracene,C14H10,120-12-7,2489,M,0.23,5600,-1.46968,-46.561
anthracene,C14H10,120-12-7,2914,M,0.15,6500,-1.89712,-54.044
anthracene,C14H10,120-12-7,3518,L,0.33,6700,-1.10866,-55.7069
anthracene,C14H10,120-12-7,3681,L,0.18,4800,-1.7148,-39.9094
anthracene,C14H10,120-12-7,usepa82,X,0.35,4000,-1.04982,-33.2579
argon,Ar,7440-37-1,1498,L,1.4e-05,1500,-11.1765,-12.4717
argon,Ar,7440-37-1,190,L,1.4e-05,1500,-11.1765,-12.4717
argon,Ar,7440-37-1,2105,L,1.4e-05,1400,-11.1765,-11.6402
argon,Ar,7440-37-1,2375,V,1.4e-05,1400,-11.1765,-11.6402
argon,Ar,7440-37-1,2375,V,1.4e-05,1400,-11.1765,-11.6402
argon,Ar,7440-37-1,2435,M,1.4e-05,1400,-11.1765,-11.6402
argon,Ar,7440-37-1,2436,M,1.4e-05,1400,-11.1765,-11.6402
argon,Ar,7440-37-1,2557,M,1.4e-05,1500,-11.1765,-12.4717
argon,Ar,7440-37-1,2828,L,1.4e-05,1700,-11.1765,-14.1346
argon,Ar,7440-37-1,2831,M,1.4e-05,1500,-11.1765,-12.4717
argon,Ar,7440-37-1,3517,Q,7.8e-06,1200,-11.7614,-9.97736
argon,Ar,7440-37-1,3517,Q,1.1e-05,1100,-11.4176,-9.14591
argon,Ar,7440-37-1,3547,M,1.4e-05,1300,-11.1765,-10.8088
argon,Ar,7440-37-1,3567,M,1.4e-05,1500,-11.1765,-12.4717
argon,Ar,7440-37-1,3601,M,1.4e-05,1200,-11.1765,-9.97736
argon,Ar,7440-37-1,3714,M,1.6e-05,1300,-11.0429,-10.8088
argon,Ar,7440-37-1,3785,M,1.4e-05,1600,-11.1765,-13.3031
argon,Ar,7440-37-1,3789,M,1.4e-05,1400,-11.1765,-11.6402
argon,Ar,7440-37-1,379,?,1.4e-05,1500,-11.1765,-12.4717
argon,Ar,7440-37-1,3801,M,1.4e-05,1800,-11.1765,-14.966
argon,Ar,7440-37-1,3811,?,1.4e-05,1500,-11.1765,-12.4717
argon,Ar,7440-37-1,3851,L,1.4e-05,1500,-11.1765,-12.4717
argon,Ar,7440-37-1,764,M,1.3e-05,1500,-11.2506,-12.4717
argon,Ar,7440-37-1,862,M,1.5e-05,1400,-11.1075,-11.6402
arsenic hydride,AsH3,7784-42-1,190,L,8.8e-05,2100,-9.33817,-17.4604
azulene,C10H8,275-51-4,2891,M,0.15,7800,-1.89712,-64.8528
benz[a]anthracene,C18H12,56-55-3,1143,T,0.15,6100,-1.89712,-50.7182
benz[a]anthracene,C18H12,56-55-3,1943,L,0.9,7900,-0.105361,-65.6843
benz[a]anthracene,C18H12,56-55-3,2477,M,0.82,8300,-0.198451,-69.01
benzaldehyde,C6H5CHO,100-52-7,1525,L,0.38,5500,-0.967584,-45.7295
benzaldehyde,C6H5CHO,100-52-7,2016,T,0.35,5400,-1.04982,-44.8981
benzaldehyde,C6H5CHO,100-52-7,2817,M,0.32,6300,-1.13943,-52.3811
benzaldehyde,C6H5CHO,100-52-7,3518,L,0.4,5200,-0.916291,-43.2352
benzaldehyde,C6H5CHO,100-52-7,484,M,0.37,5100,-0.994252,-42.4038
benzaldehyde,C6H5CHO,100-52-7,630,M,0.42,4600,-0.867501,-38.2465
benzaldehyde,C6H5CHO,100-52-7,747,L,0.39,4800,-0.941609,-39.9094
benzaldehyde,C6H5CHO,100-52-7,985,M,0.35,7000,-1.04982,-58.2012
benzene,C6H6,71-43-2,1114,M,0.0014,3300,-6.57128,-27.4377
benzene,C6H6,71-43-2,1148,M,0.0017,4300,-6.37713,-35.7522
benzene,C6H6,71-43-2,1150,M,0.0018,4000,-6.31997,-33.2579
benzene,C6H6,71-43-2,1156,M,0.0018,3200,-6.31997,-26.6063
benzene,C6H6,71-43-2,1229,M,0.0017,4000,-6.37713,-33.2579
benzene,C6H6,71-43-2,1497,V,0.0018,3800,-6.31997,-31.595
benzene,C6H6,71-43-2,1525,L,0.0017,4200,-6.37713,-34.9207
benzene,C6H6,71-43-2,1597,M,0.0018,4200,-6.31997,-34.9207
benzene,C6H6,71-43-2,2219,V,0.0018,3600,-6.31997,-29.9321
benzene,C6H6,71-43-2,2270,M,0.0016,4300,-6.43775,-35.7522
benzene,C6H6,71-43-2,2271,M,0.0012,5300,-6.72543,-44.0667
benzene,C6H6,71-43-2,2375,V,0.0017,3800,-6.37713,-31.595
benzene,C6H6,71-43-2,2375,V,0.0017,3800,-6.37713,-31.595
benzene,C6H6,71-43-2,2453,M,0.0017,3900,-6.37713,-32.4264
benzene,C6H6,71-43-2,2463,M,0.0016,4300,-6.43775,-35.7522
benzene,C6H6,71-43-2,2471,V,0.0018,4100,-6.31997,-34.0893
benzene,C6H6,71-43-2,2522,M,0.0019,3200,-6.2659,-26.6063
benzene,C6H6,71-43-2,2645,M,0.0017,4200,-6.37713,-34.9207
benzene,C6H6,71-43-2,2891,M,0.0018,3800,-6.31997,-31.595
benzene,C6H6,71-43-2,2904,M,0.0018,2700,-6.31997,-22.449
benzene,C6H6,71-43-2,2905,M,0.0014,3300,-6.57128,-27.4377
benzene,C6H6,71-43-2,2911,M,0.0018,3600,-6.31997,-29.9321
benzene,C6H6,71-43-2,2921,M,0.0027,1400,-5.9145,-11.6402
benzene,C6H6,71-43-2,2922,M,0.0016,3800,-6.43775,-31.595
benzene,C6H6,71-43-2,2923,M,0.0018,4200,-6.31997,-34.9207
benzene,C6H6,71-43-2,2931,M,0.0017,4100,-6.37713,-34.0893
benzene,C6H6,71-43-2,2942,M,0.0018,4200,-6.31997,-34.9207
benzene,C6H6,71-43-2,2953,M,0.0017,3800,-6.37713,-31.595
benzene,C6H6,71-43-2,2981,M,0.0017,4400,-6.37713,-36.5836
benzene,C6H6,71-43-2,2982,M,0.0014,2400,-6.57128,-19.9547
benzene,C6H6,71-43-2,2984,M,0.0017,3500,-6.37713,-29.1006
benzene,C6H6,71-43-2,2996,M,0.0014,2200,-6.57128,-18.2918
benzene,C6H6,71-43-2,3518,L,0.0018,3700,-6.31997,-30.7635
benzene,C6H6,71-43-2,3673,L,0.0018,3800,-6.31997,-31.595
benzene,C6H6,71-43-2,3674,T,0.0018,3800,-6.31997,-31.595
benzene,C6H6,71-43-2,3681,L,0.0018,3800,-6.31997,-31.595
benzene,C6H6,71-43-2,584,M,0.0021,3900,-6.16582,-32.4264
benzene,C6H6,71-43-2,599,M,0.0018,3400,-6.31997,-28.2692
benzene,C6H6,71-43-2,640,M,0.0021,4500,-6.16582,-37.4151
benzene,C6H6,71-43-2,719,V,0.0018,3800,-6.31997,-31.595
benzene,C6H6,71-43-2,747,L,0.0016,4100,-6.43775,-34.0893
benzene,C6H6,71-43-2,791,M,0.0016,4500,-6.43775,-37.4151
benzene,C6H6,71-43-2,837,M,0.0019,3200,-6.2659,-26.6063
benzene,C6H6,71-43-2,858,M,0.0018,2300,-6.31997,-19.1233
benzene,C6H6,71-43-2,usepa82,X,0.0018,2200,-6.31997,-18.2918
benzene-d6,C6D6,1076-43-3,2891,M,0.0018,4000,-6.31997,-33.2579
benzene-d6,C6D6,1076-43-3,791,M,0.0016,4500,-6.43775,-37.4151
benzeneacetonitrile,C8H7N,140-29-4,3518,L,1.1,6800,0.0953102,-56.5383
benzenecarboxylic acid,C6H5COOH,65-85-0,usepa82,X,140,6500,4.94164,-54.044
benzenenitrile,C6H5CN,100-47-0,2987,M,0.29,5100,-1.23787,-42.4038
benzenenitrile,C6H5CN,100-47-0,3518,L,0.35,5600,-1.04982,-46.561
benzo[a]fluorene,C17H12,238-84-6,2477,M,0.37,4400,-0.994252,-36.5836
benzo[a]pyrene,C20H12,50-32-8,1143,T,0.82,8200,-0.198451,-68.1786
benzo[a]pyrene,C20H12,50-32-8,1146,M,22,4700,3.09104,-39.078
benzo[a]pyrene,C20H12,50-32-8,3518,L,4.5,8500,1.50408,-70.6729
benzo[a]pyrene,C20H12,50-32-8,usepa82,X,0.0016,110,-6.43775,-0.914591
benzo[b]fluoranthene,C20H12,205-99-2,1143,T,14,7500,2.63906,-62.3585
benzo[b]fluoranthene,C20H12,205-99-2,1146,M,15,5400,2.70805,-44.8981
benzo[b]fluoranthene,C20H12,205-99-2,3518,L,15,5400,2.70805,-44.8981
benzo[b]pyridine,C9H7N,91-22-5,usepa82,X,37,5400,3.61092,-44.8981
benzo[b]triphenylene,C22H14,215-58-7,3006,V,19,8600,2.94444,-71.5044
benzo[e]pyrene,C20H12,192-97-2,1143,T,2.7,8300,0.993252,-69.01
benzo[ghi]perylene,C22H12,191-24-2,1143,T,4,9200,1.38629,-76.4931
benzo[ghi]perylene,C22H12,191-24-2,1146,M,30,3200,3.4012,-26.6063
benzo[jk]fluorene,C16H10,206-44-0,1143,T,0.4,5400,-0.916291,-44.8981
benzo[jk]fluorene,C16H10,206-44-0,1146,M,1.1,6900,0.0953102,-57.3698
benzo[jk]fluorene,C16H10,206-44-0,1943,L,0.54,4800,-0.616186,-39.9094
benzo[jk]fluorene,C16H10,206-44-0,2477,M,0.51,4900,-0.673345,-40.7409
benzo[jk]fluorene,C16H10,206-44-0,3006,V,1.9,8700,0.641854,-72.3358
benzo[jk]fluorene,C16H10,206-44-0,3518,L,0.7,6900,-0.356675,-57.3698
benzo[jk]fluorene,C16H10,206-44-0,3681,L,0.58,5900,-0.544727,-49.0553
benzo[k]fluoranthene,C20H12,207-08-9,1143,T,1.5,6900,0.405465,-57.3698
benzo[k]fluoranthene,C20H12,207-08-9,1146,M,17,5900,2.83321,-49.0553
benzo[k]fluoranthene,C20H12,207-08-9,usepa82,X,0.0096,1900,-4.64599,-15.7975
benzophenone,C13H10O,119-61-9,2016,T,6.1,9400,1.80829,-78.1559
benzyl methanoate,C8H8O2,104-57-4,3518,L,2,7100,0.693147,-59.0327
bicyclo[2.2.1]heptan-2-ol,C7H12O,1632-68-4,2125,V,2.2,5000,0.788457,-41.5723
bicyclo[2.2.1]heptan-2-one,C7H10O,497-38-1,2125,V,0.43,5100,-0.84397,-42.4038
biphenyl,(C6H5)2,92-52-4,1143,T,0.0076,2900,-4.87961,-24.1119
biphenyl,(C6H5)2,92-52-4,3518,L,0.036,7000,-3.32424,-58.2012
biphenyl,(C6H5)2,92-52-4,3794,V,20,6200,2.99573,-51.5497
bis-(2-chloroethoxy)-methane,C5H10Cl2O2,111-91-1,usepa82,X,26,5500,3.2581,-45.7295
bis-(2-chloroisopropyl) ether,C6H12Cl2O,108-60-1,usepa82,X,0.064,2800,-2.74887,-23.2805
bis-(hydroxymethyl)-peroxide,HOCH2OOCH2OH,17088-73-2,800,M,4400,8400,8.38936,-69.8415
bornyl acetate,C12H20O2,5655-61-8,3216,M,0.00038,1700,-7.87534,-14.1346
bromine (molecular),Br2,7726-95-6,1943,V,0.0083,4100,-4.7915,-34.0893
bromine (molecular),Br2,7726-95-6,1945,L,0.0072,4400,-4.93367,-36.5836
bromine (molecular),Br2,7726-95-6,2626,L,0.0072,4400,-4.93367,-36.5836
bromine (molecular),Br2,7726-95-6,3245,L,0.0072,4400,-4.93367,-36.5836
bromine (molecular),Br2,7726-95-6,3500,L,0.0072,4400,-4.93367,-36.5836
bromine (molecular),Br2,7726-95-6,379,?,0.0075,3900,-4.89285,-32.4264
bromine (molecular),Br2,7726-95-6,489,T,0.0072,4000,-4.93367,-33.2579
bromine (molecular),Br2,7726-95-6,626,M,0.007,4100,-4.96185,-34.0893
bromine (molecular),Br2,7726-95-6,753,R,0.0079,3900,-4.84089,-32.4264
bromine (molecular),Br2,7726-95-6,759,M,0.018,3600,-4.01738,-29.9321
bromine (molecular),Br2,7726-95-6,862,M,0.0078,3800,-4.85363,-31.595
bromine (molecular),Br2,7726-95-6,871,M,0.0079,3600,-4.84089,-29.9321
bromine atom,Br,10097-32-2,763,T,0.00034,1800,-7.98656,-14.966
bromine chloride,BrCl,13863-41-7,1038,M,0.0093,5600,-4.67774,-46.561
bromine chloride,BrCl,13863-41-7,1945,L,0.0097,5600,-4.63563,-46.561
bromine chloride,BrCl,13863-41-7,2626,L,0.0097,5600,-4.63563,-46.561
bromine chloride,BrCl,13863-41-7,3245,L,0.0097,5600,-4.63563,-46.561
bromine chloride,BrCl,13863-41-7,3500,L,0.0097,5600,-4.63563,-46.561
bromine chloride,BrCl,13863-41-7,3770,E,0.00069,4000,-7.27882,-33.2579
bromine chloride,BrCl,13863-41-7,759,M,0.042,4000,-3.17009,-33.2579
bromobenzene,C6H5Br,108-86-1,1943,L,0.005,4200,-5.29832,-34.9207
bromobenzene,C6H5Br,108-86-1,2891,M,0.006,4300,-5.116,-35.7522
bromobenzene,C6H5Br,108-86-1,2904,M,0.0049,4200,-5.31852,-34.9207
bromobenzene,C6H5Br,108-86-1,2982,M,0.0039,2900,-5.54678,-24.1119
bromobenzene,C6H5Br,108-86-1,3518,L,0.0043,4500,-5.44914,-37.4151
bromobenzene,C6H5Br,108-86-1,903,M,0.0053,5300,-5.24005,-44.0667
bromobenzene-d5,C6D5Br,4165-57-5,2891,M,0.0065,4200,-5.03595,-34.9207
bromochloromethane,CH2BrCl,74-97-5,2891,M,0.0066,4700,-5.02069,-39.078
bromochloromethane,CH2BrCl,74-97-5,2904,M,0.0078,4600,-4.85363,-38.2465
bromodichloromethane,CHCl2Br,75-27-4,1525,L,0.004,5200,-5.52146,-43.2352
bromodichloromethane,CHCl2Br,75-27-4,1943,L,0.0048,3700,-5.33914,-30.7635
bromodichloromethane,CHCl2Br,75-27-4,1945,L,0.004,5200,-5.52146,-43.2352
bromodichloromethane,CHCl2Br,75-27-4,2271,M,0.0035,5200,-5.65499,-43.2352
bromodichloromethane,CHCl2Br,75-27-4,2626,L,0.004,5200,-5.52146,-43.2352
bromodichloromethane,CHCl2Br,75-27-4,2891,M,0.0052,4700,-5.2591,-39.078
bromodichloromethane,CHCl2Br,75-27-4,2904,M,0.0054,4400,-5.22136,-36.5836
bromodichloromethane,CHCl2Br,75-27-4,3245,L,0.004,5200,-5.52146,-43.2352
bromodichloromethane,CHCl2Br,75-27-4,3245,L,0.0039,4900,-5.54678,-40.7409
bromodichloromethane,CHCl2Br,75-27-4,3500,L,0.004,5200,-5.52146,-43.2352
bromodichloromethane,CHCl2Br,75-27-4,3500,L,0.0039,4900,-5.54678,-40.7409
bromodichloromethane,CHCl2Br,75-27-4,531,M,0.0047,5200,-5.36019,-43.2352
bromodichloromethane,CHCl2Br,75-27-4,583,M,0.0039,4800,-5.54678,-39.9094
bromodichloromethane,CHCl2Br,75-27-4,747,L,0.004,5200,-5.52146,-43.2352
bromodichloromethane,CHCl2Br,75-27-4,856,M,0.0048,4200,-5.33914,-34.9207
bromodichloromethane,CHCl2Br,75-27-4,usepa82,X,0.0046,1200,-5.3817,-9.97736
bromoethane,C2H5Br,74-96-4,3500,L,0.0013,3900,-6.64539,-32.4264
bromoethane,C2H5Br,74-96-4,3518,L,0.0013,3900,-6.64539,-32.4264
bromoethane,C2H5Br,74-96-4,863,M,0.0013,3900,-6.64539,-32.4264
bromoethanoic acid,CH2BrCOOH,79-08-3,2626,L,1500,9300,7.31322,-77.3245
bromoethanoic acid,CH2BrCOOH,79-08-3,3245,L,1500,9300,7.31322,-77.3245
bromoethanoic acid,CH2BrCOOH,79-08-3,3500,L,1500,9300,7.31322,-77.3245
bromoethanoic acid,CH2BrCOOH,79-08-3,896,M,1500,9300,7.31322,-77.3245
bromoethylmercury,C2H5HgBr,107-26-6,2577,Q,3,5200,1.09861,-43.2352
bromomethane,CH3Br,74-83-9,1340,M,0.0015,2600,-6.50229,-21.6176
bromomethane,CH3Br,74-83-9,1342,M,0.0017,3400,-6.37713,-28.2692
bromomethane,CH3Br,74-83-9,1525,L,0.0017,3100,-6.37713,-25.7748
bromomethane,CH3Br,74-83-9,190,L,0.0016,3100,-6.43775,-25.7748
bromomethane,CH3Br,74-83-9,1945,L,0.0017,3100,-6.37713,-25.7748
bromomethane,CH3Br,74-83-9,2222,M,0.0016,3200,-6.43775,-26.6063
bromomethane,CH3Br,74-83-9,2626,L,0.0017,3100,-6.37713,-25.7748
bromomethane,CH3Br,74-83-9,2891,M,0.0013,2800,-6.64539,-23.2805
bromomethane,CH3Br,74-83-9,3245,L,0.0017,3100,-6.37713,-25.7748
bromomethane,CH3Br,74-83-9,3245,L,0.0015,3000,-6.50229,-24.9434
bromomethane,CH3Br,74-83-9,3500,L,0.0015,3300,-6.50229,-27.4377
bromomethane,CH3Br,74-83-9,3500,L,0.0015,3000,-6.50229,-24.9434
bromomethane,CH3Br,74-83-9,3518,L,0.0015,3800,-6.50229,-31.595
bromomethane,CH3Br,74-83-9,3573,M,0.0018,2500,-6.31997,-20.7862
bromomethane,CH3Br,74-83-9,usepa82,X,4.4e-05,350,-10.0313,-2.91006
bromophenylmercury,C6H5HgBr,1192-89-8,2577,Q,180,6900,5.19296,-57.3698
butanal,C3H7CHO,123-72-8,1154,X,0.054,4000,-2.91877,-33.2579
butanal,C3H7CHO,123-72-8,1945,L,0.095,6200,-2.35388,-51.5497
butanal,C3H7CHO,123-72-8,2524,M,0.089,6200,-2.41912,-51.5497
butanal,C3H7CHO,123-72-8,2626,L,0.095,6200,-2.35388,-51.5497
butanal,C3H7CHO,123-72-8,3245,L,0.095,6200,-2.35388,-51.5497
butanal,C3H7CHO,123-72-8,3500,L,0.095,6200,-2.35388,-51.5497
butanal,C3H7CHO,123-72-8,3518,L,0.091,6000,-2.3969,-49.8868
butanal,C3H7CHO,123-72-8,3638,V,0.087,3500,-2.44185,-29.1006
butanal,C3H7CHO,123-72-8,630,M,0.095,6200,-2.35388,-51.5497
butane,C4H10,106-97-8,1498,L,1.3e-05,3100,-11.2506,-25.7748
butane,C4H10,106-97-8,190,L,1.2e-05,3100,-11.3306,-25.7748
butane,C4H10,106-97-8,1945,L,1.2e-05,3100,-11.3306,-25.7748
butane,C4H10,106-97-8,2375,V,1.1e-05,2900,-11.4176,-24.1119
butane,C4H10,106-97-8,2375,V,1.2e-05,3100,-11.3306,-25.7748
butane,C4H10,106-97-8,2626,L,1.2e-05,3100,-11.3306,-25.7748
butane,C4H10,106-97-8,3124,M,1.3e-05,2300,-11.2506,-19.1233
butane,C4H10,106-97-8,3245,L,1.2e-05,3100,-11.3306,-25.7748
butane,C4H10,106-97-8,3500,L,1.2e-05,3100,-11.3306,-25.7748
butane,C4H10,106-97-8,3673,L,1.2e-05,3100,-11.3306,-25.7748
butane,C4H10,106-97-8,3734,M,1.2e-05,3200,-11.3306,-26.6063
butane,C4H10,106-97-8,3783,M,1.1e-05,2900,-11.4176,-24.1119
butane,C4H10,106-97-8,3799,M,1.3e-05,3200,-11.2506,-26.6063
butane,C4H10,106-97-8,3811,?,1.2e-05,3000,-11.3306,-24.9434
butane,C4H10,106-97-8,3860,L,1.2e-05,3000,-11.3306,-24.9434
butanedinitrile,C4H4N2,110-61-2,3621,L,870,7000,6.76849,-58.2012
butanedioic acid,HOOC(CH2)2COOH,110-15-6,3022,V,4.1e+07,11000,17.5291,-91.4591
butanedioic acid,HOOC(CH2)2COOH,110-15-6,3022,V,2e+07,12000,16.8112,-99.7736
"butanedioic acid, dimethyl ester",C6H10O4,106-65-0,1940,M,30,8500,3.4012,-70.6729
butanenitrile,C3H7CN,109-74-0,2524,M,0.27,5100,-1.30933,-42.4038
butanenitrile,C3H7CN,109-74-0,3518,L,0.18,5100,-1.7148,-42.4038
butanenitrile,C3H7CN,109-74-0,3621,L,0.18,5100,-1.7148,-42.4038
butanone,C2H5COCH3,78-93-3,1154,X,0.071,5800,-2.64508,-48.2239
butanone,C2H5COCH3,78-93-3,1525,L,0.18,5400,-1.7148,-44.8981
butanone,C2H5COCH3,78-93-3,1571,M,0.027,12000,-3.61192,-99.7736
butanone,C2H5COCH3,78-93-3,1943,L,0.19,4600,-1.66073,-38.2465
butanone,C2H5COCH3,78-93-3,1945,L,0.18,5700,-1.7148,-47.3924
butanone,C2H5COCH3,78-93-3,2016,T,0.21,5500,-1.56065,-45.7295
butanone,C2H5COCH3,78-93-3,2524,M,0.21,5200,-1.56065,-43.2352
butanone,C2H5COCH3,78-93-3,2626,L,0.18,5700,-1.7148,-47.3924
butanone,C2H5COCH3,78-93-3,2825,M,0.15,4500,-1.89712,-37.4151
butanone,C2H5COCH3,78-93-3,3112,M,0.15,4400,-1.89712,-36.5836
butanone,C2H5COCH3,78-93-3,3245,L,0.18,5700,-1.7148,-47.3924
butanone,C2H5COCH3,78-93-3,3500,L,0.18,5700,-1.7148,-47.3924
butanone,C2H5COCH3,78-93-3,3518,L,0.18,5600,-1.7148,-46.561
butanone,C2H5COCH3,78-93-3,3609,M,0.13,4300,-2.04022,-35.7522
butanone,C2H5COCH3,78-93-3,3617,L,0.18,5500,-1.7148,-45.7295
butanone,C2H5COCH3,78-93-3,3638,V,0.086,3700,-2.45341,-30.7635
butanone,C2H5COCH3,78-93-3,483,M,0.17,5700,-1.77196,-47.3924
butanone,C2H5COCH3,78-93-3,630,M,0.19,5000,-1.66073,-41.5723
butanone,C2H5COCH3,78-93-3,747,L,0.2,5000,-1.60944,-41.5723
butanone,C2H5COCH3,78-93-3,858,M,0.14,4700,-1.96611,-39.078
"butanone-1,1,1,3,3-d5",C2H5COCH3,24313-50-6,2891,M,0.37,8200,-0.994252,-68.1786
butyl butanoate,C8H16O2,109-21-7,3518,L,0.017,7600,-4.07454,-63.1899
butyl butanoate,C8H16O2,109-21-7,3616,L,0.016,7600,-4.13517,-63.1899
butyl ethanoate,CH3COOC4H9,123-86-4,1154,X,0.035,7500,-3.35241,-62.3585
butyl ethanoate,CH3COOC4H9,123-86-4,3093,M,0.035,6300,-3.35241,-52.3811
butyl ethanoate,CH3COOC4H9,123-86-4,3518,L,0.038,6300,-3.27017,-52.3811
butyl ethanoate,CH3COOC4H9,123-86-4,3616,L,0.035,6300,-3.35241,-52.3811
butyl ethanoate,CH3COOC4H9,123-86-4,3640,M,0.035,7100,-3.35241,-59.0327
butyl ethanoate,CH3COOC4H9,123-86-4,628,M,0.035,6000,-3.35241,-49.8868
butyl ethanoate,CH3COOC4H9,123-86-4,857,M,0.023,4300,-3.77226,-35.7522
butyl ethanoate,CH3COOC4H9,123-86-4,usepa82,X,0.021,3200,-3.86323,-26.6063
butyl methanoate,HCOOC4H9,592-84-7,3518,L,0.026,3700,-3.64966,-30.7635
butyl propanoate,C7H14O2,590-01-2,3518,L,0.022,6900,-3.81671,-57.3698
butyl propanoate,C7H14O2,590-01-2,3616,L,0.02,7000,-3.91202,-58.2012
butylbenzene,C6H5C4H9,104-51-8,1229,M,0.00062,6000,-7.38579,-49.8868
butylbenzene,C6H5C4H9,104-51-8,2219,V,0.0017,6500,-6.37713,-54.044
butylbenzene,C6H5C4H9,104-51-8,2891,M,0.002,4500,-6.21461,-37.4151
butylbenzene,C6H5C4H9,104-51-8,2904,M,0.00091,2700,-7.00207,-22.449
butylbenzene,C6H5C4H9,104-51-8,3518,L,0.00071,5100,-7.25025,-42.4038
butylbenzene,C6H5C4H9,104-51-8,3626,T,0.00072,5300,-7.23626,-44.0667
butylbenzene,C6H5C4H9,104-51-8,3673,L,0.00071,5500,-7.25025,-45.7295
carbazole,C12H9N,86-74-8,2819,M,93,4300,4.5326,-35.7522
carbazole,C12H9N,86-74-8,3518,L,94,4300,4.54329,-35.7522
carbon dioxide,CO2,124-38-9,103,?,0.00033,2400,-8.01642,-19.9547
carbon dioxide,CO2,124-38-9,1137,R,0.00034,2400,-7.98656,-19.9547
carbon dioxide,CO2,124-38-9,1153,L,0.00034,2400,-7.98656,-19.9547
carbon dioxide,CO2,124-38-9,1779,L,0.00034,2400,-7.98656,-19.9547
carbon dioxide,CO2,124-38-9,190,L,0.00033,2400,-8.01642,-19.9547
carbon dioxide,CO2,124-38-9,1945,L,0.00033,2400,-8.01642,-19.9547
carbon dioxide,CO2,124-38-9,2105,L,0.00033,2300,-8.01642,-19.1233
carbon dioxide,CO2,124-38-9,2626,L,0.00033,2400,-8.01642,-19.9547
carbon dioxide,CO2,124-38-9,2841,M,0.00034,2400,-7.98656,-19.9547
carbon dioxide,CO2,124-38-9,3085,L,0.00034,2300,-7.98656,-19.1233
carbon dioxide,CO2,124-38-9,31,C,0.00034,2400,-7.98656,-19.9547
carbon dioxide,CO2,124-38-9,3245,L,0.00034,2300,-7.98656,-19.1233
carbon dioxide,CO2,124-38-9,3245,L,0.00028,2600,-8.18072,-21.6176
carbon dioxide,CO2,124-38-9,34,C,0.00034,2400,-7.98656,-19.9547
carbon dioxide,CO2,124-38-9,3500,L,0.00034,2300,-7.98656,-19.1233
carbon dioxide,CO2,124-38-9,3500,L,0.00028,2600,-8.18072,-21.6176
carbon dioxide,CO2,124-38-9,3540,T,0.00033,2400,-8.01642,-19.9547
carbon dioxide,CO2,124-38-9,3568,M,0.00033,2400,-8.01642,-19.9547
carbon dioxide,CO2,124-38-9,3709,M,0.00033,2300,-8.01642,-19.1233
carbon dioxide,CO2,124-38-9,3711,M,0.00033,2500,-8.01642,-20.7862
carbon dioxide,CO2,124-38-9,3717,M,0.00034,2500,-7.98656,-20.7862
carbon dioxide,CO2,124-38-9,3783,M,0.00033,2400,-8.01642,-19.9547
carbon dioxide,CO2,124-38-9,379,?,0.00033,2400,-8.01642,-19.9547
carbon dioxide,CO2,124-38-9,3811,?,0.00033,2400,-8.01642,-19.9547
carbon dioxide,CO2,124-38-9,523,?,0.00034,2400,-7.98656,-19.9547
carbon dioxide,CO2,124-38-9,540,L,0.00034,2400,-7.98656,-19.9547
carbon dioxide,CO2,124-38-9,631,L,0.00034,2300,-7.98656,-19.1233
carbon dioxide,CO2,124-38-9,87,T,0.00031,2400,-8.07894,-19.9547
carbon dioxide,CO2,124-38-9,921,M,0.00034,2300,-7.98656,-19.1233
carbon disulfide,CS2,75-15-0,1945,L,0.00061,4300,-7.40205,-35.7522
carbon disulfide,CS2,75-15-0,2626,L,0.00061,4300,-7.40205,-35.7522
carbon disulfide,CS2,75-15-0,2631,M,0.00062,3800,-7.38579,-31.595
carbon disulfide,CS2,75-15-0,2828,L,0.00061,3900,-7.40205,-32.4264
carbon disulfide,CS2,75-15-0,2891,M,0.00057,3800,-7.46987,-31.595
carbon disulfide,CS2,75-15-0,3245,L,0.00061,4300,-7.40205,-35.7522
carbon disulfide,CS2,75-15-0,3500,L,0.00061,4300,-7.40205,-35.7522
carbon disulfide,CS2,75-15-0,3618,L,0.00055,3700,-7.50559,-30.7635
carbon disulfide,CS2,75-15-0,586,M,0.00054,2800,-7.52394,-23.2805
carbon disulfide,CS2,75-15-0,862,V,0.00045,4100,-7.70626,-34.0893
carbon disulfide,CS2,75-15-0,863,M,0.00054,4300,-7.52394,-35.7522
carbon disulfide,CS2,75-15-0,usepa82,X,0.00075,1200,-7.19544,-9.97736
carbon monoxide,CO,630-08-0,190,L,9.4e-06,1300,-11.5748,-10.8088
carbon monoxide,CO,630-08-0,1911,M,7.9e-06,1200,-11.7486,-9.97736
carbon monoxide,CO,630-08-0,1945,L,9.7e-06,1300,-11.5434,-10.8088
carbon monoxide,CO,630-08-0,2105,L,9.7e-06,1300,-11.5434,-10.8088
carbon monoxide,CO,630-08-0,2626,L,9.7e-06,1300,-11.5434,-10.8088
carbon monoxide,CO,630-08-0,2828,L,9.7e-06,1300,-11.5434,-10.8088
carbon monoxide,CO,630-08-0,2834,M,9.4e-06,1300,-11.5748,-10.8088
carbon monoxide,CO,630-08-0,3245,L,9.7e-06,1300,-11.5434,-10.8088
carbon monoxide,CO,630-08-0,3245,L,8e-06,1400,-11.7361,-11.6402
carbon monoxide,CO,630-08-0,3500,L,9.7e-06,1300,-11.5434,-10.8088
carbon monoxide,CO,630-08-0,3500,L,8e-06,1400,-11.7361,-11.6402
carbon monoxide,CO,630-08-0,3529,M,9.7e-06,1300,-11.5434,-10.8088
carbon monoxide,CO,630-08-0,3717,M,9.5e-06,1200,-11.5642,-9.97736
carbon monoxide,CO,630-08-0,3777,M,7e-06,1500,-11.8696,-12.4717
carbon monoxide,CO,630-08-0,379,?,9.4e-06,1400,-11.5748,-11.6402
carbon monoxide,CO,630-08-0,3811,?,9.4e-06,1300,-11.5748,-10.8088
carbon oxide sulfide,OCS,463-58-1,190,L,0.00021,3000,-8.4684,-24.9434
carbon oxide sulfide,OCS,463-58-1,1945,L,0.0002,3500,-8.51719,-29.1006
carbon oxide sulfide,OCS,463-58-1,2626,L,0.0002,3500,-8.51719,-29.1006
carbon oxide sulfide,OCS,463-58-1,2828,L,0.00021,3300,-8.4684,-27.4377
carbon oxide sulfide,OCS,463-58-1,3119,M,0.00015,3500,-8.80488,-29.1006
carbon oxide sulfide,OCS,463-58-1,3245,L,0.0002,3500,-8.51719,-29.1006
carbon oxide sulfide,OCS,463-58-1,3500,L,0.0002,3500,-8.51719,-29.1006
carbon oxide sulfide,OCS,463-58-1,3718,M,0.00021,3300,-8.4684,-27.4377
carbon oxide sulfide,OCS,463-58-1,3811,?,0.00021,3000,-8.4684,-24.9434
carbon oxide sulfide,OCS,463-58-1,524,M,0.00015,3800,-8.80488,-31.595
carbon oxide sulfide,OCS,463-58-1,586,M,0.00022,2100,-8.42188,-17.4604
carbon oxide sulfide,OCS,463-58-1,862,M,0.00021,3300,-8.4684,-27.4377
"carbonic acid, diethyl ester",C5H10O3,105-58-8,3245,L,0.1,6000,-2.30259,-49.8868
"carbonic acid, diethyl ester",C5H10O3,105-58-8,3302,M,0.11,6100,-2.20727,-50.7182
"carbonic acid, diethyl ester",C5H10O3,105-58-8,3500,L,0.1,6000,-2.30259,-49.8868
"carbonic acid, diethyl ester",C5H10O3,105-58-8,3518,L,0.1,6400,-2.30259,-53.2126
"carbonic acid, diethyl ester",C5H10O3,105-58-8,3523,V,0.1,6100,-2.30259,-50.7182
"carbonic acid, dimethyl ester",C3H6O3,616-38-6,3245,L,0.16,4900,-1.83258,-40.7409
"carbonic acid, dimethyl ester",C3H6O3,616-38-6,3302,M,0.16,4900,-1.83258,-40.7409
"carbonic acid, dimethyl ester",C3H6O3,616-38-6,3500,L,0.16,4900,-1.83258,-40.7409
"carbonic acid, dimethyl ester",C3H6O3,616-38-6,3518,L,0.15,5000,-1.89712,-41.5723
"carbonic acid, dimethyl ester",C3H6O3,616-38-6,3523,V,0.16,5000,-1.83258,-41.5723
chloramine,NH2Cl,10599-90-3,1945,L,0.86,6000,-0.150823,-49.8868
chloramine,NH2Cl,10599-90-3,2626,L,0.86,6000,-0.150823,-49.8868
chloramine,NH2Cl,10599-90-3,287,M,0.92,4800,-0.0833816,-39.9094
chloramine,NH2Cl,10599-90-3,3245,L,0.86,6000,-0.150823,-49.8868
chloramine,NH2Cl,10599-90-3,3500,L,0.86,6000,-0.150823,-49.8868
chlorine (molecular),Cl2,7782-50-5,1230,R,0.00074,2600,-7.20886,-21.6176
chlorine (molecular),Cl2,7782-50-5,3535,M,0.00061,3200,-7.40205,-26.6063
chlorine (molecular),Cl2,7782-50-5,3541,M,0.00062,3500,-7.38579,-29.1006
chlorine (molecular),Cl2,7782-50-5,3937,M,0.0006,3000,-7.41858,-24.9434
chlorine (molecular),Cl2,7782-50-5,489,T,0.00061,2800,-7.40205,-23.2805
chlorine atom,Cl,22537-15-1,763,T,0.00015,1500,-8.80488,-12.4717
chlorine dioxide,ClO2,10049-04-4,190,L,0.01,3300,-4.60517,-27.4377
chlorine dioxide,ClO2,10049-04-4,1945,L,0.01,3500,-4.60517,-29.1006
chlorine dioxide,ClO2,10049-04-4,2626,L,0.01,3500,-4.60517,-29.1006
chlorine dioxide,ClO2,10049-04-4,3245,L,0.01,3500,-4.60517,-29.1006
chlorine dioxide,ClO2,10049-04-4,3500,L,0.01,3500,-4.60517,-29.1006
chlorine dioxide,ClO2,10049-04-4,3811,?,0.01,3300,-4.60517,-27.4377
chlorine dioxide,ClO2,10049-04-4,3857,L,0.01,3300,-4.60517,-27.4377
chlorine dioxide,ClO2,10049-04-4,3951,?,0.011,3100,-4.50986,-25.7748
chlorine dioxide,ClO2,10049-04-4,3956,M,0.01,3200,-4.60517,-26.6063
chlorine dioxide,ClO2,10049-04-4,3965,M,0.011,3100,-4.50986,-25.7748
chlorine dioxide,ClO2,10049-04-4,3967,M,0.0066,1200,-5.02069,-9.97736
chlorine dioxide,ClO2,10049-04-4,3969,M,0.0097,3600,-4.63563,-29.9321
chlorine nitrate,ClNO3,14545-72-3,3961,Q,0.07,4500,-2.65926,-37.4151
chloro-2-propanone,CH2ClCOCH3,78-95-5,2626,L,0.58,5400,-0.544727,-44.8981
chloro-2-propanone,CH2ClCOCH3,78-95-5,3245,L,0.58,5400,-0.544727,-44.8981
chloro-2-propanone,CH2ClCOCH3,78-95-5,3500,L,0.58,5400,-0.544727,-44.8981
chloro-2-propanone,CH2ClCOCH3,78-95-5,495,M,0.58,5400,-0.544727,-44.8981
chlorobenzene,C6H5Cl,108-90-7,1107,M,0.0025,4300,-5.99146,-35.7522
chlorobenzene,C6H5Cl,108-90-7,1148,M,0.003,3100,-5.80914,-25.7748
chlorobenzene,C6H5Cl,108-90-7,1150,M,0.003,3500,-5.80914,-29.1006
chlorobenzene,C6H5Cl,108-90-7,1156,M,0.0025,2700,-5.99146,-22.449
chlorobenzene,C6H5Cl,108-90-7,1525,L,0.0027,3800,-5.9145,-31.595
chlorobenzene,C6H5Cl,108-90-7,1943,V,0.0029,2400,-5.84304,-19.9547
chlorobenzene,C6H5Cl,108-90-7,2270,M,0.0024,4700,-6.03229,-39.078
chlorobenzene,C6H5Cl,108-90-7,2271,M,0.0029,4200,-5.84304,-34.9207
chlorobenzene,C6H5Cl,108-90-7,2891,M,0.0037,4400,-5.59942,-36.5836
chlorobenzene,C6H5Cl,108-90-7,2904,M,0.003,3600,-5.80914,-29.9321
chlorobenzene,C6H5Cl,108-90-7,2905,M,0.0019,1700,-6.2659,-14.1346
chlorobenzene,C6H5Cl,108-90-7,2931,M,0.003,2900,-5.80914,-24.1119
chlorobenzene,C6H5Cl,108-90-7,2982,M,0.0017,1300,-6.37713,-10.8088
chlorobenzene,C6H5Cl,108-90-7,2996,M,0.0015,2300,-6.50229,-19.1233
chlorobenzene,C6H5Cl,108-90-7,3518,L,0.0026,3600,-5.95224,-29.9321
chlorobenzene,C6H5Cl,108-90-7,3681,L,0.0024,3700,-6.03229,-30.7635
chlorobenzene,C6H5Cl,108-90-7,3681,M,0.002,3800,-6.21461,-31.595
chlorobenzene,C6H5Cl,108-90-7,640,M,0.0028,4900,-5.87814,-40.7409
chlorobenzene,C6H5Cl,108-90-7,747,L,0.0027,3800,-5.9145,-31.595
chlorobenzene,C6H5Cl,108-90-7,858,M,0.0031,2900,-5.77635,-24.1119
chlorobenzene,C6H5Cl,108-90-7,usepa82,X,0.0025,2100,-5.99146,-17.4604
chlorobenzene-d5,C6D5Cl,3114-55-4,2891,M,0.0036,4500,-5.62682,-37.4151
chlorobutylmercury,C4H9HgCl,543-63-5,2577,Q,8.8,6300,2.17475,-52.3811
chlorocyclohexane,C6H11Cl,542-18-7,2923,M,0.0028,3300,-5.87814,-27.4377
chlorodifluoroethanoic acid,CF2ClCOOH,76-04-0,2626,L,250,10000,5.52146,-83.1446
chlorodifluoroethanoic acid,CF2ClCOOH,76-04-0,3245,L,250,10000,5.52146,-83.1446
chlorodifluoroethanoic acid,CF2ClCOOH,76-04-0,3500,L,250,10000,5.52146,-83.1446
chlorodifluoroethanoic acid,CF2ClCOOH,76-04-0,896,M,240,10000,5.48064,-83.1446
chlorodifluoromethane,CHF2Cl,75-45-6,1014,V,0.00033,3600,-8.01642,-29.9321
chlorodifluoromethane,CHF2Cl,75-45-6,190,L,0.00034,3400,-7.98656,-28.2692
chlorodifluoromethane,CHF2Cl,75-45-6,2013,M,0.00035,3000,-7.95758,-24.9434
chlorodifluoromethane,CHF2Cl,75-45-6,2121,M,0.00017,3500,-8.67971,-29.1006
chlorodifluoromethane,CHF2Cl,75-45-6,2552,M,0.00035,2600,-7.95758,-21.6176
chlorodifluoromethane,CHF2Cl,75-45-6,2626,L,0.00034,3400,-7.98656,-28.2692
chlorodifluoromethane,CHF2Cl,75-45-6,3245,L,0.00035,2600,-7.95758,-21.6176
chlorodifluoromethane,CHF2Cl,75-45-6,3245,L,0.00032,2700,-8.04719,-22.449
chlorodifluoromethane,CHF2Cl,75-45-6,3500,L,0.00035,2600,-7.95758,-21.6176
chlorodifluoromethane,CHF2Cl,75-45-6,3500,L,0.00032,2700,-8.04719,-22.449
chlorodifluoromethane,CHF2Cl,75-45-6,3564,M,0.00029,3100,-8.14563,-25.7748
chlorodifluoromethane,CHF2Cl,75-45-6,3570,Q,0.00034,3100,-7.98656,-25.7748
chlorodifluoromethane,CHF2Cl,75-45-6,921,M,0.00034,3000,-7.98656,-24.9434
chlorodifluoromethane,CHF2Cl,75-45-6,923,M,0.00035,3100,-7.95758,-25.7748
chlorodifluoronitrooxymethane,CClF2OONO2,70490-95-8,498,E,0.029,5900,-3.54046,-49.0553
chloroethane,C2H5Cl,75-00-3,1156,M,0.00079,2600,-7.14348,-21.6176
chloroethane,C2H5Cl,75-00-3,1525,L,0.00084,2900,-7.08211,-24.1119
chloroethane,C2H5Cl,75-00-3,1855,L,0.00083,2800,-7.09408,-23.2805
chloroethane,C2H5Cl,75-00-3,2013,M,0.00093,3300,-6.98033,-27.4377
chloroethane,C2H5Cl,75-00-3,2824,M,0.00076,3100,-7.18219,-25.7748
chloroethane,C2H5Cl,75-00-3,2891,M,0.00085,3200,-7.07027,-26.6063
chloroethane,C2H5Cl,75-00-3,3245,L,0.00083,2800,-7.09408,-23.2805
chloroethane,C2H5Cl,75-00-3,3500,L,0.00081,2900,-7.11848,-24.1119
chloroethane,C2H5Cl,75-00-3,3518,L,0.00081,2900,-7.11848,-24.1119
chloroethane,C2H5Cl,75-00-3,3681,L,0.00081,3000,-7.11848,-24.9434
chloroethane,C2H5Cl,75-00-3,3696,L,0.00073,3500,-7.22247,-29.1006
chloroethane,C2H5Cl,75-00-3,532,M,0.00088,3100,-7.03559,-25.7748
chloroethane,C2H5Cl,75-00-3,747,L,0.00083,2900,-7.09408,-24.1119
chloroethane,C2H5Cl,75-00-3,923,M,0.00089,3200,-7.02429,-26.6063
chloroethane,C2H5Cl,75-00-3,usepa82,X,0.00068,750,-7.29342,-6.23585
chloroethanoic acid,CH2ClCOOH,79-11-8,2626,L,1100,9700,7.00307,-80.6503
chloroethanoic acid,CH2ClCOOH,79-11-8,3245,L,1100,9700,7.00307,-80.6503
chloroethanoic acid,CH2ClCOOH,79-11-8,3500,L,1100,9700,7.00307,-80.6503
chloroethanoic acid,CH2ClCOOH,79-11-8,896,M,1100,9700,7.00307,-80.6503
chloroethene,CH2CHCl,75-01-4,1156,M,0.0004,2900,-7.82405,-24.1119
chloroethene,CH2CHCl,75-01-4,1525,L,0.00039,3100,-7.84936,-25.7748
chloroethene,CH2CHCl,75-01-4,1855,L,0.00038,3100,-7.87534,-25.7748
chloroethene,CH2CHCl,75-01-4,190,L,0.00045,3000,-7.70626,-24.9434
chloroethene,CH2CHCl,75-01-4,2824,M,0.00041,2300,-7.79935,-19.1233
chloroethene,CH2CHCl,75-01-4,2891,M,0.00039,3200,-7.84936,-26.6063
chloroethene,CH2CHCl,75-01-4,3245,L,0.00038,3100,-7.87534,-25.7748
chloroethene,CH2CHCl,75-01-4,3500,L,0.00038,3100,-7.87534,-25.7748
chloroethene,CH2CHCl,75-01-4,3518,L,0.00043,3000,-7.75173,-24.9434
chloroethene,CH2CHCl,75-01-4,3681,L,0.00041,2500,-7.79935,-20.7862
chloroethene,CH2CHCl,75-01-4,3681,M,0.00039,2400,-7.84936,-19.9547
chloroethene,CH2CHCl,75-01-4,3811,?,0.00039,2700,-7.84936,-22.449
chloroethene,CH2CHCl,75-01-4,532,M,0.00037,3300,-7.90201,-27.4377
chloroethene,CH2CHCl,75-01-4,747,L,0.00039,3100,-7.84936,-25.7748
chloroethene-d3,CD2CDCl,6745-35-3,2891,M,0.00038,3100,-7.87534,-25.7748
chloroethylmercury,C2H5HgCl,107-27-7,2577,Q,15,5600,2.70805,-46.561
chlorofluoromethane,CH2FCl,593-70-4,190,L,0.0015,2600,-6.50229,-21.6176
chlorofluoromethane,CH2FCl,593-70-4,2552,M,0.0015,2300,-6.50229,-19.1233
chloroiodomethane,CH2ClI,593-71-5,3245,L,0.0084,5100,-4.77952,-42.4038
chloroiodomethane,CH2ClI,593-71-5,3500,L,0.0084,5100,-4.77952,-42.4038
chloroiodomethane,CH2ClI,593-71-5,3564,M,0.0083,6200,-4.7915,-51.5497
chloroiodomethane,CH2ClI,593-71-5,583,M,0.0091,4100,-4.69948,-34.0893
chloroisopropylmercury,C3H7HgCl,30615-19-1,2577,Q,9.9,6000,2.29253,-49.8868
chloromethane,CH3Cl,74-87-3,1026,M,0.00088,3200,-7.03559,-26.6063
chloromethane,CH3Cl,74-87-3,1340,M,0.0011,2600,-6.81245,-21.6176
chloromethane,CH3Cl,74-87-3,1342,M,0.0011,3000,-6.81245,-24.9434
chloromethane,CH3Cl,74-87-3,1525,L,0.0011,3300,-6.81245,-27.4377
chloromethane,CH3Cl,74-87-3,1855,L,0.0011,3300,-6.81245,-27.4377
chloromethane,CH3Cl,74-87-3,190,L,0.001,2800,-6.90776,-23.2805
chloromethane,CH3Cl,74-87-3,1945,L,0.0013,3300,-6.64539,-27.4377
chloromethane,CH3Cl,74-87-3,2013,M,0.00085,2800,-7.07027,-23.2805
chloromethane,CH3Cl,74-87-3,2222,M,0.001,2900,-6.90776,-24.1119
chloromethane,CH3Cl,74-87-3,2552,M,0.00099,2500,-6.91781,-20.7862
chloromethane,CH3Cl,74-87-3,2626,L,0.0013,3300,-6.64539,-27.4377
chloromethane,CH3Cl,74-87-3,2824,M,0.00091,2000,-7.00207,-16.6289
chloromethane,CH3Cl,74-87-3,2891,M,0.00079,2400,-7.14348,-19.9547
chloromethane,CH3Cl,74-87-3,3245,L,0.0011,3300,-6.81245,-27.4377
chloromethane,CH3Cl,74-87-3,3245,L,0.00087,3400,-7.04702,-28.2692
chloromethane,CH3Cl,74-87-3,3500,L,0.001,2900,-6.90776,-24.1119
chloromethane,CH3Cl,74-87-3,3500,L,0.00087,3400,-7.04702,-28.2692
chloromethane,CH3Cl,74-87-3,3518,L,0.001,2800,-6.90776,-23.2805
chloromethane,CH3Cl,74-87-3,3681,L,0.001,2900,-6.90776,-24.1119
chloromethane,CH3Cl,74-87-3,532,M,0.0012,4200,-6.72543,-34.9207
chloromethane,CH3Cl,74-87-3,583,M,0.00093,3300,-6.98033,-27.4377
chloromethylmercury,CH3HgCl,115-09-3,2288,M,22,1800,3.09104,-14.966
chloromethylmercury,CH3HgCl,115-09-3,3070,C,20,4100,2.99573,-34.0893
chloropentafluoroethane,C2F5Cl,76-15-3,190,L,3.4e-06,2800,-12.5917,-23.2805
chloropentafluoroethane,C2F5Cl,76-15-3,2013,M,3.1e-06,2100,-12.6841,-17.4604
chloropentylmercury,C5H11HgCl,544-15-0,2577,Q,7,6700,1.94591,-55.7069
chlorophenylmercury,C6H5HgCl,100-56-1,2577,Q,920,7400,6.82437,-61.527
chloropropylmercury,C3H7HgCl,2440-40-6,2577,Q,12,5900,2.48491,-49.0553
chlorotrifluoromethane,CF3Cl,75-72-9,190,L,9.3e-06,1600,-11.5855,-13.3031
chlorotrifluoromethane,CF3Cl,75-72-9,2013,M,8.9e-06,1900,-11.6295,-15.7975
chlorotrifluoromethane,CF3Cl,75-72-9,2485,M,9e-06,2100,-11.6183,-17.4604
chlorotrifluoromethane,CF3Cl,75-72-9,2626,L,9.9e-06,1700,-11.523,-14.1346
chlorotrifluoromethane,CF3Cl,75-72-9,3245,L,9.9e-06,1700,-11.523,-14.1346
chlorotrifluoromethane,CF3Cl,75-72-9,3245,L,8e-06,1500,-11.7361,-12.4717
chlorotrifluoromethane,CF3Cl,75-72-9,3500,L,9.9e-06,1700,-11.523,-14.1346
chlorotrifluoromethane,CF3Cl,75-72-9,3500,L,8e-06,1500,-11.7361,-12.4717
chlorotrifluoromethane,CF3Cl,75-72-9,3569,M,9e-06,2100,-11.6183,-17.4604
chlorpyrifos,C9H11Cl3NO3PS,2921-88-2,2814,M,0.22,7800,-1.51413,-64.8528
chrysene,C18H12,218-01-9,1143,T,0.2,6400,-1.60944,-53.2126
chrysene,C18H12,218-01-9,2477,M,1.9,13000,0.641854,-108.088
chrysene,C18H12,218-01-9,3518,L,15,12000,2.70805,-99.7736
"cis-1,2-dimethylcyclohexane",C6H10(CH3)2,2207-01-4,2936,M,2.7e-05,4600,-10.5197,-38.2465
"cis-1,2-dimethylcyclohexane",C6H10(CH3)2,2207-01-4,3518,L,2.6e-05,4600,-10.5574,-38.2465
"cis-1,3-dichloropropene",C3H4Cl2,10061-01-5,2891,M,0.0095,5500,-4.65646,-45.7295
"cis-1,3-dichloropropene",C3H4Cl2,10061-01-5,2904,M,0.0063,4300,-5.06721,-35.7522
"cis-1,3-dichloropropene",C3H4Cl2,10061-01-5,3086,M,0.005,5800,-5.29832,-48.2239
cis-chlordane,C10H6Cl8,5103-71-9,1143,T,0.0048,7300,-5.33914,-60.6956
cis-chlordane,C10H6Cl8,5103-71-9,2492,M,0.037,4100,-3.29684,-34.0893
cis-chlordane,C10H6Cl8,5103-71-9,2814,M,0.15,6100,-1.89712,-50.7182
cis-nonachlor,C10H5Cl9,5103-73-1,2814,M,1.4,5100,0.336472,-42.4038
cyano radical,CN,2074-87-5,763,T,0.00078,1400,-7.15622,-11.6402
cycloheptane,C7H14,291-64-5,3673,L,0.0001,3100,-9.21034,-25.7748
cycloheptanol,C7H13OH,502-41-0,2377,T,4.2,9000,1.43508,-74.8302
cycloheptanol,C7H13OH,502-41-0,3673,L,4.6,9000,1.52606,-74.8302
cyclohexanamine,C6H13N,108-91-8,2123,V,2.2,7800,0.788457,-64.8528
cyclohexanamine,C6H13N,108-91-8,3518,L,2.2,7500,0.788457,-62.3585
cyclohexane,C6H12,110-82-7,1107,M,5.2e-05,4500,-9.86427,-37.4151
cyclohexane,C6H12,110-82-7,1156,M,5.5e-05,3200,-9.80818,-26.6063
cyclohexane,C6H12,110-82-7,2891,M,0.00032,5400,-8.04719,-44.8981
cyclohexane,C6H12,110-82-7,2911,M,5.4e-05,3400,-9.82653,-28.2692
cyclohexane,C6H12,110-82-7,2980,M,5.4e-05,3800,-9.82653,-31.595
cyclohexane,C6H12,110-82-7,3518,L,5.1e-05,3900,-9.88368,-32.4264
cyclohexane,C6H12,110-82-7,3673,L,5.3e-05,4000,-9.84522,-33.2579
cyclohexane,C6H12,110-82-7,3674,T,5.4e-05,4000,-9.82653,-33.2579
cyclohexane,C6H12,110-82-7,857,M,5.4e-05,3800,-9.82653,-31.595
cyclohexane,C6H12,110-82-7,usepa82,X,6.2e-05,710,-9.68838,-5.90327
"cyclohexanecarboxylic acid, methyl ester",C6H11COOCH3,4630-82-4,2016,T,0.11,7200,-2.20727,-59.8641
cyclohexanol,C6H11OH,108-93-0,2377,T,4.1,8500,1.41099,-70.6729
cyclohexanol,C6H11OH,108-93-0,3518,L,4.3,7700,1.45862,-64.0214
cyclohexanol,C6H11OH,108-93-0,3609,M,4.3,7700,1.45862,-64.0214
cyclohexanol,C6H11OH,108-93-0,3673,L,4.4,8500,1.4816,-70.6729
cyclohexanone,C6H10O,108-94-1,3518,L,1.5,6400,0.405465,-53.2126
cyclohexanone,C6H10O,108-94-1,3609,M,0.86,5100,-0.150823,-42.4038
cyclohexene,C6H10,110-83-8,2923,M,0.00033,2000,-8.01642,-16.6289
cyclohexene,C6H10,110-83-8,3518,L,0.00029,3600,-8.14563,-29.9321
cyclohexyl ethanoate,C8H14O2,622-45-7,3518,L,0.1,7000,-2.30259,-58.2012
cyclohexyl methyl ketone,C6H11COCH3,823-76-7,2016,T,0.29,7200,-1.23787,-59.8641
cyclooctane,C8H16,292-64-8,2936,M,6.9e-05,4700,-9.5814,-39.078
cyclooctane,C8H16,292-64-8,3518,L,7.3e-05,4800,-9.52505,-39.9094
cyclooctane,C8H16,292-64-8,3673,L,9.3e-05,3800,-9.28291,-31.595
cyclooctene,C8H14,931-88-4,2936,M,0.00021,4300,-8.4684,-35.7522
cyclooctene,C8H14,931-88-4,3518,L,0.00021,4300,-8.4684,-35.7522
cyclopentane,C5H10,287-92-3,3518,L,5.8e-05,3500,-9.75507,-29.1006
cyclopentane,C5H10,287-92-3,3673,L,5.5e-05,3200,-9.80818,-26.6063
cyclopentane,C5H10,287-92-3,903,M,6.5e-05,3400,-9.64112,-28.2692
cyclopentanol,C5H9OH,96-41-3,2377,T,4.3,8000,1.45862,-66.5157
cyclopentanol,C5H9OH,96-41-3,3609,M,2.2,5900,0.788457,-49.0553
cyclopentanol,C5H9OH,96-41-3,3673,L,4.2,8200,1.43508,-68.1786
cyclopentanone,C5H8O,120-92-3,3518,L,1.2,5800,0.182322,-48.2239
cyclopentanone,C5H8O,120-92-3,3609,M,0.82,4900,-0.198451,-40.7409
cyclopentene,C5H8,142-29-0,2923,M,0.00023,2200,-8.37743,-18.2918
cyclopentene,C5H8,142-29-0,3518,L,0.0002,3300,-8.51719,-27.4377
cyclopropane,C3H6,75-19-4,190,L,0.00011,1600,-9.11503,-13.3031
cyclopropane,C3H6,75-19-4,3673,L,0.00012,2800,-9.02802,-23.2805
cyclopropane,C3H6,75-19-4,3696,L,0.00011,2300,-9.11503,-19.1233
cyclopropane,C3H6,75-19-4,3710,M,0.00011,2000,-9.11503,-16.6289
cyclopropane,C3H6,75-19-4,3811,?,0.00011,1600,-9.11503,-13.3031
"cyclopropanecarboxylic acid, methyl ester",C5H8O2,2868-37-3,2016,T,0.41,6100,-0.891598,-50.7182
decabromodiphenyl ether,C12Br10O,1163-19-5,2468,M,18,7900,2.89037,-65.6843
decabromodiphenyl ether,C12Br10O,1163-19-5,3683,M,18,7600,2.89037,-63.1899
decabromodiphenyl ether,C12Br10O,1163-19-5,3683,Q,27,7400,3.29584,-61.527
decachlorobiphenyl,C12Cl10,2051-24-3,2563,V,0.00067,7200,-7.30823,-59.8641
decafluorobiphenyl,C10F10,434-90-2,2891,M,0.0067,3600,-5.00565,-29.9321
decahydronaphthalene,C10H18,91-17-8,1156,M,7.2e-05,4100,-9.53884,-34.0893
decanal,C9H19CHO,112-31-2,3518,L,0.0063,8900,-5.06721,-73.9987
decanal,C9H19CHO,112-31-2,630,M,0.006,8700,-5.116,-72.3358
deuterium,D2,7782-39-0,3926,M,7.9e-06,720,-11.7486,-5.98641
deuterium,D2,7782-39-0,3926,M,7.9e-06,720,-11.7486,-5.98641
deuterium sulfide,D2S,13536-94-2,3917,M,0.00099,2100,-6.91781,-17.4604
di-(2-propyl)-sulfide,(C3H7)2S,625-80-9,3518,L,0.0028,4900,-5.87814,-40.7409
di-(2-propyl)-sulfide,(C3H7)2S,625-80-9,522,M,0.003,5000,-5.80914,-41.5723
diazinon,C12H21N2O3PS,333-41-5,2818,M,15,12000,2.70805,-99.7736
"dibenz[a,h]anthracene",C22H14,53-70-3,1143,T,1.2,7800,0.182322,-64.8528
"dibenz[a,h]anthracene",C22H14,53-70-3,3006,V,180,12000,5.19296,-99.7736
dibenzofuran,C12H8O,132-64-9,3518,L,0.074,5800,-2.60369,-48.2239
dibromochloromethane,CHClBr2,124-48-1,1156,M,0.0085,6400,-4.76769,-53.2126
dibromochloromethane,CHClBr2,124-48-1,1525,L,0.0086,5500,-4.75599,-45.7295
dibromochloromethane,CHClBr2,124-48-1,1943,L,0.0087,4400,-4.74443,-36.5836
dibromochloromethane,CHClBr2,124-48-1,1945,L,0.0086,5500,-4.75599,-45.7295
dibromochloromethane,CHClBr2,124-48-1,2271,M,0.0085,5000,-4.76769,-41.5723
dibromochloromethane,CHClBr2,124-48-1,2626,L,0.0086,5500,-4.75599,-45.7295
dibromochloromethane,CHClBr2,124-48-1,2891,M,0.011,5300,-4.50986,-44.0667
dibromochloromethane,CHClBr2,124-48-1,2904,M,0.0098,5100,-4.62537,-42.4038
dibromochloromethane,CHClBr2,124-48-1,3245,L,0.0086,5500,-4.75599,-45.7295
dibromochloromethane,CHClBr2,124-48-1,3245,L,0.0072,5200,-4.93367,-43.2352
dibromochloromethane,CHClBr2,124-48-1,3500,L,0.0086,5500,-4.75599,-45.7295
dibromochloromethane,CHClBr2,124-48-1,3500,L,0.0072,5200,-4.93367,-43.2352
dibromochloromethane,CHClBr2,124-48-1,531,M,0.0086,5200,-4.75599,-43.2352
dibromochloromethane,CHClBr2,124-48-1,583,M,0.0074,4600,-4.90628,-38.2465
dibromochloromethane,CHClBr2,124-48-1,747,L,0.0085,5500,-4.76769,-45.7295
dibromochloromethane,CHClBr2,124-48-1,856,M,0.0093,4600,-4.67774,-38.2465
dibromochloromethane,CHClBr2,124-48-1,usepa82,X,0.012,2500,-4.42285,-20.7862
dibromoethanoic acid,CHBr2COOH,631-64-1,2626,L,2300,8900,7.74066,-73.9987
dibromoethanoic acid,CHBr2COOH,631-64-1,3245,L,2300,8900,7.74066,-73.9987
dibromoethanoic acid,CHBr2COOH,631-64-1,3500,L,2300,8900,7.74066,-73.9987
dibromoethanoic acid,CHBr2COOH,631-64-1,896,M,2200,8900,7.69621,-73.9987
dibromomethane,CH2Br2,74-95-3,1943,V,0.013,4200,-4.34281,-34.9207
dibromomethane,CH2Br2,74-95-3,2891,M,0.012,5000,-4.42285,-41.5723
dibromomethane,CH2Br2,74-95-3,2904,M,0.012,4900,-4.42285,-40.7409
dibromomethane,CH2Br2,74-95-3,3245,L,0.009,4600,-4.71053,-38.2465
dibromomethane,CH2Br2,74-95-3,3500,L,0.012,4300,-4.42285,-35.7522
dibromomethane,CH2Br2,74-95-3,3500,L,0.009,4600,-4.71053,-38.2465
dibromomethane,CH2Br2,74-95-3,3518,L,0.012,4300,-4.42285,-35.7522
dibromomethane,CH2Br2,74-95-3,3564,M,0.0089,4400,-4.7217,-36.5836
dibromomethane,CH2Br2,74-95-3,583,M,0.0097,3800,-4.63563,-31.595
dibromomethane,CH2Br2,74-95-3,855,M,0.011,4000,-4.50986,-33.2579
dibromomethane,CH2Br2,74-95-3,856,M,0.011,4100,-4.50986,-34.0893
dibromomethane,CH2Br2,74-95-3,863,M,0.011,4400,-4.50986,-36.5836
dibutyl ether,C4H9OC4H9,142-96-1,3518,L,0.0021,6700,-6.16582,-55.7069
dibutyl ether,C4H9OC4H9,142-96-1,3691,M,0.0072,10000,-4.93367,-83.1446
dibutyl phthalate,C16H22O4,84-74-2,3518,L,11,12000,2.3979,-99.7736
dibutylmercury,C8H18Hg,629-35-6,2577,Q,0.00029,5400,-8.14563,-44.8981
dichloramine,NHCl2,3400-09-7,1945,L,0.29,4200,-1.23787,-34.9207
dichloramine,NHCl2,3400-09-7,2626,L,0.29,4200,-1.23787,-34.9207
dichloramine,NHCl2,3400-09-7,287,M,0.28,4200,-1.27297,-34.9207
dichloramine,NHCl2,3400-09-7,3245,L,0.29,4200,-1.23787,-34.9207
dichloramine,NHCl2,3400-09-7,3500,L,0.29,4200,-1.23787,-34.9207
dichlorine monoxide,Cl2O,7791-21-1,this,R,0.034,5900,-3.38139,-49.0553
dichlorine monoxide,Cl2O,7791-21-1,this,R,0.076,5600,-2.57702,-46.561
dichlorodifluoromethane,CF2Cl2,75-71-8,1525,L,3.1e-05,3500,-10.3815,-29.1006
dichlorodifluoromethane,CF2Cl2,75-71-8,190,L,2.1e-05,1800,-10.771,-14.966
dichlorodifluoromethane,CF2Cl2,75-71-8,1945,L,3e-05,3500,-10.4143,-29.1006
dichlorodifluoromethane,CF2Cl2,75-71-8,2013,M,3e-05,3000,-10.4143,-24.9434
dichlorodifluoromethane,CF2Cl2,75-71-8,2240,M,2.9e-05,3200,-10.4482,-26.6063
dichlorodifluoromethane,CF2Cl2,75-71-8,2243,M,3.1e-05,3500,-10.3815,-29.1006
dichlorodifluoromethane,CF2Cl2,75-71-8,2485,M,2.9e-05,2900,-10.4482,-24.1119
dichlorodifluoromethane,CF2Cl2,75-71-8,2626,L,3e-05,3500,-10.4143,-29.1006
dichlorodifluoromethane,CF2Cl2,75-71-8,2828,L,3e-05,3400,-10.4143,-28.2692
dichlorodifluoromethane,CF2Cl2,75-71-8,2830,M,2.3e-05,3400,-10.68,-28.2692
dichlorodifluoromethane,CF2Cl2,75-71-8,2891,M,0.00013,5500,-8.94798,-45.7295
dichlorodifluoromethane,CF2Cl2,75-71-8,3245,L,3e-05,3500,-10.4143,-29.1006
dichlorodifluoromethane,CF2Cl2,75-71-8,3245,L,2.6e-05,2100,-10.5574,-17.4604
dichlorodifluoromethane,CF2Cl2,75-71-8,3500,L,3e-05,3500,-10.4143,-29.1006
dichlorodifluoromethane,CF2Cl2,75-71-8,3500,L,2.6e-05,2100,-10.5574,-17.4604
dichlorodifluoromethane,CF2Cl2,75-71-8,3518,L,3.1e-05,3200,-10.3815,-26.6063
dichlorodifluoromethane,CF2Cl2,75-71-8,3569,M,2.9e-05,2900,-10.4482,-24.1119
dichlorodifluoromethane,CF2Cl2,75-71-8,3570,Q,2.8e-05,3300,-10.4833,-27.4377
dichloroethanoic acid,CHCl2COOH,79-43-6,2626,L,1200,8000,7.09008,-66.5157
dichloroethanoic acid,CHCl2COOH,79-43-6,3245,L,1200,8000,7.09008,-66.5157
dichloroethanoic acid,CHCl2COOH,79-43-6,3500,L,1200,8000,7.09008,-66.5157
dichloroethanoic acid,CHCl2COOH,79-43-6,896,M,1200,8000,7.09008,-66.5157
dichloromethane,CH2Cl2,75-09-2,1026,M,0.0033,4200,-5.71383,-34.9207
dichloromethane,CH2Cl2,75-09-2,1150,M,0.003,3600,-5.80914,-29.9321
dichloromethane,CH2Cl2,75-09-2,1156,M,0.0034,4200,-5.68398,-34.9207
dichloromethane,CH2Cl2,75-09-2,1525,L,0.0036,4100,-5.62682,-34.0893
dichloromethane,CH2Cl2,75-09-2,1855,L,0.0039,3700,-5.54678,-30.7635
dichloromethane,CH2Cl2,75-09-2,1943,V,0.0035,4100,-5.65499,-34.0893
dichloromethane,CH2Cl2,75-09-2,1945,L,0.0036,4100,-5.62682,-34.0893
dichloromethane,CH2Cl2,75-09-2,2269,M,0.0038,4500,-5.57275,-37.4151
dichloromethane,CH2Cl2,75-09-2,2626,L,0.0036,4100,-5.62682,-34.0893
dichloromethane,CH2Cl2,75-09-2,2824,M,0.0035,2300,-5.65499,-19.1233
dichloromethane,CH2Cl2,75-09-2,2891,M,0.004,3900,-5.52146,-32.4264
dichloromethane,CH2Cl2,75-09-2,2904,M,0.0037,3200,-5.59942,-26.6063
dichloromethane,CH2Cl2,75-09-2,2905,M,0.0043,3500,-5.44914,-29.1006
dichloromethane,CH2Cl2,75-09-2,3245,L,0.0039,3700,-5.54678,-30.7635
dichloromethane,CH2Cl2,75-09-2,3245,L,0.0035,3900,-5.65499,-32.4264
dichloromethane,CH2Cl2,75-09-2,3500,L,0.0039,3700,-5.54678,-30.7635
dichloromethane,CH2Cl2,75-09-2,3500,L,0.0035,3900,-5.65499,-32.4264
dichloromethane,CH2Cl2,75-09-2,3518,L,0.0037,3300,-5.59942,-27.4377
dichloromethane,CH2Cl2,75-09-2,3564,M,0.0036,3700,-5.62682,-30.7635
dichloromethane,CH2Cl2,75-09-2,3681,L,0.0039,3500,-5.54678,-29.1006
dichloromethane,CH2Cl2,75-09-2,3690,M,0.0043,3500,-5.44914,-29.1006
dichloromethane,CH2Cl2,75-09-2,532,M,0.0046,3800,-5.3817,-31.595
dichloromethane,CH2Cl2,75-09-2,601,M,0.0034,4200,-5.68398,-34.9207
dichloromethane,CH2Cl2,75-09-2,640,M,0.0042,4400,-5.47267,-36.5836
dichloromethane,CH2Cl2,75-09-2,747,L,0.0036,4100,-5.62682,-34.0893
dichloromethane,CH2Cl2,75-09-2,855,M,0.0039,3400,-5.54678,-28.2692
dichloromethane,CH2Cl2,75-09-2,856,M,0.0039,3500,-5.54678,-29.1006
dichloromethane,CH2Cl2,75-09-2,863,M,0.0041,4000,-5.49677,-33.2579
dichloromethane,CH2Cl2,75-09-2,usepa82,X,0.0031,3600,-5.77635,-29.9321
dichloromethane-d2,CD2Cl2,1665-00-5,2891,M,0.0038,4600,-5.57275,-38.2465
dicyclopropylmethanone,C7H10O,1121-37-5,2016,T,3.1,7300,1.1314,-60.6956
dieldrin,C12H8OCl6,60-57-1,2814,M,0.92,5800,-0.0833816,-48.2239
diethanolamine,C4H11NO2,111-42-2,3584,M,3300,1300,8.10168,-10.8088
diethyl disulfide,C2H5SSC2H5,110-81-6,3618,L,0.004,4900,-5.52146,-40.7409
diethyl disulfide,C2H5SSC2H5,110-81-6,522,M,0.0063,4300,-5.06721,-35.7522
diethyl ether,C2H5OC2H5,60-29-7,2016,T,0.006,5700,-5.116,-47.3924
diethyl ether,C2H5OC2H5,60-29-7,2891,M,0.011,6600,-4.50986,-54.8755
diethyl ether,C2H5OC2H5,60-29-7,2901,M,0.007,3900,-4.96185,-32.4264
diethyl ether,C2H5OC2H5,60-29-7,3245,L,0.02,5800,-3.91202,-48.2239
diethyl ether,C2H5OC2H5,60-29-7,3305,M,0.01,5700,-4.60517,-47.3924
diethyl ether,C2H5OC2H5,60-29-7,3500,L,0.0099,5800,-4.61522,-48.2239
diethyl ether,C2H5OC2H5,60-29-7,3518,L,0.0099,5800,-4.61522,-48.2239
diethyl ether,C2H5OC2H5,60-29-7,3693,V,0.01,5800,-4.60517,-48.2239
diethyl ether,C2H5OC2H5,60-29-7,3696,L,0.0096,5000,-4.64599,-41.5723
diethyl ether,C2H5OC2H5,60-29-7,3697,M,0.013,7400,-4.34281,-61.527
diethyl ether-d10,C2D5OC2D5,2679-89-2,2891,M,0.013,6500,-4.34281,-54.044
diethyl phthalate,C12H14O4,84-66-2,3518,L,60,10000,4.09434,-83.1446
diethyl phthalate,C12H14O4,84-66-2,usepa82,X,12,5600,2.48491,-46.561
diethyl sulfide,C2H5SC2H5,352-93-2,3618,L,0.0047,4800,-5.36019,-39.9094
diethyl sulfide,C2H5SC2H5,352-93-2,522,M,0.0054,4900,-5.22136,-40.7409
diethylamine,(C2H5)2NH,109-89-7,2016,T,0.41,7700,-0.891598,-64.0214
diethylamine,(C2H5)2NH,109-89-7,usepa82,X,1.3,10000,0.262364,-83.1446
diethylene glycol dibutyl ether,C12H26O3,112-73-2,3518,L,2.5,13000,0.916291,-108.088
diethylmercury,C4H10Hg,627-44-1,2577,Q,0.001,3800,-6.90776,-31.595
difluoroethanoic acid,CHF2COOH,381-73-7,2626,L,300,6900,5.70378,-57.3698
difluoroethanoic acid,CHF2COOH,381-73-7,3245,L,300,6900,5.70378,-57.3698
difluoroethanoic acid,CHF2COOH,381-73-7,3500,L,300,6900,5.70378,-57.3698
difluoroethanoic acid,CHF2COOH,381-73-7,896,M,300,6900,5.70378,-57.3698
difluoromethane,CH2F2,75-10-5,2013,M,0.00069,2300,-7.27882,-19.1233
difluoromethane,CH2F2,75-10-5,3261,M,0.0003,3500,-8.11173,-29.1006
difluoromethane,CH2F2,75-10-5,3262,M,0.00068,2500,-7.29342,-20.7862
difluoromethane,CH2F2,75-10-5,3272,M,0.00064,2100,-7.35404,-17.4604
difluoromethane,CH2F2,75-10-5,923,M,0.00069,2400,-7.27882,-19.9547
diglycolamine,C4H11NO2,929-06-6,3584,M,6100,3700,8.71604,-30.7635
diiodomethane,CH2I2,75-11-6,3245,L,0.023,5300,-3.77226,-44.0667
diiodomethane,CH2I2,75-11-6,3500,L,0.023,5300,-3.77226,-44.0667
diiodomethane,CH2I2,75-11-6,583,M,0.024,4700,-3.7297,-39.078
diisopropyl ether,C3H7OC3H7,108-20-3,2431,V,0.0031,6400,-5.77635,-53.2126
diisopropyl ether,C3H7OC3H7,108-20-3,2646,M,0.0039,6400,-5.54678,-53.2126
diisopropyl ether,C3H7OC3H7,108-20-3,3518,L,0.0045,6600,-5.40368,-54.8755
diisopropyl ether,C3H7OC3H7,108-20-3,3691,M,0.015,8400,-4.19971,-69.8415
diisopropyl ether,C3H7OC3H7,108-20-3,3693,V,0.0048,6200,-5.33914,-51.5497
diisopropylmercury,C6H14Hg,1071-39-2,2577,Q,0.00039,4600,-7.84936,-38.2465
dimethoxymethane,CH3OCH2OCH3,109-87-5,3305,M,0.063,4800,-2.76462,-39.9094
dimethoxymethane,CH3OCH2OCH3,109-87-5,3518,L,0.061,4700,-2.79688,-39.078
dimethyl disulfide,CH3SSCH3,624-92-0,3115,M,0.0065,3200,-5.03595,-26.6063
dimethyl disulfide,CH3SSCH3,624-92-0,3508,M,0.0067,5200,-5.00565,-43.2352
dimethyl disulfide,CH3SSCH3,624-92-0,3518,L,0.0083,3700,-4.7915,-30.7635
dimethyl disulfide,CH3SSCH3,624-92-0,3610,M,0.0091,4100,-4.69948,-34.0893
dimethyl disulfide,CH3SSCH3,624-92-0,3618,L,0.0074,4200,-4.90628,-34.9207
dimethyl disulfide,CH3SSCH3,624-92-0,522,M,0.0094,4300,-4.66705,-35.7522
dimethyl ether,CH3OCH3,115-10-6,2016,T,0.01,4900,-4.60517,-40.7409
dimethyl phthalate,C10H10O4,131-11-3,3518,L,51,8000,3.93183,-66.5157
dimethyl phthalate,C10H10O4,131-11-3,usepa82,X,30,5700,3.4012,-47.3924
dimethyl sulfide,CH3SCH3,75-18-3,1525,L,0.0053,3500,-5.24005,-29.1006
dimethyl sulfide,CH3SCH3,75-18-3,1773,M,0.0064,4100,-5.05146,-34.0893
dimethyl sulfide,CH3SCH3,75-18-3,1929,M,0.0052,3600,-5.2591,-29.9321
dimethyl sulfide,CH3SCH3,75-18-3,1936,M,0.0055,3800,-5.20301,-31.595
dimethyl sulfide,CH3SCH3,75-18-3,1943,L,0.0052,3600,-5.2591,-29.9321
dimethyl sulfide,CH3SCH3,75-18-3,1945,L,0.0053,3500,-5.24005,-29.1006
dimethyl sulfide,CH3SCH3,75-18-3,2016,T,0.006,3700,-5.116,-30.7635
dimethyl sulfide,CH3SCH3,75-18-3,2512,M,0.0047,3700,-5.36019,-30.7635
dimethyl sulfide,CH3SCH3,75-18-3,2626,L,0.0053,3500,-5.24005,-29.1006
dimethyl sulfide,CH3SCH3,75-18-3,2828,L,0.0056,3500,-5.18499,-29.1006
dimethyl sulfide,CH3SCH3,75-18-3,3115,M,0.0048,2800,-5.33914,-23.2805
dimethyl sulfide,CH3SCH3,75-18-3,3245,L,0.0053,3500,-5.24005,-29.1006
dimethyl sulfide,CH3SCH3,75-18-3,3500,L,0.0053,3500,-5.24005,-29.1006
dimethyl sulfide,CH3SCH3,75-18-3,3508,M,0.0047,4700,-5.36019,-39.078
dimethyl sulfide,CH3SCH3,75-18-3,3518,L,0.0054,3500,-5.22136,-29.1006
dimethyl sulfide,CH3SCH3,75-18-3,3618,L,0.0053,3800,-5.24005,-31.595
dimethyl sulfide,CH3SCH3,75-18-3,3668,M,0.0057,2700,-5.16729,-22.449
dimethyl sulfide,CH3SCH3,75-18-3,512,M,0.0055,3500,-5.20301,-29.1006
dimethyl sulfide,CH3SCH3,75-18-3,522,M,0.0056,4000,-5.18499,-33.2579
dimethyl sulfide,CH3SCH3,75-18-3,586,M,0.0047,3100,-5.36019,-25.7748
dimethyl sulfide,CH3SCH3,75-18-3,983,M,0.0042,4300,-5.47267,-35.7522
"dimethyl-2,2-dichlorovinyl phosphate",C4H7Cl2O4P,62-73-7,2438,M,39,11000,3.66356,-91.4591
dimethylamine,(CH3)2NH,124-40-3,190,L,0.3,4000,-1.20397,-33.2579
dimethylamine,(CH3)2NH,124-40-3,2016,T,0.58,6400,-0.544727,-53.2126
dimethylaminoethoxyethanol,C6H15NO2,1704-62-7,3584,M,4300,8500,8.36637,-70.6729
dimethylmercury,C2H6Hg,593-74-8,2171,?,0.0013,2700,-6.64539,-22.449
dimethylmercury,C2H6Hg,593-74-8,2289,M,0.0013,2700,-6.64539,-22.449
dimethylmercury,C2H6Hg,593-74-8,2577,Q,0.001,3000,-6.90776,-24.9434
dimethylmercury,C2H6Hg,593-74-8,3070,C,0.0013,2700,-6.64539,-22.449
dimethylpropane,C(CH3)4,463-82-1,190,L,5.9e-06,3300,-12.0406,-27.4377
dimethylpropane,C(CH3)4,463-82-1,3673,L,6e-06,3000,-12.0238,-24.9434
dimethylpropane,C(CH3)4,463-82-1,3785,M,5.5e-06,2800,-12.1108,-23.2805
dimethylpropane,C(CH3)4,463-82-1,3799,M,6.3e-06,3200,-11.975,-26.6063
dimethylsulfoxide,CH3SOCH3,67-68-5,2016,T,10000,8700,9.21034,-72.3358
dimethylsulfoxide,CH3SOCH3,67-68-5,3518,L,8000,7800,8.9872,-64.8528
dimethylsulfoxide,CH3SOCH3,67-68-5,824,M,940,1300,6.84588,-10.8088
dimorpholinodiethyl ether,C12H24N2O3,6425-39-4,3584,M,1800,2600,7.49554,-21.6176
dinitrogen monoxide,N2O,10024-97-2,190,L,0.00024,2600,-8.33487,-21.6176
dinitrogen monoxide,N2O,10024-97-2,1945,L,0.00024,2600,-8.33487,-21.6176
dinitrogen monoxide,N2O,10024-97-2,2626,L,0.00024,2600,-8.33487,-21.6176
dinitrogen monoxide,N2O,10024-97-2,2828,L,0.00024,2700,-8.33487,-22.449
dinitrogen monoxide,N2O,10024-97-2,2832,M,0.00024,2500,-8.33487,-20.7862
dinitrogen monoxide,N2O,10024-97-2,3245,L,0.00024,2600,-8.33487,-21.6176
dinitrogen monoxide,N2O,10024-97-2,3245,L,0.00021,2600,-8.4684,-21.6176
dinitrogen monoxide,N2O,10024-97-2,3500,L,0.00024,2600,-8.33487,-21.6176
dinitrogen monoxide,N2O,10024-97-2,3500,L,0.00021,2600,-8.4684,-21.6176
dinitrogen monoxide,N2O,10024-97-2,3696,L,0.00025,2500,-8.29405,-20.7862
dinitrogen monoxide,N2O,10024-97-2,3701,M,0.00025,2300,-8.29405,-19.1233
dinitrogen monoxide,N2O,10024-97-2,3704,M,0.00024,2400,-8.33487,-19.9547
dinitrogen monoxide,N2O,10024-97-2,3708,M,0.00025,2600,-8.29405,-21.6176
dinitrogen monoxide,N2O,10024-97-2,3709,M,0.00024,2500,-8.33487,-20.7862
dinitrogen monoxide,N2O,10024-97-2,3710,M,0.00024,2400,-8.33487,-19.9547
dinitrogen monoxide,N2O,10024-97-2,3711,M,0.00024,2700,-8.33487,-22.449
dinitrogen monoxide,N2O,10024-97-2,379,?,0.00024,2800,-8.33487,-23.2805
dinitrogen monoxide,N2O,10024-97-2,3811,?,0.00024,2500,-8.33487,-20.7862
dinitrogen monoxide,N2O,10024-97-2,3854,L,0.00024,2500,-8.33487,-20.7862
dinitrogen monoxide,N2O,10024-97-2,3944,M,0.00023,2900,-8.37743,-24.1119
dinitrogen monoxide,N2O,10024-97-2,gordon1895,X,0.00026,2500,-8.25483,-20.7862
dinitrogen pentoxide,N2O5,10102-03-1,3961,Q,0.039,4300,-3.24419,-35.7522
dinitrogen pentoxide,N2O5,10102-03-1,514,T,0.00087,3600,-7.04702,-29.9321
dinitrogen tetrafluoride,N2F4,10036-47-2,190,L,8.4e-06,2500,-11.6873,-20.7862
dinitrogen tetrafluoride,N2F4,10036-47-2,2626,L,8.4e-06,2500,-11.6873,-20.7862
dinitrogen tetrafluoride,N2F4,10036-47-2,3245,L,8.4e-06,2500,-11.6873,-20.7862
dinitrogen tetrafluoride,N2F4,10036-47-2,3500,L,8.4e-06,2500,-11.6873,-20.7862
dinitrogen tetrafluoride,N2F4,10036-47-2,3806,M,8.4e-06,2400,-11.6873,-19.9547
dinitrogen tetroxide,N2O4,10544-72-6,1138,M,0.016,3500,-4.13517,-29.1006
dinitrogen tetroxide,N2O4,10544-72-6,3123,M,0.013,1100,-4.34281,-9.14591
diphenylmercury,C12H10Hg,587-85-9,2577,Q,280,8800,5.63479,-73.1673
dipropyl disulfide,C3H7SSC3H7,629-19-6,3618,L,0.0022,5400,-6.1193,-44.8981
dipropyl ether,C3H7OC3H7,111-43-3,3518,L,0.0029,6400,-5.84304,-53.2126
dipropyl ether,C3H7OC3H7,111-43-3,640,M,0.0022,9100,-6.1193,-75.6616
dipropyl sulfide,C3H7SC3H7,111-47-7,3618,L,0.0033,5700,-5.71383,-47.3924
dipropyl sulfide,C3H7SC3H7,111-47-7,522,M,0.0033,4500,-5.71383,-37.4151
dipropylamine,(C3H7)2NH,142-84-7,3685,M,0.12,8900,-2.12026,-73.9987
dipropylmercury,C6H14Hg,628-85-3,2577,Q,0.00056,4600,-7.48757,-38.2465
endrin,C12H8Cl6O,72-20-8,2814,M,1.8,4600,0.587787,-38.2465
ethanal,CH3CHO,75-07-0,1154,X,0.017,4500,-4.07454,-37.4151
ethanal,CH3CHO,75-07-0,1525,L,0.13,5700,-2.04022,-47.3924
ethanal,CH3CHO,75-07-0,1945,L,0.13,5900,-2.04022,-49.0553
ethanal,CH3CHO,75-07-0,2524,M,0.15,6400,-1.89712,-53.2126
ethanal,CH3CHO,75-07-0,2626,L,0.13,5900,-2.04022,-49.0553
ethanal,CH3CHO,75-07-0,3215,M,0.17,5600,-1.77196,-46.561
ethanal,CH3CHO,75-07-0,3245,L,0.13,5900,-2.04022,-49.0553
ethanal,CH3CHO,75-07-0,3500,L,0.13,5900,-2.04022,-49.0553
ethanal,CH3CHO,75-07-0,3518,L,0.15,5600,-1.89712,-46.561
ethanal,CH3CHO,75-07-0,483,M,0.12,5800,-2.12026,-48.2239
ethanal,CH3CHO,75-07-0,484,M,0.12,6300,-2.12026,-52.3811
ethanal,CH3CHO,75-07-0,617,M,0.13,5700,-2.04022,-47.3924
ethanal,CH3CHO,75-07-0,630,M,0.17,5000,-1.77196,-41.5723
ethanal,CH3CHO,75-07-0,747,L,0.14,5600,-1.96611,-46.561
ethanal,CH3CHO,75-07-0,usepa82,X,0.17,4700,-1.77196,-39.078
ethanamine,C2H5NH2,75-04-7,190,L,0.35,3600,-1.04982,-29.9321
ethane,C2H6,74-84-0,1498,L,1.9e-05,2300,-10.8711,-19.1233
ethane,C2H6,74-84-0,190,L,1.8e-05,2400,-10.9251,-19.9547
ethane,C2H6,74-84-0,1945,L,1.9e-05,2400,-10.8711,-19.9547
ethane,C2H6,74-84-0,2013,M,2e-05,2300,-10.8198,-19.1233
ethane,C2H6,74-84-0,2105,L,1.9e-05,2400,-10.8711,-19.9547
ethane,C2H6,74-84-0,2375,V,1.7e-05,2000,-10.9823,-16.6289
ethane,C2H6,74-84-0,2626,L,1.9e-05,2400,-10.8711,-19.9547
ethane,C2H6,74-84-0,2834,M,1.8e-05,2400,-10.9251,-19.9547
ethane,C2H6,74-84-0,3245,L,1.9e-05,2400,-10.8711,-19.9547
ethane,C2H6,74-84-0,3500,L,1.9e-05,2400,-10.8711,-19.9547
ethane,C2H6,74-84-0,3601,M,1.8e-05,2700,-10.9251,-22.449
ethane,C2H6,74-84-0,3673,L,1.9e-05,2300,-10.8711,-19.1233
ethane,C2H6,74-84-0,3734,M,1.8e-05,2700,-10.9251,-22.449
ethane,C2H6,74-84-0,3783,M,1.7e-05,2100,-10.9823,-17.4604
ethane,C2H6,74-84-0,379,?,1.8e-05,2400,-10.9251,-19.9547
ethane,C2H6,74-84-0,3799,M,2e-05,2400,-10.8198,-19.9547
ethane,C2H6,74-84-0,3811,?,1.9e-05,2300,-10.8711,-19.1233
ethane,C2H6,74-84-0,3855,L,1.9e-05,2300,-10.8711,-19.1233
ethane,C2H6,74-84-0,491,M,1.9e-05,2300,-10.8711,-19.1233
ethanedial,OHCCHO,107-22-2,2401,M,4100,7500,8.31874,-62.3585
ethanedial,OHCCHO,107-22-2,2626,L,4100,7500,8.31874,-62.3585
ethanedial,OHCCHO,107-22-2,3245,L,4100,7500,8.31874,-62.3585
ethanedial,OHCCHO,107-22-2,3500,L,4100,7500,8.31874,-62.3585
ethanedioic acid,HOOCCOOH,144-62-7,1925,V,7.1e+06,9800,15.7756,-81.4817
ethanedioic acid,HOOCCOOH,144-62-7,2231,V,31000,7300,10.3417,-60.6956
ethanenitrile,CH3CN,75-05-8,1525,L,0.51,4000,-0.673345,-33.2579
ethanenitrile,CH3CN,75-05-8,1943,L,0.5,4100,-0.693147,-34.0893
ethanenitrile,CH3CN,75-05-8,1945,L,0.52,4000,-0.653926,-33.2579
ethanenitrile,CH3CN,75-05-8,2524,M,0.52,4000,-0.653926,-33.2579
ethanenitrile,CH3CN,75-05-8,2626,L,0.52,4000,-0.653926,-33.2579
ethanenitrile,CH3CN,75-05-8,2891,M,0.6,6300,-0.510826,-52.3811
ethanenitrile,CH3CN,75-05-8,3245,L,0.52,4000,-0.653926,-33.2579
ethanenitrile,CH3CN,75-05-8,3500,L,0.52,4000,-0.653926,-33.2579
ethanenitrile,CH3CN,75-05-8,3518,L,0.49,4300,-0.71335,-35.7522
ethanenitrile,CH3CN,75-05-8,3609,M,0.32,3300,-1.13943,-27.4377
ethanenitrile,CH3CN,75-05-8,3621,L,0.38,4200,-0.967584,-34.9207
ethanenitrile,CH3CN,75-05-8,483,M,0.48,3900,-0.733969,-32.4264
ethanenitrile,CH3CN,75-05-8,617,M,0.53,4100,-0.634878,-34.0893
ethanenitrile,CH3CN,75-05-8,629,L,0.47,3500,-0.755023,-29.1006
ethanenitrile,CH3CN,75-05-8,632,M,0.53,4100,-0.634878,-34.0893
ethanethiol,C2H5SH,75-08-1,1945,L,0.0028,3700,-5.87814,-30.7635
ethanethiol,C2H5SH,75-08-1,2626,L,0.0028,3700,-5.87814,-30.7635
ethanethiol,C2H5SH,75-08-1,3245,L,0.0028,3700,-5.87814,-30.7635
ethanethiol,C2H5SH,75-08-1,3500,L,0.0028,3700,-5.87814,-30.7635
ethanethiol,C2H5SH,75-08-1,3556,M,0.0024,2800,-6.03229,-23.2805
ethanethiol,C2H5SH,75-08-1,3618,L,0.0023,3500,-6.07485,-29.1006
ethanethiol,C2H5SH,75-08-1,522,M,0.0028,3700,-5.87814,-30.7635
ethanoic acid,CH3COOH,64-19-7,1525,L,46,6300,3.82864,-52.3811
ethanoic acid,CH3COOH,64-19-7,1945,L,40,6200,3.68888,-51.5497
ethanoic acid,CH3COOH,64-19-7,2230,M,54,8300,3.98898,-69.01
ethanoic acid,CH3COOH,64-19-7,2626,L,40,6200,3.68888,-51.5497
ethanoic acid,CH3COOH,64-19-7,3245,L,40,6200,3.68888,-51.5497
ethanoic acid,CH3COOH,64-19-7,3500,L,40,6200,3.68888,-51.5497
ethanoic acid,CH3COOH,64-19-7,3674,T,48,6400,3.8712,-53.2126
ethanoic acid,CH3COOH,64-19-7,511,M,40,6300,3.68888,-52.3811
ethanoic acid,CH3COOH,64-19-7,76,T,87,6400,4.46591,-53.2126
ethanoic acid,CH3COOH,64-19-7,usepa82,X,9.7,4900,2.27213,-40.7409
ethanoic peroxyacid,CH3COOOH,79-21-0,1525,L,7.3,5600,1.98787,-46.561
ethanoic peroxyacid,CH3COOOH,79-21-0,2626,L,8.3,5300,2.11626,-44.0667
ethanoic peroxyacid,CH3COOOH,79-21-0,311,M,6.5,5900,1.8718,-49.0553
ethanoic peroxyacid,CH3COOOH,79-21-0,3245,L,8.3,5300,2.11626,-44.0667
ethanoic peroxyacid,CH3COOOH,79-21-0,3500,L,8.3,5300,2.11626,-44.0667
ethanoic peroxyacid,CH3COOOH,79-21-0,516,M,8.3,5300,2.11626,-44.0667
ethanol,C2H5OH,64-17-5,1831,L,1.9,6300,0.641854,-52.3811
ethanol,C2H5OH,64-17-5,1943,L,1.7,5700,0.530628,-47.3924
ethanol,C2H5OH,64-17-5,1945,L,2,6600,0.693147,-54.8755
ethanol,C2H5OH,64-17-5,2626,L,1.9,6400,0.641854,-53.2126
ethanol,C2H5OH,64-17-5,2961,M,1.8,5800,0.587787,-48.2239
ethanol,C2H5OH,64-17-5,3065,L,1.8,6300,0.587787,-52.3811
ethanol,C2H5OH,64-17-5,3112,M,1.9,5800,0.641854,-48.2239
ethanol,C2H5OH,64-17-5,3245,L,1.9,6400,0.641854,-53.2126
ethanol,C2H5OH,64-17-5,3271,M,1.8,5900,0.587787,-49.0553
ethanol,C2H5OH,64-17-5,3500,L,1.9,6400,0.641854,-53.2126
ethanol,C2H5OH,64-17-5,3518,L,1.8,6300,0.587787,-52.3811
ethanol,C2H5OH,64-17-5,3526,M,2.2,5500,0.788457,-45.7295
ethanol,C2H5OH,64-17-5,3648,M,3.1,3900,1.1314,-32.4264
ethanol,C2H5OH,64-17-5,3659,L,1.9,6200,0.641854,-51.5497
ethanol,C2H5OH,64-17-5,3660,M,1.9,6500,0.641854,-54.044
ethanol,C2H5OH,64-17-5,3661,M,1.9,6000,0.641854,-49.8868
ethanol,C2H5OH,64-17-5,3673,L,1.9,6300,0.641854,-52.3811
ethanol,C2H5OH,64-17-5,3674,T,1.9,6300,0.641854,-52.3811
ethanol,C2H5OH,64-17-5,3693,V,1.7,6300,0.530628,-52.3811
ethanol,C2H5OH,64-17-5,483,M,1.9,6600,0.641854,-54.8755
ethanol,C2H5OH,64-17-5,859,X,1.5,6400,0.405465,-53.2126
ethanolamine,HOC2H4NH2,141-43-5,3584,?,970,5800,6.8773,-48.2239
ethanolamine,HOC2H4NH2,141-43-5,3654,M,4200,8300,8.34284,-69.01
ethene,C2H4,74-85-1,190,L,4.7e-05,1800,-9.96536,-14.966
ethene,C2H4,74-85-1,1945,L,5.9e-05,2200,-9.73797,-18.2918
ethene,C2H4,74-85-1,2013,M,4.8e-05,1900,-9.94431,-15.7975
ethene,C2H4,74-85-1,2375,V,4.7e-05,1900,-9.96536,-15.7975
ethene,C2H4,74-85-1,2626,L,5.9e-05,2200,-9.73797,-18.2918
ethene,C2H4,74-85-1,3245,L,5.9e-05,2200,-9.73797,-18.2918
ethene,C2H4,74-85-1,3500,L,5.9e-05,2200,-9.73797,-18.2918
ethene,C2H4,74-85-1,3673,L,4.8e-05,2000,-9.94431,-16.6289
ethene,C2H4,74-85-1,3696,L,4.6e-05,2200,-9.98687,-18.2918
ethene,C2H4,74-85-1,3783,M,4.7e-05,2000,-9.96536,-16.6289
ethene,C2H4,74-85-1,379,?,4.8e-05,2000,-9.94431,-16.6289
ethene,C2H4,74-85-1,3811,?,5.1e-05,2400,-9.88368,-19.9547
ethene,C2H4,74-85-1,3869,L,4.7e-05,2000,-9.96536,-16.6289
ethene,C2H4,74-85-1,862,M,4.8e-05,2300,-9.94431,-19.1233
ethene,C2H4,74-85-1,923,M,4.9e-05,2000,-9.92369,-16.6289
ethenyl ethanoate,CH3COOCHCH2,108-05-4,3245,L,0.02,4500,-3.91202,-37.4151
ethenyl ethanoate,CH3COOCHCH2,108-05-4,3302,M,0.02,4400,-3.91202,-36.5836
ethenyl ethanoate,CH3COOCHCH2,108-05-4,3500,L,0.02,4500,-3.91202,-37.4151
ethenyl ethanoate,CH3COOCHCH2,108-05-4,3518,L,0.02,4600,-3.91202,-38.2465
ethenyl ethanoate,CH3COOCHCH2,108-05-4,3523,V,0.02,4600,-3.91202,-38.2465
ethenyl ethanoate,CH3COOCHCH2,108-05-4,usepa82,X,0.017,2600,-4.07454,-21.6176
ethenylbenzene,C8H8,100-42-5,1943,C,0.0038,3800,-5.57275,-31.595
ethenylbenzene,C8H8,100-42-5,2270,M,0.0029,4800,-5.84304,-39.9094
ethenylbenzene,C8H8,100-42-5,2891,M,0.0044,4600,-5.42615,-38.2465
ethenylbenzene,C8H8,100-42-5,2904,M,0.0038,4100,-5.57275,-34.0893
ethenylbenzene,C8H8,100-42-5,3518,L,0.0036,3700,-5.62682,-30.7635
ethenylbenzene,C8H8,100-42-5,3673,L,0.0029,4200,-5.84304,-34.9207
ethenylbenzene,C8H8,100-42-5,usepa82,X,0.0038,4200,-5.57275,-34.9207
"ethyl 2,2-dimethylpropanoate",C7H14O2,3938-95-2,3518,L,0.0064,6700,-5.05146,-55.7069
"ethyl 2,2-dimethylpropanoate",C7H14O2,3938-95-2,3616,L,0.0057,6100,-5.16729,-50.7182
ethyl 2-methylbutanoate,C7H14O2,7452-79-1,3616,L,0.014,6700,-4.2687,-55.7069
ethyl 2-methylpropanoate,C6H12O2,97-62-1,3518,L,0.015,6000,-4.19971,-49.8868
ethyl 2-methylpropanoate,C6H12O2,97-62-1,3616,L,0.017,6200,-4.07454,-51.5497
ethyl 3-methylbutanoate,C7H14O2,108-64-5,3215,M,0.011,5900,-4.50986,-49.0553
ethyl 3-methylbutanoate,C7H14O2,108-64-5,3518,L,0.014,6500,-4.2687,-54.044
ethyl 3-methylbutanoate,C7H14O2,108-64-5,3616,L,0.014,6700,-4.2687,-55.7069
ethyl benzoate,C6H5COOC2H5,93-89-0,3518,L,0.17,6300,-1.77196,-52.3811
ethyl butanoate,C3H7COOC2H5,105-54-4,3093,M,0.029,6400,-3.54046,-53.2126
ethyl butanoate,C3H7COOC2H5,105-54-4,3518,L,0.025,6100,-3.68888,-50.7182
ethyl butanoate,C3H7COOC2H5,105-54-4,3616,L,0.029,6300,-3.54046,-52.3811
ethyl chloroethanoate,C4H7ClO2,105-39-5,3518,L,0.26,6100,-1.34707,-50.7182
ethyl ethanoate,CH3COOC2H5,141-78-6,1154,X,0.047,5700,-3.05761,-47.3924
ethyl ethanoate,CH3COOC2H5,141-78-6,2626,L,0.059,5900,-2.83022,-49.0553
ethyl ethanoate,CH3COOC2H5,141-78-6,2802,M,0.059,5900,-2.83022,-49.0553
ethyl ethanoate,CH3COOC2H5,141-78-6,3093,M,0.062,5500,-2.78062,-45.7295
ethyl ethanoate,CH3COOC2H5,141-78-6,3245,L,0.059,5900,-2.83022,-49.0553
ethyl ethanoate,CH3COOC2H5,141-78-6,3500,L,0.065,5600,-2.73337,-46.561
ethyl ethanoate,CH3COOC2H5,141-78-6,3507,M,0.059,5200,-2.83022,-43.2352
ethyl ethanoate,CH3COOC2H5,141-78-6,3518,L,0.065,5600,-2.73337,-46.561
ethyl ethanoate,CH3COOC2H5,141-78-6,3616,L,0.063,5500,-2.76462,-45.7295
ethyl ethanoate,CH3COOC2H5,141-78-6,3788,M,0.052,4800,-2.95651,-39.9094
ethyl ethanoate,CH3COOC2H5,141-78-6,628,M,0.058,5300,-2.84731,-44.0667
ethyl ethanoate,CH3COOC2H5,141-78-6,857,M,0.044,3900,-3.12357,-32.4264
ethyl ethanoate-1-13C,CH3COOC2H5,3424-59-7,2891,M,0.071,6500,-2.64508,-54.044
ethyl hexanoate,C5H11COOC2H5,123-66-0,3616,L,0.019,7200,-3.96332,-59.8641
ethyl hydroperoxide,C2H5OOH,3031-74-1,2626,L,3.3,6000,1.19392,-49.8868
ethyl hydroperoxide,C2H5OOH,3031-74-1,3245,L,3.3,6000,1.19392,-49.8868
ethyl hydroperoxide,C2H5OOH,3031-74-1,3500,L,3.3,6000,1.19392,-49.8868
ethyl hydroperoxide,C2H5OOH,3031-74-1,3518,L,3.3,6000,1.19392,-49.8868
ethyl hydroperoxide,C2H5OOH,3031-74-1,516,M,3.3,6000,1.19392,-49.8868
ethyl methanoate,HCOOC2H5,109-94-4,2626,L,0.034,4600,-3.38139,-38.2465
ethyl methanoate,HCOOC2H5,109-94-4,2802,M,0.034,4600,-3.38139,-38.2465
ethyl methanoate,HCOOC2H5,109-94-4,3245,L,0.034,4600,-3.38139,-38.2465
ethyl methanoate,HCOOC2H5,109-94-4,3500,L,0.034,4600,-3.38139,-38.2465
ethyl methanoate,HCOOC2H5,109-94-4,3518,L,0.033,4000,-3.41125,-33.2579
ethyl methanoate,HCOOC2H5,109-94-4,3616,L,0.035,4600,-3.35241,-38.2465
ethyl methanoate,HCOOC2H5,109-94-4,640,M,0.0019,4600,-6.2659,-38.2465
ethyl nitrate,C2H5ONO2,625-58-1,1945,L,0.016,5400,-4.13517,-44.8981
ethyl nitrate,C2H5ONO2,625-58-1,2626,L,0.016,5400,-4.13517,-44.8981
ethyl nitrate,C2H5ONO2,625-58-1,3245,L,0.016,5400,-4.13517,-44.8981
ethyl nitrate,C2H5ONO2,625-58-1,3500,L,0.016,5400,-4.13517,-44.8981
ethyl nitrate,C2H5ONO2,625-58-1,541,M,0.016,5400,-4.13517,-44.8981
ethyl pentanoate,C4H9COOC2H5,539-82-2,3616,L,0.023,6800,-3.77226,-56.5383
ethyl pentanoate,C4H9COOC2H5,539-82-2,3650,M,0.14,4800,-1.96611,-39.9094
ethyl propanoate,C2H5COOC2H5,105-37-3,3093,M,0.041,5900,-3.19418,-49.0553
ethyl propanoate,C2H5COOC2H5,105-37-3,3518,L,0.038,5900,-3.27017,-49.0553
ethyl propanoate,C2H5COOC2H5,105-37-3,3616,L,0.041,6000,-3.19418,-49.8868
ethyl propenoate,C5H8O2,140-88-5,3518,L,0.039,4400,-3.24419,-36.5836
ethyl tert-butyl ether,C2H5OC(CH3)3,637-92-3,2431,?,0.0037,7600,-5.59942,-63.1899
ethyl tert-butyl ether,C2H5OC(CH3)3,637-92-3,2645,M,0.0063,6600,-5.06721,-54.8755
ethyl tert-butyl ether,C2H5OC(CH3)3,637-92-3,2646,M,0.0061,6500,-5.09947,-54.044
ethyl tert-butyl ether,C2H5OC(CH3)3,637-92-3,3116,M,0.0044,4300,-5.42615,-35.7522
ethyl tert-butyl ether,C2H5OC(CH3)3,637-92-3,3304,M,0.0064,7300,-5.05146,-60.6956
ethyl tert-butyl ether,C2H5OC(CH3)3,637-92-3,3518,L,0.0072,6900,-4.93367,-57.3698
ethyl tert-butyl ether,C2H5OC(CH3)3,637-92-3,3691,M,0.12,13000,-2.12026,-108.088
ethylbenzene,C6H5C2H5,100-41-4,1156,M,0.0012,5000,-6.72543,-41.5723
ethylbenzene,C6H5C2H5,100-41-4,1229,M,0.0013,5300,-6.64539,-44.0667
ethylbenzene,C6H5C2H5,100-41-4,1497,V,0.0012,4800,-6.72543,-39.9094
ethylbenzene,C6H5C2H5,100-41-4,1525,L,0.0013,5100,-6.64539,-42.4038
ethylbenzene,C6H5C2H5,100-41-4,1943,L,0.0014,4800,-6.57128,-39.9094
ethylbenzene,C6H5C2H5,100-41-4,2219,V,0.0016,4900,-6.43775,-40.7409
ethylbenzene,C6H5C2H5,100-41-4,2270,M,0.0011,5500,-6.81245,-45.7295
ethylbenzene,C6H5C2H5,100-41-4,2271,M,0.0014,5500,-6.57128,-45.7295
ethylbenzene,C6H5C2H5,100-41-4,2375,V,0.0015,4800,-6.50229,-39.9094
ethylbenzene,C6H5C2H5,100-41-4,2453,M,0.0013,4600,-6.64539,-38.2465
ethylbenzene,C6H5C2H5,100-41-4,2645,M,0.0013,5100,-6.64539,-42.4038
ethylbenzene,C6H5C2H5,100-41-4,2891,M,0.002,4100,-6.21461,-34.0893
ethylbenzene,C6H5C2H5,100-41-4,2904,M,0.0014,2800,-6.57128,-23.2805
ethylbenzene,C6H5C2H5,100-41-4,2912,M,0.0013,4400,-6.64539,-36.5836
ethylbenzene,C6H5C2H5,100-41-4,2921,M,0.0019,4200,-6.2659,-34.9207
ethylbenzene,C6H5C2H5,100-41-4,2981,M,0.0013,5600,-6.64539,-46.561
ethylbenzene,C6H5C2H5,100-41-4,2984,M,0.0014,4500,-6.57128,-37.4151
ethylbenzene,C6H5C2H5,100-41-4,3116,M,0.0012,2700,-6.72543,-22.449
ethylbenzene,C6H5C2H5,100-41-4,3518,L,0.0013,5000,-6.64539,-41.5723
ethylbenzene,C6H5C2H5,100-41-4,3626,T,0.0014,4900,-6.57128,-40.7409
ethylbenzene,C6H5C2H5,100-41-4,3673,L,0.0013,4800,-6.64539,-39.9094
ethylbenzene,C6H5C2H5,100-41-4,3681,L,0.0014,4500,-6.57128,-37.4151
ethylbenzene,C6H5C2H5,100-41-4,3681,M,0.0013,4400,-6.64539,-36.5836
ethylbenzene,C6H5C2H5,100-41-4,584,M,0.0015,4900,-6.50229,-40.7409
ethylbenzene,C6H5C2H5,100-41-4,599,M,0.0013,5000,-6.64539,-41.5723
ethylbenzene,C6H5C2H5,100-41-4,640,M,0.0016,6400,-6.43775,-53.2126
ethylbenzene,C6H5C2H5,100-41-4,719,V,0.0015,4900,-6.50229,-40.7409
ethylbenzene,C6H5C2H5,100-41-4,747,L,0.0012,5100,-6.72543,-42.4038
ethylbenzene,C6H5C2H5,100-41-4,usepa82,X,0.0016,1700,-6.43775,-14.1346
ethylbenzene-d10,C6D5C2D5,25837-05-2,2891,M,0.002,4200,-6.21461,-34.9207
ethylcyclohexane,C8H16,1678-91-7,2912,M,3.1e-05,4600,-10.3815,-38.2465
ethylcyclohexane,C8H16,1678-91-7,2936,M,2e-05,4400,-10.8198,-36.5836
ethylcyclohexane,C8H16,1678-91-7,3518,L,2.1e-05,4100,-10.771,-34.0893
ethylenediamine,H2NCH2CH2NH2,107-15-3,2381,T,150,9200,5.01064,-76.4931
ethylenediamine,H2NCH2CH2NH2,107-15-3,3584,M,1800,6700,7.49554,-55.7069
ethyne,C2H2,74-86-2,190,L,0.00041,1800,-7.79935,-14.966
ethyne,C2H2,74-86-2,1945,L,0.00041,1800,-7.79935,-14.966
ethyne,C2H2,74-86-2,2626,L,0.00041,1700,-7.79935,-14.1346
ethyne,C2H2,74-86-2,3245,L,0.00041,1800,-7.79935,-14.966
ethyne,C2H2,74-86-2,3500,L,0.00041,1800,-7.79935,-14.966
ethyne,C2H2,74-86-2,3528,L,0.00041,1700,-7.79935,-14.1346
ethyne,C2H2,74-86-2,3673,L,0.00041,1800,-7.79935,-14.966
ethyne,C2H2,74-86-2,3748,M,0.00042,1900,-7.77526,-15.7975
ethyne,C2H2,74-86-2,3751,M,0.0004,2500,-7.82405,-20.7862
ethyne,C2H2,74-86-2,379,?,0.00041,1800,-7.79935,-14.966
ethyne,C2H2,74-86-2,3811,?,0.00041,1800,-7.79935,-14.966
ethyne,C2H2,74-86-2,862,M,0.00041,2000,-7.79935,-16.6289
ethyne,C2H2,74-86-2,schoen23,X,0.00041,1800,-7.79935,-14.966
"exo-2-[(1,7,7-trimethylbicyclo[2.2.1]hept-2-yl)-oxy]ethanol",C12H22O2,7070-15-7,2464,V,1,4100,0,-34.0893
fenpropidin,C19H31N,67306-00-7,3506,M,710,6200,6.56526,-51.5497
fluorine atom,F,14762-94-8,763,T,0.0002,400,-8.51719,-3.32579
fluorobenzene,C6H5F,462-06-6,1107,M,0.0014,4300,-6.57128,-35.7522
fluorobenzene,C6H5F,462-06-6,2891,M,0.0016,3900,-6.43775,-32.4264
fluorobenzene,C6H5F,462-06-6,3518,L,0.0015,4100,-6.50229,-34.0893
fluorobenzene,C6H5F,462-06-6,640,M,0.0015,4400,-6.50229,-36.5836
fluoromethane,CH3F,593-53-3,1340,M,0.00058,2100,-7.45248,-17.4604
fluoromethane,CH3F,593-53-3,190,L,0.00058,2200,-7.45248,-18.2918
fluoromethane,CH3F,593-53-3,1945,L,0.00061,2000,-7.40205,-16.6289
fluoromethane,CH3F,593-53-3,2222,M,0.00058,2200,-7.45248,-18.2918
fluoromethane,CH3F,593-53-3,2626,L,0.00061,2000,-7.40205,-16.6289
fluoromethane,CH3F,593-53-3,3245,L,0.00061,2000,-7.40205,-16.6289
fluoromethane,CH3F,593-53-3,3500,L,0.00061,2100,-7.40205,-17.4604
fluoromethane,CH3F,593-53-3,3518,L,0.00062,2200,-7.38579,-18.2918
furoyl peroxynitrate,C5H3NO6,,3726,M,0.093,8800,-2.37516,-73.1673
geosmin,C12H22O,19700-21-1,3303,M,0.081,9800,-2.51331,-81.4817
glycine,C2H5NO2,56-40-6,2231,V,1.2e+11,16000,25.5108,-133.031
helium,He,7440-59-7,1498,L,3.8e-06,83,-12.4805,-0.6901
helium,He,7440-59-7,190,L,3.8e-06,92,-12.4805,-0.764931
helium,He,7440-59-7,2105,L,3.9e-06,15,-12.4545,-0.124717
helium,He,7440-59-7,2375,V,3.7e-06,220,-12.5072,-1.82918
helium,He,7440-59-7,2436,M,3.9e-06,69,-12.4545,-0.573698
helium,He,7440-59-7,3431,L,3.7e-06,320,-12.5072,-2.66063
helium,He,7440-59-7,3517,Q,3.3e-06,4,-12.6216,-0.0332579
helium,He,7440-59-7,3517,Q,3.3e-06,71,-12.6216,-0.590327
helium,He,7440-59-7,3548,M,3.7e-06,380,-12.5072,-3.1595
helium,He,7440-59-7,3789,M,3.8e-06,210,-12.4805,-1.74604
helium,He,7440-59-7,379,?,3.7e-06,200,-12.5072,-1.66289
helium,He,7440-59-7,3811,?,3.8e-06,83,-12.4805,-0.6901
helium,He,7440-59-7,3849,L,3.8e-06,83,-12.4805,-0.6901
helium,He,7440-59-7,764,M,3.7e-06,120,-12.5072,-0.997736
heptachlor,C10H5Cl7,76-44-8,2814,M,0.019,4300,-3.96332,-35.7522
heptachlorepoxide,C10H5Cl7O,1024-57-3,2814,M,0.5,5200,-0.693147,-43.2352
heptanal,C6H13CHO,111-71-7,3518,L,0.034,7500,-3.38139,-62.3585
heptanal,C6H13CHO,111-71-7,630,M,0.033,7500,-3.41125,-62.3585
heptane,C7H16,142-82-5,1498,L,4.4e-06,4100,-12.3339,-34.0893
heptane,C7H16,142-82-5,2909,M,4.2e-06,4700,-12.3804,-39.078
heptane,C7H16,142-82-5,3518,L,4.4e-06,4500,-12.3339,-37.4151
heptane,C7H16,142-82-5,3673,L,4.9e-06,4200,-12.2263,-34.9207
heptane,C7H16,142-82-5,903,M,1.2e-05,3700,-11.3306,-30.7635
heptanedioic acid,C7H12O4,111-16-0,3022,V,8.1e+07,15000,18.21,-124.717
heptylbenzene,C6H5C7H15,1078-71-3,2219,V,0.022,11000,-3.81671,-91.4591
hexachlorobenzene,C6Cl6,118-74-1,1143,T,0.003,3700,-5.80914,-30.7635
hexachlorobenzene,C6Cl6,118-74-1,1146,M,0.02,5700,-3.91202,-47.3924
hexachlorobenzene,C6Cl6,118-74-1,2492,M,0.03,6900,-3.50656,-57.3698
hexachlorobenzene,C6Cl6,118-74-1,2948,L,0.019,6000,-3.96332,-49.8868
hexachlorobenzene,C6Cl6,118-74-1,2948,L,0.015,6400,-4.19971,-53.2126
hexachlorobenzene,C6Cl6,118-74-1,3518,L,0.0065,6600,-5.03595,-54.8755
hexachlorobenzene,C6Cl6,118-74-1,903,M,3.8e-05,570,-10.1779,-4.73924
hexachlorobenzene,C6Cl6,118-74-1,usepa82,X,0.0058,1600,-5.1499,-13.3031
hexachlorobutadiene,CCl2CClCClCCl2,87-68-3,1107,M,0.00062,4900,-7.38579,-40.7409
hexachlorobutadiene,CCl2CClCClCCl2,87-68-3,1943,L,0.00083,3100,-7.09408,-25.7748
hexachlorobutadiene,CCl2CClCClCCl2,87-68-3,2891,M,0.0023,6200,-6.07485,-51.5497
hexachlorobutadiene,CCl2CClCClCCl2,87-68-3,2904,M,0.0007,2500,-7.26443,-20.7862
hexachlorobutadiene,CCl2CClCClCCl2,87-68-3,3518,L,0.00056,5500,-7.48757,-45.7295
hexachlorobutadiene,CCl2CClCClCCl2,87-68-3,usepa82,X,0.00098,4600,-6.92796,-38.2465
hexachlorocyclopentadiene,C5Cl6,77-47-4,usepa82,X,0.0006,1500,-7.41858,-12.4717
hexachloroethane,C2Cl6,67-72-1,1156,M,0.0012,2600,-6.72543,-21.6176
hexachloroethane,C2Cl6,67-72-1,2243,M,0.0025,5600,-5.99146,-46.561
hexachloroethane,C2Cl6,67-72-1,3245,L,0.0026,5600,-5.95224,-46.561
hexachloroethane,C2Cl6,67-72-1,3500,L,0.0027,5700,-5.9145,-47.3924
hexachloroethane,C2Cl6,67-72-1,3518,L,0.0028,6100,-5.87814,-50.7182
hexachloroethane,C2Cl6,67-72-1,747,L,0.0025,5600,-5.99146,-46.561
hexachloroethane,C2Cl6,67-72-1,usepa82,X,0.001,2100,-6.90776,-17.4604
hexafluorobenzene,C6F6,392-56-3,2891,M,0.00055,5200,-7.50559,-43.2352
hexafluorobenzene,C6F6,392-56-3,3518,L,0.0003,5100,-8.11173,-42.4038
hexafluoroethane,C2F6,76-16-4,2484,M,5.6e-07,2300,-14.3953,-19.1233
hexafluoroethane,C2F6,76-16-4,2610,M,6.5e-07,2100,-14.2463,-17.4604
hexafluoroethane,C2F6,76-16-4,2610,Q,1.2e-06,1700,-13.6332,-14.1346
hexafluoroethane,C2F6,76-16-4,3570,Q,5.8e-07,2600,-14.3602,-21.6176
hexafluoropropene,C3F6,116-15-4,190,L,2.9e-06,2400,-12.7508,-19.9547
hexafluoropropene,C3F6,116-15-4,923,M,6.8e-06,2600,-11.8986,-21.6176
hexamethyleneimine,(CH2)6NH,111-49-9,722,T,1.6,8200,0.470004,-68.1786
hexanal,C5H11CHO,66-25-1,3507,M,0.023,5200,-3.77226,-43.2352
hexanal,C5H11CHO,66-25-1,3508,M,0.029,8900,-3.54046,-73.9987
hexanal,C5H11CHO,66-25-1,3518,L,0.045,6400,-3.10109,-53.2126
hexanal,C5H11CHO,66-25-1,3650,M,0.16,4900,-1.83258,-40.7409
hexanal,C5H11CHO,66-25-1,630,M,0.049,6500,-3.01593,-54.044
hexane,C6H14,110-54-3,1156,M,9.9e-06,7500,-11.523,-62.3585
hexane,C6H14,110-54-3,1498,L,6.1e-06,3800,-12.0072,-31.595
hexane,C6H14,110-54-3,2909,M,5.9e-06,4000,-12.0406,-33.2579
hexane,C6H14,110-54-3,2911,M,6.7e-06,4200,-11.9134,-34.9207
hexane,C6H14,110-54-3,3518,L,5.7e-06,4400,-12.075,-36.5836
hexane,C6H14,110-54-3,3673,L,6.9e-06,3800,-11.884,-31.595
hexane,C6H14,110-54-3,3674,T,6.7e-06,3800,-11.9134,-31.595
hexane,C6H14,110-54-3,857,M,0.00024,8700,-8.33487,-72.3358
hexanedinitrile,C6H8N2,111-69-3,3621,L,1500,8000,7.31322,-66.5157
hexanedioic acid,HOOC(CH2)4COOH,124-04-9,3022,V,6.6e+07,13000,18.0052,-108.088
hexanedioic acid,HOOC(CH2)4COOH,124-04-9,usepa82,X,180000,11000,12.1007,-91.4591
hexanoic acid,C5H11COOH,142-62-1,1525,L,13,6100,2.56495,-50.7182
hexanoic acid,C5H11COOH,142-62-1,2230,M,13,5900,2.56495,-49.0553
hexanoic acid,C5H11COOH,142-62-1,493,M,13,6300,2.56495,-52.3811
hexyl ethanoate,CH3COOC6H13,142-92-7,3518,L,0.02,7100,-3.91202,-59.0327
hexyl ethanoate,CH3COOC6H13,142-92-7,3616,L,0.017,7300,-4.07454,-60.6956
hexylbenzene,C6H5C6H13,1077-16-3,2219,V,0.0077,9000,-4.86653,-74.8302
hexylbenzene,C6H5C6H13,1077-16-3,3518,L,0.0004,6500,-7.82405,-54.044
hexylbenzene,C6H5C6H13,1077-16-3,3626,T,0.00041,6300,-7.79935,-52.3811
hexylbenzene,C6H5C6H13,1077-16-3,3673,L,0.0004,6300,-7.82405,-52.3811
hydrazoic acid,HN3,7782-79-8,190,L,0.098,3100,-2.32279,-25.7748
hydrazoic acid,HN3,7782-79-8,2626,L,0.12,3800,-2.12026,-31.595
hydrazoic acid,HN3,7782-79-8,2806,M,0.12,3700,-2.12026,-30.7635
hydrazoic acid,HN3,7782-79-8,4017,M,0.12,4200,-2.12026,-34.9207
hydrogen,H2,1333-74-0,190,L,7.7e-06,490,-11.7743,-4.07409
hydrogen,H2,1333-74-0,2105,L,7.8e-06,530,-11.7614,-4.40667
hydrogen,H2,1333-74-0,2375,V,7.8e-06,500,-11.7614,-4.15723
hydrogen,H2,1333-74-0,3026,M,7.7e-06,500,-11.7743,-4.15723
hydrogen,H2,1333-74-0,3431,L,7.8e-06,600,-11.7614,-4.98868
hydrogen,H2,1333-74-0,3711,M,7.8e-06,540,-11.7614,-4.48981
hydrogen,H2,1333-74-0,3712,M,7.8e-06,610,-11.7614,-5.07182
hydrogen,H2,1333-74-0,3713,M,7.5e-06,550,-11.8006,-4.57295
hydrogen,H2,1333-74-0,3717,M,8.5e-06,20,-11.6754,-0.166289
hydrogen,H2,1333-74-0,3777,M,7.8e-06,620,-11.7614,-5.15497
hydrogen,H2,1333-74-0,3781,M,7.7e-06,520,-11.7743,-4.32352
hydrogen,H2,1333-74-0,3782,M,7.7e-06,480,-11.7743,-3.99094
hydrogen,H2,1333-74-0,3783,M,7.8e-06,510,-11.7614,-4.24038
hydrogen,H2,1333-74-0,379,?,7.7e-06,500,-11.7743,-4.15723
hydrogen,H2,1333-74-0,3795,M,7.7e-06,1500,-11.7743,-12.4717
hydrogen,H2,1333-74-0,3811,?,7.7e-06,490,-11.7743,-4.07409
hydrogen,H2,1333-74-0,3852,L,7.7e-06,490,-11.7743,-4.07409
hydrogen bromide,HBr,10035-10-6,379,?,0.24,250,-1.42712,-2.07862
hydrogen chloride,HCl,7647-01-0,167,T,0.011,2300,-4.50986,-19.1233
hydrogen chloride,HCl,7647-01-0,34,?,7.2,2000,1.97408,-16.6289
hydrogen chloride,HCl,7647-01-0,379,?,0.19,620,-1.66073,-5.15497
hydrogen cyanide,HCN,74-90-8,3085,L,0.17,4400,-1.77196,-36.5836
hydrogen cyanide,HCN,74-90-8,3245,L,0.089,8200,-2.41912,-68.1786
hydrogen cyanide,HCN,74-90-8,3500,L,0.089,8200,-2.41912,-68.1786
hydrogen cyanide,HCN,74-90-8,3533,M,0.089,8200,-2.41912,-68.1786
hydrogen cyanide,HCN,74-90-8,3540,T,0.099,4200,-2.31264,-34.9207
hydrogen cyanide,HCN,74-90-8,540,L,0.11,5000,-2.20727,-41.5723
hydrogen cyanide,HCN,74-90-8,kotlik74,X,0.076,2900,-2.57702,-24.1119
hydrogen iodide,HI,10034-85-2,3770,E,0.25,9800,-1.38629,-81.4817
hydrogen peroxide,H2O2,7722-84-1,103,?,700,7300,6.55108,-60.6956
hydrogen peroxide,H2O2,7722-84-1,1943,L,980,6100,6.88755,-50.7182
hydrogen peroxide,H2O2,7722-84-1,1945,L,760,7300,6.63332,-60.6956
hydrogen peroxide,H2O2,7722-84-1,2626,L,830,7600,6.72143,-63.1899
hydrogen peroxide,H2O2,7722-84-1,2827,M,1100,7000,7.00307,-58.2012
hydrogen peroxide,H2O2,7722-84-1,2828,L,910,6600,6.81344,-54.8755
hydrogen peroxide,H2O2,7722-84-1,311,M,990,6300,6.8977,-52.3811
hydrogen peroxide,H2O2,7722-84-1,3245,L,860,7300,6.75693,-60.6956
hydrogen peroxide,H2O2,7722-84-1,3500,L,860,7300,6.75693,-60.6956
hydrogen peroxide,H2O2,7722-84-1,3518,L,950,7200,6.85646,-59.8641
hydrogen peroxide,H2O2,7722-84-1,3578,M,1200,5900,7.09008,-49.0553
hydrogen peroxide,H2O2,7722-84-1,43,T,700,7000,6.55108,-58.2012
hydrogen peroxide,H2O2,7722-84-1,488,M,670,7900,6.50728,-65.6843
hydrogen peroxide,H2O2,7722-84-1,516,M,820,7400,6.7093,-61.527
hydrogen peroxide,H2O2,7722-84-1,523,?,700,7300,6.55108,-60.6956
hydrogen peroxide,H2O2,7722-84-1,800,M,850,6500,6.74524,-54.044
hydrogen peroxide,H2O2,7722-84-1,87,T,960,6600,6.86693,-54.8755
hydrogen sulfide,H2S,7783-06-4,190,L,0.001,2100,-6.90776,-17.4604
hydrogen sulfide,H2S,7783-06-4,1945,L,0.001,2100,-6.90776,-17.4604
hydrogen sulfide,H2S,7783-06-4,2105,L,0.001,2000,-6.90776,-16.6289
hydrogen sulfide,H2S,7783-06-4,2626,L,0.001,2100,-6.90776,-17.4604
hydrogen sulfide,H2S,7783-06-4,2630,R,0.00096,2000,-6.94858,-16.6289
hydrogen sulfide,H2S,7783-06-4,2928,M,0.00094,2300,-6.96963,-19.1233
hydrogen sulfide,H2S,7783-06-4,2929,M,0.00091,1700,-7.00207,-14.1346
hydrogen sulfide,H2S,7783-06-4,3085,L,0.001,2000,-6.90776,-16.6289
hydrogen sulfide,H2S,7783-06-4,3245,L,0.001,2100,-6.90776,-17.4604
hydrogen sulfide,H2S,7783-06-4,3500,L,0.001,2100,-6.90776,-17.4604
hydrogen sulfide,H2S,7783-06-4,3534,M,0.00092,1600,-6.99114,-13.3031
hydrogen sulfide,H2S,7783-06-4,3540,T,0.001,2300,-6.90776,-19.1233
hydrogen sulfide,H2S,7783-06-4,3668,M,0.0012,1700,-6.72543,-14.1346
hydrogen sulfide,H2S,7783-06-4,3718,M,0.001,2300,-6.90776,-19.1233
hydrogen sulfide,H2S,7783-06-4,379,?,0.001,2100,-6.90776,-17.4604
hydrogen sulfide,H2S,7783-06-4,3811,?,0.001,2000,-6.90776,-16.6289
hydrogen sulfide,H2S,7783-06-4,3863,L,0.001,2000,-6.90776,-16.6289
hydrogen sulfide,H2S,7783-06-4,3917,M,0.001,2100,-6.90776,-17.4604
hydrogen sulfide,H2S,7783-06-4,3933,M,0.0011,2000,-6.81245,-16.6289
hydrogen sulfide,H2S,7783-06-4,540,L,0.001,2100,-6.90776,-17.4604
hydrogen sulfide,H2S,7783-06-4,586,M,0.00086,2100,-7.05858,-17.4604
hydrogen sulfide,H2S,7783-06-4,615,L,0.001,2200,-6.90776,-18.2918
hydrogen sulfide,H2S,7783-06-4,862,M,0.001,2100,-6.90776,-17.4604
hydrogen sulfide,H2S,7783-06-4,997,M,0.0011,2300,-6.81245,-19.1233
hydroperoxy radical,HO2,3170-83-0,515,T,38,5900,3.63759,-49.0553
hydroperoxy radical,HO2,3170-83-0,763,T,46,4800,3.82864,-39.9094
hydroxybenzene,C6H5OH,108-95-2,1154,X,1.9,3600,0.641854,-29.9321
hydroxybenzene,C6H5OH,108-95-2,1513,M,30,5900,3.4012,-49.0553
hydroxybenzene,C6H5OH,108-95-2,1907,M,16,6000,2.77259,-49.8868
hydroxybenzene,C6H5OH,108-95-2,2183,M,28,2700,3.3322,-22.449
hydroxybenzene,C6H5OH,108-95-2,2291,M,17,6100,2.83321,-50.7182
hydroxybenzene,C6H5OH,108-95-2,2451,M,81,7400,4.39445,-61.527
hydroxybenzene,C6H5OH,108-95-2,2488,M,6.4,7700,1.8563,-64.0214
hydroxybenzene,C6H5OH,108-95-2,3518,L,22,8900,3.09104,-73.9987
hydroxybenzene,C6H5OH,108-95-2,3681,L,18,3000,2.89037,-24.9434
hydroxybenzene,C6H5OH,108-95-2,3724,M,22,9800,3.09104,-81.4817
hydroxybenzene,C6H5OH,108-95-2,724,T,28,6800,3.3322,-56.5383
hydroxybenzene,C6H5OH,108-95-2,usepa82,X,19,7300,2.94444,-60.6956
hydroxyethanoic acid,HOCH2COOH,79-14-1,2401,M,280,4000,5.63479,-33.2579
hydroxyethanoic acid,HOCH2COOH,79-14-1,2626,L,280,4000,5.63479,-33.2579
hydroxyethanoic acid,HOCH2COOH,79-14-1,3245,L,280,4000,5.63479,-33.2579
hydroxyethanoic acid,HOCH2COOH,79-14-1,3500,L,280,4000,5.63479,-33.2579
hydroxyl radical,OH,3352-57-6,46,C,0.25,5300,-1.38629,-44.0667
hydroxyl radical,OH,3352-57-6,515,T,0.29,4300,-1.23787,-35.7522
hydroxyl radical,OH,3352-57-6,763,T,0.29,3100,-1.23787,-25.7748
hydroxymethyl hydroperoxide,HOCH2OOH,15932-89-5,1525,L,16000,10000,9.68034,-83.1446
hydroxymethyl hydroperoxide,HOCH2OOH,15932-89-5,1945,L,17000,9900,9.74097,-82.3132
hydroxymethyl hydroperoxide,HOCH2OOH,15932-89-5,2626,L,17000,9900,9.74097,-82.3132
hydroxymethyl hydroperoxide,HOCH2OOH,15932-89-5,3245,L,17000,9900,9.74097,-82.3132
hydroxymethyl hydroperoxide,HOCH2OOH,15932-89-5,3500,L,17000,9900,9.74097,-82.3132
hydroxymethyl hydroperoxide,HOCH2OOH,15932-89-5,516,M,16000,9700,9.68034,-80.6503
hydroxymethyl hydroperoxide,HOCH2OOH,15932-89-5,799,M,16000,10000,9.68034,-83.1446
hydroxymethyl hydroperoxide,HOCH2OOH,15932-89-5,800,M,4700,1500,8.45532,-12.4717
hydroxymethylmercury,CH3HgOH,1184-57-2,2576,M,980,7700,6.88755,-64.0214
hydroxymethylperoxy radical,HOCH2OO,27828-51-9,1442,E,790,8200,6.67203,-68.1786
hydroxypentachlorobenzene,C6HCl5O,87-86-5,usepa82,X,0.11,1300,-2.20727,-10.8088
hypobromous acid,HOBr,13517-11-8,276,T,0.018,4000,-4.01738,-33.2579
hypochlorous acid,HOCl,7790-92-3,183,M,4.7,1600,1.54756,-13.3031
hypochlorous acid,HOCl,7790-92-3,1945,L,6.5,5900,1.8718,-49.0553
hypochlorous acid,HOCl,7790-92-3,2626,L,6.5,5900,1.8718,-49.0553
hypochlorous acid,HOCl,7790-92-3,287,M,6,4900,1.79176,-40.7409
hypochlorous acid,HOCl,7790-92-3,315,L,6.5,5900,1.8718,-49.0553
hypochlorous acid,HOCl,7790-92-3,3245,L,6.5,5900,1.8718,-49.0553
hypochlorous acid,HOCl,7790-92-3,3500,L,6.5,5900,1.8718,-49.0553
hypochlorous acid,HOCl,7790-92-3,3809,M,6.4,8900,1.8563,-73.9987
hypochlorous acid,HOCl,7790-92-3,3957,M,12,5200,2.48491,-43.2352
hypochlorous acid,HOCl,7790-92-3,489,T,2.6,5100,0.955511,-42.4038
"indeno[1,2,3-cd]pyrene",C22H12,193-39-5,1143,T,2.5,7400,0.916291,-61.527
"indeno[1,2,3-cd]pyrene",C22H12,193-39-5,1146,M,28,3600,3.3322,-29.9321
iodine (molecular),I2,7553-56-2,1149,M,0.028,4300,-3.57555,-35.7522
iodine (molecular),I2,7553-56-2,1943,V,0.028,3900,-3.57555,-32.4264
iodine (molecular),I2,7553-56-2,489,T,0.032,4800,-3.44202,-39.9094
iodine (molecular),I2,7553-56-2,582,R,0.03,4400,-3.50656,-36.5836
iodine (molecular),I2,7553-56-2,763,R,0.031,4600,-3.47377,-38.2465
iodine atom,I,14362-44-8,763,T,6.2e-05,2300,-9.68838,-19.1233
iodoethane,C2H5I,75-03-6,1943,L,0.0015,4200,-6.50229,-34.9207
iodoethane,C2H5I,75-03-6,3245,L,0.0014,4800,-6.57128,-39.9094
iodoethane,C2H5I,75-03-6,3500,L,0.0014,4800,-6.57128,-39.9094
iodoethane,C2H5I,75-03-6,3518,L,0.0015,3600,-6.50229,-29.9321
iodoethane,C2H5I,75-03-6,3564,M,0.0014,4800,-6.57128,-39.9094
iodoethane,C2H5I,75-03-6,863,M,0.0015,4000,-6.50229,-33.2579
iodoethylmercury,C2H5HgI,2440-42-8,2577,Q,2.5,5200,0.916291,-43.2352
iodomethane,CH3I,74-88-4,1340,M,0.0018,3000,-6.31997,-24.9434
iodomethane,CH3I,74-88-4,1342,M,0.002,3700,-6.21461,-30.7635
iodomethane,CH3I,74-88-4,1525,L,0.002,3600,-6.21461,-29.9321
iodomethane,CH3I,74-88-4,1943,V,0.0019,3600,-6.2659,-29.9321
iodomethane,CH3I,74-88-4,1945,L,0.002,3600,-6.21461,-29.9321
iodomethane,CH3I,74-88-4,2222,M,0.0019,3000,-6.2659,-24.9434
iodomethane,CH3I,74-88-4,2626,L,0.002,3600,-6.21461,-29.9321
iodomethane,CH3I,74-88-4,2891,M,0.0018,3200,-6.31997,-26.6063
iodomethane,CH3I,74-88-4,2952,M,0.002,3100,-6.21461,-25.7748
iodomethane,CH3I,74-88-4,3245,L,0.002,3600,-6.21461,-29.9321
iodomethane,CH3I,74-88-4,3245,L,0.0015,3900,-6.50229,-32.4264
iodomethane,CH3I,74-88-4,3500,L,0.002,3200,-6.21461,-26.6063
iodomethane,CH3I,74-88-4,3500,L,0.0015,3900,-6.50229,-32.4264
iodomethane,CH3I,74-88-4,3518,L,0.002,3100,-6.21461,-25.7748
iodomethane,CH3I,74-88-4,3564,M,0.0014,3900,-6.57128,-32.4264
iodomethane,CH3I,74-88-4,583,M,0.0014,4100,-6.57128,-34.0893
iodomethane,CH3I,74-88-4,608,M,0.0019,3800,-6.2659,-31.595
iodomethane,CH3I,74-88-4,863,M,0.0019,3700,-6.2659,-30.7635
iodomethylmercury,CH3HgI,143-36-2,2577,Q,2,4800,0.693147,-39.9094
iodophenylmercury,C6H5HgI,823-04-1,2577,Q,90,6700,4.49981,-55.7069
isobutyl nitrate,C4H9ONO2,543-29-3,541,M,0.007,5200,-4.96185,-43.2352
isocyanic acid,HNCO,75-13-8,3411,M,0.26,4100,-1.34707,-34.0893
isocyanic acid,HNCO,75-13-8,3525,M,0.2,4700,-1.60944,-39.078
isosativene,C15H24,24959-83-9,3216,M,0.00039,3600,-7.84936,-29.9321
krypton,Kr,7439-90-9,1498,L,2.5e-05,1900,-10.5966,-15.7975
krypton,Kr,7439-90-9,190,L,2.5e-05,1900,-10.5966,-15.7975
krypton,Kr,7439-90-9,2105,L,2.5e-05,1700,-10.5966,-14.1346
krypton,Kr,7439-90-9,2375,V,2.4e-05,1800,-10.6375,-14.966
krypton,Kr,7439-90-9,2436,M,2.5e-05,1800,-10.5966,-14.966
krypton,Kr,7439-90-9,2557,M,2.5e-05,1900,-10.5966,-15.7975
krypton,Kr,7439-90-9,3517,Q,1.5e-05,1600,-11.1075,-13.3031
krypton,Kr,7439-90-9,3517,Q,1.6e-05,1400,-11.0429,-11.6402
krypton,Kr,7439-90-9,3601,M,2.6e-05,1800,-10.5574,-14.966
krypton,Kr,7439-90-9,3696,L,2.5e-05,2000,-10.5966,-16.6289
krypton,Kr,7439-90-9,3714,M,3.4e-05,1400,-10.2892,-11.6402
krypton,Kr,7439-90-9,3714,M,2.8e-05,1900,-10.4833,-15.7975
krypton,Kr,7439-90-9,379,?,2.5e-05,1800,-10.5966,-14.966
krypton,Kr,7439-90-9,3811,?,2.5e-05,1900,-10.5966,-15.7975
krypton,Kr,7439-90-9,3850,L,2.5e-05,1900,-10.5966,-15.7975
krypton,Kr,7439-90-9,764,M,2.4e-05,1700,-10.6375,-14.1346
limonene oxide,C10H16O,1195-92-2,2125,V,0.027,4600,-3.61192,-38.2465
malathion,C10H19O6PS2,121-75-5,3518,L,20,8300,2.99573,-69.01
mercury,Hg,7439-97-6,2171,?,0.0013,2700,-6.64539,-22.449
mercury,Hg,7439-97-6,2279,L,0.0011,4800,-6.81245,-39.9094
mercury,Hg,7439-97-6,2280,M,0.0013,2500,-6.64539,-20.7862
mercury,Hg,7439-97-6,2578,V,0.0011,5700,-6.81245,-47.3924
mercury,Hg,7439-97-6,2820,M,0.0013,2600,-6.64539,-21.6176
mercury,Hg,7439-97-6,3245,L,0.0013,2600,-6.64539,-21.6176
mercury,Hg,7439-97-6,3500,L,0.0013,2600,-6.64539,-21.6176
mercury,Hg,7439-97-6,3862,L,0.0012,5400,-6.72543,-44.8981
mercury dibromide,HgBr2,7789-47-1,2571,C,960,7400,6.86693,-61.527
mercury dibromide,HgBr2,7789-47-1,2577,Q,4400,7100,8.38936,-59.0327
mercury dichloride,HgCl2,7487-94-7,2290,C,14000,5300,9.54681,-44.0667
mercury dichloride,HgCl2,7487-94-7,2570,?,14000,9500,9.54681,-78.9874
mercury dichloride,HgCl2,7487-94-7,2571,R,13000,7400,9.4727,-61.527
mercury dichloride,HgCl2,7487-94-7,2577,Q,42000,7400,10.6454,-61.527
mercury dichloride,HgCl2,7487-94-7,3070,C,14000,5300,9.54681,-44.0667
mercury dihydroxide,Hg(OH)2,12135-13-6,2290,C,130,4200,4.86753,-34.9207
mercury dihydroxide,Hg(OH)2,12135-13-6,3070,C,130,4200,4.86753,-34.9207
mercury diiodide,HgI2,7774-29-0,2577,Q,200,6700,5.29832,-55.7069
methanal,HCHO,50-00-0,1525,L,32,6800,3.46574,-56.5383
methanal,HCHO,50-00-0,1945,L,32,7100,3.46574,-59.0327
methanal,HCHO,50-00-0,2626,L,32,7100,3.46574,-59.0327
methanal,HCHO,50-00-0,2817,M,34,6400,3.52636,-53.2126
methanal,HCHO,50-00-0,2828,L,32,6800,3.46574,-56.5383
methanal,HCHO,50-00-0,2829,M,53,1600,3.97029,-13.3031
methanal,HCHO,50-00-0,3111,M,35,5700,3.55535,-47.3924
methanal,HCHO,50-00-0,3245,L,32,7100,3.46574,-59.0327
methanal,HCHO,50-00-0,3500,L,32,7100,3.46574,-59.0327
methanal,HCHO,50-00-0,484,M,31,7200,3.43399,-59.8641
methanal,HCHO,50-00-0,630,M,31,6500,3.43399,-54.044
methanal,HCHO,50-00-0,747,L,32,6800,3.46574,-56.5383
methanal,HCHO,50-00-0,87,T,69,6400,4.23411,-53.2126
methanal,HCHO,50-00-0,bell66,X,29,7200,3.3673,-59.8641
methanamine,CH3NH2,74-89-5,190,L,0.35,2600,-1.04982,-21.6176
methane,CH4,74-82-8,1498,L,1.4e-05,1600,-11.1765,-13.3031
methane,CH4,74-82-8,190,L,1.4e-05,1700,-11.1765,-14.1346
methane,CH4,74-82-8,1945,L,1.4e-05,1600,-11.1765,-13.3031
methane,CH4,74-82-8,2013,M,1.3e-05,1400,-11.2506,-11.6402
methane,CH4,74-82-8,2105,L,1.4e-05,1500,-11.1765,-12.4717
methane,CH4,74-82-8,2375,V,1.3e-05,1600,-11.2506,-13.3031
methane,CH4,74-82-8,2557,M,1.4e-05,1600,-11.1765,-13.3031
methane,CH4,74-82-8,2626,L,1.4e-05,1600,-11.1765,-13.3031
methane,CH4,74-82-8,2828,L,1.4e-05,1900,-11.1765,-15.7975
methane,CH4,74-82-8,2834,M,1.3e-05,1700,-11.2506,-14.1346
methane,CH4,74-82-8,3126,M,1.2e-05,2400,-11.3306,-19.9547
methane,CH4,74-82-8,3245,L,1.4e-05,1600,-11.1765,-13.3031
methane,CH4,74-82-8,3245,L,1.2e-05,1100,-11.3306,-9.14591
methane,CH4,74-82-8,3431,L,1.3e-05,1500,-11.2506,-12.4717
methane,CH4,74-82-8,3500,L,1.4e-05,1600,-11.1765,-13.3031
methane,CH4,74-82-8,3500,L,1.2e-05,1100,-11.3306,-9.14591
methane,CH4,74-82-8,3569,M,1.4e-05,1600,-11.1765,-13.3031
methane,CH4,74-82-8,3601,M,1.4e-05,1600,-11.1765,-13.3031
methane,CH4,74-82-8,3673,L,1.4e-05,1600,-11.1765,-13.3031
methane,CH4,74-82-8,3690,M,1.4e-05,1800,-11.1765,-14.966
methane,CH4,74-82-8,3734,M,1.4e-05,1800,-11.1765,-14.966
methane,CH4,74-82-8,3783,M,1.3e-05,1600,-11.2506,-13.3031
methane,CH4,74-82-8,3785,M,1.3e-05,1700,-11.2506,-14.1346
methane,CH4,74-82-8,379,?,1.3e-05,1700,-11.2506,-14.1346
methane,CH4,74-82-8,3799,M,1.4e-05,1600,-11.1765,-13.3031
methane,CH4,74-82-8,3811,?,1.4e-05,1600,-11.1765,-13.3031
methane,CH4,74-82-8,491,M,1.4e-05,1600,-11.1765,-13.3031
methanethiol,CH3SH,74-93-1,1525,L,0.0028,3100,-5.87814,-25.7748
methanethiol,CH3SH,74-93-1,1945,L,0.0038,3400,-5.57275,-28.2692
methanethiol,CH3SH,74-93-1,2626,L,0.0038,3400,-5.57275,-28.2692
methanethiol,CH3SH,74-93-1,3245,L,0.0038,3400,-5.57275,-28.2692
methanethiol,CH3SH,74-93-1,3500,L,0.0038,3400,-5.57275,-28.2692
methanethiol,CH3SH,74-93-1,3618,L,0.0028,2900,-5.87814,-24.1119
methanethiol,CH3SH,74-93-1,3668,M,0.0023,2700,-6.07485,-22.449
methanethiol,CH3SH,74-93-1,522,M,0.0039,3400,-5.54678,-28.2692
methanethiol,CH3SH,74-93-1,586,M,0.002,2800,-6.21461,-23.2805
methanethiol,CH3SH,74-93-1,usepa82,X,0.0026,1600,-5.95224,-13.3031
methanoic acid,HCOOH,64-18-6,1525,L,67,5900,4.20469,-49.0553
methanoic acid,HCOOH,64-18-6,1945,L,88,6100,4.47734,-50.7182
methanoic acid,HCOOH,64-18-6,2230,M,54,5600,3.98898,-46.561
methanoic acid,HCOOH,64-18-6,2626,L,88,6100,4.47734,-50.7182
methanoic acid,HCOOH,64-18-6,31,C,37,5700,3.61092,-47.3924
methanoic acid,HCOOH,64-18-6,3245,L,88,6100,4.47734,-50.7182
methanoic acid,HCOOH,64-18-6,34,C,35,5700,3.55535,-47.3924
methanoic acid,HCOOH,64-18-6,3500,L,88,6100,4.47734,-50.7182
methanoic acid,HCOOH,64-18-6,46,T,37,5700,3.61092,-47.3924
methanoic acid,HCOOH,64-18-6,511,M,88,6100,4.47734,-50.7182
methanol,CH3OH,67-56-1,1574,M,2.6,5900,0.955511,-49.0553
methanol,CH3OH,67-56-1,1831,L,2.1,5300,0.741937,-44.0667
methanol,CH3OH,67-56-1,1943,L,1.7,4500,0.530628,-37.4151
methanol,CH3OH,67-56-1,1945,L,2.2,5200,0.788457,-43.2352
methanol,CH3OH,67-56-1,2222,R,2.2,5700,0.788457,-47.3924
methanol,CH3OH,67-56-1,2626,L,2,5600,0.693147,-46.561
methanol,CH3OH,67-56-1,2961,M,2,5500,0.693147,-45.7295
methanol,CH3OH,67-56-1,3065,L,2,5500,0.693147,-45.7295
methanol,CH3OH,67-56-1,3132,M,2,5600,0.693147,-46.561
methanol,CH3OH,67-56-1,3245,L,2,5500,0.693147,-45.7295
methanol,CH3OH,67-56-1,3500,L,2,5500,0.693147,-45.7295
methanol,CH3OH,67-56-1,3518,L,2,5400,0.693147,-44.8981
methanol,CH3OH,67-56-1,3526,M,2.2,5300,0.788457,-44.0667
methanol,CH3OH,67-56-1,3648,M,2.6,3900,0.955511,-32.4264
methanol,CH3OH,67-56-1,3673,L,2.1,5400,0.741937,-44.8981
methanol,CH3OH,67-56-1,3674,T,2.1,5400,0.741937,-44.8981
methanol,CH3OH,67-56-1,3693,V,1.8,6200,0.587787,-51.5497
methanol,CH3OH,67-56-1,3694,M,2.2,5300,0.788457,-44.0667
methanol,CH3OH,67-56-1,483,M,2.2,5200,0.788457,-43.2352
methanol,CH3OH,67-56-1,859,X,1.6,5600,0.470004,-46.561
methoxybenzene,C6H5OCH3,100-66-3,1107,M,0.026,4800,-3.64966,-39.9094
methoxybenzene,C6H5OCH3,100-66-3,2926,M,0.029,4200,-3.54046,-34.9207
methoxybenzene,C6H5OCH3,100-66-3,3518,L,0.029,4200,-3.54046,-34.9207
"methyl 2,2-dimethylpropanoate",C6H12O2,598-98-1,2016,T,0.023,6000,-3.77226,-49.8868
"methyl 2,2-dimethylpropanoate",C6H12O2,598-98-1,3616,L,0.0095,5600,-4.65646,-46.561
methyl 2-hydroxypropanoate,C4H8O3,547-64-8,3214,M,9.1,5000,2.20827,-41.5723
methyl 2-methylpropanoate,C5H10O2,547-63-7,2016,T,0.033,5700,-3.41125,-47.3924
methyl 2-methylpropanoate,C5H10O2,547-63-7,3518,L,0.026,5600,-3.64966,-46.561
methyl 2-methylpropanoate,C5H10O2,547-63-7,3616,L,0.026,5500,-3.64966,-45.7295
methyl benzoate,C6H5COOCH3,93-58-3,2016,T,0.58,6300,-0.544727,-52.3811
methyl benzoate,C6H5COOCH3,93-58-3,3518,L,0.29,6400,-1.23787,-53.2126
methyl butanoate,C3H7COOCH3,623-42-7,3518,L,0.039,5700,-3.24419,-47.3924
methyl butanoate,C3H7COOCH3,623-42-7,3616,L,0.042,5700,-3.17009,-47.3924
methyl butanoate,C3H7COOCH3,623-42-7,3638,V,0.36,4400,-1.02165,-36.5836
methyl butyl ether,C5H12O,628-28-4,3518,L,0.0066,6100,-5.02069,-50.7182
methyl chloroethanoate,C3H5ClO2,96-34-4,3518,L,0.49,5600,-0.71335,-46.561
methyl ethanoate,CH3COOCH3,79-20-9,2016,T,0.11,4800,-2.20727,-39.9094
methyl ethanoate,CH3COOCH3,79-20-9,2646,M,0.066,4500,-2.7181,-37.4151
methyl ethanoate,CH3COOCH3,79-20-9,2891,M,0.12,7500,-2.12026,-62.3585
methyl ethanoate,CH3COOCH3,79-20-9,3093,M,0.081,4900,-2.51331,-40.7409
methyl ethanoate,CH3COOCH3,79-20-9,3245,L,0.02,5000,-3.91202,-41.5723
methyl ethanoate,CH3COOCH3,79-20-9,3500,L,0.085,5900,-2.4651,-49.0553
methyl ethanoate,CH3COOCH3,79-20-9,3518,L,0.085,5900,-2.4651,-49.0553
methyl ethanoate,CH3COOCH3,79-20-9,3609,M,0.083,4900,-2.48891,-40.7409
methyl ethanoate,CH3COOCH3,79-20-9,3616,L,0.081,4800,-2.51331,-39.9094
methyl ethanoate,CH3COOCH3,79-20-9,3638,V,0.048,3300,-3.03655,-27.4377
methyl ethanoate,CH3COOCH3,79-20-9,3641,M,0.087,4800,-2.44185,-39.9094
methyl ethanoate,CH3COOCH3,79-20-9,628,M,0.077,5000,-2.56395,-41.5723
methyl hexanoate,C5H11COOCH3,106-70-7,3616,L,0.026,6600,-3.64966,-54.8755
methyl hexanoate,C5H11COOCH3,106-70-7,3638,V,2.6,5600,0.955511,-46.561
methyl hydroperoxide,CH3OOH,3031-73-0,1525,L,3.1,5300,1.1314,-44.0667
methyl hydroperoxide,CH3OOH,3031-73-0,1945,L,3,5300,1.09861,-44.0667
methyl hydroperoxide,CH3OOH,3031-73-0,2626,L,3,5300,1.09861,-44.0667
methyl hydroperoxide,CH3OOH,3031-73-0,2828,L,2.9,5200,1.06471,-43.2352
methyl hydroperoxide,CH3OOH,3031-73-0,2913,M,2.5,4400,0.916291,-36.5836
methyl hydroperoxide,CH3OOH,3031-73-0,311,M,3,5300,1.09861,-44.0667
methyl hydroperoxide,CH3OOH,3031-73-0,3245,L,3,5300,1.09861,-44.0667
methyl hydroperoxide,CH3OOH,3031-73-0,3500,L,3,5300,1.09861,-44.0667
methyl hydroperoxide,CH3OOH,3031-73-0,3518,L,3,5200,1.09861,-43.2352
methyl hydroperoxide,CH3OOH,3031-73-0,516,M,3.1,5200,1.1314,-43.2352
methyl isobutyl ether,C5H12O,625-44-5,3518,L,0.0043,6700,-5.44914,-55.7069
methyl methacrylate,C5H8O2,80-62-6,2891,M,0.043,7700,-3.14656,-64.0214
methyl methacrylate,C5H8O2,80-62-6,3518,L,0.029,5300,-3.54046,-44.0667
methyl methacrylate,C5H8O2,80-62-6,3523,V,0.031,5300,-3.47377,-44.0667
methyl methanoate,HCOOCH3,107-31-3,2626,L,0.041,4000,-3.19418,-33.2579
methyl methanoate,HCOOCH3,107-31-3,2802,M,0.041,4000,-3.19418,-33.2579
methyl methanoate,HCOOCH3,107-31-3,3245,L,0.041,4000,-3.19418,-33.2579
methyl methanoate,HCOOCH3,107-31-3,3500,L,0.041,4000,-3.19418,-33.2579
methyl methanoate,HCOOCH3,107-31-3,3518,L,0.042,3800,-3.17009,-31.595
methyl methanoate,HCOOCH3,107-31-3,3616,L,0.042,3900,-3.17009,-32.4264
methyl methanoate,HCOOCH3,107-31-3,640,M,0.039,4100,-3.24419,-34.0893
methyl nitrate,CH3ONO2,598-58-3,1945,L,0.02,4700,-3.91202,-39.078
methyl nitrate,CH3ONO2,598-58-3,2626,L,0.02,4700,-3.91202,-39.078
methyl nitrate,CH3ONO2,598-58-3,3245,L,0.02,4700,-3.91202,-39.078
methyl nitrate,CH3ONO2,598-58-3,3500,L,0.02,4700,-3.91202,-39.078
methyl nitrate,CH3ONO2,598-58-3,541,M,0.02,4700,-3.91202,-39.078
methyl pentanoate,C4H9COOCH3,624-24-8,3616,L,0.03,6100,-3.50656,-50.7182
methyl pentanoate,C4H9COOCH3,624-24-8,3638,V,0.97,5000,-0.0304592,-41.5723
methyl propanoate,C2H5COOCH3,554-12-1,2016,T,0.054,5400,-2.91877,-44.8981
methyl propanoate,C2H5COOCH3,554-12-1,3518,L,0.058,5700,-2.84731,-47.3924
methyl propanoate,C2H5COOCH3,554-12-1,3616,L,0.055,5400,-2.90042,-44.8981
methyl propanoate,C2H5COOCH3,554-12-1,3638,V,0.13,3900,-2.04022,-32.4264
methyl propanoate,C2H5COOCH3,554-12-1,510,?,0.058,5000,-2.84731,-41.5723
methyl tert-butyl ether,CH3OC(CH3)3,1634-04-4,2522,M,0.0072,3200,-4.93367,-26.6063
methyl tert-butyl ether,CH3OC(CH3)3,1634-04-4,2645,M,0.011,4800,-4.50986,-39.9094
methyl tert-butyl ether,CH3OC(CH3)3,1634-04-4,2646,M,0.012,5000,-4.42285,-41.5723
methyl tert-butyl ether,CH3OC(CH3)3,1634-04-4,2647,M,0.014,4500,-4.2687,-37.4151
methyl tert-butyl ether,CH3OC(CH3)3,1634-04-4,2891,M,0.017,9100,-4.07454,-75.6616
methyl tert-butyl ether,CH3OC(CH3)3,1634-04-4,2921,M,0.024,18000,-3.7297,-149.66
methyl tert-butyl ether,CH3OC(CH3)3,1634-04-4,3116,M,0.011,4400,-4.50986,-36.5836
methyl tert-butyl ether,CH3OC(CH3)3,1634-04-4,3302,M,0.015,5900,-4.19971,-49.0553
methyl tert-butyl ether,CH3OC(CH3)3,1634-04-4,3304,M,0.012,5100,-4.42285,-42.4038
methyl tert-butyl ether,CH3OC(CH3)3,1634-04-4,3518,L,0.013,5900,-4.34281,-49.0553
methyl tert-butyl ether,CH3OC(CH3)3,1634-04-4,3681,L,0.012,5100,-4.42285,-42.4038
methyl tert-butyl ether,CH3OC(CH3)3,1634-04-4,3691,M,0.019,5300,-3.96332,-44.0667
methyl tert-butyl ether,CH3OC(CH3)3,1634-04-4,3693,V,0.1,3700,-2.30259,-30.7635
methyl tert-butyl ether,CH3OC(CH3)3,1634-04-4,599,M,0.019,15000,-3.96332,-124.717
methylbenzene,C6H5CH3,108-88-3,1107,M,0.0015,4700,-6.50229,-39.078
methylbenzene,C6H5CH3,108-88-3,1114,M,0.0012,3600,-6.72543,-29.9321
methylbenzene,C6H5CH3,108-88-3,1150,M,0.0015,3800,-6.50229,-31.595
methylbenzene,C6H5CH3,108-88-3,1156,M,0.0015,3000,-6.50229,-24.9434
methylbenzene,C6H5CH3,108-88-3,1229,M,0.0015,4500,-6.50229,-37.4151
methylbenzene,C6H5CH3,108-88-3,1331,M,0.0012,5400,-6.72543,-44.8981
methylbenzene,C6H5CH3,108-88-3,1497,V,0.0015,4400,-6.50229,-36.5836
methylbenzene,C6H5CH3,108-88-3,1525,L,0.0015,4300,-6.50229,-35.7522
methylbenzene,C6H5CH3,108-88-3,1943,V,0.0019,4300,-6.2659,-35.7522
methylbenzene,C6H5CH3,108-88-3,2219,V,0.0019,4200,-6.2659,-34.9207
methylbenzene,C6H5CH3,108-88-3,2270,M,0.0014,5000,-6.57128,-41.5723
methylbenzene,C6H5CH3,108-88-3,2271,M,0.0015,4900,-6.50229,-40.7409
methylbenzene,C6H5CH3,108-88-3,2375,V,0.0018,4400,-6.31997,-36.5836
methylbenzene,C6H5CH3,108-88-3,2453,M,0.0015,4200,-6.50229,-34.9207
methylbenzene,C6H5CH3,108-88-3,2463,M,0.0014,4100,-6.57128,-34.0893
methylbenzene,C6H5CH3,108-88-3,2522,M,0.0017,3600,-6.37713,-29.9321
methylbenzene,C6H5CH3,108-88-3,2645,M,0.0015,4300,-6.50229,-35.7522
methylbenzene,C6H5CH3,108-88-3,2891,M,0.0021,4400,-6.16582,-36.5836
methylbenzene,C6H5CH3,108-88-3,2896,M,0.0019,4000,-6.2659,-33.2579
methylbenzene,C6H5CH3,108-88-3,2901,M,0.0015,6500,-6.50229,-54.044
methylbenzene,C6H5CH3,108-88-3,2904,M,0.0017,2800,-6.37713,-23.2805
methylbenzene,C6H5CH3,108-88-3,2905,M,0.0013,3900,-6.64539,-32.4264
methylbenzene,C6H5CH3,108-88-3,2922,M,0.0015,4700,-6.50229,-39.078
methylbenzene,C6H5CH3,108-88-3,2923,M,0.0017,4300,-6.37713,-35.7522
methylbenzene,C6H5CH3,108-88-3,2953,M,0.0015,4200,-6.50229,-34.9207
methylbenzene,C6H5CH3,108-88-3,2981,M,0.0016,5000,-6.43775,-41.5723
methylbenzene,C6H5CH3,108-88-3,2982,M,0.0013,2700,-6.64539,-22.449
methylbenzene,C6H5CH3,108-88-3,2984,M,0.0016,4100,-6.43775,-34.0893
methylbenzene,C6H5CH3,108-88-3,2987,M,0.0017,4200,-6.37713,-34.9207
methylbenzene,C6H5CH3,108-88-3,2996,M,0.0014,2200,-6.57128,-18.2918
methylbenzene,C6H5CH3,108-88-3,3116,M,0.0013,2100,-6.64539,-17.4604
methylbenzene,C6H5CH3,108-88-3,3507,M,0.0015,4600,-6.50229,-38.2465
methylbenzene,C6H5CH3,108-88-3,3518,L,0.0019,4000,-6.2659,-33.2579
methylbenzene,C6H5CH3,108-88-3,3673,L,0.0016,4400,-6.43775,-36.5836
methylbenzene,C6H5CH3,108-88-3,3674,T,0.0016,4400,-6.43775,-36.5836
methylbenzene,C6H5CH3,108-88-3,3681,L,0.0016,4100,-6.43775,-34.0893
methylbenzene,C6H5CH3,108-88-3,3694,M,0.0015,3900,-6.50229,-32.4264
methylbenzene,C6H5CH3,108-88-3,584,M,0.0018,4400,-6.31997,-36.5836
methylbenzene,C6H5CH3,108-88-3,599,M,0.0015,4400,-6.50229,-36.5836
methylbenzene,C6H5CH3,108-88-3,640,M,0.002,4900,-6.21461,-40.7409
methylbenzene,C6H5CH3,108-88-3,719,V,0.0018,4300,-6.31997,-35.7522
methylbenzene,C6H5CH3,108-88-3,747,L,0.0015,4000,-6.50229,-33.2579
methylbenzene,C6H5CH3,108-88-3,791,M,0.0017,5900,-6.37713,-49.0553
methylbenzene,C6H5CH3,108-88-3,837,M,0.0017,3700,-6.37713,-30.7635
methylbenzene,C6H5CH3,108-88-3,857,M,0.0016,2500,-6.43775,-20.7862
methylbenzene,C6H5CH3,108-88-3,858,M,0.0015,2500,-6.50229,-20.7862
methylbenzene,C6H5CH3,108-88-3,usepa82,X,0.0015,1900,-6.50229,-15.7975
methylbenzene-d8,C6D5CD3,2037-26-5,2891,M,0.002,4300,-6.21461,-35.7522
methylcyclohexane,C6H11CH3,108-87-2,2891,M,0.00032,5300,-8.04719,-44.0667
methylcyclohexane,C6H11CH3,108-87-2,3518,L,2.6e-05,4500,-10.5574,-37.4151
methylcyclohexane,C6H11CH3,108-87-2,903,M,9.6e-05,9400,-9.25116,-78.1559
methylcyclohexane-d14,C6D11CD3,10120-28-2,2891,M,0.00031,5600,-8.07894,-46.561
methylcyclopentane,C5H9CH3,96-37-7,3673,L,2.8e-05,5500,-10.4833,-45.7295
methylperoxy radical,CH3OO,2143-58-0,1442,E,0.15,3700,-1.89712,-30.7635
methylperoxy radical,CH3OO,2143-58-0,46,E,0.059,5600,-2.83022,-46.561
metolachlor,C15H22ClNO2,51218-45-2,1943,L,620,15000,6.42972,-124.717
metolachlor,C15H22ClNO2,51218-45-2,2818,M,210,10000,5.34711,-83.1446
metolachlor,C15H22ClNO2,51218-45-2,3947,M,570,15000,6.34564,-124.717
mirex,C10Cl12,2385-85-5,852,M,0.012,11000,-4.42285,-91.4591
molinate,C9H17NOS,2212-67-1,1142,M,1.7,7300,0.530628,-60.6956
naphthalene,C10H8,91-20-3,1107,M,0.013,3600,-4.34281,-29.9321
naphthalene,C10H8,91-20-3,1143,T,0.011,2100,-4.50986,-17.4604
naphthalene,C10H8,91-20-3,1597,M,0.023,5700,-3.77226,-47.3924
naphthalene,C10H8,91-20-3,1943,L,0.022,5300,-3.81671,-44.0667
naphthalene,C10H8,91-20-3,2375,V,0.025,5100,-3.68888,-42.4038
naphthalene,C10H8,91-20-3,2375,V,0.023,5600,-3.77226,-46.561
naphthalene,C10H8,91-20-3,2458,M,0.022,5400,-3.81671,-44.8981
naphthalene,C10H8,91-20-3,2891,M,0.033,6100,-3.41125,-50.7182
naphthalene,C10H8,91-20-3,2904,M,0.017,5100,-4.07454,-42.4038
naphthalene,C10H8,91-20-3,3518,L,0.021,5400,-3.86323,-44.8981
naphthalene,C10H8,91-20-3,3681,L,0.021,4400,-3.86323,-36.5836
naphthalene,C10H8,91-20-3,usepa82,X,0.021,3600,-3.86323,-29.9321
naphthalene-d8,C10D8,1146-65-2,2891,M,0.035,5300,-3.35241,-44.0667
neon,Ne,7440-01-9,1498,L,4.4e-06,470,-12.3339,-3.9078
neon,Ne,7440-01-9,190,L,4.4e-06,450,-12.3339,-3.74151
neon,Ne,7440-01-9,2105,L,4.5e-06,430,-12.3114,-3.57522
neon,Ne,7440-01-9,2375,V,4.5e-06,510,-12.3114,-4.24038
neon,Ne,7440-01-9,2436,M,4.5e-06,440,-12.3114,-3.65836
neon,Ne,7440-01-9,2557,M,4.4e-06,510,-12.3339,-4.24038
neon,Ne,7440-01-9,3517,Q,3.4e-06,250,-12.5917,-2.07862
neon,Ne,7440-01-9,3517,Q,4.7e-06,470,-12.2679,-3.9078
neon,Ne,7440-01-9,3789,M,4.6e-06,37,-12.2895,-0.307635
neon,Ne,7440-01-9,379,?,4.5e-06,550,-12.3114,-4.57295
neon,Ne,7440-01-9,3811,?,4.5e-06,470,-12.3114,-3.9078
neon,Ne,7440-01-9,3849,L,4.5e-06,470,-12.3114,-3.9078
neon,Ne,7440-01-9,764,M,4.5e-06,460,-12.3114,-3.82465
nerolidol,C15H26O,7212-44-4,3216,M,0.00032,4300,-8.04719,-35.7522
nitric acid,HNO3,7697-37-2,103,?,3400,8800,8.13153,-73.1673
nitric acid,HNO3,7697-37-2,31,R,2100,8700,7.64969,-72.3358
nitric acid,HNO3,7697-37-2,87,T,26000,8700,10.1659,-72.3358
nitrobenzene,C6H5NO2,98-95-3,1107,M,0.023,11000,-3.77226,-91.4591
nitrobenzene,C6H5NO2,98-95-3,2123,V,0.48,6400,-0.733969,-53.2126
nitrobenzene,C6H5NO2,98-95-3,2891,M,0.64,7500,-0.446287,-62.3585
nitrobenzene,C6H5NO2,98-95-3,3518,L,0.47,6100,-0.755023,-50.7182
nitrobenzene,C6H5NO2,98-95-3,usepa82,X,0.47,4500,-0.755023,-37.4151
nitrobenzene-d5,C6D5NO2,4165-60-0,2891,M,0.85,7500,-0.162519,-62.3585
nitroethane,C2H5NO2,79-24-3,1945,L,0.21,4400,-1.56065,-36.5836
nitroethane,C2H5NO2,79-24-3,1996,M,0.22,4400,-1.51413,-36.5836
nitroethane,C2H5NO2,79-24-3,2626,L,0.21,4400,-1.56065,-36.5836
nitroethane,C2H5NO2,79-24-3,3245,L,0.21,4400,-1.56065,-36.5836
nitroethane,C2H5NO2,79-24-3,3500,L,0.21,4400,-1.56065,-36.5836
nitroethane,C2H5NO2,79-24-3,3518,L,0.21,4700,-1.56065,-39.078
nitrogen,N2,7727-37-9,190,L,6.4e-06,1300,-11.9592,-10.8088
nitrogen,N2,7727-37-9,1945,L,6.4e-06,1300,-11.9592,-10.8088
nitrogen,N2,7727-37-9,2105,L,6.5e-06,1200,-11.9437,-9.97736
nitrogen,N2,7727-37-9,2375,V,6.4e-06,1300,-11.9592,-10.8088
nitrogen,N2,7727-37-9,2375,V,6.5e-06,1300,-11.9437,-10.8088
nitrogen,N2,7727-37-9,2433,L,6.5e-06,1200,-11.9437,-9.97736
nitrogen,N2,7727-37-9,2434,M,6.4e-06,1300,-11.9592,-10.8088
nitrogen,N2,7727-37-9,2626,L,6.4e-06,1300,-11.9592,-10.8088
nitrogen,N2,7727-37-9,2828,L,6.4e-06,1600,-11.9592,-13.3031
nitrogen,N2,7727-37-9,3027,M,6.3e-06,1300,-11.975,-10.8088
nitrogen,N2,7727-37-9,3245,L,6.4e-06,1300,-11.9592,-10.8088
nitrogen,N2,7727-37-9,3407,?,6.4e-06,1600,-11.9592,-13.3031
nitrogen,N2,7727-37-9,3431,L,6.3e-06,1300,-11.975,-10.8088
nitrogen,N2,7727-37-9,3500,L,6.4e-06,1300,-11.9592,-10.8088
nitrogen,N2,7727-37-9,3565,M,6.4e-06,1300,-11.9592,-10.8088
nitrogen,N2,7727-37-9,3601,M,6.6e-06,1300,-11.9284,-10.8088
nitrogen,N2,7727-37-9,3696,L,6.5e-06,1400,-11.9437,-11.6402
nitrogen,N2,7727-37-9,3707,M,6.5e-06,1100,-11.9437,-9.14591
nitrogen,N2,7727-37-9,3713,M,6.7e-06,1400,-11.9134,-11.6402
nitrogen,N2,7727-37-9,3716,M,6.4e-06,1200,-11.9592,-9.97736
nitrogen,N2,7727-37-9,3717,M,5.8e-06,1200,-12.0577,-9.97736
nitrogen,N2,7727-37-9,3783,M,6.5e-06,1400,-11.9437,-11.6402
nitrogen,N2,7727-37-9,379,?,6.3e-06,1300,-11.975,-10.8088
nitrogen,N2,7727-37-9,3795,M,6.3e-06,2200,-11.975,-18.2918
nitrogen,N2,7727-37-9,3811,?,6.3e-06,1200,-11.975,-9.97736
nitrogen,N2,7727-37-9,3856,L,6.5e-06,1200,-11.9437,-9.97736
nitrogen dioxide,NO2,10102-44-0,1502,M,0.00012,2400,-9.02802,-19.9547
nitrogen dioxide,NO2,10102-44-0,2626,L,0.00012,2400,-9.02802,-19.9547
nitrogen dioxide,NO2,10102-44-0,3245,L,0.00012,2400,-9.02802,-19.9547
nitrogen dioxide,NO2,10102-44-0,3500,L,0.00012,2400,-9.02802,-19.9547
nitrogen dioxide,NO2,10102-44-0,763,T,0.00034,1800,-7.98656,-14.966
nitrogen dioxide,NO2,10102-44-0,87,T,0.00012,2500,-9.02802,-20.7862
nitrogen monoxide,NO,10102-43-9,1138,M,1.9e-05,1500,-10.8711,-12.4717
nitrogen monoxide,NO,10102-43-9,1945,L,1.9e-05,1600,-10.8711,-13.3031
nitrogen monoxide,NO,10102-43-9,2626,L,1.9e-05,1600,-10.8711,-13.3031
nitrogen monoxide,NO,10102-43-9,2828,L,1.9e-05,1600,-10.8711,-13.3031
nitrogen monoxide,NO,10102-43-9,2834,M,1.9e-05,1400,-10.8711,-11.6402
nitrogen monoxide,NO,10102-43-9,379,?,1.9e-05,1500,-10.8711,-12.4717
nitrogen monoxide,NO,10102-43-9,3811,?,1.9e-05,1400,-10.8711,-11.6402
nitrogen monoxide,NO,10102-43-9,3854,L,1.9e-05,1400,-10.8711,-11.6402
nitrogen monoxide,NO,10102-43-9,449,L,1.9e-05,1500,-10.8711,-12.4717
nitrogen monoxide,NO,10102-43-9,732,C,1.9e-05,1300,-10.8711,-10.8088
nitrogen trichloride,NCl3,10025-85-1,1945,L,0.00099,4100,-6.91781,-34.0893
nitrogen trichloride,NCl3,10025-85-1,2626,L,0.00099,4100,-6.91781,-34.0893
nitrogen trichloride,NCl3,10025-85-1,287,M,0.00099,4100,-6.91781,-34.0893
nitrogen trichloride,NCl3,10025-85-1,3245,L,0.00099,4100,-6.91781,-34.0893
nitrogen trichloride,NCl3,10025-85-1,3500,L,0.00099,4100,-6.91781,-34.0893
nitrogen trifluoride,NF3,7783-54-2,190,L,7.9e-06,1900,-11.7486,-15.7975
nitrogen trifluoride,NF3,7783-54-2,2626,L,7.9e-06,1900,-11.7486,-15.7975
nitrogen trifluoride,NF3,7783-54-2,2831,M,7.8e-06,1900,-11.7614,-15.7975
nitrogen trifluoride,NF3,7783-54-2,3245,L,7.9e-06,1900,-11.7486,-15.7975
nitrogen trifluoride,NF3,7783-54-2,3500,L,7.9e-06,1900,-11.7486,-15.7975
nitrogen trifluoride,NF3,7783-54-2,3806,M,7.7e-06,1700,-11.7743,-14.1346
nitrogen trioxide,NO3,12033-49-7,763,T,0.00034,2000,-7.98656,-16.6289
nitrogen trioxide,NO3,12033-49-7,88,T,0.12,1900,-2.12026,-15.7975
nitromethane,CH3NO2,75-52-5,1945,L,0.34,4000,-1.07881,-33.2579
nitromethane,CH3NO2,75-52-5,1996,M,0.35,4000,-1.04982,-33.2579
nitromethane,CH3NO2,75-52-5,2626,L,0.34,4000,-1.07881,-33.2579
nitromethane,CH3NO2,75-52-5,3245,L,0.34,4000,-1.07881,-33.2579
nitromethane,CH3NO2,75-52-5,3500,L,0.34,4000,-1.07881,-33.2579
nitromethane,CH3NO2,75-52-5,3518,L,0.36,3900,-1.02165,-32.4264
nitromethane-13C,CH3NO2,32480-00-5,2891,M,0.48,5000,-0.733969,-41.5723
nitrous acid,HNO2,7782-77-6,1056,M,0.47,4900,-0.755023,-40.7409
nitrous acid,HNO2,7782-77-6,1138,M,0.37,9000,-0.994252,-74.8302
nitrous acid,HNO2,7782-77-6,449,L,0.48,4800,-0.733969,-39.9094
nitrous acid,HNO2,7782-77-6,592,M,0.48,4900,-0.733969,-40.7409
nitrous acid,HNO2,7782-77-6,625,M,0.47,4900,-0.755023,-40.7409
nitrous acid,HNO2,7782-77-6,74,T,0.47,4700,-0.755023,-39.078
nitrous acid,HNO2,7782-77-6,87,T,0.48,4800,-0.733969,-39.9094
nonanal,C8H17CHO,124-19-6,3518,L,0.011,6800,-4.50986,-56.5383
nonanal,C8H17CHO,124-19-6,630,M,0.01,6700,-4.60517,-55.7069
nonane,C9H20,111-84-2,1156,M,2.3e-05,190,-10.68,-1.57975
nonane,C9H20,111-84-2,2909,M,1.8e-06,7300,-13.2277,-60.6956
nonane,C9H20,111-84-2,3518,L,2.3e-06,6600,-12.9826,-54.8755
nonanedioic acid,C9H16O4,123-99-9,3022,V,8.9e+07,17000,18.3041,-141.346
octachlorodibenzo-p-dioxin,C12Cl8O2,3268-87-9,1143,T,1.1e-05,2300,-11.4176,-19.1233
octachlorodibenzofuran,C12Cl8O,39001-02-0,1143,T,0.00023,2400,-8.37743,-19.9547
octachloronaphthalene,C10Cl8,2234-13-1,3732,M,1.2,7800,0.182322,-64.8528
octafluorocyclobutane,C4F8,115-25-3,2447,L,1.2e-06,3000,-13.6332,-24.9434
octafluorocyclobutane,C4F8,115-25-3,2484,M,1.2e-06,3000,-13.6332,-24.9434
octafluorocyclobutane,C4F8,115-25-3,2485,M,1.3e-06,3300,-13.5531,-27.4377
octafluoropropane,C3F8,76-19-7,2484,M,1.2e-07,6900,-15.9358,-57.3698
octanal,C7H15CHO,124-13-0,3518,L,0.02,7300,-3.91202,-60.6956
octanal,C7H15CHO,124-13-0,630,M,0.021,7400,-3.86323,-61.527
octane,C8H18,111-65-9,1498,L,3.1e-06,4300,-12.6841,-35.7522
octane,C8H18,111-65-9,2554,V,3.8e-06,4800,-12.4805,-39.9094
octane,C8H18,111-65-9,2909,M,2.9e-06,5400,-12.7508,-44.8981
octane,C8H18,111-65-9,2912,M,3.1e-06,4100,-12.6841,-34.0893
octane,C8H18,111-65-9,3518,L,3.4e-06,5300,-12.5917,-44.0667
octane,C8H18,111-65-9,3673,L,4e-06,4600,-12.4292,-38.2465
octane,C8H18,111-65-9,903,M,3e-05,8000,-10.4143,-66.5157
octanedioic acid,C8H14O4,505-48-6,3022,V,7.7e+07,14000,18.1593,-116.402
octylbenzene,C6H5C8H17,2189-60-8,2219,V,0.054,12000,-2.91877,-99.7736
oxirane,C2H4O,75-21-8,2534,M,0.058,3200,-2.84731,-26.6063
oxoethanoic acid,OHCCOOH,298-12-4,2401,M,110,4800,4.70048,-39.9094
oxoethanoic acid,OHCCOOH,298-12-4,2626,L,110,4800,4.70048,-39.9094
oxoethanoic acid,OHCCOOH,298-12-4,3245,L,110,4800,4.70048,-39.9094
oxoethanoic acid,OHCCOOH,298-12-4,3500,L,110,4800,4.70048,-39.9094
oxychlordane,C10H4Cl8O,27304-13-8,1143,T,0.06,4300,-2.81341,-35.7522
oxygen,O2,7782-44-7,190,L,1.3e-05,1500,-11.2506,-12.4717
oxygen,O2,7782-44-7,1945,L,1.3e-05,1500,-11.2506,-12.4717
oxygen,O2,7782-44-7,2105,L,1.3e-05,1400,-11.2506,-11.6402
oxygen,O2,7782-44-7,2301,L,1.3e-05,1500,-11.2506,-12.4717
oxygen,O2,7782-44-7,2375,V,1.2e-05,1600,-11.3306,-13.3031
oxygen,O2,7782-44-7,2375,V,1.2e-05,1600,-11.3306,-13.3031
oxygen,O2,7782-44-7,2375,V,1.3e-05,1500,-11.2506,-12.4717
oxygen,O2,7782-44-7,2437,M,1.3e-05,1400,-11.2506,-11.6402
oxygen,O2,7782-44-7,2626,L,1.3e-05,1500,-11.2506,-12.4717
oxygen,O2,7782-44-7,2828,L,1.2e-05,1700,-11.3306,-14.1346
oxygen,O2,7782-44-7,3027,M,1.3e-05,1400,-11.2506,-11.6402
oxygen,O2,7782-44-7,3245,L,1.3e-05,1500,-11.2506,-12.4717
oxygen,O2,7782-44-7,3412,M,1.3e-05,1500,-11.2506,-12.4717
oxygen,O2,7782-44-7,3431,L,1.2e-05,1400,-11.3306,-11.6402
oxygen,O2,7782-44-7,3500,L,1.3e-05,1500,-11.2506,-12.4717
oxygen,O2,7782-44-7,3566,M,1.3e-05,1500,-11.2506,-12.4717
oxygen,O2,7782-44-7,3601,M,1.3e-05,1500,-11.2506,-12.4717
oxygen,O2,7782-44-7,3603,M,1.3e-05,1400,-11.2506,-11.6402
oxygen,O2,7782-44-7,3605,M,1.2e-05,1600,-11.3306,-13.3031
oxygen,O2,7782-44-7,3606,M,1.2e-05,1600,-11.3306,-13.3031
oxygen,O2,7782-44-7,3628,M,1.3e-05,1400,-11.2506,-11.6402
oxygen,O2,7782-44-7,3711,M,1.2e-05,1700,-11.3306,-14.1346
oxygen,O2,7782-44-7,3712,M,1.2e-05,1800,-11.3306,-14.966
oxygen,O2,7782-44-7,3713,M,1.3e-05,1400,-11.2506,-11.6402
oxygen,O2,7782-44-7,3716,M,1.3e-05,1500,-11.2506,-12.4717
oxygen,O2,7782-44-7,3717,M,1.2e-05,1200,-11.3306,-9.97736
oxygen,O2,7782-44-7,3783,M,1.3e-05,1500,-11.2506,-12.4717
oxygen,O2,7782-44-7,3785,M,1.2e-05,1200,-11.3306,-9.97736
oxygen,O2,7782-44-7,379,?,1.2e-05,1500,-11.3306,-12.4717
oxygen,O2,7782-44-7,3811,?,1.3e-05,1500,-11.2506,-12.4717
oxygen,O2,7782-44-7,3853,L,1.3e-05,1500,-11.2506,-12.4717
oxygen,O2,7782-44-7,491,M,1.3e-05,1500,-11.2506,-12.4717
oxygen,O2,7782-44-7,525,M,1.2e-05,1600,-11.3306,-13.3031
ozone,O3,10028-15-6,103,?,9.3e-05,2500,-9.28291,-20.7862
ozone,O3,10028-15-6,190,L,0.00013,2000,-8.94798,-16.6289
ozone,O3,10028-15-6,1945,L,0.0001,2800,-9.21034,-23.2805
ozone,O3,10028-15-6,2432,L,0.00011,2400,-9.11503,-19.9547
ozone,O3,10028-15-6,2512,M,0.00011,2300,-9.11503,-19.1233
ozone,O3,10028-15-6,2626,L,0.0001,2800,-9.21034,-23.2805
ozone,O3,10028-15-6,3005,M,0.00012,1400,-9.02802,-11.6402
ozone,O3,10028-15-6,3245,L,0.0001,2800,-9.21034,-23.2805
ozone,O3,10028-15-6,3414,M,9.9e-05,2600,-9.22039,-21.6176
ozone,O3,10028-15-6,3500,L,0.0001,2800,-9.21034,-23.2805
ozone,O3,10028-15-6,3589,L,7.6e-05,3700,-9.48478,-30.7635
ozone,O3,10028-15-6,3590,M,9.2e-05,2600,-9.29372,-21.6176
ozone,O3,10028-15-6,3592,M,0.00012,1900,-9.02802,-15.7975
ozone,O3,10028-15-6,3593,M,9.9e-05,2600,-9.22039,-21.6176
ozone,O3,10028-15-6,3595,M,8e-05,2900,-9.43348,-24.1119
ozone,O3,10028-15-6,3596,M,0.00012,4100,-9.02802,-34.0893
ozone,O3,10028-15-6,480,M,0.00011,2300,-9.11503,-19.1233
ozone,O3,10028-15-6,523,?,9.3e-05,2500,-9.28291,-20.7862
ozone,O3,10028-15-6,528,M,0.00013,2000,-8.94798,-16.6289
ozone,O3,10028-15-6,87,T,0.00011,2600,-9.11503,-21.6176
pentachlorobenzene,C6HCl5,608-93-5,1146,M,0.014,5200,-4.2687,-43.2352
pentachlorobenzene,C6HCl5,608-93-5,2948,L,0.014,5200,-4.2687,-43.2352
pentachlorobenzene,C6HCl5,608-93-5,2948,L,0.014,5600,-4.2687,-46.561
pentachlorobenzene,C6HCl5,608-93-5,3681,L,0.014,5400,-4.2687,-44.8981
pentachloroethane,CHCl2CCl3,76-01-7,2891,M,0.0059,5400,-5.1328,-44.8981
pentachloroethane,CHCl2CCl3,76-01-7,3500,L,0.0041,7700,-5.49677,-64.0214
pentachloroethane,CHCl2CCl3,76-01-7,3518,L,0.0042,7700,-5.47267,-64.0214
pentafluorobenzene,C6HF5,363-72-4,2891,M,0.00075,4800,-7.19544,-39.9094
pentafluoroethane,C2HF5,354-33-6,1014,V,8e-05,4800,-9.43348,-39.9094
pentafluoroethane,C2HF5,354-33-6,2013,M,3.5e-05,3000,-10.2602,-24.9434
pentafluoroethane,C2HF5,354-33-6,3261,M,0.00031,3300,-8.07894,-27.4377
pentafluoroethane,C2HF5,354-33-6,3570,Q,3.5e-05,3000,-10.2602,-24.9434
pentanal,C4H9CHO,110-62-3,2524,M,0.071,6100,-2.64508,-50.7182
pentanal,C4H9CHO,110-62-3,3518,L,0.066,6500,-2.7181,-54.044
pentanal,C4H9CHO,110-62-3,3638,V,0.24,3800,-1.42712,-31.595
pentanal,C4H9CHO,110-62-3,630,M,0.063,6300,-2.76462,-52.3811
pentane,C5H12,109-66-0,1498,L,8e-06,3400,-11.7361,-28.2692
pentane,C5H12,109-66-0,2909,M,8.2e-06,3600,-11.7114,-29.9321
pentane,C5H12,109-66-0,2910,M,8.7e-06,3400,-11.6522,-28.2692
pentane,C5H12,109-66-0,3518,L,7.2e-06,3900,-11.8414,-32.4264
pentane,C5H12,109-66-0,3673,L,8.7e-06,3500,-11.6522,-29.1006
pentanedial,OHC(CH2)3CHO,111-30-8,1110,M,300,9200,5.70378,-76.4931
pentanedinitrile,C5H6N2,544-13-8,3621,L,780,7600,6.65929,-63.1899
pentanedioic acid,HOOC(CH2)3COOH,110-94-1,3022,V,5.1e+07,12000,17.7473,-99.7736
pentanedioic acid,HOOC(CH2)3COOH,110-94-1,3022,V,2.4e+07,13000,16.9936,-108.088
pentanenitrile,C4H9CN,110-59-8,3518,L,0.16,6100,-1.83258,-50.7182
pentanenitrile,C4H9CN,110-59-8,3621,L,0.14,5500,-1.96611,-45.7295
pentanoic acid,C4H9COOH,109-52-4,1525,L,23,6900,3.13549,-57.3698
pentanoic acid,C4H9COOH,109-52-4,2230,M,21,6900,3.04452,-57.3698
pentanoic acid,C4H9COOH,109-52-4,493,M,23,6600,3.13549,-54.8755
pentyl butanoate,C9H18O2,540-18-1,3518,L,0.017,6400,-4.07454,-53.2126
pentyl ethanoate,CH3COOC5H11,628-63-7,3518,L,0.025,7200,-3.68888,-59.8641
pentyl ethanoate,CH3COOC5H11,628-63-7,3616,L,0.027,6700,-3.61192,-55.7069
pentyl ethanoate,CH3COOC5H11,628-63-7,3650,M,0.13,5000,-2.04022,-41.5723
pentyl ethanoate,CH3COOC5H11,628-63-7,628,M,0.028,6500,-3.57555,-54.044
pentyl methanoate,C6H12O2,638-49-3,3518,L,0.017,6000,-4.07454,-49.8868
pentyl methanoate,C6H12O2,638-49-3,3616,L,0.016,5800,-4.13517,-48.2239
pentylbenzene,C6H5C5H11,538-68-1,2219,V,0.003,7800,-5.80914,-64.8528
pentylbenzene,C6H5C5H11,538-68-1,3518,L,0.0006,6000,-7.41858,-49.8868
pentylbenzene,C6H5C5H11,538-68-1,3626,T,0.00053,5900,-7.54263,-49.0553
pentylbenzene,C6H5C5H11,538-68-1,3673,L,0.00051,5900,-7.5811,-49.0553
perfluorohexyl iodide,C6F13I,355-43-1,3939,M,0.00046,8200,-7.68428,-68.1786
pernitric acid,HNO4,26404-66-0,1182,L,0.39,8400,-0.941609,-69.8415
pernitric acid,HNO4,26404-66-0,797,T,120,6900,4.78749,-57.3698
peroxyacetyl nitrate,CH3COOONO2,2278-22-0,1182,L,0.029,5800,-3.54046,-48.2239
peroxyacetyl nitrate,CH3COOONO2,2278-22-0,1945,L,0.028,5700,-3.57555,-47.3924
peroxyacetyl nitrate,CH3COOONO2,2278-22-0,2626,L,0.028,5700,-3.57555,-47.3924
peroxyacetyl nitrate,CH3COOONO2,2278-22-0,2828,L,0.029,5700,-3.54046,-47.3924
peroxyacetyl nitrate,CH3COOONO2,2278-22-0,3245,L,0.028,5700,-3.57555,-47.3924
peroxyacetyl nitrate,CH3COOONO2,2278-22-0,34,C,0.029,5900,-3.54046,-49.0553
peroxyacetyl nitrate,CH3COOONO2,2278-22-0,3500,L,0.028,5700,-3.57555,-47.3924
peroxyacetyl nitrate,CH3COOONO2,2278-22-0,3531,M,0.023,4800,-3.77226,-39.9094
peroxyacetyl nitrate,CH3COOONO2,2278-22-0,3769,M,0.03,5600,-3.50656,-46.561
peroxyacetyl nitrate,CH3COOONO2,2278-22-0,502,M,0.028,6500,-3.57555,-54.044
peroxypropionyl nitrate,C2H5COOONO2,5796-89-4,3769,M,0.016,6000,-4.13517,-49.8868
perylene,C20H12,198-55-0,1143,T,0.25,6300,-1.38629,-52.3811
phenanthrene,C14H10,85-01-8,1143,T,0.093,4900,-2.37516,-40.7409
phenanthrene,C14H10,85-01-8,1597,M,0.21,3800,-1.56065,-31.595
phenanthrene,C14H10,85-01-8,1943,L,0.23,4200,-1.46968,-34.9207
phenanthrene,C14H10,85-01-8,2375,V,0.28,6500,-1.27297,-54.044
phenanthrene,C14H10,85-01-8,2477,M,0.23,6000,-1.46968,-49.8868
phenanthrene,C14H10,85-01-8,2819,M,0.27,7700,-1.30933,-64.0214
phenanthrene,C14H10,85-01-8,2914,M,0.16,7600,-1.83258,-63.1899
phenanthrene,C14H10,85-01-8,3518,L,0.34,7100,-1.07881,-59.0327
phenanthrene,C14H10,85-01-8,3681,L,0.21,4500,-1.56065,-37.4151
phenanthrene,C14H10,85-01-8,usepa82,X,0.093,4700,-2.37516,-39.078
phenyl ethanoate,C8H8O2,122-79-2,3518,L,1.3,7200,0.262364,-59.8641
phenyl ethyl ketone,C9H10O,93-55-0,3724,M,0.99,7900,-0.0100503,-65.6843
phenylmethyl ethanoate,C9H10O2,140-11-4,3518,L,0.85,6800,-0.162519,-56.5383
phosgene,CCl2O,75-44-5,1125,M,0.00059,3800,-7.43539,-31.595
phosgene,CCl2O,75-44-5,1992,M,0.00068,4200,-7.29342,-34.9207
phosphorus trihydride,PH3,7803-51-2,190,L,8.1e-05,2000,-9.42106,-16.6289
phosphorus trihydride,PH3,7803-51-2,3033,M,5.9e-05,3000,-9.73797,-24.9434
phosphorus trihydride,PH3,7803-51-2,3811,?,8.1e-05,2000,-9.42106,-16.6289
piperidine,C5H10NH,110-89-4,2826,M,2.8,7900,1.02962,-65.6843
piperidine,C5H10NH,110-89-4,722,T,2.2,7900,0.788457,-65.6843
propanal,C2H5CHO,123-38-6,1154,X,0.027,2400,-3.61192,-19.9547
propanal,C2H5CHO,123-38-6,1945,L,0.099,4300,-2.31264,-35.7522
propanal,C2H5CHO,123-38-6,2524,M,0.13,5800,-2.04022,-48.2239
propanal,C2H5CHO,123-38-6,2626,L,0.099,4300,-2.31264,-35.7522
propanal,C2H5CHO,123-38-6,3245,L,0.099,4300,-2.31264,-35.7522
propanal,C2H5CHO,123-38-6,3500,L,0.099,4300,-2.31264,-35.7522
propanal,C2H5CHO,123-38-6,3518,L,0.13,5500,-2.04022,-45.7295
propanal,C2H5CHO,123-38-6,3638,V,0.032,3200,-3.44202,-26.6063
propanal,C2H5CHO,123-38-6,630,M,0.13,5700,-2.04022,-47.3924
propanal,C2H5CHO,123-38-6,859,X,0.052,5600,-2.95651,-46.561
propanamide,C3H7NO,79-05-0,3674,T,3300,8800,8.10168,-73.1673
propane,C3H8,74-98-6,1498,L,1.5e-05,2800,-11.1075,-23.2805
propane,C3H8,74-98-6,190,L,1.5e-05,2700,-11.1075,-22.449
propane,C3H8,74-98-6,1945,L,1.5e-05,2700,-11.1075,-22.449
propane,C3H8,74-98-6,2013,M,1.5e-05,2700,-11.1075,-22.449
propane,C3H8,74-98-6,2375,V,1.5e-05,2600,-11.1075,-21.6176
propane,C3H8,74-98-6,2375,V,1.5e-05,2700,-11.1075,-22.449
propane,C3H8,74-98-6,2626,L,1.5e-05,2700,-11.1075,-22.449
propane,C3H8,74-98-6,3129,M,1.6e-05,2700,-11.0429,-22.449
propane,C3H8,74-98-6,3245,L,1.5e-05,2700,-11.1075,-22.449
propane,C3H8,74-98-6,3500,L,1.5e-05,2700,-11.1075,-22.449
propane,C3H8,74-98-6,3673,L,1.5e-05,2800,-11.1075,-23.2805
propane,C3H8,74-98-6,3734,M,1.4e-05,3000,-11.1765,-24.9434
propane,C3H8,74-98-6,3783,M,1.5e-05,2600,-11.1075,-21.6176
propane,C3H8,74-98-6,3799,M,1.6e-05,2700,-11.0429,-22.449
propane,C3H8,74-98-6,3811,?,1.5e-05,4500,-11.1075,-37.4151
propane,C3H8,74-98-6,3860,L,1.5e-05,2700,-11.1075,-22.449
propanedioic acid,HOOCCH2COOH,141-82-2,3022,V,3.8e+08,11000,19.7557,-91.4591
propanedioic acid,HOOCCH2COOH,141-82-2,3022,V,9.3e+07,14000,18.3481,-116.402
"propanedioic acid, diethyl ester",C7H12O4,105-53-3,3518,L,3.9,7500,1.36098,-62.3585
"propanedioic acid, dimethyl ester",C5H8O4,108-59-8,1940,M,38,11000,3.63759,-91.4591
propanenitrile,C2H5CN,107-12-0,2524,M,0.33,4600,-1.10866,-38.2465
propanenitrile,C2H5CN,107-12-0,2891,M,0.43,6200,-0.84397,-51.5497
propanenitrile,C2H5CN,107-12-0,3518,L,0.34,4500,-1.07881,-37.4151
propanenitrile,C2H5CN,107-12-0,3621,L,0.24,4800,-1.42712,-39.9094
propanoic acid,C2H5COOH,79-09-4,3674,T,37,6800,3.61092,-56.5383
propanonal,CH3COCHO,78-98-8,3245,L,35,7500,3.55535,-62.3585
propanonal,CH3COCHO,78-98-8,3500,L,35,7500,3.55535,-62.3585
propanonal,CH3COCHO,78-98-8,484,M,34,7500,3.52636,-62.3585
propanone,CH3COCH3,67-64-1,1154,X,0.03,3300,-3.50656,-27.4377
propanone,CH3COCH3,67-64-1,1331,M,0.32,5400,-1.13943,-44.8981
propanone,CH3COCH3,67-64-1,1525,L,0.28,4800,-1.27297,-39.9094
propanone,CH3COCH3,67-64-1,1571,M,0.26,6400,-1.34707,-53.2126
propanone,CH3COCH3,67-64-1,1943,L,0.26,5700,-1.34707,-47.3924
propanone,CH3COCH3,67-64-1,1945,L,0.28,5100,-1.27297,-42.4038
propanone,CH3COCH3,67-64-1,2016,T,0.25,4900,-1.38629,-40.7409
propanone,CH3COCH3,67-64-1,2524,M,0.26,5400,-1.34707,-44.8981
propanone,CH3COCH3,67-64-1,2626,L,0.27,5500,-1.30933,-45.7295
propanone,CH3COCH3,67-64-1,2822,L,0.33,5300,-1.10866,-44.0667
propanone,CH3COCH3,67-64-1,2822,M,0.29,5100,-1.23787,-42.4038
propanone,CH3COCH3,67-64-1,2825,M,0.24,4300,-1.42712,-35.7522
propanone,CH3COCH3,67-64-1,3112,M,0.24,4200,-1.42712,-34.9207
propanone,CH3COCH3,67-64-1,3245,L,0.27,5500,-1.30933,-45.7295
propanone,CH3COCH3,67-64-1,3500,L,0.27,5500,-1.30933,-45.7295
propanone,CH3COCH3,67-64-1,3518,L,0.29,5300,-1.23787,-44.0667
propanone,CH3COCH3,67-64-1,3526,M,0.33,4500,-1.10866,-37.4151
propanone,CH3COCH3,67-64-1,3617,L,0.27,5000,-1.30933,-41.5723
propanone,CH3COCH3,67-64-1,3638,V,0.031,3100,-3.47377,-25.7748
propanone,CH3COCH3,67-64-1,3640,M,0.2,7800,-1.60944,-64.8528
propanone,CH3COCH3,67-64-1,3667,M,0.26,5100,-1.34707,-42.4038
propanone,CH3COCH3,67-64-1,483,M,0.25,4800,-1.38629,-39.9094
propanone,CH3COCH3,67-64-1,495,M,0.32,5800,-1.13943,-48.2239
propanone,CH3COCH3,67-64-1,617,M,0.27,5300,-1.30933,-44.0667
propanone,CH3COCH3,67-64-1,630,M,0.35,3800,-1.04982,-31.595
propanone,CH3COCH3,67-64-1,747,L,0.3,4600,-1.20397,-38.2465
propanone,CH3COCH3,67-64-1,859,X,0.22,5000,-1.51413,-41.5723
propanone-2-13C,CH3COCH3,3881-06-9,2891,M,0.31,5300,-1.17118,-44.0667
propenal,CH2CHCHO,107-02-8,3500,L,0.13,5500,-2.04022,-45.7295
propenal,CH2CHCHO,107-02-8,3518,L,0.072,5100,-2.63109,-42.4038
propenal,CH2CHCHO,107-02-8,483,M,0.072,5100,-2.63109,-42.4038
propenal,CH2CHCHO,107-02-8,usepa82,X,0.1,3800,-2.30259,-31.595
propene,C3H6,115-07-1,190,L,7.3e-05,3400,-9.52505,-28.2692
propene,C3H6,115-07-1,2013,M,5.4e-05,2800,-9.82653,-23.2805
propene,C3H6,115-07-1,3673,L,5.6e-05,2600,-9.79016,-21.6176
propene,C3H6,115-07-1,3811,?,6.8e-05,2800,-9.596,-23.2805
propene,C3H6,115-07-1,923,M,5.4e-05,2700,-9.82653,-22.449
propyl butanoate,C3H7COOC3H7,105-66-8,3518,L,0.018,6400,-4.01738,-53.2126
propyl butanoate,C3H7COOC3H7,105-66-8,3616,L,0.022,6600,-3.81671,-54.8755
propyl ethanoate,CH3COOC3H7,109-60-4,1154,X,0.044,6000,-3.12357,-49.8868
propyl ethanoate,CH3COOC3H7,109-60-4,3093,M,0.045,5900,-3.10109,-49.0553
propyl ethanoate,CH3COOC3H7,109-60-4,3500,L,0.044,6100,-3.12357,-50.7182
propyl ethanoate,CH3COOC3H7,109-60-4,3518,L,0.044,6000,-3.12357,-49.8868
propyl ethanoate,CH3COOC3H7,109-60-4,3616,L,0.045,5900,-3.10109,-49.0553
propyl ethanoate,CH3COOC3H7,109-60-4,628,M,0.045,5500,-3.10109,-45.7295
propyl methanoate,HCOOC3H7,110-74-7,2626,L,0.026,5100,-3.64966,-42.4038
propyl methanoate,HCOOC3H7,110-74-7,2802,M,0.026,5100,-3.64966,-42.4038
propyl methanoate,HCOOC3H7,110-74-7,3245,L,0.026,5100,-3.64966,-42.4038
propyl methanoate,HCOOC3H7,110-74-7,3500,L,0.026,5100,-3.64966,-42.4038
propyl methanoate,HCOOC3H7,110-74-7,3518,L,0.031,4800,-3.47377,-39.9094
propyl methanoate,HCOOC3H7,110-74-7,3616,L,0.028,4900,-3.57555,-40.7409
propyl propanoate,C2H5COOC3H7,106-36-5,3518,L,0.026,6400,-3.64966,-53.2126
propyl propanoate,C2H5COOC3H7,106-36-5,3616,L,0.029,6200,-3.54046,-51.5497
propyl vinyl ether,C5H10O,764-47-6,3691,M,0.0031,4800,-5.77635,-39.9094
propylbenzene,C6H5C3H7,103-65-1,1156,M,0.0009,3700,-7.01312,-30.7635
propylbenzene,C6H5C3H7,103-65-1,1229,M,0.00086,5400,-7.05858,-44.8981
propylbenzene,C6H5C3H7,103-65-1,1497,V,0.00097,5300,-6.93821,-44.0667
propylbenzene,C6H5C3H7,103-65-1,2219,V,0.0015,5500,-6.50229,-45.7295
propylbenzene,C6H5C3H7,103-65-1,2453,M,0.00095,4700,-6.95905,-39.078
propylbenzene,C6H5C3H7,103-65-1,2891,M,0.0019,4500,-6.2659,-37.4151
propylbenzene,C6H5C3H7,103-65-1,2904,M,0.0011,2600,-6.81245,-21.6176
propylbenzene,C6H5C3H7,103-65-1,3518,L,0.00091,4700,-7.00207,-39.078
propylbenzene,C6H5C3H7,103-65-1,3626,T,0.00096,5100,-6.94858,-42.4038
propylbenzene,C6H5C3H7,103-65-1,3673,L,0.00091,5300,-7.00207,-44.0667
propylbenzene,C6H5C3H7,103-65-1,3681,L,0.0009,3800,-7.01312,-31.595
propyne,CH3CCH,74-99-7,2551,M,0.00077,2500,-7.16912,-20.7862
propyne,CH3CCH,74-99-7,3100,M,0.00062,2000,-7.38579,-16.6289
propyne,CH3CCH,74-99-7,3673,L,0.00075,2400,-7.19544,-19.9547
pyrene,C16H10,129-00-0,1143,T,0.14,5700,-1.96611,-47.3924
pyrene,C16H10,129-00-0,1943,L,0.66,4800,-0.415515,-39.9094
pyrene,C16H10,129-00-0,2375,V,2.2,7600,0.788457,-63.1899
pyrene,C16H10,129-00-0,2477,M,0.59,5500,-0.527633,-45.7295
pyrene,C16H10,129-00-0,2489,M,0.85,6300,-0.162519,-52.3811
pyrene,C16H10,129-00-0,3518,L,1.1,6900,0.0953102,-57.3698
pyrene,C16H10,129-00-0,3681,L,0.59,5500,-0.527633,-45.7295
pyridine,C5H5N,110-86-1,2826,M,1.1,6000,0.0953102,-49.8868
pyridine,C5H5N,110-86-1,3518,L,0.91,4700,-0.0943107,-39.078
pyridine,C5H5N,110-86-1,719,M,1.1,5900,0.0953102,-49.0553
pyridine-d5,C5D5N,7291-22-7,2891,M,4.2,10000,1.43508,-83.1446
pyrimethanil,C12H13N3,53112-28-0,3506,M,340,15000,5.82895,-124.717
pyrrolidine,C4H8NH,123-75-1,722,T,4.2,7600,1.43508,-63.1899
radon,Rn,10043-92-2,1498,L,9.1e-05,2900,-9.30465,-24.1119
radon,Rn,10043-92-2,190,L,9.2e-05,2600,-9.29372,-21.6176
radon,Rn,10043-92-2,3517,Q,7.4e-05,2400,-9.51145,-19.9547
radon,Rn,10043-92-2,3545,M,9.4e-05,2600,-9.27222,-21.6176
radon,Rn,10043-92-2,3546,M,0.0001,2700,-9.21034,-22.449
radon,Rn,10043-92-2,379,?,8.3e-05,2800,-9.39667,-23.2805
radon,Rn,10043-92-2,3811,?,9.1e-05,2600,-9.30465,-21.6176
radon,Rn,10043-92-2,3850,L,9.1e-05,2600,-9.30465,-21.6176
selenium hydride,H2Se,7783-07-5,190,L,0.00083,1900,-7.09408,-15.7975
selenium hydride,H2Se,7783-07-5,3808,M,0.00083,1900,-7.09408,-15.7975
selenium hydride,H2Se,7783-07-5,3863,L,0.00081,1700,-7.11848,-14.1346
silicic acid,Si(OH)4,10193-36-9,3015,M,2.3e+10,14000,23.8588,-116.402
sulfur dioxide,SO2,7446-09-5,103,?,0.012,3100,-4.42285,-25.7748
sulfur dioxide,SO2,7446-09-5,1072,M,0.012,3100,-4.42285,-25.7748
sulfur dioxide,SO2,7446-09-5,190,L,0.014,2800,-4.2687,-23.2805
sulfur dioxide,SO2,7446-09-5,1945,L,0.013,2900,-4.34281,-24.1119
sulfur dioxide,SO2,7446-09-5,2626,L,0.013,2900,-4.34281,-24.1119
sulfur dioxide,SO2,7446-09-5,3085,L,0.012,3100,-4.42285,-25.7748
sulfur dioxide,SO2,7446-09-5,3122,V,0.011,1200,-4.50986,-9.97736
sulfur dioxide,SO2,7446-09-5,3245,L,0.013,2900,-4.34281,-24.1119
sulfur dioxide,SO2,7446-09-5,34,C,0.012,3100,-4.42285,-25.7748
sulfur dioxide,SO2,7446-09-5,3500,L,0.013,2900,-4.34281,-24.1119
sulfur dioxide,SO2,7446-09-5,3540,T,0.012,3100,-4.42285,-25.7748
sulfur dioxide,SO2,7446-09-5,379,?,0.015,3100,-4.19971,-25.7748
sulfur dioxide,SO2,7446-09-5,3811,?,0.013,2900,-4.34281,-24.1119
sulfur dioxide,SO2,7446-09-5,3857,L,0.013,2900,-4.34281,-24.1119
sulfur dioxide,SO2,7446-09-5,3933,M,0.014,3400,-4.2687,-28.2692
sulfur dioxide,SO2,7446-09-5,523,?,0.012,3100,-4.42285,-25.7748
sulfur dioxide,SO2,7446-09-5,540,L,0.012,3000,-4.42285,-24.9434
sulfur dioxide,SO2,7446-09-5,821,C,0.012,3300,-4.42285,-27.4377
sulfur dioxide,SO2,7446-09-5,834,L,0.012,3200,-4.42285,-26.6063
sulfur dioxide,SO2,7446-09-5,87,T,0.012,3100,-4.42285,-25.7748
sulfur hexafluoride,SF6,2551-62-4,1776,M,2.3e-06,2700,-12.9826,-22.449
sulfur hexafluoride,SF6,2551-62-4,190,L,2.4e-06,2400,-12.94,-19.9547
sulfur hexafluoride,SF6,2551-62-4,2105,L,2.5e-06,2100,-12.8992,-17.4604
sulfur hexafluoride,SF6,2551-62-4,2828,L,2.4e-06,3100,-12.94,-25.7748
sulfur hexafluoride,SF6,2551-62-4,2831,M,2.4e-06,2400,-12.94,-19.9547
sulfur hexafluoride,SF6,2551-62-4,3601,M,2.5e-06,260,-12.8992,-2.16176
sulfur hexafluoride,SF6,2551-62-4,3801,M,2.2e-06,3500,-13.0271,-29.1006
sulfur hexafluoride,SF6,2551-62-4,3811,?,2.4e-06,2400,-12.94,-19.9547
sulfuric acid,H2SO4,7664-93-9,1076,T,2.9e+07,10000,17.1828,-83.1446
sulfuric acid,H2SO4,7664-93-9,140,T,1.3e+13,20000,30.196,-166.289
sulfuryl fluoride,SO2F2,2699-79-8,2203,M,8.9e-05,3100,-9.32687,-25.7748
tetrachloroethene,C2Cl4,127-18-4,1026,M,0.00041,5300,-7.79935,-44.0667
tetrachloroethene,C2Cl4,127-18-4,1114,M,0.00047,4100,-7.66278,-34.0893
tetrachloroethene,C2Cl4,127-18-4,1150,M,0.00061,4700,-7.40205,-39.078
tetrachloroethene,C2Cl4,127-18-4,1156,M,0.00054,4400,-7.52394,-36.5836
tetrachloroethene,C2Cl4,127-18-4,1525,L,0.00059,4800,-7.43539,-39.9094
tetrachloroethene,C2Cl4,127-18-4,1855,L,0.00062,4500,-7.38579,-37.4151
tetrachloroethene,C2Cl4,127-18-4,1943,L,0.0006,4200,-7.41858,-34.9207
tetrachloroethene,C2Cl4,127-18-4,2243,M,0.00054,4400,-7.52394,-36.5836
tetrachloroethene,C2Cl4,127-18-4,2269,M,0.00065,4600,-7.33854,-38.2465
tetrachloroethene,C2Cl4,127-18-4,2270,M,0.00062,5300,-7.38579,-44.0667
tetrachloroethene,C2Cl4,127-18-4,2271,M,0.00057,5200,-7.46987,-43.2352
tetrachloroethene,C2Cl4,127-18-4,2824,M,0.00062,4200,-7.38579,-34.9207
tetrachloroethene,C2Cl4,127-18-4,2891,M,0.00099,4600,-6.91781,-38.2465
tetrachloroethene,C2Cl4,127-18-4,2896,M,0.0006,4100,-7.41858,-34.0893
tetrachloroethene,C2Cl4,127-18-4,2897,M,0.00058,4200,-7.45248,-34.9207
tetrachloroethene,C2Cl4,127-18-4,2904,M,0.00069,2200,-7.27882,-18.2918
tetrachloroethene,C2Cl4,127-18-4,2905,M,0.00055,4200,-7.50559,-34.9207
tetrachloroethene,C2Cl4,127-18-4,2951,M,0.0011,4300,-6.81245,-35.7522
tetrachloroethene,C2Cl4,127-18-4,3245,L,0.00055,4500,-7.50559,-37.4151
tetrachloroethene,C2Cl4,127-18-4,3245,L,0.00046,4400,-7.68428,-36.5836
tetrachloroethene,C2Cl4,127-18-4,3500,L,0.00055,4500,-7.50559,-37.4151
tetrachloroethene,C2Cl4,127-18-4,3500,L,0.00046,4400,-7.68428,-36.5836
tetrachloroethene,C2Cl4,127-18-4,3518,L,0.00056,4700,-7.48757,-39.078
tetrachloroethene,C2Cl4,127-18-4,3681,L,0.00057,4700,-7.46987,-39.078
tetrachloroethene,C2Cl4,127-18-4,3681,M,0.00058,4500,-7.45248,-37.4151
tetrachloroethene,C2Cl4,127-18-4,3692,M,0.00048,4400,-7.64172,-36.5836
tetrachloroethene,C2Cl4,127-18-4,532,M,0.00056,4900,-7.48757,-40.7409
tetrachloroethene,C2Cl4,127-18-4,584,M,0.00069,4800,-7.27882,-39.9094
tetrachloroethene,C2Cl4,127-18-4,598,M,0.00059,5500,-7.43539,-45.7295
tetrachloroethene,C2Cl4,127-18-4,599,M,0.00058,5200,-7.45248,-43.2352
tetrachloroethene,C2Cl4,127-18-4,601,M,0.00057,5100,-7.46987,-42.4038
tetrachloroethene,C2Cl4,127-18-4,747,L,0.00058,4800,-7.45248,-39.9094
tetrachloroethene,C2Cl4,127-18-4,837,M,0.00061,4200,-7.40205,-34.9207
tetrachloroethene,C2Cl4,127-18-4,857,M,0.00081,2100,-7.11848,-17.4604
tetrachloroethene,C2Cl4,127-18-4,usepa82,X,0.00036,1500,-7.92941,-12.4717
tetrachloromethane,CCl4,56-23-5,1150,M,0.00036,4400,-7.92941,-36.5836
tetrachloromethane,CCl4,56-23-5,1156,M,0.00033,4000,-8.01642,-33.2579
tetrachloromethane,CCl4,56-23-5,1525,L,0.00034,4200,-7.98656,-34.9207
tetrachloromethane,CCl4,56-23-5,1855,L,0.00036,4300,-7.92941,-35.7522
tetrachloromethane,CCl4,56-23-5,1943,V,0.00036,4200,-7.92941,-34.9207
tetrachloromethane,CCl4,56-23-5,1945,L,0.00034,4200,-7.98656,-34.9207
tetrachloromethane,CCl4,56-23-5,2243,M,0.00033,4300,-8.01642,-35.7522
tetrachloromethane,CCl4,56-23-5,2270,M,0.00028,5600,-8.18072,-46.561
tetrachloromethane,CCl4,56-23-5,2626,L,0.00034,4200,-7.98656,-34.9207
tetrachloromethane,CCl4,56-23-5,2824,M,0.0003,4400,-8.11173,-36.5836
tetrachloromethane,CCl4,56-23-5,2891,M,0.0005,4500,-7.6009,-37.4151
tetrachloromethane,CCl4,56-23-5,2904,M,0.00044,1900,-7.72874,-15.7975
tetrachloromethane,CCl4,56-23-5,2905,M,0.00039,2600,-7.84936,-21.6176
tetrachloromethane,CCl4,56-23-5,2952,M,0.00032,3300,-8.04719,-27.4377
tetrachloromethane,CCl4,56-23-5,3245,L,0.00036,4300,-7.92941,-35.7522
tetrachloromethane,CCl4,56-23-5,3245,L,0.00026,4200,-8.25483,-34.9207
tetrachloromethane,CCl4,56-23-5,3500,L,0.00036,4300,-7.92941,-35.7522
tetrachloromethane,CCl4,56-23-5,3500,L,0.00026,4200,-8.25483,-34.9207
tetrachloromethane,CCl4,56-23-5,3518,L,0.00035,4200,-7.95758,-34.9207
tetrachloromethane,CCl4,56-23-5,3571,M,0.00029,3700,-8.14563,-30.7635
tetrachloromethane,CCl4,56-23-5,3681,L,0.00034,4200,-7.98656,-34.9207
tetrachloromethane,CCl4,56-23-5,3690,M,0.00034,3800,-7.98656,-31.595
tetrachloromethane,CCl4,56-23-5,532,M,0.00033,4400,-8.01642,-36.5836
tetrachloromethane,CCl4,56-23-5,584,M,0.00038,4400,-7.87534,-36.5836
tetrachloromethane,CCl4,56-23-5,598,M,0.00034,4100,-7.98656,-34.0893
tetrachloromethane,CCl4,56-23-5,608,M,0.00041,3200,-7.79935,-26.6063
tetrachloromethane,CCl4,56-23-5,640,M,0.00037,5200,-7.90201,-43.2352
tetrachloromethane,CCl4,56-23-5,747,L,0.00034,4200,-7.98656,-34.9207
tetrachloromethane,CCl4,56-23-5,855,M,0.00029,4500,-8.14563,-37.4151
tetrachloromethane,CCl4,56-23-5,856,M,0.00038,3600,-7.87534,-29.9321
tetrachloromethane,CCl4,56-23-5,863,M,0.00035,4400,-7.95758,-36.5836
tetrachloromethane,CCl4,56-23-5,903,M,0.00033,3600,-8.01642,-29.9321
tetrachloromethane,CCl4,56-23-5,usepa82,X,0.00033,1100,-8.01642,-9.14591
tetraethyl lead,C8H20Pb,78-00-2,3077,M,1.3e-05,6400,-11.2506,-53.2126
tetraethylstannane,C8H20Sn,597-64-8,2225,?,5.7e-06,6100,-12.075,-50.7182
tetrafluoroethene,C2F4,116-14-3,190,L,1.6e-05,2100,-11.0429,-17.4604
tetrafluoromethane,CF4,75-73-0,190,L,2.1e-06,1800,-13.0736,-14.966
tetrafluoromethane,CF4,75-73-0,2013,M,2e-06,2000,-13.1224,-16.6289
tetrafluoromethane,CF4,75-73-0,2484,M,2e-06,1900,-13.1224,-15.7975
tetrafluoromethane,CF4,75-73-0,2485,M,2.1e-06,1800,-13.0736,-14.966
tetrafluoromethane,CF4,75-73-0,2626,L,2.1e-06,1800,-13.0736,-14.966
tetrafluoromethane,CF4,75-73-0,2828,L,2.1e-06,2300,-13.0736,-19.1233
tetrafluoromethane,CF4,75-73-0,2831,M,2.1e-06,1800,-13.0736,-14.966
tetrafluoromethane,CF4,75-73-0,3245,L,2.1e-06,1800,-13.0736,-14.966
tetrafluoromethane,CF4,75-73-0,3245,L,1.7e-06,2300,-13.2849,-19.1233
tetrafluoromethane,CF4,75-73-0,3500,L,2.1e-06,1800,-13.0736,-14.966
tetrafluoromethane,CF4,75-73-0,3500,L,1.7e-06,2300,-13.2849,-19.1233
tetrafluoromethane,CF4,75-73-0,3569,M,2.1e-06,1800,-13.0736,-14.966
tetrafluoromethane,CF4,75-73-0,3570,Q,2.1e-06,1800,-13.0736,-14.966
tetrafluoromethane,CF4,75-73-0,3601,M,2.1e-06,1600,-13.0736,-13.3031
tetrafluoromethane,CF4,75-73-0,3811,?,2.1e-06,1700,-13.0736,-14.1346
tetrafluoromethane,CF4,75-73-0,764,M,2e-06,1500,-13.1224,-12.4717
tetrahydrofuran,C4H8O,109-99-9,3305,M,0.15,5700,-1.89712,-47.3924
tetrahydrofuran,C4H8O,109-99-9,3518,L,0.15,5700,-1.89712,-47.3924
tetrahydrofuran,C4H8O,109-99-9,3648,M,0.6,4200,-0.510826,-34.9207
tetrahydrofuran,C4H8O,109-99-9,723,T,0.14,5700,-1.96611,-47.3924
tetrahydrofuran-d8,C4D8O,1693-74-9,2891,M,0.23,8000,-1.46968,-66.5157
tetrahydropyran,C5H10O,142-68-7,3305,M,0.083,5900,-2.48891,-49.0553
tetrahydropyran,C5H10O,142-68-7,3518,L,0.081,5800,-2.51331,-48.2239
tetrahydropyran,C5H10O,142-68-7,723,T,0.078,5900,-2.55105,-49.0553
tetramethylstannane,C4H12Sn,594-27-4,2225,M,9.4e-06,3800,-11.5748,-31.595
thiophene,C4H4S,110-02-1,3304,M,0.0041,4300,-5.49677,-35.7522
thiophene,C4H4S,110-02-1,522,M,0.0044,4000,-5.42615,-33.2579
"trans-1,2-dimethylcyclohexane",C6H10(CH3)2,6876-23-9,2936,M,1.6e-05,4300,-11.0429,-35.7522
"trans-1,2-dimethylcyclohexane",C6H10(CH3)2,6876-23-9,3518,L,1.6e-05,4000,-11.0429,-33.2579
"trans-1,3-dichloropropene",C3H4Cl2,10061-02-6,2891,M,0.0058,4800,-5.1499,-39.9094
"trans-1,3-dichloropropene",C3H4Cl2,10061-02-6,2904,M,0.01,5000,-4.60517,-41.5723
"trans-1,3-dichloropropene",C3H4Cl2,10061-02-6,3086,M,0.0081,5700,-4.81589,-47.3924
"trans-2,cis-6-nonadienal",C9H14O,557-48-2,3303,M,0.082,7100,-2.50104,-59.0327
trans-chlordane,C10H6Cl8,5103-74-2,1143,T,0.0036,7100,-5.62682,-59.0327
trans-chlordane,C10H6Cl8,5103-74-2,2492,M,0.034,3500,-3.38139,-29.1006
trans-chlordane,C10H6Cl8,5103-74-2,2814,M,0.063,7600,-2.76462,-63.1899
trans-nonachlor,C10H5Cl9,39765-80-5,1143,T,0.00079,7600,-7.14348,-63.1899
trans-nonachlor,C10H5Cl9,39765-80-5,2492,M,0.031,4800,-3.47377,-39.9094
trans-nonachlor,C10H5Cl9,39765-80-5,2814,M,0.088,8000,-2.43042,-66.5157
tribromoethanoic acid,CBr3COOH,75-96-7,2626,L,3000,9000,8.00637,-74.8302
tribromoethanoic acid,CBr3COOH,75-96-7,3245,L,3000,9000,8.00637,-74.8302
tribromoethanoic acid,CBr3COOH,75-96-7,3500,L,3000,9000,8.00637,-74.8302
tribromoethanoic acid,CBr3COOH,75-96-7,896,M,2900,9000,7.97247,-74.8302
tribromomethane,CHBr3,75-25-2,1525,L,0.017,5200,-4.07454,-43.2352
tribromomethane,CHBr3,75-25-2,1943,V,0.018,5300,-4.01738,-44.0667
tribromomethane,CHBr3,75-25-2,1945,L,0.017,5200,-4.07454,-43.2352
tribromomethane,CHBr3,75-25-2,2243,M,0.018,4700,-4.01738,-39.078
tribromomethane,CHBr3,75-25-2,2626,L,0.017,5200,-4.07454,-43.2352
tribromomethane,CHBr3,75-25-2,2891,M,0.022,6300,-3.81671,-52.3811
tribromomethane,CHBr3,75-25-2,2895,M,0.0085,1500,-4.76769,-12.4717
tribromomethane,CHBr3,75-25-2,2904,M,0.014,4500,-4.2687,-37.4151
tribromomethane,CHBr3,75-25-2,3245,L,0.017,5200,-4.07454,-43.2352
tribromomethane,CHBr3,75-25-2,3245,L,0.011,6200,-4.50986,-51.5497
tribromomethane,CHBr3,75-25-2,3500,L,0.017,5200,-4.07454,-43.2352
tribromomethane,CHBr3,75-25-2,3500,L,0.011,6200,-4.50986,-51.5497
tribromomethane,CHBr3,75-25-2,3518,L,0.018,4800,-4.01738,-39.9094
tribromomethane,CHBr3,75-25-2,3564,M,0.0099,6200,-4.61522,-51.5497
tribromomethane,CHBr3,75-25-2,531,M,0.016,5700,-4.13517,-47.3924
tribromomethane,CHBr3,75-25-2,583,M,0.015,4300,-4.19971,-35.7522
tribromomethane,CHBr3,75-25-2,747,L,0.017,5200,-4.07454,-43.2352
tribromomethane,CHBr3,75-25-2,855,M,0.024,4100,-3.7297,-34.0893
tribromomethane,CHBr3,75-25-2,856,M,0.019,5000,-3.96332,-41.5723
tribromomethane,CHBr3,75-25-2,usepa82,X,0.018,2700,-4.01738,-22.449
tributylamine,C12H27N,102-82-9,3518,L,0.37,8700,-0.994252,-72.3358
trichloroethanal,CCl3CHO,75-87-6,3245,L,3400,3500,8.13153,-29.1006
trichloroethanal,CCl3CHO,75-87-6,3500,L,3400,3500,8.13153,-29.1006
trichloroethanal,CCl3CHO,75-87-6,484,M,3400,3500,8.13153,-29.1006
trichloroethanoic acid,CCl3COOH,76-03-9,2626,L,730,8700,6.59304,-72.3358
trichloroethanoic acid,CCl3COOH,76-03-9,3245,L,730,8700,6.59304,-72.3358
trichloroethanoic acid,CCl3COOH,76-03-9,3500,L,730,8700,6.59304,-72.3358
trichloroethanoic acid,CCl3COOH,76-03-9,992,M,730,8700,6.59304,-72.3358
trichloroethene,C2HCl3,79-01-6,1026,M,0.00076,4900,-7.18219,-40.7409
trichloroethene,C2HCl3,79-01-6,1046,M,0.00093,3700,-6.98033,-30.7635
trichloroethene,C2HCl3,79-01-6,1107,M,0.00095,4900,-6.95905,-40.7409
trichloroethene,C2HCl3,79-01-6,1114,M,0.00087,4000,-7.04702,-33.2579
trichloroethene,C2HCl3,79-01-6,1148,M,0.00097,4900,-6.93821,-40.7409
trichloroethene,C2HCl3,79-01-6,1150,M,0.001,4600,-6.90776,-38.2465
trichloroethene,C2HCl3,79-01-6,1156,M,0.00095,3700,-6.95905,-30.7635
trichloroethene,C2HCl3,79-01-6,1331,M,0.0009,5400,-7.01312,-44.8981
trichloroethene,C2HCl3,79-01-6,1525,L,0.001,4600,-6.90776,-38.2465
trichloroethene,C2HCl3,79-01-6,1855,L,0.0011,4300,-6.81245,-35.7522
trichloroethene,C2HCl3,79-01-6,1943,L,0.001,4300,-6.90776,-35.7522
trichloroethene,C2HCl3,79-01-6,2243,M,0.00096,4700,-6.94858,-39.078
trichloroethene,C2HCl3,79-01-6,2269,M,0.0011,4300,-6.81245,-35.7522
trichloroethene,C2HCl3,79-01-6,2270,M,0.001,5200,-6.90776,-43.2352
trichloroethene,C2HCl3,79-01-6,2271,M,0.00074,4800,-7.20886,-39.9094
trichloroethene,C2HCl3,79-01-6,2522,M,0.0012,3600,-6.72543,-29.9321
trichloroethene,C2HCl3,79-01-6,2824,M,0.001,3900,-6.90776,-32.4264
trichloroethene,C2HCl3,79-01-6,2891,M,0.0012,4700,-6.72543,-39.078
trichloroethene,C2HCl3,79-01-6,2896,M,0.0011,3900,-6.81245,-32.4264
trichloroethene,C2HCl3,79-01-6,2897,M,0.001,3900,-6.90776,-32.4264
trichloroethene,C2HCl3,79-01-6,2901,M,0.00097,2000,-6.93821,-16.6289
trichloroethene,C2HCl3,79-01-6,2904,M,0.0011,2200,-6.81245,-18.2918
trichloroethene,C2HCl3,79-01-6,2905,M,0.00088,3600,-7.03559,-29.9321
trichloroethene,C2HCl3,79-01-6,2921,M,0.0016,2800,-6.43775,-23.2805
trichloroethene,C2HCl3,79-01-6,2931,M,0.00095,5000,-6.95905,-41.5723
trichloroethene,C2HCl3,79-01-6,2953,M,0.00095,4300,-6.95905,-35.7522
trichloroethene,C2HCl3,79-01-6,3245,L,0.0011,4300,-6.81245,-35.7522
trichloroethene,C2HCl3,79-01-6,3245,L,0.00086,4200,-7.05858,-34.9207
trichloroethene,C2HCl3,79-01-6,3500,L,0.0011,4300,-6.81245,-35.7522
trichloroethene,C2HCl3,79-01-6,3500,L,0.00086,4200,-7.05858,-34.9207
trichloroethene,C2HCl3,79-01-6,3518,L,0.001,4200,-6.90776,-34.9207
trichloroethene,C2HCl3,79-01-6,3681,L,0.0011,4100,-6.81245,-34.0893
trichloroethene,C2HCl3,79-01-6,3681,M,0.001,4200,-6.90776,-34.9207
trichloroethene,C2HCl3,79-01-6,3692,M,0.0011,4800,-6.81245,-39.9094
trichloroethene,C2HCl3,79-01-6,3696,L,0.0011,4100,-6.81245,-34.0893
trichloroethene,C2HCl3,79-01-6,532,M,0.001,4800,-6.90776,-39.9094
trichloroethene,C2HCl3,79-01-6,584,M,0.0012,3900,-6.72543,-32.4264
trichloroethene,C2HCl3,79-01-6,598,M,0.0013,5200,-6.64539,-43.2352
trichloroethene,C2HCl3,79-01-6,599,M,0.00094,3100,-6.96963,-25.7748
trichloroethene,C2HCl3,79-01-6,601,M,0.00097,4900,-6.93821,-40.7409
trichloroethene,C2HCl3,79-01-6,747,L,0.00099,4600,-6.91781,-38.2465
trichloroethene,C2HCl3,79-01-6,837,M,0.0011,3800,-6.81245,-31.595
trichloroethene,C2HCl3,79-01-6,855,M,0.0011,3700,-6.81245,-30.7635
trichloroethene,C2HCl3,79-01-6,856,M,0.0011,4200,-6.81245,-34.9207
trichloroethene,C2HCl3,79-01-6,usepa82,X,0.00088,1600,-7.03559,-13.3031
trichlorofluoromethane,CFCl3,75-69-4,1156,M,9.8e-05,3500,-9.23054,-29.1006
trichlorofluoromethane,CFCl3,75-69-4,1525,L,0.00011,3300,-9.11503,-27.4377
trichlorofluoromethane,CFCl3,75-69-4,1943,V,9.9e-05,6100,-9.22039,-50.7182
trichlorofluoromethane,CFCl3,75-69-4,1945,L,0.00011,3300,-9.11503,-27.4377
trichlorofluoromethane,CFCl3,75-69-4,2013,M,0.00015,3700,-8.80488,-30.7635
trichlorofluoromethane,CFCl3,75-69-4,2240,M,0.0001,3600,-9.21034,-29.9321
trichlorofluoromethane,CFCl3,75-69-4,2626,L,0.00011,3300,-9.11503,-27.4377
trichlorofluoromethane,CFCl3,75-69-4,2828,L,0.00011,3400,-9.11503,-28.2692
trichlorofluoromethane,CFCl3,75-69-4,2830,M,7.8e-05,3900,-9.4588,-32.4264
trichlorofluoromethane,CFCl3,75-69-4,2891,M,0.00028,5100,-8.18072,-42.4038
trichlorofluoromethane,CFCl3,75-69-4,2952,M,0.00011,2100,-9.11503,-17.4604
trichlorofluoromethane,CFCl3,75-69-4,3245,L,0.00011,3300,-9.11503,-27.4377
trichlorofluoromethane,CFCl3,75-69-4,3245,L,7.3e-05,3900,-9.52505,-32.4264
trichlorofluoromethane,CFCl3,75-69-4,3500,L,0.00011,3300,-9.11503,-27.4377
trichlorofluoromethane,CFCl3,75-69-4,3500,L,7.3e-05,3900,-9.52505,-32.4264
trichlorofluoromethane,CFCl3,75-69-4,3518,L,0.0001,3400,-9.21034,-28.2692
trichlorofluoromethane,CFCl3,75-69-4,3564,M,6e-05,4900,-9.72117,-40.7409
trichlorofluoromethane,CFCl3,75-69-4,608,M,0.00011,2700,-9.11503,-22.449
trichlorofluoromethane,CFCl3,75-69-4,747,L,0.0001,3100,-9.21034,-25.7748
trichlorofluoromethane,CFCl3,75-69-4,923,M,0.0001,3700,-9.21034,-30.7635
trichlorofluoromethane,CFCl3,75-69-4,usepa82,X,0.00017,730,-8.67971,-6.06956
trichloromethane,CHCl3,67-66-3,1026,M,0.002,4600,-6.21461,-38.2465
trichloromethane,CHCl3,67-66-3,1147,X,0.0025,4100,-5.99146,-34.0893
trichloromethane,CHCl3,67-66-3,1150,M,0.0025,4000,-5.99146,-33.2579
trichloromethane,CHCl3,67-66-3,1156,M,0.0023,5000,-6.07485,-41.5723
trichloromethane,CHCl3,67-66-3,1525,L,0.0025,4500,-5.99146,-37.4151
trichloromethane,CHCl3,67-66-3,1855,L,0.0026,4300,-5.95224,-35.7522
trichloromethane,CHCl3,67-66-3,1943,V,0.0026,4400,-5.95224,-36.5836
trichloromethane,CHCl3,67-66-3,1945,L,0.0025,4500,-5.99146,-37.4151
trichloromethane,CHCl3,67-66-3,2243,M,0.0026,4300,-5.95224,-35.7522
trichloromethane,CHCl3,67-66-3,2269,M,0.0025,4300,-5.99146,-35.7522
trichloromethane,CHCl3,67-66-3,2271,M,0.0015,5600,-6.50229,-46.561
trichloromethane,CHCl3,67-66-3,2463,M,0.0022,4700,-6.1193,-39.078
trichloromethane,CHCl3,67-66-3,2626,L,0.0025,4500,-5.99146,-37.4151
trichloromethane,CHCl3,67-66-3,2824,M,0.0025,3900,-5.99146,-32.4264
trichloromethane,CHCl3,67-66-3,2891,M,0.0028,4500,-5.87814,-37.4151
trichloromethane,CHCl3,67-66-3,2901,M,0.0024,2000,-6.03229,-16.6289
trichloromethane,CHCl3,67-66-3,2904,M,0.0027,3400,-5.9145,-28.2692
trichloromethane,CHCl3,67-66-3,2905,M,0.0026,3400,-5.95224,-28.2692
trichloromethane,CHCl3,67-66-3,2952,M,0.0024,7200,-6.03229,-59.8641
trichloromethane,CHCl3,67-66-3,2953,M,0.0023,4200,-6.07485,-34.9207
trichloromethane,CHCl3,67-66-3,3245,L,0.0026,4300,-5.95224,-35.7522
trichloromethane,CHCl3,67-66-3,3245,L,0.002,4400,-6.21461,-36.5836
trichloromethane,CHCl3,67-66-3,3500,L,0.0026,4300,-5.95224,-35.7522
trichloromethane,CHCl3,67-66-3,3500,L,0.002,4400,-6.21461,-36.5836
trichloromethane,CHCl3,67-66-3,3518,L,0.0023,4200,-6.07485,-34.9207
trichloromethane,CHCl3,67-66-3,3681,L,0.0027,4200,-5.9145,-34.9207
trichloromethane,CHCl3,67-66-3,3690,M,0.0027,4500,-5.9145,-37.4151
trichloromethane,CHCl3,67-66-3,3696,L,0.0026,3900,-5.95224,-32.4264
trichloromethane,CHCl3,67-66-3,531,M,0.0025,5200,-5.99146,-43.2352
trichloromethane,CHCl3,67-66-3,532,M,0.0027,4600,-5.9145,-38.2465
trichloromethane,CHCl3,67-66-3,583,M,0.0022,4200,-6.1193,-34.9207
trichloromethane,CHCl3,67-66-3,584,M,0.0026,4400,-5.95224,-36.5836
trichloromethane,CHCl3,67-66-3,598,M,0.0048,7300,-5.33914,-60.6956
trichloromethane,CHCl3,67-66-3,601,M,0.0023,4200,-6.07485,-34.9207
trichloromethane,CHCl3,67-66-3,608,M,0.002,3900,-6.21461,-32.4264
trichloromethane,CHCl3,67-66-3,640,M,0.0028,5100,-5.87814,-42.4038
trichloromethane,CHCl3,67-66-3,747,L,0.0025,4500,-5.99146,-37.4151
trichloromethane,CHCl3,67-66-3,855,M,0.0026,4000,-5.95224,-33.2579
trichloromethane,CHCl3,67-66-3,862,V,0.0022,4700,-6.1193,-39.078
trichloromethane,CHCl3,67-66-3,863,M,0.0026,4600,-5.95224,-38.2465
trichloromethane,CHCl3,67-66-3,usepa82,X,0.003,4400,-5.80914,-36.5836
"tricyclo[3.3.1.1(3,7)]decan-1-ol",C10H16O,768-95-6,2125,V,6,5300,1.79176,-44.0667
"tricyclo[3.3.1.1(3,7)]decane",C10H16,281-23-2,2125,V,0.0008,3400,-7.1309,-28.2692
"tricyclo[3.3.1.1(3,7)]decanone",C10H14O,700-58-3,2125,V,1.4,5800,0.336472,-48.2239
triethylamine,(C2H5)3N,121-44-8,3686,M,0.05,8300,-2.99573,-69.01
trifluoro(trifluoromethyl)-oxirane,C3F6O,428-59-1,2447,C,9.3e-06,2400,-11.5855,-19.9547
trifluoroethanoic acid,CF3COOH,76-05-1,2406,M,57,4100,4.04305,-34.0893
trifluoroethanoic acid,CF3COOH,76-05-1,2626,L,89,9300,4.48864,-77.3245
trifluoroethanoic acid,CF3COOH,76-05-1,3245,L,57,4100,4.04305,-34.0893
trifluoroethanoic acid,CF3COOH,76-05-1,3500,L,57,4100,4.04305,-34.0893
trifluoroethanoic acid,CF3COOH,76-05-1,619,M,88,9300,4.47734,-77.3245
"trifluoroethanoic acid, ethyl ester",CF3COOC2H5,383-63-1,2626,L,0.00089,4900,-7.02429,-40.7409
"trifluoroethanoic acid, ethyl ester",CF3COOC2H5,383-63-1,2802,M,0.00089,4900,-7.02429,-40.7409
"trifluoroethanoic acid, ethyl ester",CF3COOC2H5,383-63-1,3245,L,0.00089,4900,-7.02429,-40.7409
"trifluoroethanoic acid, ethyl ester",CF3COOC2H5,383-63-1,3500,L,0.00089,4900,-7.02429,-40.7409
"trifluoroethanoic acid, ethyl ester",CF3COOC2H5,383-63-1,3507,M,0.00071,4900,-7.25025,-40.7409
"trifluoroethanoic acid, methyl ester",CF3COOCH3,431-47-0,2626,L,0.0011,5300,-6.81245,-44.0667
"trifluoroethanoic acid, methyl ester",CF3COOCH3,431-47-0,2803,M,0.0012,4900,-6.72543,-40.7409
"trifluoroethanoic acid, methyl ester",CF3COOCH3,431-47-0,3245,L,0.0011,5300,-6.81245,-44.0667
"trifluoroethanoic acid, methyl ester",CF3COOCH3,431-47-0,3500,L,0.0011,5300,-6.81245,-44.0667
trifluoromethane,CHF3,75-46-7,190,L,0.00013,3200,-8.94798,-26.6063
trifluoromethane,CHF3,75-46-7,2626,L,0.00013,3300,-8.94798,-27.4377
trifluoromethane,CHF3,75-46-7,3245,L,0.00013,2500,-8.94798,-20.7862
trifluoromethane,CHF3,75-46-7,3245,L,0.00012,2200,-9.02802,-18.2918
trifluoromethane,CHF3,75-46-7,3261,M,0.00021,2500,-8.4684,-20.7862
trifluoromethane,CHF3,75-46-7,3500,L,0.00013,2500,-8.94798,-20.7862
trifluoromethane,CHF3,75-46-7,3500,L,0.00012,2200,-9.02802,-18.2918
trifluoromethane,CHF3,75-46-7,3570,Q,0.00013,2700,-8.94798,-22.449
trifluoromethane,CHF3,75-46-7,921,M,0.00013,2400,-8.94798,-19.9547
trifluoromethane,CHF3,75-46-7,923,M,0.00012,2400,-9.02802,-19.9547
trimethylamine,(CH3)3N,75-50-3,3668,M,0.94,4200,-0.0618754,-34.9207
trimethylamine,(CH3)3N,75-50-3,3685,M,0.084,6300,-2.47694,-52.3811
valencene,C15H24,4630-07-3,3216,M,0.00032,4500,-8.04719,-37.4151
vanillin,C8H8O3,121-33-5,3518,L,1700,6800,7.43838,-56.5383
xenon,Xe,7440-63-3,1498,L,4.3e-05,2300,-10.0543,-19.1233
xenon,Xe,7440-63-3,190,L,4.2e-05,2200,-10.0778,-18.2918
xenon,Xe,7440-63-3,2105,L,4.4e-05,2200,-10.0313,-18.2918
xenon,Xe,7440-63-3,2375,V,4.2e-05,2200,-10.0778,-18.2918
xenon,Xe,7440-63-3,2436,M,4.3e-05,2300,-10.0543,-19.1233
xenon,Xe,7440-63-3,2557,M,4.2e-05,2400,-10.0778,-19.9547
xenon,Xe,7440-63-3,3431,L,4e-05,2400,-10.1266,-19.9547
xenon,Xe,7440-63-3,3517,Q,7e-05,2300,-9.56702,-19.1233
xenon,Xe,7440-63-3,3517,Q,2.9e-05,1800,-10.4482,-14.966
xenon,Xe,7440-63-3,3696,L,4.5e-05,2400,-10.0088,-19.9547
xenon,Xe,7440-63-3,3714,M,4.4e-05,2500,-10.0313,-20.7862
xenon,Xe,7440-63-3,379,?,4.9e-05,2200,-9.92369,-18.2918
xenon,Xe,7440-63-3,3811,?,4.3e-05,2300,-10.0543,-19.1233
xenon,Xe,7440-63-3,3850,L,4.3e-05,2300,-10.0543,-19.1233
xenon,Xe,7440-63-3,764,M,4.2e-05,2200,-10.0778,-18.2918
"α,α-dichloro-o-xylene",C8H8Cl2,612-12-4,2891,M,0.1,11000,-2.30259,-91.4591
"α-1,2,3,4,5,6-hexachlorocyclohexane",C6H6Cl6,319-84-6,1143,T,0.0059,3900,-5.1328,-32.4264
"α-1,2,3,4,5,6-hexachlorocyclohexane",C6H6Cl6,319-84-6,1152,M,1.3,6500,0.262364,-54.044
"α-1,2,3,4,5,6-hexachlorocyclohexane",C6H6Cl6,319-84-6,2216,M,1.7,7500,0.530628,-62.3585
"α-1,2,3,4,5,6-hexachlorocyclohexane",C6H6Cl6,319-84-6,2814,M,3,5500,1.09861,-45.7295
α-cedrene,C15H24,469-61-4,3216,M,0.00028,4900,-8.18072,-40.7409
α-endosulfan,C9H6Cl6O3S,959-98-8,2814,M,1.3,4200,0.262364,-34.9207
α-endosulfan,C9H6Cl6O3S,959-98-8,3791,M,0.13,2300,-2.04022,-19.1233
α-farnesene,C15H24,502-61-4,3216,M,0.00034,4300,-7.98656,-35.7522
α-humulene,C15H24,6753-98-6,3216,M,0.00029,4700,-8.14563,-39.078
α-longipinene,C15H24,5989-08-2,3216,M,0.00034,4100,-7.98656,-34.0893
α-neoclovene,C15H24,4545-68-0,3216,M,0.00029,3100,-8.14563,-25.7748
α-phellandrene,C10H16,99-83-2,2124,M,0.00018,4500,-8.62255,-37.4151
α-pinene,C10H16,80-56-8,2124,M,7.4e-05,4400,-9.51145,-36.5836
α-pinene,C10H16,80-56-8,2464,V,2.8e-05,10000,-10.4833,-83.1446
α-pinene,C10H16,80-56-8,3008,M,0.00029,1800,-8.14563,-14.966
α-pinene,C10H16,80-56-8,3673,L,7e-05,4700,-9.56702,-39.078
"β-1,2,3,4,5,6-hexachlorocyclohexane",C6H6Cl6,319-85-7,2216,M,28,7800,3.3322,-64.8528
β-caryophyllene,C15H24,87-44-5,3216,M,0.00037,4500,-7.90201,-37.4151
β-endosulfan,C9H6Cl6O3S,33213-65-9,2814,M,19,3700,2.94444,-30.7635
β-neoclovene,C15H24,56684-96-9,3216,M,0.00029,4600,-8.14563,-38.2465
β-phellandrene,C10H16,555-10-2,2124,M,0.00018,5100,-8.62255,-42.4038
β-pinene,C10H16,127-91-3,2124,M,0.00015,4500,-8.80488,-37.4151
"γ-1,2,3,4,5,6-hexachlorocyclohexane",C6H6Cl6,58-89-9,1143,T,0.062,7100,-2.78062,-59.0327
"γ-1,2,3,4,5,6-hexachlorocyclohexane",C6H6Cl6,58-89-9,1152,M,2.8,5500,1.02962,-45.7295
"γ-1,2,3,4,5,6-hexachlorocyclohexane",C6H6Cl6,58-89-9,1942,M,6,6200,1.79176,-51.5497
"γ-1,2,3,4,5,6-hexachlorocyclohexane",C6H6Cl6,58-89-9,2216,M,4.3,7500,1.45862,-62.3585
"γ-1,2,3,4,5,6-hexachlorocyclohexane",C6H6Cl6,58-89-9,2814,M,3.9,3300,1.36098,-27.4377
γ-gurjunene,C15H24,22567-17-5,3216,M,0.00033,3700,-8.01642,-30.7635
γ-neoclovene,C15H24,,3216,M,0.00029,3200,-8.14563,-26.6063
